# Blender 4.5.3 LTS
# www.blender.org
mtllib Glass-mainbody-middletopbottom.mtl
o Cube_Cube_014_101789865262582
v -0.228152 -0.333448 -0.021088
v -0.228151 -0.335448 -0.021087
v -0.228152 -0.333448 0.021149
v -0.228151 -0.335448 0.021150
v -0.248613 -0.333448 -0.021088
v -0.248612 -0.335448 -0.021087
v -0.248613 -0.333448 0.021149
v -0.248612 -0.335448 0.021150
v 0.193485 0.304490 -0.045777
v 0.193423 0.306489 -0.045776
v -0.021400 0.297775 -0.045777
v -0.021461 0.299774 -0.045776
v -0.021400 0.297775 0.045844
v -0.021462 0.299774 0.045845
v 0.193485 0.304490 0.045844
v 0.193424 0.306489 0.045845
v 0.200200 0.123599 -0.045777
v 0.202199 0.123672 -0.045776
v 0.193485 0.304490 -0.045777
v 0.195484 0.304563 -0.045776
v 0.193485 0.304490 0.045844
v 0.195484 0.304563 0.045845
v 0.200200 0.123599 0.045844
v 0.202199 0.123672 0.045845
v 0.195583 0.333448 0.055478
v 0.197583 0.333449 0.055479
v 0.195583 0.288960 -0.055418
v 0.197583 0.288961 -0.055417
v 0.195583 0.333448 -0.055418
v 0.197583 0.333449 -0.055417
v 0.195583 0.288960 0.055478
v 0.197583 0.288961 0.055479
v 0.195583 0.333448 -0.055418
v 0.195584 0.335448 -0.055417
v -0.057074 0.333448 -0.055418
v -0.057960 0.335241 -0.055417
v -0.057074 0.333448 0.055478
v -0.057960 0.335241 0.055479
v 0.195583 0.333448 0.055478
v 0.195584 0.335448 0.055479
v -0.251813 0.078274 -0.055418
v -0.253704 0.078924 -0.055417
v -0.251813 0.078274 0.055478
v -0.253704 0.078924 0.055479
v -0.248613 -0.333448 -0.021088
v -0.250613 -0.333463 -0.021087
v -0.251813 0.078274 -0.055418
v -0.253704 0.078924 -0.055417
v -0.248613 -0.333448 0.021149
v -0.250613 -0.333463 0.021150
v -0.021400 0.297775 -0.045777
v -0.023400 0.297776 -0.045776
v -0.021400 0.197048 -0.045777
v -0.023400 0.197049 -0.045776
v -0.021400 0.297775 0.045844
v -0.023400 0.297776 0.045845
v -0.021400 0.197048 0.045844
v -0.023400 0.197049 0.045845
v 0.195583 0.333448 -0.055418
v 0.195584 0.333449 -0.057418
v 0.057649 0.262099 -0.055418
v 0.057650 0.262100 -0.057418
v -0.057074 0.333448 -0.055418
v -0.057073 0.333449 -0.057418
v 0.195583 0.288960 -0.055418
v 0.195584 0.288961 -0.057418
v -0.003353 0.188234 -0.055418
v -0.003352 0.188235 -0.057418
v -0.251813 0.078274 -0.055418
v -0.251853 0.078222 -0.057417
v -0.198092 0.020355 -0.055418
v -0.198171 0.020252 -0.057414
v -0.248613 -0.333448 -0.021088
v -0.248749 -0.333621 -0.023076
v -0.228152 -0.333448 -0.021088
v -0.228288 -0.333621 -0.023076
v 0.195583 0.333448 0.055478
v 0.195584 0.333449 0.057478
v 0.057649 0.262099 0.055478
v 0.057650 0.262100 0.057478
v 0.195583 0.288960 0.055478
v 0.195584 0.288961 0.057478
v -0.057074 0.333448 0.055478
v -0.057073 0.333449 0.057478
v -0.003353 0.188234 0.055478
v -0.003352 0.188235 0.057478
v -0.251813 0.078274 0.055478
v -0.251853 0.078222 0.057477
v -0.198092 0.020355 0.055478
v -0.198171 0.020252 0.057474
v -0.248613 -0.333448 0.021149
v -0.248749 -0.333621 0.023137
v -0.228152 -0.333448 0.021149
v -0.228288 -0.333621 0.023137
v 0.193485 0.304490 -0.045777
v 0.193486 0.304491 -0.047777
v -0.021400 0.197048 -0.045777
v -0.021399 0.197049 -0.047777
v -0.021400 0.297775 -0.045777
v -0.021399 0.297776 -0.047777
v 0.065897 0.123599 -0.045777
v 0.065898 0.123600 -0.047777
v 0.200200 0.123599 -0.045777
v 0.200201 0.123600 -0.047777
v -0.021400 0.197048 0.045844
v -0.021399 0.197049 0.047844
v 0.193485 0.304490 0.045844
v 0.193486 0.304491 0.047844
v -0.021400 0.297775 0.045844
v -0.021399 0.297776 0.047844
v 0.065897 0.123599 0.045844
v 0.065898 0.123600 0.047844
v 0.200200 0.123599 0.045844
v 0.200201 0.123600 0.047844
v 0.065897 0.123599 -0.045777
v 0.065898 0.121599 -0.045776
v 0.200200 0.123599 -0.045777
v 0.200201 0.121599 -0.045776
v 0.200200 0.123599 0.045844
v 0.200201 0.121599 0.045845
v 0.065897 0.123599 0.045844
v 0.065898 0.121599 0.045845
v 0.085075 0.125704 -0.054694
v 0.085076 0.127704 -0.054693
v 0.194463 0.125704 -0.054694
v 0.194464 0.127704 -0.054693
v 0.139769 0.125704 -0.077349
v 0.139770 0.127704 -0.077348
v 0.085075 0.125704 0.054694
v 0.085076 0.127704 0.054695
v 0.062420 0.125704 -0.000000
v 0.062421 0.127704 0.000001
v 0.194463 0.125704 0.054694
v 0.194464 0.127704 0.054695
v 0.139769 0.125704 0.077349
v 0.139770 0.127704 0.077350
v 0.217118 0.125704 -0.000000
v 0.217119 0.127704 0.000001
v -0.021400 0.197048 -0.045777
v -0.022687 0.195517 -0.045776
v 0.065897 0.123599 -0.045777
v 0.064610 0.122068 -0.045777
v 0.065897 0.123599 0.045844
v 0.064610 0.122068 0.045845
v -0.021400 0.197048 0.045844
v -0.022687 0.195517 0.045844
v 0.085075 0.125704 -0.054694
v 0.083799 0.126567 -0.055970
v 0.027725 0.053145 -0.000000
v 0.025921 0.054008 -0.000000
v 0.062420 0.125704 -0.000000
v 0.060616 0.126567 0.000001
v 0.085075 0.125704 0.054694
v 0.083799 0.126567 0.055970
v 0.060542 0.053145 -0.079227
v 0.059266 0.054008 -0.080503
v 0.060542 0.053145 0.079227
v 0.059266 0.054008 0.080503
v 0.139769 0.053145 -0.112044
v 0.139769 0.054008 -0.113848
v 0.139769 0.053145 0.112044
v 0.139769 0.054008 0.113848
v 0.139769 0.125704 -0.077349
v 0.139769 0.126567 -0.079153
v 0.139769 0.125704 0.077349
v 0.139769 0.126567 0.079153
v 0.194463 0.125704 -0.054694
v 0.195739 0.126567 -0.055970
v 0.194463 0.125704 0.054694
v 0.195739 0.126567 0.055970
v 0.218996 0.053145 -0.079227
v 0.220272 0.054008 -0.080503
v 0.251813 0.053145 -0.000000
v 0.253617 0.054008 0.000001
v 0.217118 0.125704 -0.000000
v 0.218922 0.126567 0.000001
v 0.218996 0.053145 0.079227
v 0.220272 0.054008 0.080503
v 0.251813 0.053145 -0.000000
v 0.253617 0.054008 0.000001
v 0.217118 0.125704 -0.000000
v 0.218922 0.126567 0.000001
v -0.003353 0.188234 -0.055418
v -0.001924 0.186835 -0.055417
v 0.057649 0.262099 -0.055418
v 0.058672 0.260380 -0.055417
v 0.057649 0.262099 0.055478
v 0.058672 0.260380 0.055479
v 0.195583 0.288960 0.055478
v 0.195965 0.286997 0.055478
v 0.195583 0.288960 -0.055418
v 0.195965 0.286997 -0.055418
v -0.003353 0.188234 0.055478
v -0.001924 0.186835 0.055479
v -0.198092 0.020355 0.055478
v -0.196323 0.019422 0.055479
v -0.198092 0.020355 -0.055418
v -0.196323 0.019422 -0.055418
v -0.228152 -0.333448 -0.021088
v -0.226159 -0.333617 -0.021088
v -0.228152 -0.333448 0.021149
v -0.226159 -0.333617 0.021150
v -0.198092 0.020355 -0.055418
v -0.196323 0.019422 -0.055417
v -0.227071 -0.332536 -0.020180
v -0.197292 0.018892 -0.054316
v -0.197292 0.018892 0.054377
v -0.227071 -0.332536 0.020241
v 0.199200 0.122599 0.044844
v 0.066897 0.122599 0.044844
v 0.066897 0.122599 -0.044777
v 0.199201 0.122599 -0.044776
v -0.229152 -0.334448 0.020150
v -0.247613 -0.334448 0.020150
v -0.247613 -0.334448 -0.020088
v -0.229151 -0.334448 -0.020087
v 0.194521 0.303527 0.044844
v 0.201162 0.124635 0.044844
v 0.201162 0.124635 -0.044777
v 0.194521 0.303527 -0.044777
v -0.252152 0.079394 -0.054418
v -0.252152 0.079394 0.054478
v -0.058124 0.333549 0.054478
v -0.058124 0.333549 -0.054418
v -0.056517 0.334344 0.054478
v 0.194583 0.334448 0.054478
v 0.194583 0.334448 -0.054418
v -0.056517 0.334344 -0.054418
v -0.056579 0.332448 -0.056418
v 0.194583 0.332448 -0.056418
v 0.194583 0.289785 -0.056418
v 0.057107 0.263013 -0.056418
v -0.004070 0.188937 -0.056418
v -0.198054 0.021691 -0.056416
v -0.250527 0.078311 -0.056417
v 0.138832 0.054491 0.112121
v 0.138832 0.125221 0.078301
v 0.085065 0.125221 0.056029
v 0.061150 0.054491 0.079944
v -0.199185 0.019980 -0.056293
v -0.247788 -0.320231 -0.023281
v -0.250817 0.075694 -0.056295
v -0.247529 -0.332539 -0.022178
v -0.202093 -0.014515 -0.053037
v -0.229139 -0.332539 -0.022178
v -0.250527 0.078311 0.056477
v -0.198054 0.021691 0.056476
v -0.004070 0.188937 0.056478
v 0.057107 0.263013 0.056478
v 0.194583 0.289785 0.056478
v 0.194583 0.332448 0.056478
v -0.056579 0.332448 0.056478
v -0.022400 0.198048 -0.044777
v -0.022400 0.198048 0.044844
v -0.022400 0.296775 0.044844
v -0.022400 0.296775 -0.044777
v -0.247788 -0.320231 0.023342
v -0.199185 0.019980 0.056353
v -0.250817 0.075694 0.056355
v -0.229139 -0.332539 0.022240
v -0.202093 -0.014515 0.053097
v -0.247529 -0.332539 0.022240
v 0.066262 0.124599 -0.046777
v -0.020400 0.197514 -0.046777
v -0.020400 0.296806 -0.046777
v 0.192523 0.303460 -0.046777
v 0.199163 0.124599 -0.046777
v 0.059142 0.261431 -0.054418
v 0.194793 0.287787 -0.054418
v 0.194793 0.287787 0.054478
v 0.059142 0.261431 0.054478
v 0.192523 0.303460 0.046844
v -0.020400 0.296806 0.046844
v -0.020400 0.197514 0.046844
v 0.066262 0.124599 0.046844
v 0.199163 0.124599 0.046844
v 0.196583 0.332448 0.054478
v 0.196583 0.289960 0.054478
v 0.196583 0.289960 -0.054418
v 0.196583 0.332448 -0.054418
v 0.085065 0.125221 -0.056029
v 0.138832 0.125221 -0.078301
v 0.138832 0.054491 -0.112121
v 0.061150 0.054491 -0.079944
v 0.193698 0.126704 -0.053928
v 0.139769 0.126704 -0.076266
v 0.085841 0.126704 -0.053928
v 0.063503 0.126704 0.000000
v 0.085841 0.126704 0.053929
v 0.139769 0.126704 0.076267
v 0.193698 0.126704 0.053929
v 0.216036 0.126704 0.000000
v 0.194473 0.125221 -0.056029
v 0.218388 0.054491 -0.079944
v 0.140706 0.054491 -0.112121
v 0.140706 0.125221 -0.078301
v -0.196450 0.020541 -0.054418
v -0.003396 0.186881 -0.054418
v -0.003396 0.186881 0.054478
v -0.196450 0.020541 0.054478
v 0.057524 0.260469 0.054478
v -0.002002 0.188305 0.054478
v -0.002002 0.188305 -0.054418
v 0.057524 0.260469 -0.054418
v 0.083740 0.125221 -0.054704
v 0.059825 0.054491 -0.078619
v 0.027648 0.054491 -0.000937
v 0.061468 0.125221 -0.000936
v 0.218388 0.054491 0.079944
v 0.194473 0.125221 0.056029
v 0.140706 0.125221 0.078301
v 0.140706 0.054491 0.112121
v -0.249621 -0.332455 -0.020167
v -0.249621 -0.332455 0.020229
v -0.252751 0.077599 0.054392
v -0.252751 0.077599 -0.054331
v -0.020431 0.298806 0.044844
v 0.192455 0.305458 0.044845
v 0.192455 0.305458 -0.044777
v -0.020431 0.298806 -0.044776
v 0.027648 0.054491 0.000937
v 0.059825 0.054491 0.078619
v 0.083740 0.125221 0.054704
v 0.061468 0.125221 0.000937
v 0.195798 0.125221 -0.054704
v 0.218070 0.125221 -0.000936
v 0.251890 0.054491 -0.000936
v 0.219713 0.054491 -0.078619
v 0.251890 0.054491 0.000937
v 0.218070 0.125221 0.000937
v 0.195798 0.125221 0.054704
v 0.219713 0.054491 0.078619
v 0.064488 0.123477 0.044844
v -0.021278 0.195639 0.044844
v -0.021278 0.195639 -0.044777
v 0.064488 0.123477 -0.044777
vn 0.0694 0.7434 0.6652
vn -0.5904 -0.4513 0.6692
vn -0.7578 -0.1766 0.6282
vn -0.7667 0.5061 0.3950
vn 0.8460 0.3674 0.3864
vn 0.5944 -0.7001 0.3958
vn -0.5900 -0.4513 -0.6695
vn -0.7580 -0.1760 -0.6281
vn 0.5950 -0.6999 -0.3951
vn 0.0693 0.7435 -0.6652
vn -0.7667 0.5059 -0.3952
vn 0.8462 0.3674 -0.3860
vn -0.7076 -0.0004 -0.7066
vn 0.7071 0.0007 -0.7071
vn 0.4079 0.8165 -0.4086
vn -0.4081 0.8167 -0.4081
vn -0.4078 -0.8169 -0.4078
vn 0.4086 -0.8165 -0.4079
vn 0.7071 -0.0003 0.7071
vn 0.4084 0.8163 0.4084
vn 0.4087 -0.8160 0.4087
vn -0.7071 0.0008 0.7071
vn -0.4086 0.8165 0.4078
vn -0.4078 -0.8165 0.4086
vn -0.4078 -0.8170 -0.4078
vn 0.0263 -0.7071 -0.7066
vn -0.0265 0.7066 -0.7071
vn -0.8313 0.3775 -0.4081
vn -0.8008 -0.4379 -0.4086
vn 0.8311 -0.3780 -0.4079
vn 0.8013 0.4378 -0.4078
vn -0.0269 0.7066 0.7071
vn -0.8311 0.3780 0.4079
vn 0.8008 0.4379 0.4086
vn 0.0265 -0.7067 0.7070
vn -0.8006 -0.4385 0.4084
vn 0.8306 -0.3781 0.4087
vn 0.2027 0.4121 0.8883
vn 0.6148 0.5083 -0.6031
vn 0.9576 -0.1996 -0.2075
vn 0.9578 -0.1992 0.2073
vn -0.6829 0.6490 0.3352
vn -0.6832 0.6492 -0.3344
vn -0.5886 -0.4417 -0.6771
vn 0.3897 -0.7846 -0.4822
vn -0.3987 0.8037 -0.4418
vn -0.5889 -0.4415 0.6770
vn 0.3895 -0.7845 0.4825
vn -0.3986 0.8033 0.4426
vn 0.7036 0.1977 -0.6825
vn -0.7168 -0.0002 -0.6973
vn -0.4062 -0.8238 -0.3953
vn -0.4064 0.8239 -0.3950
vn -0.7168 -0.0006 0.6973
vn -0.4067 -0.8236 0.3952
vn -0.4064 0.8235 0.3957
vn 0.7031 0.1973 0.6832
vn 0.4441 -0.8960 -0.0002
vn -0.7071 -0.7071 0.0003
vn -0.4081 -0.4081 0.8167
vn 0.2955 -0.5983 0.7448
vn 0.2962 -0.5977 -0.7449
vn -0.4078 -0.4078 -0.8169
vn -0.7717 0.6359 0.0007
vn -0.4718 0.3881 0.7917
vn -0.4711 0.3888 -0.7917
vn -0.5117 0.8592 0.0006
vn -0.3510 0.5889 0.7280
vn -0.3497 0.5898 -0.7279
vn -0.7146 0.6996 -0.0008
vn -0.5054 0.4941 0.7074
vn -0.5030 0.4932 -0.7097
vn 0.0568 0.9983 -0.0119
vn -0.3633 0.1775 0.9146
vn -0.4405 0.1035 -0.8918
vn 0.9987 0.0440 -0.0243
vn 0.5196 -0.0531 0.8528
vn 0.4624 -0.1007 -0.8809
vn -0.6619 0.6306 -0.4052
vn -0.7730 -0.6116 0.1689
vn -0.0000 -0.7988 -0.6016
vn -0.0000 0.0289 -0.9996
vn -0.0000 0.7775 0.6288
vn -0.0000 0.0036 1.0000
vn 0.4271 -0.6116 0.6660
vn 0.4254 -0.7988 -0.4254
vn -0.7071 0.0036 0.7071
vn 0.7546 0.6306 0.1815
vn 0.7068 0.0289 -0.7068
vn -0.4447 0.7775 0.4447
vn -0.9484 -0.3074 0.0770
vn 0.0760 0.9970 0.0116
vn 0.3980 0.3813 0.8344
vn 0.3246 0.2504 -0.9121
vn 0.3634 -0.9315 0.0172
vn 0.7130 0.6955 -0.0890
vn -0.1433 -0.9851 0.0947
vn -0.6441 0.7648 0.0148
vn -0.3896 0.5475 0.7406
vn -0.4552 0.3694 -0.8101
vn 0.9983 0.0541 0.0215
vn 0.0568 0.9983 0.0119
vn -0.3633 0.1775 -0.9146
vn 0.5196 -0.0531 -0.8528
vn 0.4624 -0.1007 0.8809
vn -0.4405 0.1035 0.8918
vn -0.7146 0.6996 0.0008
vn -0.5054 0.4941 -0.7074
vn -0.5030 0.4932 0.7097
vn -0.5117 0.8592 -0.0006
vn -0.3510 0.5889 -0.7280
vn -0.3497 0.5898 0.7279
vn -0.7717 0.6359 -0.0007
vn -0.4718 0.3881 -0.7917
vn -0.4711 0.3888 0.7917
vn -0.7071 -0.7071 -0.0003
vn -0.4081 -0.4081 -0.8167
vn -0.4078 -0.4078 0.8169
vn 0.4434 -0.8963 -0.0006
vn 0.2955 -0.5983 -0.7448
vn 0.2962 -0.5977 0.7449
vn 0.0004 0.7076 0.7066
vn 0.0007 0.7071 -0.7071
vn 0.8165 0.4079 -0.4086
vn 0.8163 0.4084 0.4084
vn -0.8160 0.4087 0.4087
vn -0.8165 0.4086 -0.4079
vn 0.0003 -0.7071 -0.7071
vn 0.8167 -0.4081 -0.4081
vn -0.8169 -0.4078 -0.4078
vn 0.0007 -0.7071 0.7071
vn 0.8165 -0.4086 0.4079
vn -0.8165 -0.4079 0.4086
vn 0.1204 0.9894 0.0818
vn -0.9517 -0.2937 -0.0896
vn 0.3980 0.3813 -0.8344
vn 0.3246 0.2504 0.9121
vn 0.3634 -0.9315 -0.0172
vn -0.6310 0.7709 0.0864
vn -0.1419 -0.9853 -0.0950
vn -0.3896 0.5475 -0.7406
vn -0.4552 0.3694 0.8101
vn 0.7571 0.6529 0.0240
vn 0.3429 0.9394 -0.0003
vn 0.9069 0.4215 -0.0001
vn 0.6092 0.2834 0.7407
vn 0.2345 0.6435 0.7287
vn 0.2350 0.6437 -0.7283
vn 0.6094 0.2839 -0.7403
vn 0.7181 -0.6960 0.0007
vn 0.4185 -0.4063 0.8123
vn 0.4191 -0.4056 -0.8123
vn -0.6825 -0.7309 0.0003
vn -0.3947 -0.4226 0.8159
vn -0.3944 -0.4223 -0.8161
vn -0.7201 0.6939 0.0007
vn -0.4108 0.3952 0.8216
vn -0.4101 0.3959 -0.8216
vn 0.6635 0.2810 0.6934
vn -0.6994 -0.1362 0.7017
vn -0.5565 0.7276 0.4011
vn -0.4588 0.7705 0.4426
vn 0.4508 -0.7572 0.4726
vn -0.2433 -0.8832 0.4010
vn -0.6994 -0.1364 -0.7016
vn -0.5565 0.7276 -0.4012
vn -0.2432 -0.8833 -0.4009
vn 0.6633 0.2810 -0.6936
vn -0.4593 0.7707 -0.4416
vn 0.4511 -0.7576 -0.4717
vn -0.6831 -0.7304 0.0004
vn 0.7181 -0.6960 -0.0007
vn 0.4185 -0.4063 -0.8123
vn -0.3947 -0.4226 -0.8159
vn -0.3944 -0.4223 0.8161
vn 0.4191 -0.4056 0.8123
vn 0.9069 0.4214 0.0001
vn 0.6092 0.2834 -0.7407
vn 0.6094 0.2839 0.7403
vn 0.3421 0.9397 -0.0000
vn 0.2345 0.6435 -0.7287
vn 0.2350 0.6437 0.7283
vn -0.7201 0.6939 -0.0007
vn -0.4108 0.3952 -0.8216
vn -0.4101 0.3959 0.8216
vn 0.0004 -0.7076 -0.7066
vn -0.0007 0.7071 -0.7071
vn -0.8165 0.4079 -0.4086
vn -0.8167 -0.4081 -0.4081
vn 0.8169 -0.4078 -0.4078
vn 0.8165 0.4086 -0.4079
vn 0.0003 0.7071 0.7071
vn -0.8163 0.4084 0.4084
vn 0.8160 0.4087 0.4087
vn -0.0007 -0.7071 0.7071
vn -0.8165 -0.4086 0.4079
vn 0.8165 -0.4079 0.4086
vn 0.4271 -0.6116 -0.6660
vn -0.7730 -0.6116 -0.1689
vn -0.0000 -0.7988 0.6016
vn 0.4254 -0.7988 0.4254
vn -0.7071 0.0037 -0.7071
vn -0.0000 0.0036 -1.0000
vn -0.6619 0.6306 0.4052
vn -0.0000 0.0289 0.9996
vn -0.0000 0.7775 -0.6288
vn 0.7546 0.6306 -0.1815
vn 0.7068 0.0289 0.7068
vn -0.4447 0.7775 -0.4447
vn -0.7076 -0.0000 0.7066
vn -0.0007 -0.0007 1.0000
vn -0.0004 -0.7344 0.6787
vn -0.4802 -0.7345 0.4794
vn -0.4794 0.7345 0.4802
vn 0.0004 0.7341 0.6790
vn 0.7071 0.0004 0.7071
vn 0.4800 -0.7343 0.4800
vn 0.4803 0.7339 0.4803
vn 1.0000 -0.0007 -0.0007
vn 0.6787 -0.7344 -0.0004
vn 0.6790 0.7341 0.0004
vn 0.7071 -0.0008 -0.7071
vn 0.4794 -0.7345 -0.4802
vn 0.4802 0.7345 -0.4794
vn -0.0000 -0.0005 -1.0000
vn -0.0004 -0.7347 -0.6784
vn 0.0004 0.7350 -0.6781
vn -0.7071 -0.0004 -0.7071
vn -0.4797 -0.7347 -0.4797
vn -0.4794 0.7351 -0.4794
vn -1.0000 -0.0005 -0.0000
vn -0.6784 -0.7347 -0.0004
vn -0.6781 0.7349 0.0004
vn -0.4271 -0.6116 -0.6660
vn -0.7546 0.6306 -0.1815
vn -0.7068 0.0289 0.7068
vn -0.4254 -0.7988 0.4254
vn 0.7071 0.0037 -0.7071
vn 0.4447 0.7775 -0.4447
vn 0.6619 0.6306 0.4052
vn 0.7729 -0.6116 -0.1689
vn 0.6432 0.6691 0.3723
vn -0.5159 -0.4936 0.7001
vn -0.6405 0.6274 0.4430
vn -0.2509 0.7490 0.6132
vn 0.9209 -0.0454 0.3872
vn 0.6430 -0.6298 0.4358
vn -0.5165 -0.4935 -0.6998
vn -0.6407 0.6276 -0.4423
vn 0.6433 -0.6301 -0.4349
vn 0.0783 0.7563 -0.6496
vn -0.2512 0.7489 -0.6132
vn 0.9210 -0.0457 -0.3868
vn -0.5635 -0.4502 -0.6927
vn 0.4820 0.5259 -0.7008
vn 0.4825 0.5258 0.7005
vn -0.5638 -0.4496 0.6928
vn -0.6660 -0.6116 0.4271
vn -0.1815 0.6306 0.7546
vn 0.4051 0.6306 -0.6619
vn 0.9996 0.0289 -0.0001
vn -0.6288 0.7775 0.0001
vn -0.1686 -0.6114 -0.7731
vn 0.6016 -0.7988 -0.0004
vn -1.0000 0.0035 0.0006
vn -0.7546 0.6306 0.1815
vn -0.4271 -0.6116 0.6660
vn -0.4254 -0.7988 -0.4254
vn -0.7068 0.0290 -0.7068
vn 0.4447 0.7775 0.4447
vn 0.7071 0.0036 0.7071
vn 0.7730 -0.6116 0.1689
vn 0.6619 0.6306 -0.4052
vn -0.0006 0.7408 0.6717
vn -0.0006 0.7404 -0.6721
vn 0.8080 0.4401 -0.3917
vn 0.8078 0.4406 0.3916
vn -0.8105 0.4296 0.3982
vn -0.8109 0.4295 -0.3975
vn 0.1967 -0.7460 -0.6362
vn 0.8895 -0.4013 -0.2187
vn -0.9365 -0.0693 -0.3437
vn 0.1970 -0.7461 0.6361
vn 0.8893 -0.4018 0.2184
vn -0.9362 -0.0694 0.3445
vn 0.7072 0.0221 -0.7067
vn -0.7067 -0.0225 -0.7071
vn -0.3823 -0.8291 -0.4080
vn 0.4332 -0.8034 -0.4085
vn 0.3828 0.8289 -0.4079
vn -0.4330 0.8039 -0.4077
vn -0.7067 -0.0227 0.7071
vn -0.3828 -0.8289 0.4079
vn -0.4332 0.8034 0.4085
vn 0.7068 0.0225 0.7071
vn 0.4338 -0.8031 0.4085
vn 0.3831 0.8283 0.4088
vn 0.4053 0.6306 0.6619
vn -0.1815 0.6306 -0.7546
vn -0.6660 -0.6116 -0.4271
vn -0.1685 -0.6120 0.7727
vn 0.6660 -0.6116 0.4271
vn -0.2006 -0.6801 -0.7052
vn -0.7954 -0.5943 -0.1187
vn 0.9001 0.0808 -0.4281
vn -0.6812 0.3842 -0.6232
vn -0.9650 -0.2568 -0.0533
vn 0.6439 0.6824 -0.3460
vn 0.1815 0.6306 0.7546
vn -0.4484 0.8235 0.3476
vn -0.1998 -0.6804 0.7050
vn -0.7951 -0.5948 0.1188
vn -0.9652 -0.2562 0.0533
vn 0.6433 0.6825 0.3469
vn 0.8997 0.0804 0.4291
vn 0.6660 -0.6116 -0.4271
vn 0.1815 0.6306 -0.7546
vn -0.5415 0.4553 -0.7067
vn 0.5413 -0.4550 -0.7071
vn 0.8379 0.3621 -0.4084
vn 0.2135 0.8876 -0.4081
vn -0.8380 -0.3624 -0.4079
vn -0.2131 -0.8877 -0.4081
vn 0.5409 -0.4554 0.7072
vn 0.8381 0.3617 0.4084
vn -0.2128 -0.8876 0.4085
vn -0.5408 0.4555 0.7071
vn 0.2132 0.8877 0.4081
vn -0.8379 -0.3621 0.4084
vt 0.375000 0.750000
vt 0.375000 0.500000
vt 0.125000 0.500000
vt 0.125000 0.750000
vt 0.625000 0.500000
vt 0.625000 0.750000
vt 0.625000 0.250000
vt 0.375000 0.250000
vt 0.375000 0.000000
vt 0.625000 0.000000
vt 0.875000 0.500000
vt 0.875000 0.750000
vt 0.625000 1.000000
vt 0.375000 1.000000
vt 0.375000 0.863516
vt 0.750000 0.835911
vt 0.625000 0.835911
vt 0.375000 0.386484
vt 0.261484 0.750000
vt 0.261484 0.500000
vt 0.375000 0.835911
vt 0.250000 0.835911
vt 0.125000 0.835911
vt 0.500000 0.835911
vt 0.875000 0.835911
vt 1.000000 0.835911
vt 0.000000 0.835911
s 1
f 205/1/1 206/1/2 203/1/3 199/1/4
f 206/1/2 205/1/1 200/1/5 204/1/6
f 206/1/2 207/2/7 195/2/8 203/1/3
f 207/2/7 206/1/2 204/1/6 196/2/9
f 207/2/7 208/2/10 201/2/11 195/2/8
f 208/2/10 207/2/7 196/2/9 202/2/12
f 208/2/10 205/1/1 199/1/4 201/2/11
f 205/1/1 208/2/10 202/2/12 200/1/5
f 209/3/13 210/2/14 121/2/15 119/3/16
f 210/2/14 209/3/13 120/3/17 122/2/18
f 210/2/14 211/1/19 115/1/20 121/2/15
f 211/1/19 210/2/14 122/2/18 116/1/21
f 211/1/19 212/4/22 117/4/23 115/1/20
f 212/4/22 211/1/19 116/1/21 118/4/24
f 212/4/22 209/3/13 119/3/16 117/4/23
f 209/3/13 212/4/22 118/4/24 120/3/17
f 213/2/13 214/5/14 7/5/15 3/2/16
f 214/5/14 213/2/13 4/2/25 8/5/18
f 214/5/14 215/6/19 5/6/20 7/5/15
f 215/6/19 214/5/14 8/5/18 6/6/21
f 215/6/19 216/1/22 1/1/23 5/6/20
f 216/1/22 215/6/19 6/6/21 2/1/24
f 216/1/22 213/2/13 3/2/16 1/1/23
f 213/2/13 216/1/22 2/1/24 4/2/25
f 217/7/26 218/8/27 23/8/28 21/7/29
f 218/8/27 217/7/26 22/7/30 24/8/31
f 218/8/27 219/9/32 17/9/33 23/8/28
f 219/9/32 218/8/27 24/8/31 18/9/34
f 219/9/32 220/10/35 19/10/36 17/9/33
f 220/10/35 219/9/32 18/9/34 20/10/37
f 220/10/35 217/7/26 21/7/29 19/10/36
f 217/7/26 220/10/35 20/10/37 22/7/30
f 221/6/38 222/5/39 43/5/40 41/6/41
f 222/5/39 221/6/38 42/6/42 44/5/43
f 222/5/39 223/5/44 37/5/45 43/5/40
f 223/5/44 222/5/39 44/5/43 38/5/46
f 223/5/44 224/6/47 35/6/48 37/5/45
f 224/6/47 223/5/44 38/5/46 36/6/49
f 224/6/47 221/6/38 41/6/41 35/6/48
f 221/6/38 224/6/47 36/6/49 42/6/42
f 225/5/50 226/11/51 39/11/52 37/5/45
f 226/11/51 225/5/50 38/5/46 40/11/53
f 226/11/51 227/12/54 33/12/55 39/11/52
f 227/12/54 226/11/51 40/11/53 34/12/56
f 227/12/54 228/6/57 35/6/48 33/12/55
f 228/6/57 227/12/54 34/12/56 36/6/49
f 228/6/57 225/5/50 37/5/45 35/6/48
f 225/5/50 228/6/57 36/6/49 38/5/46
f 229/6/58 230/13/59 59/13/60 63/6/61
f 230/13/59 229/6/58 64/6/62 60/13/63
f 230/13/59 231/14/64 65/14/65 59/13/60
f 231/14/64 230/13/59 60/13/63 66/14/66
f 231/14/64 232/15/67 61/15/68 65/14/65
f 232/15/67 231/14/64 66/14/66 62/15/69
f 232/15/67 233/1/70 67/1/71 61/15/68
f 233/1/70 232/15/67 62/15/69 68/1/72
f 233/1/70 234/1/73 71/1/74 67/1/71
f 234/1/73 233/1/70 68/1/72 72/1/75
f 234/1/73 235/6/76 69/6/77 71/1/74
f 235/6/76 234/1/73 72/1/75 70/6/78
f 235/6/76 229/6/58 63/6/61 69/6/77
f 229/6/58 235/6/76 70/6/78 64/6/62
f 236/16/79 237/16/80 165/16/81 161/16/82
f 237/16/80 236/16/79 162/16/83 166/16/84
f 237/16/80 238/17/85 153/17/86 165/16/81
f 238/17/85 237/16/80 166/16/84 154/17/87
f 238/17/85 239/17/88 157/17/89 153/17/86
f 239/17/88 238/17/85 154/17/87 158/17/90
f 239/17/88 236/16/79 161/16/82 157/17/89
f 236/16/79 239/17/88 158/17/90 162/16/83
f 240/1/91 241/6/92 73/6/93 71/1/74
f 241/6/92 240/1/91 72/1/75 74/6/94
f 241/6/92 242/6/95 69/6/77 73/6/93
f 242/6/95 241/6/92 74/6/94 70/6/78
f 242/6/95 240/1/91 71/1/74 69/6/77
f 240/1/91 242/6/95 70/6/78 72/1/75
f 243/6/96 244/1/97 71/1/74 73/6/93
f 244/1/97 243/6/96 74/6/94 72/1/75
f 244/1/97 245/1/98 75/1/99 71/1/74
f 245/1/98 244/1/97 72/1/75 76/1/100
f 245/1/98 243/6/96 73/6/93 75/1/99
f 243/6/96 245/1/98 76/1/100 74/6/94
f 246/5/101 247/2/102 89/2/103 87/5/104
f 247/2/102 246/5/101 88/5/105 90/2/106
f 247/2/102 248/2/107 85/2/108 89/2/103
f 248/2/107 247/2/102 90/2/106 86/2/109
f 248/2/107 249/18/110 79/18/111 85/2/108
f 249/18/110 248/2/107 86/2/109 80/18/112
f 249/18/110 250/8/113 81/8/114 79/18/111
f 250/8/113 249/18/110 80/18/112 82/8/115
f 250/8/113 251/7/116 77/7/117 81/8/114
f 251/7/116 250/8/113 82/8/115 78/7/118
f 251/7/116 252/5/119 83/5/120 77/7/117
f 252/5/119 251/7/116 78/7/118 84/5/121
f 252/5/119 246/5/101 87/5/104 83/5/120
f 246/5/101 252/5/119 84/5/121 88/5/105
f 253/6/122 254/5/123 57/5/124 53/6/125
f 254/5/123 253/6/122 54/6/126 58/5/127
f 254/5/123 255/5/128 55/5/129 57/5/124
f 255/5/128 254/5/123 58/5/127 56/5/130
f 255/5/128 256/6/131 51/6/132 55/5/129
f 256/6/131 255/5/128 56/5/130 52/6/133
f 256/6/131 253/6/122 53/6/125 51/6/132
f 253/6/122 256/6/131 52/6/133 54/6/126
f 257/5/134 258/2/135 89/2/103 91/5/136
f 258/2/135 257/5/134 92/5/137 90/2/106
f 258/2/135 259/5/138 87/5/104 89/2/103
f 259/5/138 258/2/135 90/2/106 88/5/105
f 259/5/138 257/5/134 91/5/136 87/5/104
f 257/5/134 259/5/138 88/5/105 92/5/137
f 260/2/139 261/2/140 89/2/103 93/2/141
f 261/2/140 260/2/139 94/2/142 90/2/106
f 261/2/140 262/5/143 91/5/136 89/2/103
f 262/5/143 261/2/140 90/2/106 92/5/137
f 262/5/143 260/2/139 93/2/141 91/5/136
f 260/2/139 262/5/143 92/5/137 94/2/142
f 263/1/144 264/6/145 97/6/146 101/1/147
f 264/6/145 263/1/144 102/1/148 98/6/149
f 264/6/145 265/6/150 99/6/151 97/6/146
f 265/6/150 264/6/145 98/6/149 100/6/152
f 265/6/150 266/13/153 95/13/154 99/6/151
f 266/13/153 265/6/150 100/6/152 96/13/155
f 266/13/153 267/14/156 103/14/157 95/13/154
f 267/14/156 266/13/153 96/13/155 104/14/158
f 267/14/156 263/1/144 101/1/147 103/14/157
f 263/1/144 267/14/156 104/14/158 102/1/148
f 268/19/159 269/4/160 191/4/161 185/19/162
f 269/4/160 268/19/159 186/19/163 192/4/164
f 269/4/160 270/3/165 189/3/166 191/4/161
f 270/3/165 269/4/160 192/4/164 190/3/167
f 270/3/165 271/20/168 187/20/169 189/3/166
f 271/20/168 270/3/165 190/3/167 188/20/170
f 271/20/168 268/19/159 185/19/162 187/20/169
f 268/19/159 271/20/168 188/20/170 186/19/163
f 272/7/171 273/5/172 109/5/173 107/7/174
f 273/5/172 272/7/171 108/7/175 110/5/176
f 273/5/172 274/5/177 105/5/178 109/5/173
f 274/5/177 273/5/172 110/5/176 106/5/179
f 274/5/177 275/2/180 111/2/181 105/5/178
f 275/2/180 274/5/177 106/5/179 112/2/182
f 275/2/180 276/8/183 113/8/184 111/2/181
f 276/8/183 275/2/180 112/2/182 114/8/185
f 276/8/183 272/7/171 107/7/174 113/8/184
f 272/7/171 276/8/183 114/8/185 108/7/175
f 277/7/186 278/8/187 31/8/188 25/7/189
f 278/8/187 277/7/186 26/7/190 32/8/191
f 278/8/187 279/9/192 27/9/193 31/8/188
f 279/9/192 278/8/187 32/8/191 28/9/194
f 279/9/192 280/10/195 29/10/196 27/9/193
f 280/10/195 279/9/192 28/9/194 30/10/197
f 280/10/195 277/7/186 25/7/189 29/10/196
f 277/7/186 280/10/195 30/10/197 26/7/190
f 281/21/198 282/22/199 163/22/200 147/21/201
f 282/22/199 281/21/198 148/21/202 164/22/203
f 282/22/199 283/22/204 159/22/205 163/22/200
f 283/22/204 282/22/199 164/22/203 160/22/206
f 283/22/204 284/21/207 155/21/208 159/22/205
f 284/21/207 283/22/204 160/22/206 156/21/209
f 284/21/207 281/21/198 147/21/201 155/21/208
f 281/21/198 284/21/207 156/21/209 148/21/202
f 285/23/210 286/22/211 127/22/212 125/23/213
f 286/22/211 285/23/210 126/23/214 128/22/215
f 286/22/211 287/21/216 123/21/217 127/22/212
f 287/21/216 286/22/211 128/22/215 124/21/218
f 287/21/216 288/24/219 131/24/220 123/21/217
f 288/24/219 287/21/216 124/21/218 132/24/221
f 288/24/219 289/17/222 129/17/223 131/24/220
f 289/17/222 288/24/219 132/24/221 130/17/224
f 289/17/222 290/16/225 135/16/226 129/17/223
f 290/16/225 289/17/222 130/17/224 136/16/227
f 290/16/225 291/25/228 133/25/229 135/16/226
f 291/25/228 290/16/225 136/16/227 134/25/230
f 291/25/228 292/26/231 137/26/232 133/25/229
f 292/26/231 291/25/228 134/25/230 138/26/233
f 292/26/231 285/23/210 125/23/213 137/26/232
f 285/23/210 292/26/231 138/26/233 126/23/214
f 293/23/234 294/23/235 171/23/236 167/23/237
f 294/23/235 293/23/234 168/23/238 172/23/239
f 294/23/235 295/22/240 159/22/205 171/23/236
f 295/22/240 294/23/235 172/23/239 160/22/206
f 295/22/240 296/22/241 163/22/200 159/22/205
f 296/22/241 295/22/240 160/22/206 164/22/203
f 296/22/241 293/23/234 167/23/237 163/22/200
f 293/23/234 296/22/241 164/22/203 168/23/238
f 297/1/242 298/1/243 183/1/244 197/1/245
f 298/1/243 297/1/242 198/1/246 184/1/247
f 298/1/243 299/2/248 193/2/249 183/1/244
f 299/2/248 298/1/243 184/1/247 194/2/250
f 299/2/248 300/2/251 195/2/252 193/2/249
f 300/2/251 299/2/248 194/2/250 196/2/253
f 300/2/251 297/1/242 197/1/245 195/2/252
f 297/1/242 300/2/251 196/2/253 198/1/246
f 301/20/254 302/2/255 193/2/249 187/20/169
f 302/2/255 301/20/254 188/20/170 194/2/250
f 302/2/255 303/1/256 183/1/244 193/2/249
f 303/1/256 302/2/255 194/2/250 184/1/247
f 303/1/256 304/19/257 185/19/162 183/1/244
f 304/19/257 303/1/256 184/1/247 186/19/163
f 304/19/257 301/20/254 187/20/169 185/19/162
f 301/20/254 304/19/257 186/19/163 188/20/170
f 305/21/258 306/21/259 155/21/208 147/21/201
f 306/21/259 305/21/258 148/21/202 156/21/209
f 306/21/259 307/24/260 149/24/261 155/21/208
f 307/24/260 306/21/259 156/21/209 150/24/262
f 307/24/260 308/24/263 151/24/264 149/24/261
f 308/24/263 307/24/260 150/24/262 152/24/265
f 308/24/263 305/21/258 147/21/201 151/24/264
f 305/21/258 308/24/263 152/24/265 148/21/202
f 309/25/266 310/25/267 169/25/268 177/25/269
f 310/25/267 309/25/266 178/25/270 170/25/271
f 310/25/267 311/16/272 165/16/81 169/25/268
f 311/16/272 310/25/267 170/25/271 166/16/84
f 311/16/272 312/16/273 161/16/82 165/16/81
f 312/16/273 311/16/272 166/16/84 162/16/83
f 312/16/273 309/25/266 177/25/269 161/16/82
f 309/25/266 312/16/273 162/16/83 178/25/270
f 313/6/274 314/5/275 49/5/276 45/6/277
f 314/5/275 313/6/274 46/6/278 50/5/279
f 314/5/275 315/5/280 43/5/281 49/5/276
f 315/5/280 314/5/275 50/5/279 44/5/282
f 315/5/280 316/6/283 47/6/284 43/5/281
f 316/6/283 315/5/280 44/5/282 48/6/285
f 316/6/283 313/6/274 45/6/277 47/6/284
f 313/6/274 316/6/283 48/6/285 46/6/278
f 317/5/286 318/11/287 15/11/288 13/5/289
f 318/11/287 317/5/286 14/5/290 16/11/291
f 318/11/287 319/12/292 9/12/293 15/11/288
f 319/12/292 318/11/287 16/11/291 10/12/294
f 319/12/292 320/6/295 11/6/296 9/12/293
f 320/6/295 319/12/292 10/12/294 12/6/297
f 320/6/295 317/5/286 13/5/289 11/6/296
f 317/5/286 320/6/295 12/6/297 14/5/290
f 321/24/298 322/17/299 157/17/89 149/24/261
f 322/17/299 321/24/298 150/24/262 158/17/90
f 322/17/299 323/17/300 153/17/86 157/17/89
f 323/17/300 322/17/299 158/17/90 154/17/87
f 323/17/300 324/24/301 151/24/264 153/17/86
f 324/24/301 323/17/300 154/17/87 152/24/265
f 324/24/301 321/24/298 149/24/261 151/24/264
f 321/24/298 324/24/301 152/24/265 150/24/262
f 325/23/302 326/27/303 175/27/304 167/23/237
f 326/27/303 325/23/302 168/23/238 176/27/305
f 326/27/303 327/27/306 173/27/307 175/27/304
f 327/27/306 326/27/303 176/27/305 174/27/308
f 327/27/306 328/23/309 171/23/236 173/27/307
f 328/23/309 327/27/306 174/27/308 172/23/239
f 328/23/309 325/23/302 167/23/237 171/23/236
f 325/23/302 328/23/309 172/23/239 168/23/238
f 329/26/310 330/26/311 181/26/312 179/26/313
f 330/26/311 329/26/310 180/26/314 182/26/315
f 330/26/311 331/25/316 169/25/268 181/26/312
f 331/25/316 330/26/311 182/26/315 170/25/271
f 331/25/316 332/25/317 177/25/269 169/25/268
f 332/25/317 331/25/316 170/25/271 178/25/270
f 332/25/317 329/26/310 179/26/313 177/25/269
f 329/26/310 332/25/317 178/25/270 180/26/314
f 333/2/318 334/5/319 145/5/320 143/2/321
f 334/5/319 333/2/318 144/2/322 146/5/323
f 334/5/319 335/6/324 139/6/325 145/5/320
f 335/6/324 334/5/319 146/5/323 140/6/326
f 335/6/324 336/1/327 141/1/328 139/6/325
f 336/1/327 335/6/324 140/6/326 142/1/329
f 336/1/327 333/2/318 143/2/321 141/1/328
f 333/2/318 336/1/327 142/1/329 144/2/322
o Sphere_002_Sphere_82199642795777
v 0.000000 0.128811 0.283769
v 0.000001 0.129423 0.285673
v -0.200655 0.128811 0.200655
v -0.202001 0.129423 0.202001
v 0.000000 0.040682 0.295729
v 0.000001 0.040951 0.297711
v -0.209112 0.040682 0.209112
v -0.210513 0.040951 0.210513
v -0.153575 0.246407 0.153575
v -0.154660 0.247690 0.154660
v 0.000000 0.246407 0.217188
v 0.000001 0.247690 0.218722
v 0.000000 0.295951 0.148702
v 0.000001 0.297572 0.149874
v -0.105148 0.295951 0.105148
v -0.105977 0.297571 0.105977
v -0.283769 0.128811 -0.000000
v -0.285673 0.129423 0.000001
v -0.153575 0.246407 0.153575
v -0.154660 0.247690 0.154660
v -0.217188 0.246407 -0.000000
v -0.218722 0.247690 0.000001
v -0.148702 0.295951 -0.000000
v -0.149874 0.297571 0.000001
v -0.105148 0.295951 0.105148
v -0.105977 0.297571 0.105977
v -0.200655 0.128811 0.200655
v -0.202001 0.129423 0.202001
v -0.295729 0.040682 -0.000000
v -0.297711 0.040951 0.000001
v -0.209112 0.040682 0.209112
v -0.210513 0.040951 0.210513
v -0.153575 0.246407 -0.153575
v -0.154660 0.247690 -0.154660
v -0.200655 0.128811 -0.200655
v -0.202001 0.129423 -0.202001
v -0.283769 0.128811 -0.000000
v -0.285673 0.129423 0.000001
v -0.295729 0.040682 -0.000000
v -0.297711 0.040951 0.000001
v -0.209112 0.040682 -0.209112
v -0.210513 0.040951 -0.210513
v -0.217188 0.246407 -0.000000
v -0.218722 0.247690 0.000001
v -0.148702 0.295951 -0.000000
v -0.149874 0.297572 0.000001
v -0.105148 0.295951 -0.105148
v -0.105977 0.297571 -0.105977
v -0.200655 0.128811 -0.200655
v -0.202001 0.129423 -0.202001
v 0.000000 0.040682 -0.295729
v 0.000001 0.040951 -0.297711
v -0.209112 0.040682 -0.209112
v -0.210513 0.040951 -0.210513
v 0.000000 0.128811 -0.283769
v 0.000001 0.129423 -0.285673
v -0.153575 0.246407 -0.153575
v -0.154660 0.247690 -0.154660
v 0.000000 0.246407 -0.217188
v 0.000001 0.247690 -0.218722
v 0.000000 0.295951 -0.148702
v 0.000001 0.297571 -0.149874
v -0.105148 0.295951 -0.105148
v -0.105977 0.297571 -0.105977
v 0.153575 0.246407 -0.153575
v 0.154660 0.247690 -0.154660
v 0.000000 0.128811 -0.283769
v 0.000001 0.129423 -0.285673
v 0.000000 0.246407 -0.217188
v 0.000001 0.247690 -0.218722
v 0.000000 0.295951 -0.148702
v 0.000001 0.297572 -0.149874
v 0.105148 0.295951 -0.105148
v 0.105977 0.297571 -0.105977
v 0.200655 0.128811 -0.200655
v 0.202001 0.129423 -0.202002
v 0.000000 0.040682 -0.295729
v 0.000001 0.040951 -0.297711
v 0.209112 0.040682 -0.209112
v 0.210513 0.040951 -0.210513
v 0.153575 0.246407 -0.153575
v 0.154660 0.247690 -0.154660
v 0.283769 0.128811 -0.000000
v 0.285673 0.129423 0.000001
v 0.200655 0.128811 -0.200655
v 0.202001 0.129423 -0.202001
v 0.295729 0.040682 -0.000000
v 0.297711 0.040951 0.000001
v 0.209112 0.040682 -0.209112
v 0.210513 0.040951 -0.210513
v 0.217188 0.246407 -0.000000
v 0.218722 0.247690 0.000001
v 0.148702 0.295951 -0.000000
v 0.149874 0.297571 0.000001
v 0.105148 0.295951 -0.105148
v 0.105977 0.297571 -0.105977
v 0.283769 0.128811 -0.000000
v 0.285673 0.129423 0.000001
v 0.200655 0.128811 0.200655
v 0.202001 0.129423 0.202001
v 0.295729 0.040682 -0.000000
v 0.297711 0.040951 0.000001
v 0.209112 0.040682 0.209112
v 0.210513 0.040951 0.210513
v 0.153575 0.246407 0.153575
v 0.154660 0.247690 0.154660
v 0.217188 0.246407 -0.000000
v 0.218722 0.247690 0.000001
v 0.148702 0.295951 -0.000000
v 0.149874 0.297572 0.000001
v 0.105148 0.295951 0.105148
v 0.105977 0.297571 0.105977
v 0.200655 0.128811 0.200655
v 0.202001 0.129423 0.202001
v 0.000000 0.040682 0.295729
v 0.000001 0.040951 0.297711
v 0.209112 0.040682 0.209112
v 0.210513 0.040951 0.210513
v 0.000000 0.128811 0.283769
v 0.000001 0.129423 0.285673
v 0.153575 0.246407 0.153575
v 0.154660 0.247690 0.154660
v 0.000000 0.246407 0.217188
v 0.000001 0.247690 0.218722
v 0.000000 0.295951 0.148702
v 0.000001 0.297571 0.149874
v 0.105148 0.295951 0.105148
v 0.105977 0.297571 0.105977
v 0.000000 -0.106271 0.283769
v 0.000001 -0.106883 0.285673
v -0.153575 -0.223867 0.153575
v -0.154660 -0.225150 0.154660
v 0.000000 -0.223867 0.217188
v 0.000001 -0.225150 0.218722
v 0.000000 -0.295951 0.117541
v 0.000001 -0.297571 0.118713
v -0.083114 -0.295951 0.083114
v -0.083943 -0.297571 0.083944
v -0.200655 -0.106271 0.200655
v -0.202001 -0.106883 0.202002
v 0.000000 -0.018142 0.295729
v 0.000001 -0.018411 0.297711
v -0.209112 -0.018142 0.209112
v -0.210513 -0.018411 0.210513
v -0.153575 -0.223867 0.153575
v -0.154660 -0.225150 0.154660
v -0.117541 -0.295951 0.000000
v -0.118713 -0.297571 0.000001
v -0.083114 -0.295951 0.083114
v -0.083944 -0.297571 0.083943
v -0.217188 -0.223867 0.000000
v -0.218722 -0.225150 0.000001
v -0.283769 -0.106271 0.000000
v -0.285673 -0.106883 0.000001
v -0.200655 -0.106271 0.200655
v -0.202002 -0.106882 0.202001
v -0.295729 -0.018142 0.000000
v -0.297711 -0.018411 0.000001
v -0.209112 -0.018142 0.209112
v -0.210513 -0.018411 0.210513
v -0.153575 -0.223867 -0.153575
v -0.154660 -0.225150 -0.154660
v -0.283769 -0.106271 0.000000
v -0.285673 -0.106883 0.000001
v -0.200655 -0.106271 -0.200655
v -0.202002 -0.106883 -0.202001
v -0.295729 -0.018142 0.000000
v -0.297711 -0.018411 0.000001
v -0.209112 -0.018142 -0.209112
v -0.210513 -0.018411 -0.210513
v -0.217188 -0.223867 0.000000
v -0.218722 -0.225150 0.000001
v -0.117541 -0.295951 0.000000
v -0.118713 -0.297571 0.000001
v -0.083114 -0.295951 -0.083114
v -0.083944 -0.297571 -0.083943
v 0.000000 -0.106271 -0.283769
v 0.000001 -0.106883 -0.285673
v -0.153575 -0.223867 -0.153575
v -0.154660 -0.225150 -0.154660
v -0.200655 -0.106271 -0.200655
v -0.202001 -0.106883 -0.202002
v 0.000000 -0.018142 -0.295729
v 0.000001 -0.018411 -0.297711
v -0.209112 -0.018142 -0.209112
v -0.210513 -0.018411 -0.210513
v 0.000000 -0.223867 -0.217188
v 0.000001 -0.225150 -0.218722
v 0.000000 -0.295951 -0.117541
v 0.000001 -0.297571 -0.118713
v -0.083114 -0.295951 -0.083114
v -0.083943 -0.297571 -0.083944
v 0.153575 -0.223867 -0.153575
v 0.154660 -0.225150 -0.154660
v 0.000000 -0.295951 -0.117541
v 0.000001 -0.297571 -0.118713
v 0.000000 -0.223867 -0.217188
v 0.000001 -0.225150 -0.218722
v 0.083114 -0.295951 -0.083114
v 0.083943 -0.297571 -0.083944
v 0.000000 -0.106271 -0.283769
v 0.000001 -0.106883 -0.285673
v 0.200655 -0.106271 -0.200655
v 0.202001 -0.106883 -0.202002
v 0.000000 -0.018142 -0.295729
v 0.000001 -0.018411 -0.297711
v 0.209112 -0.018142 -0.209112
v 0.210513 -0.018411 -0.210513
v 0.153575 -0.223867 -0.153575
v 0.154660 -0.225150 -0.154660
v 0.117541 -0.295951 0.000000
v 0.118713 -0.297571 0.000001
v 0.083114 -0.295951 -0.083114
v 0.083944 -0.297571 -0.083943
v 0.217188 -0.223867 0.000000
v 0.218722 -0.225150 0.000001
v 0.283769 -0.106271 0.000000
v 0.285673 -0.106883 0.000001
v 0.200655 -0.106271 -0.200655
v 0.202002 -0.106883 -0.202001
v 0.295729 -0.018142 0.000000
v 0.297711 -0.018411 0.000001
v 0.209112 -0.018142 -0.209112
v 0.210513 -0.018411 -0.210513
v 0.283769 -0.106271 0.000000
v 0.285673 -0.106883 0.000001
v 0.153575 -0.223867 0.153575
v 0.154660 -0.225150 0.154660
v 0.217188 -0.223867 0.000000
v 0.218722 -0.225150 0.000001
v 0.117541 -0.295951 0.000000
v 0.118713 -0.297571 0.000001
v 0.083114 -0.295951 0.083114
v 0.083944 -0.297571 0.083943
v 0.200655 -0.106271 0.200655
v 0.202002 -0.106883 0.202001
v 0.295729 -0.018142 0.000000
v 0.297711 -0.018411 0.000001
v 0.209112 -0.018142 0.209112
v 0.210513 -0.018411 0.210513
v 0.000000 -0.223867 0.217188
v 0.000001 -0.225150 0.218722
v 0.153575 -0.223867 0.153575
v 0.154660 -0.225150 0.154660
v 0.000000 -0.106271 0.283769
v 0.000001 -0.106883 0.285673
v 0.000000 -0.295951 0.117541
v 0.000001 -0.297571 0.118713
v 0.083114 -0.295951 0.083114
v 0.083943 -0.297571 0.083944
v 0.200655 -0.106271 0.200655
v 0.202001 -0.106882 0.202002
v 0.000000 -0.018142 0.295729
v 0.000001 -0.018411 0.297711
v 0.209112 -0.018142 0.209112
v 0.210513 -0.018411 0.210513
v -0.153917 0.247665 0.152543
v -0.106568 0.296145 0.105193
v -0.149738 0.296145 0.000972
v -0.216700 0.247665 0.000972
v -0.283830 0.130003 0.000941
v -0.201363 0.130003 0.200033
v -0.154862 0.246163 0.153531
v -0.218067 0.246163 0.000941
v -0.149738 0.296145 -0.000971
v -0.106568 0.296145 -0.105193
v -0.153917 0.247665 -0.152543
v -0.216700 0.247665 -0.000971
v -0.296202 -0.019269 -0.000925
v -0.210101 -0.019269 -0.208792
v -0.201807 -0.105585 -0.200498
v -0.284473 -0.105585 -0.000925
v 0.153917 0.247665 -0.152543
v 0.106568 0.296145 -0.105193
v 0.149738 0.296145 -0.000971
v 0.216700 0.247665 -0.000971
v -0.154862 -0.223622 0.153531
v -0.201363 -0.107463 0.200033
v -0.283830 -0.107463 0.000941
v -0.218067 -0.223623 0.000941
v 0.153531 0.246163 0.154862
v 0.000941 0.246163 0.218067
v 0.000941 0.130003 0.283830
v 0.200033 0.130003 0.201363
v -0.208792 0.041809 0.210101
v -0.000925 0.041809 0.296202
v -0.000925 0.128125 0.284472
v -0.200498 0.128125 0.201807
v 0.149738 0.296145 0.000972
v 0.106568 0.296145 0.105193
v 0.153917 0.247665 0.152543
v 0.216700 0.247665 0.000972
v 0.153917 -0.225125 -0.152543
v 0.216700 -0.225125 -0.000971
v 0.118577 -0.296145 -0.000971
v 0.084534 -0.296144 -0.083159
v 0.152543 -0.225125 -0.153917
v 0.083159 -0.296144 -0.084534
v 0.000972 -0.296145 -0.118577
v 0.000972 -0.225125 -0.216700
v 0.152543 0.247665 0.153917
v 0.105193 0.296145 0.106568
v 0.000972 0.296145 0.149738
v 0.000972 0.247665 0.216700
v -0.152543 -0.225125 0.153917
v -0.083159 -0.296144 0.084534
v -0.000971 -0.296145 0.118577
v -0.000971 -0.225125 0.216700
v -0.153917 -0.225125 0.152543
v -0.216700 -0.225125 0.000972
v -0.118577 -0.296145 0.000972
v -0.084534 -0.296144 0.083159
v -0.154862 -0.223622 -0.153531
v -0.218067 -0.223622 -0.000940
v -0.283830 -0.107463 -0.000940
v -0.201363 -0.107463 -0.200033
v -0.153917 -0.225125 -0.152543
v -0.084534 -0.296144 -0.083159
v -0.118577 -0.296145 -0.000971
v -0.216700 -0.225125 -0.000971
v -0.000971 0.296145 0.149738
v -0.105193 0.296145 0.106568
v -0.152543 0.247665 0.153917
v -0.000971 0.247665 0.216700
v -0.200498 0.128125 -0.201807
v -0.000925 0.128125 -0.284473
v -0.000925 0.041809 -0.296202
v -0.208792 0.041809 -0.210101
v 0.283830 -0.107463 0.000941
v 0.201363 -0.107463 0.200033
v 0.154862 -0.223622 0.153531
v 0.218067 -0.223622 0.000941
v -0.152543 0.247665 -0.153917
v -0.105193 0.296145 -0.106568
v -0.000971 0.296145 -0.149738
v -0.000971 0.247665 -0.216700
v 0.153917 -0.225125 0.152543
v 0.084534 -0.296144 0.083160
v 0.118577 -0.296145 0.000972
v 0.216700 -0.225125 0.000972
v -0.153531 0.246163 -0.154862
v -0.000940 0.246163 -0.218067
v -0.000940 0.130003 -0.283830
v -0.200033 0.130003 -0.201363
v 0.000972 0.296145 -0.149738
v 0.105193 0.296145 -0.106568
v 0.152543 0.247665 -0.153917
v 0.000972 0.247665 -0.216700
v -0.283830 0.130003 -0.000940
v -0.218067 0.246163 -0.000940
v -0.154862 0.246163 -0.153531
v -0.201363 0.130003 -0.200033
v -0.296202 0.041809 0.000926
v -0.210101 0.041809 0.208792
v -0.201807 0.128125 0.200498
v -0.284473 0.128125 0.000926
v 0.200498 0.128125 -0.201807
v 0.208792 0.041809 -0.210101
v 0.000926 0.041809 -0.296202
v 0.000926 0.128125 -0.284472
v -0.210101 0.041809 -0.208792
v -0.296202 0.041809 -0.000925
v -0.284472 0.128125 -0.000925
v -0.201807 0.128125 -0.200498
v -0.000925 -0.019269 0.296202
v -0.208792 -0.019269 0.210101
v -0.200498 -0.105585 0.201807
v -0.000925 -0.105585 0.284473
v 0.296202 0.041809 -0.000925
v 0.210101 0.041809 -0.208792
v 0.201807 0.128125 -0.200498
v 0.284473 0.128125 -0.000925
v 0.218067 0.246163 0.000941
v 0.154862 0.246163 0.153531
v 0.201363 0.130003 0.200033
v 0.283830 0.130003 0.000941
v -0.201807 -0.105585 0.200498
v -0.210101 -0.019269 0.208792
v -0.296202 -0.019269 0.000926
v -0.284473 -0.105585 0.000926
v -0.000940 -0.107463 -0.283830
v -0.000940 -0.223623 -0.218067
v -0.153531 -0.223622 -0.154862
v -0.200033 -0.107463 -0.201363
v -0.000971 -0.296145 -0.118577
v -0.083159 -0.296144 -0.084534
v -0.152543 -0.225125 -0.153917
v -0.000971 -0.225125 -0.216700
v 0.000926 -0.019269 -0.296202
v 0.208792 -0.019269 -0.210101
v 0.200498 -0.105585 -0.201807
v 0.000926 -0.105585 -0.284473
v -0.200498 -0.105585 -0.201807
v -0.208792 -0.019269 -0.210101
v -0.000925 -0.019269 -0.296202
v -0.000925 -0.105585 -0.284473
v 0.154862 0.246163 -0.153531
v 0.218067 0.246163 -0.000940
v 0.283830 0.130003 -0.000940
v 0.201363 0.130003 -0.200033
v -0.000940 -0.107463 0.283830
v -0.200033 -0.107463 0.201363
v -0.153531 -0.223622 0.154862
v -0.000940 -0.223622 0.218067
v 0.201807 0.128125 0.200498
v 0.210101 0.041809 0.208792
v 0.296202 0.041809 0.000926
v 0.284472 0.128125 0.000926
v 0.200498 0.128125 0.201807
v 0.000926 0.128125 0.284473
v 0.000926 0.041809 0.296202
v 0.208792 0.041809 0.210101
v 0.000941 -0.107463 -0.283830
v 0.200033 -0.107463 -0.201363
v 0.153531 -0.223622 -0.154862
v 0.000941 -0.223623 -0.218067
v 0.296202 -0.019269 0.000926
v 0.210101 -0.019269 0.208792
v 0.201807 -0.105585 0.200498
v 0.284473 -0.105585 0.000926
v 0.153531 -0.223622 0.154862
v 0.200033 -0.107463 0.201363
v 0.000941 -0.107463 0.283830
v 0.000941 -0.223623 0.218067
v 0.210101 -0.019269 -0.208792
v 0.296202 -0.019269 -0.000925
v 0.284473 -0.105585 -0.000925
v 0.201807 -0.105585 -0.200498
v 0.208792 -0.019269 0.210101
v 0.000926 -0.019269 0.296202
v 0.000926 -0.105585 0.284473
v 0.200498 -0.105585 0.201807
v -0.000940 0.130003 0.283830
v -0.000940 0.246163 0.218067
v -0.153531 0.246163 0.154862
v -0.200033 0.130003 0.201363
v 0.153531 0.246163 -0.154862
v 0.200033 0.130003 -0.201363
v 0.000941 0.130003 -0.283830
v 0.000941 0.246163 -0.218067
v 0.000972 -0.296145 0.118577
v 0.083159 -0.296144 0.084534
v 0.152543 -0.225125 0.153917
v 0.000972 -0.225125 0.216700
v 0.201363 -0.107463 -0.200033
v 0.283830 -0.107463 -0.000940
v 0.218067 -0.223623 -0.000940
v 0.154862 -0.223622 -0.153531
vn 0.2657 0.5744 -0.7743
vn -0.7194 -0.5871 -0.3711
vn 0.0425 -0.8960 -0.4419
vn 0.5348 -0.7002 -0.4729
vn -0.7920 0.5664 0.2279
vn -0.8621 0.4702 0.1887
vn -0.2467 -0.5870 0.7711
vn 0.3423 -0.8962 0.2823
vn -0.7428 0.4702 0.4767
vn 0.7729 0.2718 0.5734
vn 0.7125 -0.7003 -0.0434
vn -0.7210 0.5662 0.3994
vn 0.4004 0.3298 0.8549
vn 0.0306 0.4300 -0.9023
vn 0.7884 -0.3386 -0.5136
vn 0.9207 -0.3386 -0.1939
vn -0.8838 0.2713 0.3813
vn -0.8943 0.2714 0.3559
vn -0.5097 -0.6926 -0.5104
vn 0.0001 -0.6927 0.7213
vn -0.2103 -0.3159 -0.9252
vn -0.7195 -0.5871 0.3711
vn 0.0425 -0.8960 0.4419
vn 0.3428 -0.8960 -0.2821
vn -0.7430 0.4708 -0.4757
vn -0.8621 0.4703 -0.1887
vn 0.1410 0.2715 0.9521
vn 0.5348 -0.7002 0.4729
vn -0.7920 0.5663 -0.2279
vn 0.7729 0.2712 -0.5736
vn 0.7125 -0.7003 0.0441
vn -0.7213 0.5666 -0.3984
vn 0.3233 -0.3348 -0.8851
vn -0.0557 -0.5072 0.8600
vn 0.6797 -0.0341 0.7327
vn 0.9987 -0.0339 -0.0375
vn -0.8185 -0.4381 -0.3716
vn -0.8417 -0.4382 -0.3155
vn -0.2503 0.6585 0.7098
vn 0.7884 0.3384 0.5136
vn -0.8943 -0.2712 -0.3559
vn 0.3252 0.6582 -0.6789
vn 0.9206 0.3384 0.1947
vn -0.8842 -0.2712 -0.3802
vn -0.2657 0.5743 0.7743
vn 0.7195 -0.5871 0.3711
vn -0.0425 -0.8960 0.4419
vn -0.5348 -0.7003 0.4729
vn 0.7920 0.5664 -0.2279
vn 0.8621 0.4703 -0.1887
vn 0.2461 -0.5873 -0.7711
vn -0.3428 -0.8960 -0.2821
vn 0.7430 0.4708 -0.4757
vn -0.7729 0.2712 -0.5736
vn -0.7125 -0.7003 0.0441
vn 0.7213 0.5666 -0.3984
vn -0.6673 0.7329 -0.1326
vn 0.0306 -0.4301 -0.9023
vn 0.7884 0.3384 -0.5137
vn 0.5349 0.7001 -0.4730
vn -0.7921 -0.5662 0.2280
vn -0.8943 -0.2711 0.3559
vn 0.6595 -0.4304 0.6162
vn 0.9208 0.3384 -0.1939
vn -0.8838 -0.2711 0.3813
vn 0.0002 0.6927 0.7213
vn 0.7126 0.7002 -0.0434
vn -0.7211 -0.5662 0.3994
vn -0.6198 -0.3968 0.6771
vn 0.7213 -0.6927 -0.0001
vn -0.0434 -0.7003 -0.7125
vn -0.4729 -0.7002 -0.5348
vn 0.2279 0.5664 0.7920
vn 0.3994 0.5662 0.7210
vn 0.6162 0.4304 -0.6596
vn -0.1939 -0.3386 -0.9207
vn 0.3813 0.2713 0.8838
vn -0.9023 0.4300 -0.0307
vn -0.5136 -0.3386 -0.7884
vn 0.3559 0.2714 0.8943
vn 0.8544 0.3352 0.3971
vn -0.6477 0.5067 -0.5690
vn -0.0375 0.0338 -0.9987
vn 0.7328 0.0341 -0.6796
vn -0.3155 0.4384 0.8416
vn -0.3716 0.4383 0.8184
vn -0.6789 -0.6583 -0.3252
vn 0.1947 -0.3386 -0.9206
vn -0.3802 0.2715 0.8842
vn 0.7098 -0.6585 0.2503
vn 0.5136 -0.3385 -0.7884
vn -0.3559 0.2713 0.8943
vn 0.2111 -0.3166 0.9248
vn 0.7194 -0.5871 -0.3711
vn -0.0425 -0.8960 -0.4419
vn -0.3423 -0.8962 0.2823
vn 0.7428 0.4702 0.4767
vn 0.8621 0.4702 0.1887
vn -0.1410 0.2715 -0.9520
vn -0.5348 -0.7002 -0.4729
vn 0.7920 0.5663 0.2279
vn -0.7729 0.2718 0.5734
vn -0.7125 -0.7003 -0.0434
vn 0.7210 0.5663 0.3994
vn 0.1893 -0.2904 0.9380
vn -0.7729 -0.2713 -0.5736
vn -0.7126 0.7002 0.0441
vn -0.5349 0.7002 0.4730
vn 0.7921 -0.5662 -0.2280
vn 0.7214 -0.5665 -0.3983
vn 0.2460 0.5873 -0.7711
vn -0.3428 0.8960 -0.2822
vn 0.7430 -0.4708 -0.4758
vn 0.7194 0.5871 0.3711
vn -0.0425 0.8960 0.4420
vn 0.8621 -0.4703 -0.1886
vn -0.7743 -0.5744 0.2657
vn -0.3711 0.5871 -0.7194
vn -0.4420 0.8960 0.0425
vn -0.4730 0.7002 0.5349
vn 0.2280 -0.5663 -0.7921
vn 0.1887 -0.4702 -0.8622
vn 0.7711 0.5870 -0.2467
vn 0.2823 0.8962 0.3423
vn 0.4767 -0.4702 -0.7428
vn 0.5733 -0.2719 0.7729
vn -0.0434 0.7002 0.7126
vn 0.3994 -0.5662 -0.7211
vn -0.7743 0.5744 -0.2657
vn -0.3711 -0.5871 0.7194
vn -0.4419 -0.8960 -0.0425
vn 0.1887 0.4702 0.8621
vn 0.7711 -0.5870 0.2467
vn 0.2823 -0.8962 -0.3423
vn 0.4767 0.4702 0.7428
vn 0.5734 0.2718 -0.7729
vn 0.7743 -0.5743 -0.2657
vn 0.3711 0.5871 0.7194
vn 0.4420 0.8960 -0.0425
vn 0.4730 0.7002 -0.5349
vn -0.2280 -0.5663 0.7920
vn -0.1886 -0.4703 0.8621
vn -0.7711 0.5873 0.2460
vn -0.2822 0.8960 -0.3428
vn -0.4758 -0.4708 0.7430
vn -0.5736 -0.2713 -0.7729
vn 0.0441 0.7002 -0.7126
vn -0.3983 -0.5665 0.7214
vn -0.1893 -0.2904 -0.9380
vn 0.7729 -0.2719 0.5733
vn -0.2467 0.5870 0.7711
vn 0.3423 0.8962 0.2824
vn -0.7428 -0.4702 0.4767
vn -0.7194 0.5871 -0.3711
vn 0.0425 0.8960 -0.4420
vn -0.8621 -0.4702 0.1886
vn -0.6770 0.3968 0.6198
vn 0.0009 0.6926 -0.7213
vn 0.7126 0.7002 0.0441
vn 0.5348 0.7002 0.4730
vn -0.7920 -0.5663 -0.2280
vn -0.7214 -0.5665 -0.3983
vn 0.6598 -0.4296 -0.6165
vn 0.0306 -0.4300 0.9023
vn 0.2657 -0.5743 0.7743
vn -0.7194 0.5871 0.3711
vn 0.0425 0.8960 0.4420
vn -0.8621 -0.4703 -0.1886
vn -0.2460 0.5873 -0.7711
vn 0.3428 0.8960 -0.2822
vn -0.7430 -0.4708 -0.4758
vn 0.7729 -0.2713 -0.5736
vn -0.9252 -0.3159 0.2104
vn 0.3711 -0.5871 0.7195
vn 0.4419 -0.8960 -0.0425
vn -0.2821 -0.8960 -0.3428
vn -0.4758 0.4708 0.7430
vn -0.1887 0.4703 0.8621
vn 0.9521 0.2715 -0.1410
vn 0.4729 -0.7002 -0.5348
vn -0.2279 0.5664 0.7920
vn -0.5736 0.2712 -0.7729
vn 0.0441 -0.7003 -0.7125
vn -0.3984 0.5666 0.7213
vn 0.7592 -0.3885 -0.5223
vn -0.6789 -0.6583 0.3252
vn 0.1947 -0.3385 0.9206
vn 0.5136 -0.3386 0.7884
vn -0.3559 0.2714 -0.8943
vn -0.3802 0.2714 -0.8842
vn -0.6477 0.5067 0.5690
vn -0.0375 0.0338 0.9987
vn -0.3716 0.4383 -0.8184
vn 0.8601 0.5071 -0.0557
vn 0.7328 0.0341 0.6796
vn -0.3155 0.4384 -0.8416
vn -0.4004 -0.3299 0.8549
vn -0.0306 -0.4300 -0.9023
vn -0.7884 0.3384 -0.5137
vn -0.9208 0.3384 -0.1939
vn 0.8838 -0.2711 0.3813
vn 0.8943 -0.2712 0.3559
vn 0.5096 0.6926 -0.5104
vn -0.5348 0.7002 -0.4730
vn 0.7921 -0.5663 0.2280
vn -0.0002 0.6926 0.7213
vn -0.7126 0.7002 -0.0434
vn 0.7211 -0.5662 0.3994
vn 0.7743 0.5743 0.2657
vn 0.3711 -0.5871 -0.7195
vn 0.4419 -0.8960 0.0425
vn 0.4729 -0.7003 0.5348
vn -0.2279 0.5664 -0.7920
vn -0.1887 0.4703 -0.8621
vn -0.7711 -0.5873 -0.2460
vn -0.2821 -0.8960 0.3428
vn -0.4757 0.4708 -0.7430
vn -0.5736 0.2712 0.7729
vn 0.0441 -0.7003 0.7125
vn -0.3984 0.5666 -0.7213
vn -0.2657 -0.5744 -0.7743
vn 0.7194 0.5871 -0.3711
vn -0.0425 0.8960 -0.4420
vn 0.8622 -0.4702 0.1886
vn 0.2467 0.5870 0.7711
vn -0.3423 0.8962 0.2823
vn 0.7428 -0.4702 0.4767
vn -0.7729 -0.2719 0.5733
vn 0.6198 -0.3968 -0.6771
vn -0.7213 -0.6926 0.0008
vn -0.6165 0.4296 0.6598
vn 0.9024 0.4299 0.0306
vn 0.9248 -0.3166 -0.2111
vn -0.3711 -0.5871 -0.7194
vn -0.4419 -0.8960 0.0425
vn 0.2823 -0.8962 0.3423
vn 0.4767 0.4702 -0.7428
vn 0.1887 0.4702 -0.8621
vn -0.9520 0.2716 0.1411
vn -0.4729 -0.7002 0.5348
vn 0.2279 0.5663 -0.7920
vn 0.5734 0.2718 0.7729
vn -0.0434 -0.7003 0.7125
vn 0.3994 0.5663 -0.7210
vn 0.4612 0.8114 -0.3591
vn 0.0008 -0.6926 -0.7213
vn 0.9206 -0.3386 0.1947
vn -0.8842 0.2715 -0.3802
vn -0.5097 -0.6926 0.5104
vn 0.0306 0.4299 0.9023
vn 0.7884 -0.3385 0.5136
vn -0.8943 0.2713 -0.3559
vn 0.3233 0.3357 0.8847
vn -0.0557 0.5072 -0.8600
vn 0.6796 0.0342 -0.7328
vn 0.9987 0.0344 0.0376
vn -0.8179 0.4385 0.3725
vn -0.8416 0.4384 0.3154
vn -0.2503 -0.6586 -0.7097
vn 0.3245 -0.6588 0.6787
vn -0.2633 -0.8825 -0.3897
vn -0.8600 0.5072 -0.0557
vn -0.7328 0.0342 0.6796
vn -0.5136 -0.3385 0.7884
vn 0.3559 0.2713 -0.8943
vn 0.3155 0.4384 -0.8416
vn 0.6474 0.5076 0.5686
vn 0.0376 0.0344 0.9987
vn 0.3725 0.4384 -0.8179
vn 0.6787 -0.6588 0.3245
vn -0.1939 -0.3386 0.9207
vn 0.3813 0.2714 -0.8837
vn -0.3971 0.3352 0.8544
vn 0.5690 0.5067 -0.6477
vn 0.9987 0.0338 -0.0375
vn 0.6796 0.0341 0.7328
vn -0.8416 0.4384 -0.3155
vn -0.8184 0.4383 -0.3716
vn 0.3252 -0.6583 -0.6789
vn -0.2503 -0.6585 0.7098
vn -0.8851 -0.3348 -0.3233
vn 0.8600 -0.5072 0.0557
vn 0.7327 -0.0341 -0.6797
vn -0.0374 -0.0339 -0.9987
vn -0.3716 -0.4381 0.8185
vn -0.3155 -0.4382 0.8417
vn 0.7098 0.6585 0.2503
vn 0.5136 0.3384 -0.7885
vn -0.3559 -0.2712 0.8943
vn -0.6789 0.6582 -0.3252
vn 0.1947 0.3384 -0.9206
vn -0.3802 -0.2712 0.8842
vn -0.3234 0.3348 -0.8851
vn 0.0557 0.5071 0.8601
vn -0.6796 0.0341 0.7328
vn -0.9987 0.0338 -0.0375
vn 0.8184 0.4383 -0.3716
vn 0.8416 0.4384 -0.3155
vn 0.2503 -0.6585 0.7097
vn -0.7884 -0.3386 0.5136
vn 0.8943 0.2714 -0.3559
vn -0.3252 -0.6583 -0.6789
vn -0.9206 -0.3385 0.1947
vn 0.8842 0.2714 -0.3802
vn 0.0407 -0.3972 0.9168
vn 0.5097 -0.6926 -0.5104
vn -0.0307 0.4300 -0.9023
vn -0.7884 -0.3385 -0.5136
vn 0.8943 0.2713 0.3559
vn -0.6596 0.4303 0.6162
vn -0.9207 -0.3386 -0.1939
vn 0.8837 0.2714 0.3813
vn -0.3897 0.8825 -0.2633
vn -0.0557 -0.5072 -0.8600
vn 0.6797 -0.0342 -0.7327
vn -0.8417 -0.4382 0.3155
vn 0.5685 -0.5076 0.6474
vn 0.9987 -0.0345 0.0375
vn -0.8180 -0.4383 0.3725
vn 0.3246 0.6587 0.6787
vn -0.3591 -0.8114 0.4611
vn -0.7213 0.6926 0.0009
vn 0.0441 0.7002 0.7126
vn 0.1947 0.3384 0.9206
vn -0.3802 -0.2713 -0.8842
vn -0.3983 -0.5665 -0.7214
vn 0.5105 0.6926 -0.5097
vn 0.4730 0.7001 0.5349
vn -0.2280 -0.5662 -0.7921
vn 0.9023 -0.4300 0.0306
vn 0.5136 0.3384 0.7885
vn -0.3559 -0.2711 -0.8943
vn -0.9252 0.3159 -0.2103
vn 0.3711 0.5871 -0.7194
vn 0.4420 0.8960 0.0425
vn -0.2822 0.8960 0.3428
vn -0.4758 -0.4708 -0.7430
vn -0.1886 -0.4703 -0.8621
vn 0.9520 -0.2716 0.1410
vn -0.5736 -0.2713 0.7729
vn 0.8847 -0.3357 0.3233
vn -0.8600 -0.5072 -0.0557
vn -0.7327 -0.0342 0.6797
vn 0.0375 -0.0345 0.9987
vn 0.3725 -0.4383 -0.8180
vn 0.3155 -0.4382 -0.8417
vn -0.7097 0.6585 -0.2502
vn -0.5137 0.3384 0.7884
vn 0.3559 -0.2712 -0.8943
vn 0.6787 0.6587 0.3246
vn -0.1939 0.3384 0.9208
vn 0.3813 -0.2711 -0.8838
vn 0.2633 0.8825 -0.3897
vn 0.8600 -0.5072 -0.0557
vn 0.7327 -0.0341 0.6797
vn -0.3155 -0.4382 -0.8417
vn -0.6477 -0.5068 0.5689
vn -0.0374 -0.0339 0.9987
vn -0.3716 -0.4381 -0.8185
vn -0.6789 0.6582 0.3252
vn 0.6771 -0.3968 0.6198
vn -0.0008 -0.6926 -0.7213
vn -0.6598 0.4296 -0.6165
vn -0.0306 0.4299 0.9024
vn -0.8553 -0.3290 -0.4002
vn 0.9023 -0.4300 -0.0306
vn 0.5105 0.6926 0.5097
vn -0.7213 0.6926 -0.0009
vn 0.3897 -0.8825 -0.2633
vn 0.0557 0.5072 -0.8600
vn -0.6796 0.0342 -0.7328
vn 0.8416 0.4384 0.3154
vn -0.5686 0.5076 0.6474
vn -0.9987 0.0344 0.0376
vn 0.8179 0.4384 0.3725
vn -0.3245 -0.6588 0.6787
vn -0.7591 -0.3885 0.5223
vn 0.6787 -0.6588 -0.3245
vn 0.6474 0.5076 -0.5686
vn 0.0376 0.0344 -0.9987
vn 0.3725 0.4385 0.8179
vn -0.8600 0.5072 0.0557
vn -0.7328 0.0342 -0.6796
vn 0.3154 0.4384 0.8416
vn 0.8549 -0.3299 0.4004
vn -0.9023 -0.4300 0.0306
vn -0.5104 0.6926 -0.5096
vn 0.7213 0.6926 0.0002
vn -0.3233 -0.3357 0.8847
vn 0.0557 -0.5072 -0.8600
vn -0.6797 -0.0342 -0.7327
vn -0.9987 -0.0345 0.0376
vn 0.8180 -0.4383 0.3725
vn 0.8417 -0.4382 0.3155
vn 0.2502 0.6585 -0.7097
vn -0.3246 0.6587 0.6788
vn -0.1326 0.7329 0.6673
vn -0.9023 -0.4301 -0.0306
vn -0.5137 0.3384 -0.7885
vn -0.4730 0.7001 -0.5349
vn 0.2280 -0.5662 0.7921
vn 0.3559 -0.2711 0.8943
vn 0.6162 -0.4304 -0.6595
vn -0.1939 0.3384 -0.9208
vn 0.3813 -0.2711 0.8838
vn 0.7213 0.6926 -0.0002
vn -0.0434 0.7002 -0.7126
vn 0.3994 -0.5662 0.7211
vn 0.3971 -0.3352 0.8544
vn -0.5689 -0.5068 -0.6477
vn -0.9987 -0.0339 -0.0375
vn -0.6797 -0.0341 0.7327
vn 0.8417 -0.4382 -0.3155
vn 0.8185 -0.4381 -0.3716
vn -0.3252 0.6582 -0.6789
vn -0.9206 0.3384 0.1947
vn 0.8842 -0.2713 -0.3802
vn 0.2503 0.6584 0.7098
vn -0.7885 0.3384 0.5136
vn 0.8943 -0.2711 -0.3559
vn -0.8543 -0.3353 0.3971
vn 0.6474 -0.5076 -0.5685
vn 0.0375 -0.0345 -0.9987
vn -0.7327 -0.0342 -0.6797
vn 0.3155 -0.4382 0.8417
vn 0.3725 -0.4383 0.8180
vn 0.6787 0.6587 -0.3246
vn -0.7098 0.6585 0.2502
vn -0.3591 0.8114 -0.4612
vn -0.7213 -0.6926 -0.0008
vn 0.5104 -0.6926 0.5097
vn 0.9024 0.4299 -0.0306
vn -0.1326 -0.7329 -0.6673
vn -0.9023 0.4300 0.0307
vn 0.6162 0.4303 0.6596
vn 0.7213 -0.6927 0.0001
vn 0.9248 0.3166 0.2111
vn -0.3711 0.5871 0.7194
vn -0.4420 0.8960 -0.0425
vn 0.2823 0.8962 -0.3423
vn 0.4767 -0.4702 0.7428
vn 0.1886 -0.4702 0.8621
vn -0.9520 -0.2717 -0.1411
vn 0.5734 -0.2719 -0.7729
vn 0.3217 -0.3294 0.8877
vn -0.6598 -0.4296 -0.6166
vn -0.0009 0.6926 -0.7213
vn 0.5097 0.6926 0.5105
vt 0.625000 0.750000
vt 0.625000 0.835911
vt 0.500000 0.835911
vt 0.500000 0.750000
vt 0.500000 0.625000
vt 0.625000 0.625000
vt 0.375000 0.835911
vt 0.375000 0.750000
vt 0.500000 0.437500
vt 0.375000 0.437500
vt 0.375000 0.375000
vt 0.500000 0.375000
vt 0.125000 0.750000
vt 0.125000 0.835911
vt 0.000000 0.835911
vt 0.000000 0.750000
vt 0.625000 0.250000
vt 0.625000 0.375000
vt 0.500000 0.250000
vt 0.875000 0.750000
vt 0.750000 0.750000
vt 0.750000 0.625000
vt 0.875000 0.625000
vt 0.625000 0.562500
vt 0.750000 0.562500
vt 1.000000 0.835911
vt 0.875000 0.835911
vt 1.000000 0.750000
vt 0.125000 0.250000
vt 0.000000 0.250000
vt 0.000000 0.125000
vt 0.125000 0.125000
vt 0.250000 0.125000
vt 0.250000 0.250000
vt 0.750000 0.835911
vt 0.625000 0.125000
vt 0.750000 0.125000
vt 0.750000 0.250000
vt 0.500000 0.125000
vt 0.375000 0.250000
vt 0.375000 0.125000
vt 0.375000 0.625000
vt 0.250000 0.625000
vt 0.250000 0.562500
vt 0.375000 0.562500
vt 1.000000 0.375000
vt 0.875000 0.375000
vt 0.875000 0.250000
vt 1.000000 0.250000
vt 0.250000 0.835911
vt 0.250000 0.750000
vt 0.875000 0.125000
vt 1.000000 0.125000
vt 0.500000 0.562500
vt 0.125000 0.625000
vt 0.125000 0.562500
vt 0.750000 0.437500
vt 0.625000 0.437500
vt 0.750000 0.375000
vt 0.000000 0.562500
vt 0.000000 0.625000
vt 1.000000 0.625000
vt 0.250000 0.375000
vt 0.250000 0.437500
vt 0.125000 0.437500
vt 0.125000 0.375000
vt 0.875000 0.562500
vt 1.000000 0.562500
vt 1.000000 0.437500
vt 0.875000 0.437500
vt 0.000000 0.437500
vt 0.000000 0.375000
s 1
f 593/28/330 594/29/331 361/29/332 355/28/333
f 594/29/331 593/28/330 356/28/334 362/29/335
f 594/29/331 595/30/336 359/30/337 361/29/332
f 595/30/336 594/29/331 362/29/335 360/30/338
f 595/30/336 596/31/339 357/31/340 359/30/337
f 596/31/339 595/30/336 360/30/338 358/31/341
f 596/31/339 593/28/330 355/28/333 357/31/340
f 593/28/330 596/31/339 358/31/341 356/28/334
f 597/32/342 598/33/343 363/33/344 353/32/345
f 598/33/343 597/32/342 354/32/346 364/33/347
f 598/33/343 599/28/348 355/28/333 363/33/344
f 599/28/348 598/33/343 364/33/347 356/28/334
f 599/28/348 600/31/349 357/31/340 355/28/333
f 600/31/349 599/28/348 356/28/334 358/31/341
f 600/31/349 597/32/342 353/32/345 357/31/340
f 597/32/342 600/31/349 358/31/341 354/32/346
f 601/30/350 602/34/351 383/34/352 381/30/353
f 602/34/351 601/30/350 382/30/354 384/34/355
f 602/34/351 603/35/356 369/35/357 383/34/352
f 603/35/356 602/34/351 384/34/355 370/35/358
f 603/35/356 604/31/359 379/31/360 369/35/357
f 604/31/359 603/35/356 370/35/358 380/31/361
f 604/31/359 601/30/350 381/30/353 379/31/360
f 601/30/350 604/31/359 380/31/361 382/30/354
f 605/36/362 606/37/363 505/37/364 503/36/365
f 606/37/363 605/36/362 504/36/366 506/37/367
f 606/37/363 607/38/368 501/38/369 505/37/364
f 607/38/368 606/37/363 506/37/367 502/38/370
f 607/38/368 608/39/371 499/39/372 501/38/369
f 608/39/371 607/38/368 502/38/370 500/39/373
f 608/39/371 605/36/362 503/36/365 499/39/372
f 605/36/362 608/39/371 500/39/373 504/36/366
f 609/40/374 610/41/375 431/41/376 417/40/377
f 610/41/375 609/40/374 418/40/378 432/41/379
f 610/41/375 611/42/380 429/42/381 431/41/376
f 611/42/380 610/41/375 432/41/379 430/42/382
f 611/42/380 612/43/383 427/43/384 429/42/381
f 612/43/383 611/42/380 430/42/382 428/43/385
f 612/43/383 609/40/374 417/40/377 427/43/384
f 609/40/374 612/43/383 428/43/385 418/40/378
f 613/44/386 614/45/387 491/45/388 481/44/389
f 614/45/387 613/44/386 482/44/390 492/45/391
f 614/45/387 615/39/392 489/39/393 491/45/388
f 615/39/392 614/45/387 492/45/391 490/39/394
f 615/39/392 616/46/395 487/46/396 489/39/393
f 616/46/395 615/39/392 490/39/394 488/46/397
f 616/46/395 613/44/386 481/44/389 487/46/396
f 613/44/386 616/46/395 488/46/397 482/44/390
f 617/47/398 618/48/399 459/48/400 457/47/401
f 618/48/399 617/47/398 458/47/402 460/48/403
f 618/48/399 619/49/404 455/49/405 459/48/400
f 619/49/404 618/48/399 460/48/403 456/49/406
f 619/49/404 620/50/407 449/50/408 455/49/405
f 620/50/407 619/49/404 456/49/406 450/50/409
f 620/50/407 617/47/398 457/47/401 449/50/408
f 617/47/398 620/50/407 450/50/409 458/47/402
f 621/51/410 622/52/411 341/52/412 343/51/413
f 622/52/411 621/51/410 344/51/414 342/52/415
f 622/52/411 623/49/416 337/49/417 341/52/412
f 623/49/416 622/52/411 342/52/415 338/49/418
f 623/49/416 624/33/419 339/33/420 337/49/417
f 624/33/419 623/49/416 338/49/418 340/33/421
f 624/33/419 621/51/410 343/51/413 339/33/420
f 621/51/410 624/33/419 340/33/421 344/51/414
f 625/53/422 626/54/423 447/54/424 445/53/425
f 626/54/423 625/53/422 446/53/426 448/54/427
f 626/54/423 627/47/428 441/47/429 447/54/424
f 627/47/428 626/54/423 448/54/427 442/47/430
f 627/47/428 628/55/431 443/55/432 441/47/429
f 628/55/431 627/47/428 442/47/430 444/55/433
f 628/55/431 625/53/422 445/53/425 443/55/432
f 625/53/422 628/55/431 444/55/433 446/53/426
f 629/56/434 630/57/435 551/57/436 545/56/437
f 630/57/435 629/56/434 546/56/438 552/57/439
f 630/57/435 631/58/440 547/58/441 551/57/436
f 631/58/440 630/57/435 552/57/439 548/58/442
f 631/58/440 632/59/443 549/59/444 547/58/441
f 632/59/443 631/58/440 548/58/442 550/59/445
f 632/59/443 629/56/434 545/56/437 549/59/444
f 629/56/434 632/59/443 550/59/445 546/56/438
f 633/56/446 634/59/447 535/59/448 529/56/449
f 634/59/447 633/56/446 530/56/450 536/59/451
f 634/59/447 635/60/452 531/60/453 535/59/448
f 635/60/452 634/59/447 536/59/451 532/60/454
f 635/60/452 636/61/455 533/61/456 531/60/453
f 636/61/455 635/60/452 532/60/454 534/61/457
f 636/61/455 633/56/446 529/56/449 533/61/456
f 633/56/446 636/61/455 534/61/457 530/56/450
f 637/47/458 638/54/459 463/54/460 457/47/401
f 638/54/459 637/47/458 458/47/402 464/54/461
f 638/54/459 639/62/462 461/62/463 463/54/460
f 639/62/462 638/54/459 464/54/461 462/62/464
f 639/62/462 640/48/465 459/48/400 461/62/463
f 640/48/465 639/62/462 462/62/464 460/48/403
f 640/48/465 637/47/458 457/47/401 459/48/400
f 637/47/458 640/48/465 460/48/403 458/47/402
f 641/44/466 642/63/467 473/63/468 467/44/469
f 642/63/467 641/44/466 468/44/470 474/63/471
f 642/63/467 643/64/472 471/64/473 473/63/468
f 643/64/472 642/63/467 474/63/471 472/64/474
f 643/64/472 644/65/475 469/65/476 471/64/473
f 644/65/475 643/64/472 472/64/474 470/65/477
f 644/65/475 641/44/466 467/44/469 469/65/476
f 641/44/466 644/65/475 470/65/477 468/44/470
f 645/44/478 646/46/479 487/46/396 481/44/389
f 646/46/479 645/44/478 482/44/390 488/46/397
f 646/46/479 647/66/480 483/66/481 487/46/396
f 647/66/480 646/46/479 488/46/397 484/66/482
f 647/66/480 648/63/483 485/63/484 483/66/481
f 648/63/483 647/66/480 484/66/482 486/63/485
f 648/63/483 645/44/478 481/44/389 485/63/484
f 645/44/478 648/63/483 486/63/485 482/44/390
f 649/67/486 650/46/487 507/46/488 497/67/489
f 650/46/487 649/67/486 498/67/490 508/46/491
f 650/46/487 651/39/492 499/39/372 507/46/488
f 651/39/492 650/46/487 508/46/491 500/39/373
f 651/39/492 652/38/493 501/38/369 499/39/372
f 652/38/493 651/39/492 500/39/373 502/38/370
f 652/38/493 649/67/486 497/67/489 501/38/369
f 649/67/486 652/38/493 502/38/370 498/67/490
f 653/67/494 654/68/495 511/68/496 497/67/489
f 654/68/495 653/67/494 498/67/490 512/68/497
f 654/68/495 655/66/498 509/66/499 511/68/496
f 655/66/498 654/68/495 512/68/497 510/66/500
f 655/66/498 656/46/501 507/46/488 509/66/499
f 656/46/501 655/66/498 510/66/500 508/46/491
f 656/46/501 653/67/494 497/67/489 507/46/488
f 653/67/494 656/46/501 508/46/491 498/67/490
f 657/62/502 658/29/503 351/29/504 349/62/505
f 658/29/503 657/62/502 350/62/506 352/29/507
f 658/29/503 659/28/508 345/28/509 351/29/504
f 659/28/508 658/29/503 352/29/507 346/28/510
f 659/28/508 660/48/511 347/48/512 345/28/509
f 660/48/511 659/28/508 346/28/510 348/48/513
f 660/48/511 657/62/502 349/62/505 347/48/512
f 657/62/502 660/48/511 348/48/513 350/62/506
f 661/69/514 662/70/515 391/70/516 385/69/517
f 662/70/515 661/69/514 386/69/518 392/70/519
f 662/70/515 663/71/520 387/71/521 391/70/516
f 663/71/520 662/70/515 392/70/519 388/71/522
f 663/71/520 664/72/523 389/72/524 387/71/521
f 664/72/523 663/71/520 388/71/522 390/72/525
f 664/72/523 661/69/514 385/69/517 389/72/524
f 661/69/514 664/72/523 390/72/525 386/69/518
f 665/73/526 666/74/527 571/74/528 561/73/529
f 666/74/527 665/73/526 562/73/530 572/74/531
f 666/74/527 667/75/532 563/75/533 571/74/528
f 667/75/532 666/74/527 572/74/531 564/75/534
f 667/75/532 668/76/535 565/76/536 563/75/533
f 668/76/535 667/75/532 564/75/534 566/76/537
f 668/76/535 665/73/526 561/73/529 565/76/536
f 665/73/526 668/76/535 566/76/537 562/73/530
f 669/35/538 670/34/539 399/34/540 393/35/541
f 670/34/539 669/35/538 394/35/542 400/34/543
f 670/34/539 671/77/544 397/77/545 399/34/540
f 671/77/544 670/34/539 400/34/543 398/77/546
f 671/77/544 672/78/547 395/78/548 397/77/545
f 672/78/547 671/77/544 398/77/546 396/78/549
f 672/78/547 669/35/538 393/35/541 395/78/548
f 669/35/538 672/78/547 396/78/549 394/35/542
f 673/75/550 674/79/551 569/79/552 563/75/533
f 674/79/551 673/75/550 564/75/534 570/79/553
f 674/79/551 675/80/554 567/80/555 569/79/552
f 675/80/554 674/79/551 570/79/553 568/80/556
f 675/80/554 676/76/557 565/76/536 567/80/555
f 676/76/557 675/80/554 568/80/556 566/76/537
f 676/76/557 673/75/550 563/75/533 565/76/536
f 673/75/550 676/76/557 566/76/537 564/75/534
f 677/35/558 678/78/559 395/78/548 393/35/541
f 678/78/559 677/35/558 394/35/542 396/78/549
f 678/78/559 679/70/560 391/70/516 395/78/548
f 679/70/560 678/78/559 396/78/549 392/70/519
f 679/70/560 680/69/561 385/69/517 391/70/516
f 680/69/561 679/70/560 392/70/519 386/69/518
f 680/69/561 677/35/558 393/35/541 385/69/517
f 677/35/558 680/69/561 386/69/518 394/35/542
f 681/77/562 682/41/563 409/41/564 407/77/565
f 682/41/563 681/77/562 408/77/566 410/41/567
f 682/41/563 683/40/568 401/40/569 409/41/564
f 683/40/568 682/41/563 410/41/567 402/40/570
f 683/40/568 684/78/571 405/78/572 401/40/569
f 684/78/571 683/40/568 402/40/570 406/78/573
f 684/78/571 681/77/562 407/77/565 405/78/572
f 681/77/562 684/78/571 406/78/573 408/77/566
f 685/32/574 686/31/575 379/31/360 373/32/576
f 686/31/575 685/32/574 374/32/577 380/31/361
f 686/31/575 687/35/578 369/35/357 379/31/360
f 687/35/578 686/31/575 380/31/361 370/35/358
f 687/35/578 688/69/579 371/69/580 369/35/357
f 688/69/579 687/35/578 370/35/358 372/69/581
f 688/69/579 685/32/574 373/32/576 371/69/580
f 685/32/574 688/69/579 372/69/581 374/32/577
f 689/81/582 690/51/583 367/51/584 365/81/585
f 690/51/583 689/81/582 366/81/586 368/51/587
f 690/51/583 691/33/588 363/33/344 367/51/584
f 691/33/588 690/51/583 368/51/587 364/33/347
f 691/33/588 692/32/589 353/32/345 363/33/344
f 692/32/589 691/33/588 364/33/347 354/32/346
f 692/32/589 689/81/582 365/81/585 353/32/345
f 689/81/582 692/32/589 354/32/346 366/81/586
f 693/82/590 694/83/591 415/83/592 411/82/593
f 694/83/591 693/82/590 412/82/594 416/83/595
f 694/83/591 695/71/596 413/71/597 415/83/592
f 695/71/596 694/83/591 416/83/595 414/71/598
f 695/71/596 696/70/599 403/70/600 413/71/597
f 696/70/599 695/71/596 414/71/598 404/70/601
f 696/70/599 693/82/590 411/82/593 403/70/600
f 693/82/590 696/70/599 404/70/601 412/82/594
f 697/72/602 698/81/603 375/81/604 377/72/605
f 698/81/603 697/72/602 378/72/606 376/81/607
f 698/81/603 699/32/608 373/32/576 375/81/604
f 699/32/608 698/81/603 376/81/607 374/32/577
f 699/32/608 700/69/609 371/69/580 373/32/576
f 700/69/609 699/32/608 374/32/577 372/69/581
f 700/69/609 697/72/602 377/72/605 371/69/580
f 697/72/602 700/69/609 372/69/581 378/72/606
f 701/84/610 702/85/611 479/85/612 477/84/613
f 702/85/611 701/84/610 478/84/614 480/85/615
f 702/85/611 703/45/616 475/45/617 479/85/612
f 703/45/616 702/85/611 480/85/615 476/45/618
f 703/45/616 704/86/619 465/86/620 475/45/617
f 704/86/619 703/45/616 476/45/618 466/86/621
f 704/86/619 701/84/610 477/84/613 465/86/620
f 701/84/610 704/86/619 466/86/621 478/84/614
f 705/87/622 706/83/623 425/83/624 423/87/625
f 706/83/623 705/87/622 424/87/626 426/83/627
f 706/83/623 707/82/628 421/82/629 425/83/624
f 707/82/628 706/83/623 426/83/627 422/82/630
f 707/82/628 708/88/631 419/88/632 421/82/629
f 708/88/631 707/82/628 422/82/630 420/88/633
f 708/88/631 705/87/622 423/87/625 419/88/632
f 705/87/622 708/88/631 420/88/633 424/87/626
f 709/55/634 710/47/635 441/47/429 443/55/432
f 710/47/635 709/55/634 444/55/433 442/47/430
f 710/47/635 711/50/636 435/50/637 441/47/429
f 711/50/636 710/47/635 442/47/430 436/50/638
f 711/50/636 712/89/639 433/89/640 435/50/637
f 712/89/639 711/50/636 436/50/638 434/89/641
f 712/89/639 709/55/634 443/55/432 433/89/640
f 709/55/634 712/89/639 434/89/641 444/55/433
f 713/45/642 714/85/643 495/85/644 491/45/388
f 714/85/643 713/45/642 492/45/391 496/85/645
f 714/85/643 715/36/646 493/36/647 495/85/644
f 715/36/646 714/85/643 496/85/645 494/36/648
f 715/36/646 716/39/649 489/39/393 493/36/647
f 716/39/649 715/36/646 494/36/648 490/39/394
f 716/39/649 713/45/642 491/45/388 489/39/393
f 713/45/642 716/39/649 490/39/394 492/45/391
f 717/90/650 718/61/651 523/61/652 513/90/653
f 718/61/651 717/90/650 514/90/654 524/61/655
f 718/61/651 719/67/656 515/67/657 523/61/652
f 719/67/656 718/61/651 524/61/655 516/67/658
f 719/67/656 720/38/659 517/38/660 515/67/657
f 720/38/659 719/67/656 516/67/658 518/38/661
f 720/38/659 717/90/650 513/90/653 517/38/660
f 717/90/650 720/38/659 518/38/661 514/90/654
f 721/60/662 722/68/663 527/68/664 525/60/665
f 722/68/663 721/60/662 526/60/666 528/68/667
f 722/68/663 723/67/668 515/67/657 527/68/664
f 723/67/668 722/68/663 528/68/667 516/67/658
f 723/67/668 724/61/669 523/61/652 515/67/657
f 724/61/669 723/67/668 516/67/658 524/61/655
f 724/61/669 721/60/662 525/60/665 523/61/652
f 721/60/662 724/61/669 524/61/655 526/60/666
f 725/91/670 726/92/671 543/92/672 541/91/673
f 726/92/671 725/91/670 542/91/674 544/92/675
f 726/92/671 727/93/676 539/93/677 543/92/672
f 727/93/676 726/92/671 544/92/675 540/93/678
f 727/93/676 728/90/679 537/90/680 539/93/677
f 728/90/679 727/93/676 540/93/678 538/90/681
f 728/90/679 725/91/670 541/91/673 537/90/680
f 725/91/670 728/90/679 538/90/681 542/91/674
f 729/38/682 730/37/683 521/37/684 517/38/660
f 730/37/683 729/38/682 518/38/661 522/37/685
f 730/37/683 731/91/686 519/91/687 521/37/684
f 731/91/686 730/37/683 522/37/685 520/91/688
f 731/91/686 732/90/689 513/90/653 519/91/687
f 732/90/689 731/91/686 520/91/688 514/90/654
f 732/90/689 729/38/682 517/38/660 513/90/653
f 729/38/682 732/90/689 514/90/654 518/38/661
f 733/40/690 734/43/691 427/43/384 417/40/377
f 734/43/691 733/40/690 418/40/378 428/43/385
f 734/43/691 735/88/692 419/88/632 427/43/384
f 735/88/692 734/43/691 428/43/385 420/88/633
f 735/88/692 736/82/693 421/82/629 419/88/632
f 736/82/693 735/88/692 420/88/633 422/82/630
f 736/82/693 733/40/690 417/40/377 421/82/629
f 733/40/690 736/82/693 422/82/630 418/40/378
f 737/86/694 738/45/695 475/45/617 465/86/620
f 738/45/695 737/86/694 466/86/621 476/45/618
f 738/45/695 739/44/696 467/44/469 475/45/617
f 739/44/696 738/45/695 476/45/618 468/44/470
f 739/44/696 740/65/697 469/65/476 467/44/469
f 740/65/697 739/44/696 468/44/470 470/65/477
f 740/65/697 737/86/694 465/86/620 469/65/476
f 737/86/694 740/65/697 470/65/477 466/86/621
f 741/50/698 742/94/699 439/94/700 435/50/637
f 742/94/699 741/50/698 436/50/638 440/94/701
f 742/94/699 743/95/702 437/95/703 439/94/700
f 743/95/702 742/94/699 440/94/701 438/95/704
f 743/95/702 744/89/705 433/89/640 437/95/703
f 744/89/705 743/95/702 438/95/704 434/89/641
f 744/89/705 741/50/698 435/50/637 433/89/640
f 741/50/698 744/89/705 434/89/641 436/50/638
f 745/50/706 746/49/707 455/49/405 449/50/408
f 746/49/707 745/50/706 450/50/409 456/49/406
f 746/49/707 747/52/708 451/52/709 455/49/405
f 747/52/708 746/49/707 456/49/406 452/52/710
f 747/52/708 748/94/711 453/94/712 451/52/709
f 748/94/711 747/52/708 452/52/710 454/94/713
f 748/94/711 745/50/706 449/50/408 453/94/712
f 745/50/706 748/94/711 454/94/713 450/50/409
f 749/90/714 750/93/715 539/93/677 537/90/680
f 750/93/715 749/90/714 538/90/681 540/93/678
f 750/93/715 751/56/716 529/56/449 539/93/677
f 751/56/716 750/93/715 540/93/678 530/56/450
f 751/56/716 752/61/717 533/61/456 529/56/449
f 752/61/717 751/56/716 530/56/450 534/61/457
f 752/61/717 749/90/714 537/90/680 533/61/456
f 749/90/714 752/61/717 534/61/457 538/90/681
f 753/96/718 754/97/719 575/97/720 573/96/721
f 754/97/719 753/96/718 574/96/722 576/97/723
f 754/97/719 755/74/724 571/74/528 575/97/720
f 755/74/724 754/97/719 576/97/723 572/74/531
f 755/74/724 756/73/725 561/73/529 571/74/528
f 756/73/725 755/74/724 572/74/531 562/73/530
f 756/73/725 753/96/718 573/96/721 561/73/529
f 753/96/718 756/73/725 562/73/530 574/96/722
f 757/75/726 758/74/727 587/74/728 579/75/729
f 758/74/727 757/75/726 580/75/730 588/74/731
f 758/74/727 759/86/732 581/86/733 587/74/728
f 759/86/732 758/74/727 588/74/731 582/86/734
f 759/86/732 760/65/735 577/65/736 581/86/733
f 760/65/735 759/86/732 582/86/734 578/65/737
f 760/65/735 757/75/726 579/75/729 577/65/736
f 757/75/726 760/65/735 578/65/737 580/75/730
f 761/92/738 762/98/739 557/98/740 559/92/741
f 762/98/739 761/92/738 560/92/742 558/98/743
f 762/98/739 763/99/744 553/99/745 557/98/740
f 763/99/744 762/98/739 558/98/743 554/99/746
f 763/99/744 764/93/747 555/93/748 553/99/745
f 764/93/747 763/99/744 554/99/746 556/93/749
f 764/93/747 761/92/738 559/92/741 555/93/748
f 761/92/738 764/93/747 556/93/749 560/92/742
f 765/97/750 766/84/751 589/84/752 591/97/753
f 766/84/751 765/97/750 592/97/754 590/84/755
f 766/84/751 767/86/756 581/86/733 589/84/752
f 767/86/756 766/84/751 590/84/755 582/86/734
f 767/86/756 768/74/757 587/74/728 581/86/733
f 768/74/757 767/86/756 582/86/734 588/74/731
f 768/74/757 765/97/750 591/97/753 587/74/728
f 765/97/750 768/74/757 588/74/731 592/97/754
f 769/49/758 770/48/759 347/48/512 337/49/417
f 770/48/759 769/49/758 338/49/418 348/48/513
f 770/48/759 771/28/760 345/28/509 347/48/512
f 771/28/760 770/48/759 348/48/513 346/28/510
f 771/28/760 772/33/761 339/33/420 345/28/509
f 772/33/761 771/28/760 346/28/510 340/33/421
f 772/33/761 769/49/758 337/49/417 339/33/420
f 769/49/758 772/33/761 340/33/421 338/49/418
f 773/40/762 774/82/763 411/82/593 401/40/569
f 774/82/763 773/40/762 402/40/570 412/82/594
f 774/82/763 775/70/764 403/70/600 411/82/593
f 775/70/764 774/82/763 412/82/594 404/70/601
f 775/70/764 776/78/765 405/78/572 403/70/600
f 776/78/765 775/70/764 404/70/601 406/78/573
f 776/78/765 773/40/762 401/40/569 405/78/572
f 773/40/762 776/78/765 406/78/573 402/40/570
f 777/64/766 778/79/767 585/79/768 583/64/769
f 778/79/767 777/64/766 584/64/770 586/79/771
f 778/79/767 779/75/772 579/75/729 585/79/768
f 779/75/772 778/79/767 586/79/771 580/75/730
f 779/75/772 780/65/773 577/65/736 579/75/729
f 780/65/773 779/75/772 580/75/730 578/65/737
f 780/65/773 777/64/766 583/64/769 577/65/736
f 777/64/766 780/65/773 578/65/737 584/64/770
f 781/93/774 782/99/775 553/99/745 555/93/748
f 782/99/775 781/93/774 556/93/749 554/99/746
f 782/99/775 783/57/776 551/57/436 553/99/745
f 783/57/776 782/99/775 554/99/746 552/57/439
f 783/57/776 784/56/777 545/56/437 551/57/436
f 784/56/777 783/57/776 552/57/439 546/56/438
f 784/56/777 781/93/774 555/93/748 545/56/437
f 781/93/774 784/56/777 546/56/438 556/93/749
o Sphere_006_Sphere_005_124620000165506
v 0.148702 0.293451 -0.000000
v 0.150696 0.293612 0.000001
v 0.102579 0.338450 0.102579
v 0.103989 0.338611 0.103989
v 0.105148 0.293451 0.105148
v 0.106558 0.293612 0.106558
v 0.145069 0.338450 -0.000000
v 0.147063 0.338611 0.000001
v 0.000000 0.293451 0.148702
v 0.000001 0.293612 0.150695
v 0.000000 0.338450 0.145069
v 0.000001 0.338611 0.147062
v -0.102579 0.338450 0.102579
v -0.103989 0.338611 0.103989
v -0.105148 0.293451 0.105148
v -0.106558 0.293612 0.106558
v -0.148702 0.293451 -0.000000
v -0.150696 0.293612 0.000001
v -0.145069 0.338450 -0.000000
v -0.147063 0.338611 0.000001
v -0.102579 0.338450 -0.102579
v -0.103989 0.338611 -0.103989
v -0.105148 0.293451 -0.105148
v -0.106558 0.293612 -0.106558
v 0.000000 0.293451 -0.148702
v 0.000001 0.293612 -0.150696
v 0.000000 0.338450 -0.145069
v 0.000001 0.338611 -0.147063
v 0.102579 0.338450 -0.102579
v 0.103989 0.338611 -0.103989
v 0.105148 0.293451 -0.105148
v 0.106558 0.293612 -0.106558
v 0.148702 0.293451 -0.000000
v 0.150695 0.293612 0.000001
v 0.145069 0.338450 -0.000000
v 0.147063 0.338611 0.000001
v 0.105787 -0.338450 0.000000
v 0.105788 -0.340450 0.000001
v -0.105787 -0.338450 0.000000
v -0.105786 -0.340450 0.000001
v 0.000000 -0.338450 -0.105787
v 0.000001 -0.340450 -0.105786
v -0.074803 -0.338450 -0.074803
v -0.074802 -0.340450 -0.074802
v 0.074803 -0.338450 -0.074803
v 0.074804 -0.340450 -0.074802
v 0.000000 -0.338450 0.105787
v 0.000001 -0.340450 0.105788
v -0.074803 -0.338450 0.074803
v -0.074802 -0.340450 0.074804
v 0.074803 -0.338450 0.074803
v 0.074804 -0.340450 0.074804
v 0.074803 -0.338450 0.074803
v 0.076160 -0.339014 0.076160
v 0.105787 -0.338450 0.000000
v 0.107706 -0.339014 0.000001
v 0.117541 -0.298450 0.000000
v 0.119460 -0.299014 0.000001
v 0.083114 -0.298450 0.083114
v 0.084471 -0.299014 0.084471
v 0.000000 -0.298450 0.117541
v 0.000001 -0.299014 0.119460
v 0.000000 -0.338450 0.105787
v 0.000001 -0.339014 0.107706
v -0.074803 -0.338450 0.074803
v -0.076160 -0.339014 0.076160
v -0.083114 -0.298450 0.083114
v -0.084471 -0.299014 0.084471
v -0.117541 -0.298450 0.000000
v -0.119460 -0.299014 0.000001
v -0.105787 -0.338450 0.000000
v -0.107706 -0.339014 0.000000
v -0.074803 -0.338450 -0.074803
v -0.076160 -0.339014 -0.076160
v -0.083114 -0.298450 -0.083114
v -0.084471 -0.299014 -0.084471
v 0.000000 -0.298450 -0.117541
v 0.000001 -0.299014 -0.119460
v 0.000000 -0.338450 -0.105787
v 0.000001 -0.339014 -0.107706
v 0.074803 -0.338450 -0.074803
v 0.076160 -0.339014 -0.076160
v 0.083114 -0.298450 -0.083114
v 0.084471 -0.299014 -0.084471
v 0.117541 -0.298450 0.000000
v 0.119460 -0.299014 0.000001
v 0.105787 -0.338450 0.000000
v 0.107706 -0.339014 0.000001
v 0.000000 0.008770 0.337865
v 0.000001 0.008771 0.339865
v -0.230023 -0.020348 0.230023
v -0.231321 -0.021140 0.231322
v 0.000000 -0.020348 0.325302
v 0.000001 -0.021141 0.327138
v -0.238906 0.008770 0.238906
v -0.240320 0.008771 0.240320
v -0.230023 0.037888 0.230023
v -0.231321 0.038680 0.231322
v 0.000000 0.037888 0.325302
v 0.000001 0.038681 0.327138
v 0.230023 0.037888 0.230023
v 0.231321 0.038680 0.231322
v 0.000000 0.037888 0.325302
v 0.000001 0.038681 0.327138
v 0.238906 0.008770 0.238906
v 0.240320 0.008771 0.240320
v 0.230023 -0.020348 0.230023
v 0.231321 -0.021140 0.231322
v 0.000000 -0.020348 0.325302
v 0.000001 -0.021140 0.327138
v 0.230023 0.037888 -0.230023
v 0.231321 0.038680 -0.231322
v 0.000000 0.008770 -0.337865
v 0.000001 0.008771 -0.339865
v 0.000000 0.037888 -0.325302
v 0.000001 0.038680 -0.327138
v 0.238906 0.008770 -0.238906
v 0.240320 0.008771 -0.240320
v 0.230023 -0.020348 -0.230023
v 0.231321 -0.021140 -0.231322
v 0.000000 -0.020348 -0.325302
v 0.000001 -0.021141 -0.327138
v 0.230023 0.037888 -0.230023
v 0.231322 0.038680 -0.231321
v 0.337865 0.008770 -0.000000
v 0.339865 0.008771 0.000001
v 0.325302 0.037888 -0.000000
v 0.327138 0.038681 0.000001
v 0.230023 -0.020348 -0.230023
v 0.231322 -0.021140 -0.231321
v 0.325302 -0.020348 0.000000
v 0.327138 -0.021140 0.000001
v 0.230023 -0.020348 0.230023
v 0.231322 -0.021140 0.231321
v 0.337865 0.008770 -0.000000
v 0.339865 0.008771 0.000001
v 0.325302 -0.020348 0.000000
v 0.327138 -0.021141 0.000001
v 0.230023 0.037888 0.230023
v 0.231322 0.038680 0.231321
v 0.325302 0.037888 -0.000000
v 0.327138 0.038680 0.000001
v -0.230023 0.037888 0.230023
v -0.231322 0.038680 0.231321
v -0.337865 0.008770 -0.000000
v -0.339865 0.008771 0.000001
v -0.325302 0.037888 -0.000000
v -0.327138 0.038681 0.000001
v -0.230023 -0.020348 0.230023
v -0.231322 -0.021140 0.231321
v -0.325302 -0.020348 0.000000
v -0.327138 -0.021140 0.000001
v -0.230023 0.037888 -0.230023
v -0.231322 0.038680 -0.231321
v -0.325302 0.037888 -0.000000
v -0.327138 0.038680 0.000001
v -0.238906 0.008770 -0.238906
v -0.240320 0.008771 -0.240320
v -0.230023 -0.020348 -0.230023
v -0.231322 -0.021140 -0.231321
v -0.325302 -0.020348 0.000000
v -0.327138 -0.021141 0.000001
v -0.230023 0.037888 -0.230023
v -0.231321 0.038680 -0.231322
v 0.000000 0.037888 -0.325302
v 0.000001 0.038681 -0.327138
v -0.230023 -0.020348 -0.230023
v -0.231321 -0.021140 -0.231322
v 0.000000 -0.020348 -0.325302
v 0.000001 -0.021141 -0.327138
v 0.000000 0.037888 0.325302
v 0.000001 0.039888 0.325313
v 0.188201 0.038182 0.188201
v 0.188208 0.040182 0.188208
v 0.000000 0.038182 0.266156
v 0.000001 0.040182 0.266167
v -0.188201 0.038182 0.188201
v -0.188208 0.040182 0.188208
v 0.230023 0.037888 0.230023
v 0.230030 0.039888 0.230030
v 0.325302 0.037888 -0.000000
v 0.325313 0.039888 0.000001
v 0.266156 0.038182 -0.000000
v 0.266167 0.040182 0.000001
v -0.230023 0.037888 0.230023
v -0.230030 0.039888 0.230030
v -0.325302 0.037888 -0.000000
v -0.325313 0.039888 0.000001
v -0.266156 0.038182 -0.000000
v -0.266167 0.040182 0.000001
v -0.188201 0.038182 -0.188201
v -0.188208 0.040182 -0.188208
v -0.230023 0.037888 -0.230023
v -0.230030 0.039888 -0.230030
v 0.000000 0.037888 -0.325302
v 0.000001 0.039888 -0.325313
v 0.000000 0.038182 -0.266156
v 0.000001 0.040182 -0.266167
v 0.188201 0.038182 -0.188201
v 0.188208 0.040182 -0.188208
v 0.230023 0.037888 -0.230023
v 0.230030 0.039888 -0.230030
v 0.325302 0.037888 -0.000000
v 0.325313 0.039888 0.000001
v 0.266156 0.038182 -0.000000
v 0.266167 0.040182 0.000001
v 0.000000 -0.020348 0.325302
v 0.000001 -0.022348 0.325313
v -0.188201 -0.020642 0.188201
v -0.188208 -0.022642 0.188208
v 0.000000 -0.020642 0.266156
v 0.000001 -0.022642 0.266167
v 0.188201 -0.020642 0.188201
v 0.188208 -0.022642 0.188208
v -0.230023 -0.020348 0.230023
v -0.230030 -0.022348 0.230030
v 0.230023 -0.020348 0.230023
v 0.230030 -0.022348 0.230030
v 0.325302 -0.020348 0.000000
v 0.325313 -0.022348 0.000001
v 0.266156 -0.020642 0.000000
v 0.266167 -0.022642 0.000001
v -0.325302 -0.020348 0.000000
v -0.325313 -0.022348 0.000001
v -0.266156 -0.020642 0.000000
v -0.266167 -0.022642 0.000001
v -0.188201 -0.020642 -0.188201
v -0.188208 -0.022642 -0.188208
v -0.230023 -0.020348 -0.230023
v -0.230030 -0.022348 -0.230030
v 0.000000 -0.020348 -0.325302
v 0.000001 -0.022348 -0.325313
v 0.000000 -0.020642 -0.266156
v 0.000001 -0.022642 -0.266167
v 0.188201 -0.020642 -0.188201
v 0.188208 -0.022642 -0.188208
v 0.230023 -0.020348 -0.230023
v 0.230030 -0.022348 -0.230030
v 0.325302 -0.020348 0.000000
v 0.325313 -0.022348 0.000001
v 0.266156 -0.020642 0.000000
v 0.266167 -0.022642 0.000001
v 0.000930 -0.299697 0.117832
v 0.000930 -0.337767 0.106645
v 0.074753 -0.337767 0.076067
v 0.082663 -0.299697 0.083977
v 0.229261 0.038888 -0.229261
v 0.000000 0.038888 -0.324225
v -0.229261 0.038888 -0.229261
v -0.324225 0.038888 0.000000
v -0.229261 0.038888 0.229261
v 0.000000 0.038888 0.324225
v 0.229261 0.038888 0.229261
v 0.323811 0.038893 0.001000
v 0.266830 0.039177 0.001000
v 0.188970 0.039182 0.188970
v 0.000001 0.039182 0.267244
v -0.188970 0.039182 0.188970
v -0.267244 0.039182 0.000001
v -0.188970 0.039182 -0.188970
v 0.000001 0.039182 -0.267244
v 0.188970 0.039182 -0.188970
v 0.266830 0.039177 -0.001000
v 0.323811 0.038893 -0.001000
v 0.338077 0.009699 0.000935
v 0.326234 0.037355 0.000935
v 0.231343 0.037355 0.230021
v 0.239717 0.009699 0.238395
v 0.000000 -0.339450 0.104705
v -0.074037 -0.339450 0.074038
v -0.104704 -0.339450 0.000001
v -0.074037 -0.339450 -0.074037
v 0.000000 -0.339450 -0.104704
v 0.074038 -0.339450 -0.074037
v 0.104705 -0.339450 0.000001
v 0.074038 -0.339450 0.074038
v 0.231343 0.037355 -0.230021
v 0.326234 0.037355 -0.000934
v 0.338077 0.009699 -0.000934
v 0.239717 0.009699 -0.238395
v -0.117832 -0.299697 -0.000929
v -0.083977 -0.299697 -0.082663
v -0.076067 -0.337767 -0.074753
v -0.106645 -0.337767 -0.000929
v 0.102416 0.337533 0.103724
v 0.000925 0.337533 0.145763
v 0.000925 0.294529 0.149235
v 0.104872 0.294529 0.106179
v 0.000935 -0.019815 0.326234
v 0.230021 -0.019815 0.231343
v 0.238395 0.007842 0.239717
v 0.000935 0.007842 0.338077
v -0.103724 0.337533 -0.102416
v -0.106179 0.294529 -0.104872
v -0.149235 0.294529 -0.000924
v -0.145763 0.337533 -0.000924
v 0.149235 0.294529 0.000925
v 0.145763 0.337533 0.000925
v 0.103724 0.337533 0.102416
v 0.106179 0.294529 0.104872
v -0.000934 0.007842 0.338077
v -0.238395 0.007842 0.239717
v -0.230021 -0.019815 0.231343
v -0.000934 -0.019815 0.326234
v -0.102416 0.337533 0.103724
v -0.104872 0.294529 0.106179
v -0.000924 0.294529 0.149235
v -0.000924 0.337533 0.145763
v -0.000934 0.007842 -0.338077
v -0.000934 -0.019815 -0.326234
v -0.230021 -0.019815 -0.231343
v -0.238395 0.007842 -0.239717
v -0.000929 -0.299697 -0.117832
v -0.000929 -0.337767 -0.106645
v -0.074753 -0.337767 -0.076067
v -0.082663 -0.299697 -0.083977
v -0.000934 0.037355 0.326234
v -0.230021 0.037355 0.231343
v -0.238395 0.009699 0.239717
v -0.000934 0.009699 0.338077
v 0.230021 -0.019815 -0.231343
v 0.000935 -0.019815 -0.326234
v 0.000935 0.007842 -0.338077
v 0.238395 0.007842 -0.239717
v 0.102416 0.337533 -0.103724
v 0.104872 0.294529 -0.106179
v 0.000925 0.294529 -0.149235
v 0.000925 0.337533 -0.145763
v 0.338077 0.007842 -0.000934
v 0.326234 -0.019815 -0.000934
v 0.231343 -0.019815 -0.230021
v 0.239717 0.007842 -0.238395
v 0.117832 -0.299697 0.000930
v 0.083977 -0.299697 0.082663
v 0.076067 -0.337767 0.074753
v 0.106645 -0.337767 0.000930
v -0.326234 -0.019815 0.000935
v -0.231343 -0.019815 0.230021
v -0.239717 0.007842 0.238395
v -0.338077 0.007842 0.000935
v -0.102416 0.337533 -0.103724
v -0.000924 0.337533 -0.145763
v -0.000924 0.294529 -0.149235
v -0.104872 0.294529 -0.106179
v -0.231343 -0.019815 -0.230021
v -0.326234 -0.019815 -0.000934
v -0.338077 0.007842 -0.000934
v -0.239717 0.007842 -0.238395
v 0.103724 0.337533 -0.102416
v 0.145763 0.337533 -0.000924
v 0.149235 0.294529 -0.000924
v 0.106179 0.294529 -0.104872
v 0.231343 -0.019815 0.230021
v 0.326234 -0.019815 0.000935
v 0.338077 0.007842 0.000935
v 0.239717 0.007842 0.238395
v 0.000935 0.009699 0.338077
v 0.238395 0.009699 0.239717
v 0.230021 0.037355 0.231343
v 0.000935 0.037355 0.326234
v 0.000001 -0.021642 -0.267244
v -0.188970 -0.021642 -0.188970
v -0.267244 -0.021642 0.000001
v -0.188970 -0.021642 0.188970
v 0.000001 -0.021642 0.267244
v 0.188970 -0.021642 0.188970
v 0.266830 -0.021637 0.001000
v 0.323811 -0.021353 0.001000
v 0.229261 -0.021348 0.229261
v 0.000000 -0.021348 0.324225
v -0.229261 -0.021348 0.229261
v -0.324225 -0.021348 0.000000
v -0.229261 -0.021348 -0.229261
v 0.000000 -0.021348 -0.324225
v 0.229261 -0.021348 -0.229261
v 0.323811 -0.021353 -0.000999
v 0.266830 -0.021637 -0.000999
v 0.188970 -0.021642 -0.188970
v -0.117832 -0.299697 0.000930
v -0.106645 -0.337767 0.000929
v -0.076067 -0.337767 0.074753
v -0.083977 -0.299697 0.082663
v -0.239717 0.009699 -0.238395
v -0.338077 0.009699 -0.000934
v -0.326234 0.037355 -0.000934
v -0.231343 0.037355 -0.230021
v -0.103724 0.337533 0.102416
v -0.145763 0.337533 0.000925
v -0.149235 0.294529 0.000925
v -0.106179 0.294529 0.104872
v 0.117832 -0.299697 -0.000929
v 0.106645 -0.337767 -0.000929
v 0.076067 -0.337767 -0.074753
v 0.083977 -0.299697 -0.082663
v 0.000930 -0.299697 -0.117832
v 0.082663 -0.299697 -0.083977
v 0.074753 -0.337767 -0.076067
v 0.000930 -0.337767 -0.106645
v -0.231343 0.037355 0.230021
v -0.326234 0.037355 0.000935
v -0.338077 0.009699 0.000935
v -0.239717 0.009699 0.238395
v 0.230021 0.037355 -0.231343
v 0.238395 0.009699 -0.239717
v 0.000935 0.009699 -0.338077
v 0.000935 0.037355 -0.326234
v -0.000929 -0.299697 0.117832
v -0.082663 -0.299697 0.083977
v -0.074753 -0.337767 0.076067
v -0.000929 -0.337767 0.106645
v -0.230021 0.037355 -0.231343
v -0.000934 0.037355 -0.326234
v -0.000934 0.009699 -0.338077
v -0.238395 0.009699 -0.239717
vn 0.6844 -0.6635 -0.3021
vn 0.7565 0.6502 0.0707
vn -0.0003 0.6954 -0.7186
vn -0.0002 -0.1932 -0.9812
vn 0.0004 -0.6687 0.7435
vn 0.0004 0.1585 0.9874
vn -0.4847 0.6501 0.5852
vn -0.5081 0.6955 -0.5081
vn 0.6982 0.1585 0.6982
vn -0.6977 -0.6634 0.2706
vn -0.6938 -0.1932 -0.6938
vn 0.5258 -0.6687 0.5258
vn -0.7111 0.0037 0.7031
vn -0.0000 -0.0031 1.0000
vn -0.0003 -0.7361 0.6769
vn -0.4792 -0.7354 0.4790
vn -0.4758 0.7396 0.4761
vn 0.0003 0.7393 0.6733
vn 0.7071 -0.0028 0.7071
vn 0.4788 -0.7359 0.4788
vn 0.4763 0.7391 0.4763
vn 1.0000 -0.0031 -0.0000
vn 0.6768 -0.7361 -0.0003
vn 0.6733 0.7393 0.0003
vn 0.7071 -0.0027 -0.7071
vn 0.4788 -0.7359 -0.4788
vn 0.4763 0.7391 -0.4763
vn -0.0000 -0.0031 -1.0000
vn -0.0003 -0.7361 -0.6769
vn 0.0003 0.7393 -0.6733
vn -0.7071 -0.0019 -0.7071
vn -0.4793 -0.7354 -0.4790
vn -0.4758 0.7396 -0.4760
vn -0.8315 -0.0032 0.5556
vn -0.4066 -0.8746 0.2642
vn -0.3959 0.8771 0.2720
vn 0.5541 -0.0086 0.8324
vn 0.3501 -0.7694 0.5342
vn 0.3624 0.7652 0.5321
vn 0.7071 0.0041 0.7071
vn 0.4810 -0.7329 0.4812
vn 0.4845 0.7286 0.4842
vn -0.0011 0.0054 1.0000
vn -0.0006 -0.7321 0.6812
vn 0.0006 0.7288 0.6847
vn -0.7071 0.0048 0.7071
vn -0.4815 -0.7324 0.4815
vn -0.4840 0.7291 0.4839
vn -1.0000 0.0054 -0.0011
vn -0.6812 -0.7321 -0.0006
vn -0.6847 0.7288 0.0006
vn -0.7071 0.0049 -0.7071
vn -0.4815 -0.7323 -0.4815
vn -0.4839 0.7291 -0.4839
vn -0.0011 0.0054 -1.0000
vn -0.0006 -0.7321 -0.6812
vn 0.0006 0.7288 -0.6847
vn 0.7071 0.0041 -0.7071
vn 0.4810 -0.7328 -0.4813
vn 0.4844 0.7286 -0.4842
vn 0.5555 -0.0084 -0.8315
vn 0.3496 -0.7697 -0.5341
vn 0.3622 0.7659 -0.5313
vn -0.8315 -0.0027 -0.5556
vn -0.4061 -0.8747 -0.2646
vn -0.3957 0.8774 -0.2712
vn -0.3261 0.8562 0.4007
vn -0.2304 -0.6868 0.6894
vn -0.8248 -0.5573 0.0954
vn -0.9893 -0.0003 -0.1460
vn 0.9220 0.0006 0.3871
vn 0.9083 0.0466 0.4158
vn 0.3243 -0.6866 -0.6507
vn -0.5159 -0.5571 -0.6508
vn 0.9361 0.0468 0.3487
vn 0.0350 0.5771 -0.8159
vn -0.8030 -0.0003 -0.5960
vn 0.9255 0.0006 0.3788
vn -0.0008 -0.0003 -1.0000
vn 0.7071 0.0008 -0.7071
vn 0.4794 0.7345 -0.4802
vn -0.0004 0.7347 -0.6784
vn 0.0004 -0.7350 -0.6781
vn 0.4802 -0.7346 -0.4794
vn 1.0000 0.0007 -0.0007
vn 0.6787 0.7344 -0.0004
vn 0.6790 -0.7341 0.0004
vn 0.7071 -0.0004 0.7071
vn 0.4800 0.7343 0.4800
vn 0.4803 -0.7339 0.4803
vn -0.0007 0.0007 1.0000
vn -0.0004 0.7344 0.6787
vn 0.0004 -0.7341 0.6790
vn -0.7071 0.0008 0.7071
vn -0.4802 0.7345 0.4794
vn -0.4794 -0.7345 0.4802
vn -1.0000 0.0005 -0.0000
vn -0.6784 0.7347 -0.0004
vn -0.6781 -0.7350 0.0004
vn -0.7071 0.0004 -0.7071
vn -0.4797 0.7347 -0.4797
vn -0.4794 -0.7351 -0.4794
vn 0.5769 -0.3795 0.7233
vn -0.2312 -0.6864 -0.6895
vn -0.8252 -0.5568 -0.0952
vn -0.5160 -0.5570 0.6508
vn 0.9361 0.0468 -0.3487
vn 0.9087 0.0471 -0.4148
vn -0.5525 0.5767 -0.6018
vn -0.9892 -0.0003 0.1468
vn 0.9225 0.0006 -0.3860
vn 0.0351 0.5770 0.8160
vn -0.8030 -0.0003 0.5960
vn 0.9255 0.0006 -0.3788
vn 0.3019 -0.6630 -0.6850
vn -0.2706 -0.6633 0.6977
vn 0.6938 -0.1932 0.6938
vn 0.9812 -0.1932 -0.0003
vn -0.7435 -0.6688 0.0005
vn -0.5258 -0.6686 -0.5258
vn -0.5852 0.6501 0.4847
vn 0.5081 0.6955 0.5081
vn -0.6982 0.1585 -0.6982
vn -0.0712 0.6500 -0.7566
vn 0.7185 0.6955 -0.0001
vn -0.9874 0.1585 -0.0000
vn -0.5611 -0.6776 0.4755
vn 0.7329 -0.6776 -0.0612
vn -0.0003 -0.5361 -0.8442
vn -0.5968 -0.5362 -0.5968
vn 0.6601 -0.3584 0.6601
vn 0.0006 -0.3584 0.9336
vn 0.7124 0.6815 -0.1673
vn -0.0004 0.3930 -0.9195
vn 0.0006 0.5041 0.8637
vn -0.6217 0.6815 0.3860
vn -0.6502 0.3930 -0.6502
vn 0.6108 0.5040 0.6107
vn 0.9192 0.3800 -0.1033
vn -0.6506 0.6867 0.3243
vn -0.6507 0.5570 -0.5160
vn 0.0953 0.5572 -0.8249
vn 0.4157 -0.0466 0.9083
vn 0.3488 -0.0468 0.9360
vn -0.8155 -0.5777 0.0350
vn -0.5960 -0.0003 -0.8030
vn 0.3788 0.0006 0.9255
vn 0.6013 -0.5780 -0.5517
vn -0.1460 -0.0003 -0.9893
vn 0.3871 0.0006 0.9220
vn -0.4755 -0.6775 0.5611
vn -0.3861 0.6815 0.6217
vn 0.6502 0.3929 0.6502
vn 0.5969 -0.5362 0.5969
vn -0.6601 -0.3583 -0.6602
vn -0.6108 0.5039 -0.6108
vn 0.1668 0.6812 -0.7128
vn 0.9195 0.3930 -0.0004
vn -0.8637 0.5041 0.0006
vn 0.0608 -0.6774 -0.7331
vn 0.8442 -0.5361 -0.0003
vn -0.9336 -0.3584 0.0006
vn -0.1333 0.9163 0.3777
vn -0.4577 -0.5861 0.6686
vn -0.9667 -0.2503 0.0526
vn -0.9951 0.0894 0.0414
vn 0.8385 0.3913 0.3792
vn 0.8851 -0.2478 0.3940
vn 0.4755 -0.6776 -0.5611
vn 0.3860 0.6815 -0.6217
vn -0.8674 -0.3800 -0.3212
vn 0.8156 -0.5776 0.0351
vn 0.5960 -0.0003 -0.8030
vn 0.1468 -0.0003 -0.9892
vn -0.3860 0.0006 0.9225
vn -0.3788 0.0006 0.9255
vn 0.6507 0.6866 0.3243
vn 0.6507 0.5570 -0.5160
vn -0.3488 -0.0469 0.9360
vn -0.6895 0.6865 -0.2311
vn -0.0951 0.5568 -0.8252
vn -0.4147 -0.0471 0.9087
vn 0.5611 -0.6775 0.4755
vn 0.6217 0.6815 0.3861
vn 0.6502 0.3930 -0.6502
vn 0.5968 -0.5362 -0.5969
vn -0.6601 -0.3584 0.6602
vn -0.6108 0.5039 0.6108
vn -0.7128 0.6812 -0.1668
vn -0.7331 -0.6774 -0.0608
vn -0.4000 -0.8566 0.3258
vn -0.6895 0.6865 0.2312
vn -0.0951 0.5568 0.8252
vn 0.1468 -0.0003 0.9892
vn -0.3860 0.0006 -0.9225
vn -0.4147 -0.0471 -0.9087
vn 0.6507 0.6866 -0.3243
vn 0.6508 0.5570 0.5160
vn -0.3488 -0.0468 -0.9360
vn 0.8156 -0.5776 -0.0351
vn 0.5960 -0.0003 0.8030
vn -0.3788 0.0006 -0.9255
vn -0.6844 -0.6636 0.3019
vn -0.7566 0.6500 -0.0708
vn -0.0004 0.6954 0.7186
vn -0.0004 -0.1932 0.9812
vn 0.0006 -0.6688 -0.7435
vn 0.0008 0.1585 -0.9874
vn 0.4847 0.6500 -0.5853
vn 0.6977 -0.6633 -0.2706
vn -0.9196 -0.3790 -0.1037
vn 0.6507 -0.6866 0.3244
vn 0.6508 -0.5570 -0.5160
vn -0.0952 -0.5568 -0.8252
vn -0.4148 0.0471 0.9087
vn -0.3487 0.0468 0.9361
vn 0.8160 0.5770 0.0351
vn -0.6019 0.5767 -0.5524
vn -0.7233 0.3795 -0.5769
vn 0.6893 0.6869 0.2304
vn 0.0953 0.5573 0.8249
vn -0.6507 0.5570 0.5160
vn 0.3488 -0.0468 -0.9360
vn 0.4157 -0.0467 -0.9083
vn 0.6013 -0.5780 0.5517
vn -0.1460 -0.0003 0.9893
vn 0.3871 0.0006 -0.9220
vn -0.8155 -0.5777 -0.0350
vn -0.5960 -0.0003 0.8030
vn 0.3788 0.0006 -0.9255
vn -0.5611 -0.6776 -0.4755
vn -0.6217 0.6815 -0.3860
vn -0.6502 0.3930 0.6502
vn -0.5969 -0.5362 0.5968
vn 0.6601 -0.3584 -0.6601
vn 0.6108 0.5039 -0.6108
vn 0.7124 0.6815 0.1673
vn -0.0004 0.3930 0.9195
vn 0.0006 0.5041 -0.8637
vn 0.7329 -0.6776 0.0612
vn -0.0003 -0.5361 0.8442
vn 0.0006 -0.3584 -0.9336
vn -0.3259 -0.8566 -0.4000
vn -0.2312 0.6865 -0.6895
vn -0.8252 0.5568 -0.0951
vn 0.9087 -0.0471 -0.4148
vn 0.3243 0.6866 0.6507
vn -0.5160 0.5570 0.6507
vn 0.9360 -0.0468 -0.3488
vn 0.0351 -0.5776 0.8156
vn -0.3699 -0.3227 0.8712
vn 0.2706 -0.6634 -0.6977
vn -0.9930 0.1102 0.0422
vn 0.7436 -0.5629 0.3609
vn 0.5852 0.6501 -0.4847
vn -0.3241 0.6496 0.6877
vn -0.8889 0.4505 0.0829
vn 0.9085 0.0619 0.4134
vn 0.1033 0.3800 0.9192
vn -0.3243 0.6867 -0.6506
vn 0.5160 0.5570 -0.6507
vn 0.8249 0.5573 0.0953
vn -0.9083 -0.0466 0.4157
vn -0.9360 -0.0468 0.3488
vn -0.0350 -0.5776 -0.8155
vn 0.8030 -0.0003 -0.5960
vn -0.9255 0.0006 0.3788
vn 0.5517 -0.5779 0.6013
vn 0.9893 -0.0003 -0.1460
vn -0.9220 0.0006 0.3871
vn 0.5611 -0.6775 -0.4755
vn -0.7331 -0.6774 0.0608
vn -0.7128 0.6812 0.1668
vn 0.6217 0.6815 -0.3861
vn -0.5769 0.3795 0.7233
vn 0.2311 0.6865 -0.6894
vn 0.8252 0.5568 -0.0951
vn 0.5160 0.5570 0.6507
vn -0.9360 -0.0468 -0.3488
vn -0.9087 -0.0471 -0.4147
vn 0.5522 -0.5772 -0.6016
vn 0.9892 -0.0003 0.1468
vn -0.9225 0.0006 -0.3860
vn -0.0351 -0.5776 0.8156
vn 0.8030 -0.0003 0.5960
vn -0.9255 0.0006 -0.3788
vn 0.4755 -0.6775 0.5611
vn -0.4582 -0.5854 -0.6689
vn -0.9669 -0.2497 -0.0524
vn 0.8856 -0.2475 -0.3930
vn -0.5428 0.5255 -0.6552
vn -0.9952 0.0888 -0.0413
vn 0.8390 0.3911 -0.3783
vn 0.3861 0.6815 0.6217
vn 0.5769 0.3795 -0.7233
vn -0.2304 0.6869 0.6893
vn -0.8249 0.5573 0.0953
vn -0.5160 0.5570 -0.6507
vn 0.9360 -0.0468 0.3488
vn 0.9083 -0.0467 0.4158
vn -0.5517 -0.5780 0.6013
vn 0.0350 -0.5776 -0.8155
vn 0.8670 0.3807 -0.3214
vn -0.8159 0.5771 0.0350
vn -0.6507 -0.6866 0.3243
vn -0.6508 -0.5571 -0.5159
vn 0.3487 0.0468 0.9361
vn 0.6894 -0.6868 -0.2304
vn 0.0954 -0.5573 -0.8248
vn 0.4158 0.0467 0.9083
vn 0.0074 0.0009 -1.0000
vn -0.7071 -0.0049 -0.7071
vn -0.4815 0.7323 -0.4815
vn -0.0006 0.7321 -0.6812
vn 0.0006 -0.7288 -0.6847
vn -0.4839 -0.7291 -0.4839
vn -1.0000 -0.0054 -0.0011
vn -0.6812 0.7321 -0.0006
vn -0.6847 -0.7288 0.0006
vn -0.7071 -0.0048 0.7071
vn -0.4815 0.7324 0.4815
vn -0.4840 -0.7291 0.4839
vn -0.0011 -0.0054 1.0000
vn -0.0006 0.7321 0.6812
vn 0.0006 -0.7288 0.6847
vn 0.7071 -0.0041 0.7071
vn 0.4810 0.7329 0.4812
vn 0.4845 -0.7286 0.4842
vn 0.5541 0.0086 0.8324
vn 0.3501 0.7694 0.5342
vn 0.3624 -0.7652 0.5321
vn -0.8315 0.0032 0.5556
vn -0.4066 0.8746 0.2642
vn -0.3959 -0.8771 0.2720
vn -0.7071 0.0019 -0.7071
vn -0.4793 0.7354 -0.4790
vn -0.4758 -0.7396 -0.4760
vn -0.0000 0.0031 -1.0000
vn -0.0003 0.7361 -0.6769
vn 0.0003 -0.7393 -0.6733
vn 0.7071 0.0027 -0.7071
vn 0.4788 0.7359 -0.4788
vn 0.4763 -0.7391 -0.4763
vn 1.0000 0.0031 -0.0000
vn 0.6768 0.7361 -0.0003
vn 0.6733 -0.7393 0.0003
vn 0.7071 0.0028 0.7071
vn 0.4788 0.7359 0.4788
vn 0.4763 -0.7391 0.4763
vn -0.0000 0.0031 1.0000
vn -0.0003 0.7361 0.6769
vn 0.0003 -0.7393 0.6733
vn -0.7071 0.0020 0.7071
vn -0.4792 0.7354 0.4790
vn -0.4758 -0.7396 0.4761
vn -0.8315 0.0027 -0.5556
vn -0.4061 0.8747 -0.2646
vn -0.3957 -0.8774 -0.2712
vn 0.5555 0.0084 -0.8315
vn 0.3496 0.7697 -0.5341
vn 0.3623 -0.7659 -0.5312
vn 0.7071 -0.0041 -0.7071
vn 0.4810 0.7328 -0.4813
vn 0.4844 -0.7286 -0.4842
vn 0.3021 -0.6637 0.6843
vn -0.0710 0.6501 0.7565
vn -0.5852 0.6501 -0.4847
vn 0.5081 0.6955 -0.5081
vn -0.6982 0.1585 0.6982
vn -0.2706 -0.6634 -0.6977
vn 0.6938 -0.1932 -0.6938
vn -0.5258 -0.6687 0.5258
vn -0.3860 0.3803 0.8405
vn 0.5525 0.5767 -0.6019
vn 0.2312 -0.6864 -0.6895
vn 0.8252 -0.5568 -0.0952
vn -0.9087 0.0471 -0.4148
vn -0.3244 -0.6866 0.6507
vn 0.5160 -0.5570 0.6508
vn -0.9361 0.0468 -0.3487
vn -0.4755 -0.6776 -0.5611
vn 0.0612 -0.6776 0.7329
vn 0.1673 0.6815 0.7124
vn -0.3860 0.6815 -0.6217
vn -0.3142 -0.8806 -0.3548
vn -0.3248 0.6491 -0.6879
vn -0.8892 0.4500 -0.0827
vn -0.9929 0.1108 -0.0421
vn 0.7441 -0.5628 -0.3600
vn 0.9089 0.0615 -0.4124
vn 0.5852 0.6500 0.4847
vn -0.5081 0.6955 0.5081
vn 0.6982 0.1585 -0.6982
vn 0.2706 -0.6633 0.6977
vn -0.6938 -0.1932 0.6938
vn 0.5258 -0.6687 -0.5258
vn 0.6849 -0.6630 0.3024
vn -0.6977 -0.6634 -0.2706
vn -0.4847 0.6501 -0.5852
vn 0.7565 0.6502 -0.0703
vn -0.5769 -0.3795 -0.7233
vn 0.2304 -0.6868 0.6893
vn 0.8248 -0.5573 0.0954
vn 0.5159 -0.5571 -0.6508
vn -0.9361 0.0468 0.3487
vn -0.9083 0.0467 0.4158
vn 0.5520 0.5774 0.6016
vn -0.0350 0.5771 -0.8159
vn -0.1293 -0.8385 -0.5293
vn -0.8159 0.5771 -0.0350
vn -0.6508 -0.5570 0.5159
vn 0.3487 0.0468 -0.9361
vn 0.6016 0.5774 0.5520
vn 0.6894 -0.6868 0.2304
vn 0.0954 -0.5573 0.8248
vn 0.4158 0.0466 -0.9083
vn -0.6849 -0.6631 -0.3019
vn 0.6977 -0.6633 0.2706
vn 0.4847 0.6500 0.5852
vn -0.7566 0.6500 0.0709
vn 0.7233 -0.3795 -0.5769
vn -0.6895 -0.6864 0.2311
vn -0.0952 -0.5568 0.8252
vn 0.6508 -0.5570 0.5160
vn -0.3487 0.0469 -0.9361
vn -0.4148 0.0471 -0.9087
vn -0.6019 0.5767 0.5524
vn 0.8160 0.5770 -0.0351
vt 0.750000 0.125000
vt 0.875000 0.125000
vt 0.125000 0.562500
vt 0.250000 0.562500
vt 0.375000 0.562500
vt 0.500000 0.562500
vt 0.625000 0.562500
vt 0.750000 0.562500
vt 0.875000 0.562500
vt 1.000000 0.562500
vt 0.000000 0.562500
vt 1.000000 0.500000
vt 0.875000 0.500000
vt 0.625000 0.125000
vt 0.500000 0.125000
vt 0.375000 0.125000
vt 0.250000 0.125000
vt 0.125000 0.125000
vt 0.000000 0.125000
vt 0.000000 0.500000
vt 0.125000 0.500000
vt 0.875000 0.835911
vt 0.750000 0.835911
vt 0.750000 0.437500
vt 0.875000 0.437500
vt 0.750000 0.500000
vt 0.375000 0.835911
vt 0.500000 0.835911
vt 1.000000 0.835911
vt 0.625000 0.500000
vt 0.625000 0.437500
vt 0.625000 0.835911
vt 0.250000 0.500000
vt 0.250000 0.437500
vt 0.375000 0.437500
vt 0.375000 0.500000
vt 0.125000 0.437500
vt 0.125000 0.835911
vt 0.250000 0.835911
vt 0.000000 0.437500
vt 1.000000 0.125000
vt 0.500000 0.437500
vt 0.500000 0.500000
vt 0.000000 0.835911
vt 1.000000 0.437500
s 1
f 1027/100/778 1028/100/779 847/100/780 845/100/781
f 1028/100/779 1027/100/778 846/100/782 848/100/783
f 1028/100/779 1029/101/784 837/101/785 847/100/780
f 1029/101/784 1028/100/779 848/100/783 838/101/786
f 1029/101/784 1030/101/787 843/101/788 837/101/785
f 1030/101/787 1029/101/784 838/101/786 844/101/789
f 1030/101/787 1027/100/778 845/100/781 843/101/788
f 1027/100/778 1030/101/787 844/101/789 846/100/782
f 1031/102/790 1032/103/791 979/103/792 985/102/793
f 1032/103/791 1031/102/790 986/102/794 980/103/795
f 1032/103/791 1033/104/796 977/104/797 979/103/792
f 1033/104/796 1032/103/791 980/103/795 978/104/798
f 1033/104/796 1034/105/799 971/105/800 977/104/797
f 1034/105/799 1033/104/796 978/104/798 972/105/801
f 1034/105/799 1035/106/802 969/106/803 971/105/800
f 1035/106/802 1034/105/799 972/105/801 970/106/804
f 1035/106/802 1036/107/805 955/107/806 969/106/803
f 1036/107/805 1035/106/802 970/106/804 956/107/807
f 1036/107/805 1037/108/808 963/108/809 955/107/806
f 1037/108/808 1036/107/805 956/107/807 964/108/810
f 1037/108/808 1038/109/811 965/109/812 963/108/809
f 1038/109/811 1037/108/808 964/108/810 966/109/813
f 1038/109/811 1039/109/814 967/109/815 965/109/812
f 1039/109/814 1038/109/811 966/109/813 968/109/816
f 1039/109/814 1040/108/817 957/108/818 967/109/815
f 1040/108/817 1039/109/814 968/109/816 958/108/819
f 1040/108/817 1041/107/820 959/107/821 957/108/818
f 1041/107/820 1040/108/817 958/108/819 960/107/822
f 1041/107/820 1042/106/823 961/106/824 959/107/821
f 1042/106/823 1041/107/820 960/107/822 962/106/825
f 1042/106/823 1043/105/826 973/105/827 961/106/824
f 1043/105/826 1042/106/823 962/106/825 974/105/828
f 1043/105/826 1044/104/829 975/104/830 973/105/827
f 1044/104/829 1043/105/826 974/105/828 976/104/831
f 1044/104/829 1045/103/832 981/103/833 975/104/830
f 1045/103/832 1044/104/829 976/104/831 982/103/834
f 1045/103/832 1046/102/835 983/102/836 981/103/833
f 1046/102/835 1045/103/832 982/103/834 984/102/837
f 1046/102/835 1047/110/838 989/110/839 983/102/836
f 1047/110/838 1046/102/835 984/102/837 990/110/840
f 1047/110/838 1048/110/841 987/110/842 989/110/839
f 1048/110/841 1047/110/838 990/110/840 988/110/843
f 1048/110/841 1031/102/790 985/102/793 987/110/842
f 1031/102/790 1048/110/841 988/110/843 986/102/794
f 1049/111/844 1050/109/845 925/109/846 919/111/847
f 1050/109/845 1049/111/844 920/111/848 926/109/849
f 1050/109/845 1051/108/850 923/108/851 925/109/846
f 1051/108/850 1050/109/845 926/109/849 924/108/852
f 1051/108/850 1052/112/853 889/112/854 923/108/851
f 1052/112/853 1051/108/850 924/108/852 890/112/855
f 1052/112/853 1049/111/844 919/111/847 889/112/854
f 1049/111/844 1052/112/853 890/112/855 920/111/848
f 1053/100/856 1054/113/857 833/113/858 831/100/859
f 1054/113/857 1053/100/856 832/100/860 834/113/861
f 1054/113/857 1055/114/862 823/114/863 833/113/858
f 1055/114/862 1054/113/857 834/113/861 824/114/864
f 1055/114/862 1056/115/865 827/115/866 823/114/863
f 1056/115/865 1055/114/862 824/114/864 828/115/867
f 1056/115/865 1057/116/868 825/116/869 827/115/866
f 1057/116/868 1056/115/865 828/115/867 826/116/870
f 1057/116/868 1058/117/871 829/117/872 825/116/869
f 1058/117/871 1057/116/868 826/116/870 830/117/873
f 1058/117/871 1059/118/874 821/118/875 829/117/872
f 1059/118/874 1058/117/871 830/117/873 822/118/876
f 1059/118/874 1060/101/877 835/101/878 821/118/875
f 1060/101/877 1059/118/874 822/118/876 836/101/879
f 1060/101/877 1053/100/856 831/100/859 835/101/878
f 1053/100/856 1060/101/877 836/101/879 832/100/860
f 1061/102/880 1062/110/881 911/110/882 907/102/883
f 1062/110/881 1061/102/880 908/102/884 912/110/885
f 1062/110/881 1063/119/886 909/119/887 911/110/882
f 1063/119/886 1062/110/881 912/110/885 910/119/888
f 1063/119/886 1064/120/889 901/120/890 909/119/887
f 1064/120/889 1063/119/886 910/119/888 902/120/891
f 1064/120/889 1061/102/880 907/102/883 901/120/890
f 1061/102/880 1064/120/889 902/120/891 908/102/884
f 1065/114/892 1066/115/893 859/115/894 853/114/895
f 1066/115/893 1065/114/892 854/114/896 860/115/897
f 1066/115/893 1067/115/898 857/115/899 859/115/894
f 1067/115/898 1066/115/893 860/115/897 858/115/900
f 1067/115/898 1068/114/901 855/114/902 857/115/899
f 1068/114/901 1067/115/898 858/115/900 856/114/903
f 1068/114/901 1065/114/892 853/114/895 855/114/902
f 1065/114/892 1068/114/901 856/114/903 854/114/896
f 1069/121/904 1070/122/905 795/122/906 787/121/907
f 1070/122/905 1069/121/904 788/121/908 796/122/909
f 1070/122/905 1071/122/910 793/122/911 795/122/906
f 1071/122/910 1070/122/905 796/122/909 794/122/912
f 1071/122/910 1072/121/913 789/121/914 793/122/911
f 1072/121/913 1071/122/910 794/122/912 790/121/915
f 1072/121/913 1069/121/904 787/121/907 789/121/914
f 1069/121/904 1072/121/913 790/121/915 788/121/908
f 1073/123/916 1074/124/917 891/124/918 893/123/919
f 1074/124/917 1073/123/916 894/123/920 892/124/921
f 1074/124/917 1075/112/922 889/112/923 891/124/918
f 1075/112/922 1074/124/917 892/124/921 890/112/924
f 1075/112/922 1076/125/925 873/125/926 889/112/923
f 1076/125/925 1075/112/922 890/112/924 874/125/927
f 1076/125/925 1073/123/916 893/123/919 873/125/926
f 1073/123/916 1076/125/925 874/125/927 894/123/920
f 1077/126/928 1078/126/929 807/126/930 805/126/931
f 1078/126/929 1077/126/928 806/126/932 808/126/933
f 1078/126/929 1079/127/934 801/127/935 807/126/930
f 1079/127/934 1078/126/929 808/126/933 802/127/936
f 1079/127/934 1080/127/937 803/127/938 801/127/935
f 1080/127/937 1079/127/934 802/127/936 804/127/939
f 1080/127/937 1077/126/928 805/126/931 803/127/938
f 1077/126/928 1080/127/937 804/127/939 806/126/932
f 1081/128/940 1082/128/941 791/128/942 785/128/943
f 1082/128/941 1081/128/940 786/128/944 792/128/945
f 1082/128/941 1083/121/946 787/121/907 791/128/942
f 1083/121/946 1082/128/941 792/128/945 788/121/908
f 1083/121/946 1084/121/947 789/121/914 787/121/907
f 1084/121/947 1083/121/946 788/121/908 790/121/915
f 1084/121/947 1081/128/940 785/128/943 789/121/914
f 1081/128/940 1084/121/947 790/121/915 786/128/944
f 1085/125/948 1086/129/949 879/129/950 873/125/951
f 1086/129/949 1085/125/948 874/125/952 880/129/953
f 1086/129/949 1087/130/954 875/130/955 879/129/950
f 1087/130/954 1086/129/949 880/129/953 876/130/956
f 1087/130/954 1088/123/957 877/123/958 875/130/955
f 1088/123/957 1087/130/954 876/130/956 878/123/959
f 1088/123/957 1085/125/948 873/125/951 877/123/958
f 1085/125/948 1088/123/957 878/123/959 874/125/952
f 1089/131/960 1090/131/961 799/131/962 797/131/963
f 1090/131/961 1089/131/960 798/131/964 800/131/965
f 1090/131/961 1091/122/966 793/122/911 799/131/962
f 1091/122/966 1090/131/961 800/131/965 794/122/912
f 1091/122/966 1092/122/967 795/122/906 793/122/911
f 1092/122/967 1091/122/966 794/122/912 796/122/909
f 1092/122/967 1089/131/960 797/131/963 795/122/906
f 1089/131/960 1092/122/967 796/122/909 798/131/964
f 1093/132/968 1094/133/969 953/133/970 897/132/971
f 1094/133/969 1093/132/968 898/132/972 954/133/973
f 1094/133/969 1095/134/974 951/134/975 953/133/970
f 1095/134/974 1094/133/969 954/133/973 952/134/976
f 1095/134/974 1096/135/977 941/135/978 951/134/975
f 1096/135/977 1095/134/974 952/134/976 942/135/979
f 1096/135/977 1093/132/968 897/132/971 941/135/978
f 1093/132/968 1096/135/977 942/135/979 898/132/972
f 1097/116/980 1098/116/981 863/116/982 861/116/983
f 1098/116/981 1097/116/980 862/116/984 864/116/985
f 1098/116/981 1099/115/986 857/115/899 863/116/982
f 1099/115/986 1098/116/981 864/116/985 858/115/900
f 1099/115/986 1100/115/987 859/115/894 857/115/899
f 1100/115/987 1099/115/986 858/115/900 860/115/897
f 1100/115/987 1097/116/980 861/116/983 859/115/894
f 1097/116/980 1100/115/987 860/115/897 862/116/984
f 1101/107/988 1102/106/989 881/106/990 883/107/991
f 1102/106/989 1101/107/988 884/107/992 882/106/993
f 1102/106/989 1103/129/994 879/129/950 881/106/990
f 1103/129/994 1102/106/989 882/106/993 880/129/953
f 1103/129/994 1104/125/995 873/125/951 879/129/950
f 1104/125/995 1103/129/994 880/129/953 874/125/952
f 1104/125/995 1101/107/988 883/107/991 873/125/951
f 1101/107/988 1104/125/995 874/125/952 884/107/992
f 1105/136/996 1106/133/997 905/133/998 903/136/999
f 1106/133/997 1105/136/996 904/136/1000 906/133/1001
f 1106/133/997 1107/132/1002 897/132/1003 905/133/998
f 1107/132/1002 1106/133/997 906/133/1001 898/132/1004
f 1107/132/1002 1108/120/1005 901/120/1006 897/132/1003
f 1108/120/1005 1107/132/1002 898/132/1004 902/120/1007
f 1108/120/1005 1105/136/996 903/136/999 901/120/1006
f 1105/136/996 1108/120/1005 902/120/1007 904/136/1000
f 1109/137/1008 1110/137/1009 815/137/1010 813/137/1011
f 1110/137/1009 1109/137/1008 814/137/1012 816/137/1013
f 1110/137/1009 1111/138/1014 809/138/1015 815/137/1010
f 1111/138/1014 1110/137/1009 816/137/1013 810/138/1016
f 1111/138/1014 1112/138/1017 811/138/1018 809/138/1015
f 1112/138/1017 1111/138/1014 810/138/1016 812/138/1019
f 1112/138/1017 1109/137/1008 813/137/1011 811/138/1018
f 1109/137/1008 1112/138/1017 812/138/1019 814/137/1012
f 1113/119/1020 1114/139/1021 915/139/1022 909/119/887
f 1114/139/1021 1113/119/1020 910/119/888 916/139/1023
f 1114/139/1021 1115/136/1024 913/136/1025 915/139/1022
f 1115/136/1024 1114/139/1021 916/139/1023 914/136/1026
f 1115/136/1024 1116/120/1027 901/120/890 913/136/1025
f 1116/120/1027 1115/136/1024 914/136/1026 902/120/891
f 1116/120/1027 1113/119/1020 909/119/887 901/120/890
f 1113/119/1020 1116/120/1027 902/120/891 910/119/888
f 1117/140/1028 1118/101/1029 843/101/788 841/140/1030
f 1118/101/1029 1117/140/1028 842/140/1031 844/101/789
f 1118/101/1029 1119/101/1032 837/101/785 843/101/788
f 1119/101/1032 1118/101/1029 844/101/789 838/101/786
f 1119/101/1032 1120/140/1033 839/140/1034 837/101/785
f 1120/140/1033 1119/101/1032 838/101/786 840/140/1035
f 1120/140/1033 1117/140/1028 841/140/1030 839/140/1034
f 1117/140/1028 1120/140/1033 840/140/1035 842/140/1031
f 1121/141/1036 1122/130/1037 933/130/1038 935/141/1039
f 1122/130/1037 1121/141/1036 936/141/1040 934/130/1041
f 1122/130/1037 1123/129/1042 879/129/1043 933/130/1038
f 1123/129/1042 1122/130/1037 934/130/1041 880/129/1044
f 1123/129/1042 1124/142/1045 929/142/1046 879/129/1043
f 1124/142/1045 1123/129/1042 880/129/1044 930/142/1047
f 1124/142/1045 1121/141/1036 935/141/1039 929/142/1046
f 1121/141/1036 1124/142/1045 930/142/1047 936/141/1040
f 1125/126/1048 1126/138/1049 811/138/1018 805/126/931
f 1126/138/1049 1125/126/1048 806/126/932 812/138/1019
f 1126/138/1049 1127/138/1050 809/138/1015 811/138/1018
f 1127/138/1050 1126/138/1049 812/138/1019 810/138/1016
f 1127/138/1050 1128/126/1051 807/126/930 809/138/1015
f 1128/126/1051 1127/138/1050 810/138/1016 808/126/933
f 1128/126/1051 1125/126/1048 805/126/931 807/126/930
f 1125/126/1048 1128/126/1051 808/126/933 806/126/932
f 1129/134/1052 1130/141/1053 945/141/1054 943/134/1055
f 1130/141/1053 1129/134/1052 944/134/1056 946/141/1057
f 1130/141/1053 1131/142/1058 929/142/1059 945/141/1054
f 1131/142/1058 1130/141/1053 946/141/1057 930/142/1060
f 1131/142/1058 1132/135/1061 941/135/1062 929/142/1059
f 1132/135/1061 1131/142/1058 930/142/1060 942/135/1063
f 1132/135/1061 1129/134/1052 943/134/1055 941/135/1062
f 1129/134/1052 1132/135/1061 942/135/1063 944/134/1056
f 1133/137/1064 1134/143/1065 819/143/1066 813/137/1011
f 1134/143/1065 1133/137/1064 814/137/1012 820/143/1067
f 1134/143/1065 1135/143/1068 817/143/1069 819/143/1066
f 1135/143/1068 1134/143/1065 820/143/1067 818/143/1070
f 1135/143/1068 1136/137/1071 815/137/1010 817/143/1069
f 1136/137/1071 1135/143/1068 818/143/1070 816/137/1013
f 1136/137/1071 1133/137/1064 813/137/1011 815/137/1010
f 1133/137/1064 1136/137/1071 816/137/1013 814/137/1012
f 1137/124/1072 1138/144/1073 921/144/1074 917/124/1075
f 1138/144/1073 1137/124/1072 918/124/1076 922/144/1077
f 1138/144/1073 1139/111/1078 919/111/847 921/144/1074
f 1139/111/1078 1138/144/1073 922/144/1077 920/111/848
f 1139/111/1078 1140/112/1079 889/112/854 919/111/847
f 1140/112/1079 1139/111/1078 920/111/848 890/112/855
f 1140/112/1079 1137/124/1072 917/124/1075 889/112/854
f 1137/124/1072 1140/112/1079 890/112/855 918/124/1076
f 1141/125/1080 1142/112/1081 889/112/923 873/125/926
f 1142/112/1081 1141/125/1080 874/125/927 890/112/924
f 1142/112/1081 1143/108/1082 885/108/1083 889/112/923
f 1143/108/1082 1142/112/1081 890/112/924 886/108/1084
f 1143/108/1082 1144/107/1085 887/107/1086 885/108/1083
f 1144/107/1085 1143/108/1082 886/108/1084 888/107/1087
f 1144/107/1085 1141/125/1080 873/125/926 887/107/1086
f 1141/125/1080 1144/107/1085 888/107/1087 874/125/927
f 1145/133/1088 1146/134/1089 1011/134/1090 1017/133/1091
f 1146/134/1089 1145/133/1088 1018/133/1092 1012/134/1093
f 1146/134/1089 1147/141/1094 1009/141/1095 1011/134/1090
f 1147/141/1094 1146/134/1089 1012/134/1093 1010/141/1096
f 1147/141/1094 1148/130/1097 993/130/1098 1009/141/1095
f 1148/130/1097 1147/141/1094 1010/141/1096 994/130/1099
f 1148/130/1097 1149/123/1100 995/123/1101 993/130/1098
f 1149/123/1100 1148/130/1097 994/130/1099 996/123/1102
f 1149/123/1100 1150/124/1103 997/124/1104 995/123/1101
f 1150/124/1103 1149/123/1100 996/123/1102 998/124/1105
f 1150/124/1103 1151/144/1106 1005/144/1107 997/124/1104
f 1151/144/1106 1150/124/1103 998/124/1105 1006/144/1108
f 1151/144/1106 1152/144/1109 1003/144/1110 1005/144/1107
f 1152/144/1109 1151/144/1106 1006/144/1108 1004/144/1111
f 1152/144/1109 1153/124/1112 1001/124/1113 1003/144/1110
f 1153/124/1112 1152/144/1109 1004/144/1111 1002/124/1114
f 1153/124/1112 1154/123/1115 991/123/1116 1001/124/1113
f 1154/123/1115 1153/124/1112 1002/124/1114 992/123/1117
f 1154/123/1115 1155/130/1118 999/130/1119 991/123/1116
f 1155/130/1118 1154/123/1115 992/123/1117 1000/130/1120
f 1155/130/1118 1156/141/1121 1007/141/1122 999/130/1119
f 1156/141/1121 1155/130/1118 1000/130/1120 1008/141/1123
f 1156/141/1121 1157/134/1124 1013/134/1125 1007/141/1122
f 1157/134/1124 1156/141/1121 1008/141/1123 1014/134/1126
f 1157/134/1124 1158/133/1127 1015/133/1128 1013/134/1125
f 1158/133/1127 1157/134/1124 1014/134/1126 1016/133/1129
f 1158/133/1127 1159/136/1130 1021/136/1131 1015/133/1128
f 1159/136/1130 1158/133/1127 1016/133/1129 1022/136/1132
f 1159/136/1130 1160/139/1133 1023/139/1134 1021/136/1131
f 1160/139/1133 1159/136/1130 1022/136/1132 1024/139/1135
f 1160/139/1133 1161/139/1136 1025/139/1137 1023/139/1134
f 1161/139/1136 1160/139/1133 1024/139/1135 1026/139/1138
f 1161/139/1136 1162/136/1139 1019/136/1140 1025/139/1137
f 1162/136/1139 1161/139/1136 1026/139/1138 1020/136/1141
f 1162/136/1139 1145/133/1088 1017/133/1091 1019/136/1140
f 1145/133/1088 1162/136/1139 1020/136/1141 1018/133/1092
f 1163/114/1142 1164/114/1143 855/114/902 853/114/895
f 1164/114/1143 1163/114/1142 854/114/896 856/114/903
f 1164/114/1143 1165/113/1144 849/113/1145 855/114/902
f 1165/113/1144 1164/114/1143 856/114/903 850/113/1146
f 1165/113/1144 1166/113/1147 851/113/1148 849/113/1145
f 1166/113/1147 1165/113/1144 850/113/1146 852/113/1149
f 1166/113/1147 1163/114/1142 853/114/895 851/113/1148
f 1163/114/1142 1166/113/1147 852/113/1149 854/114/896
f 1167/135/1150 1168/142/1151 929/142/1059 941/135/1062
f 1168/142/1151 1167/135/1150 942/135/1063 930/142/1060
f 1168/142/1151 1169/105/1152 939/105/1153 929/142/1059
f 1169/105/1152 1168/142/1151 930/142/1060 940/105/1154
f 1169/105/1152 1170/104/1155 937/104/1156 939/105/1153
f 1170/104/1155 1169/105/1152 940/105/1154 938/104/1157
f 1170/104/1155 1167/135/1150 941/135/1062 937/104/1156
f 1167/135/1150 1170/104/1155 938/104/1157 942/135/1063
f 1171/131/1158 1172/127/1159 803/127/938 797/131/963
f 1172/127/1159 1171/131/1158 798/131/964 804/127/939
f 1172/127/1159 1173/127/1160 801/127/935 803/127/938
f 1173/127/1160 1172/127/1159 804/127/939 802/127/936
f 1173/127/1160 1174/131/1161 799/131/962 801/127/935
f 1174/131/1161 1173/127/1160 802/127/936 800/131/965
f 1174/131/1161 1171/131/1158 797/131/963 799/131/962
f 1171/131/1158 1174/131/1161 800/131/965 798/131/964
f 1175/118/1162 1176/118/1163 871/118/1164 869/118/1165
f 1176/118/1163 1175/118/1162 870/118/1166 872/118/1167
f 1176/118/1163 1177/117/1168 865/117/1169 871/118/1164
f 1177/117/1168 1176/118/1163 872/118/1167 866/117/1170
f 1177/117/1168 1178/117/1171 867/117/1172 865/117/1169
f 1178/117/1171 1177/117/1168 866/117/1170 868/117/1173
f 1178/117/1171 1175/118/1162 869/118/1165 867/117/1172
f 1175/118/1162 1178/117/1171 868/117/1173 870/118/1166
f 1179/116/1174 1180/117/1175 867/117/1172 861/116/983
f 1180/117/1175 1179/116/1174 862/116/984 868/117/1173
f 1180/117/1175 1181/117/1176 865/117/1169 867/117/1172
f 1181/117/1176 1180/117/1175 868/117/1173 866/117/1170
f 1181/117/1176 1182/116/1177 863/116/982 865/117/1169
f 1182/116/1177 1181/117/1176 866/117/1170 864/116/985
f 1182/116/1177 1179/116/1174 861/116/983 863/116/982
f 1179/116/1174 1182/116/1177 864/116/985 862/116/984
f 1183/106/1178 1184/105/1179 931/105/1180 927/106/1181
f 1184/105/1179 1183/106/1178 928/106/1182 932/105/1183
f 1184/105/1179 1185/142/1184 929/142/1046 931/105/1180
f 1185/142/1184 1184/105/1179 932/105/1183 930/142/1047
f 1185/142/1184 1186/129/1185 879/129/1043 929/142/1046
f 1186/129/1185 1185/142/1184 930/142/1047 880/129/1044
f 1186/129/1185 1183/106/1178 927/106/1181 879/129/1043
f 1183/106/1178 1186/129/1185 880/129/1044 928/106/1182
f 1187/102/1186 1188/120/1187 901/120/1006 895/102/1188
f 1188/120/1187 1187/102/1186 896/102/1189 902/120/1007
f 1188/120/1187 1189/132/1190 897/132/1003 901/120/1006
f 1189/132/1190 1188/120/1187 902/120/1007 898/132/1004
f 1189/132/1190 1190/103/1191 899/103/1192 897/132/1003
f 1190/103/1191 1189/132/1190 898/132/1004 900/103/1193
f 1190/103/1191 1187/102/1186 895/102/1188 899/103/1192
f 1187/102/1186 1190/103/1191 900/103/1193 896/102/1189
f 1191/100/1194 1192/113/1195 851/113/1148 845/100/781
f 1192/113/1195 1191/100/1194 846/100/782 852/113/1149
f 1192/113/1195 1193/113/1196 849/113/1145 851/113/1148
f 1193/113/1196 1192/113/1195 852/113/1149 850/113/1146
f 1193/113/1196 1194/100/1197 847/100/780 849/113/1145
f 1194/100/1197 1193/113/1196 850/113/1146 848/100/783
f 1194/100/1197 1191/100/1194 845/100/781 847/100/780
f 1191/100/1194 1194/100/1197 848/100/783 846/100/782
f 1195/104/1198 1196/103/1199 949/103/1200 947/104/1201
f 1196/103/1199 1195/104/1198 948/104/1202 950/103/1203
f 1196/103/1199 1197/132/1204 897/132/971 949/103/1200
f 1197/132/1204 1196/103/1199 950/103/1203 898/132/972
f 1197/132/1204 1198/135/1205 941/135/978 897/132/971
f 1198/135/1205 1197/132/1204 898/132/972 942/135/979
f 1198/135/1205 1195/104/1198 947/104/1201 941/135/978
f 1195/104/1198 1198/135/1205 942/135/979 948/104/1202
