# Blender 4.5.3 LTS
# www.blender.org
mtllib Glass-pin.mtl
o RenderMesh_121396126155803
v -0.155539 -0.215577 0.313531
v -0.156398 -0.216264 0.315202
v -0.090991 -0.296261 0.313531
v -0.091850 -0.296948 0.315202
v -0.090991 -0.215577 0.346702
v -0.091850 -0.216264 0.348373
v -0.090991 -0.296261 0.313531
v -0.090132 -0.296948 0.315202
v -0.026443 -0.215577 0.313531
v -0.025584 -0.216264 0.315202
v -0.090991 -0.215577 0.346702
v -0.090132 -0.216264 0.348373
v -0.090991 -0.296261 -0.313532
v -0.091850 -0.296948 -0.315203
v -0.155539 -0.215577 -0.313532
v -0.156398 -0.216264 -0.315203
v -0.090991 -0.215577 -0.346702
v -0.091850 -0.216264 -0.348373
v -0.026443 -0.215577 -0.313532
v -0.025584 -0.216264 -0.315203
v -0.090991 -0.296261 -0.313532
v -0.090132 -0.296948 -0.315203
v -0.090991 -0.215577 -0.346702
v -0.090132 -0.216264 -0.348373
v -0.090991 -0.134892 0.313531
v -0.091850 -0.134205 0.315202
v -0.155539 -0.215577 0.313531
v -0.156398 -0.214890 0.315202
v -0.090991 -0.215577 0.346702
v -0.091850 -0.214890 0.348373
v -0.026443 -0.215577 0.313531
v -0.025584 -0.214890 0.315202
v -0.090991 -0.134892 0.313531
v -0.090132 -0.134205 0.315202
v -0.090991 -0.215577 0.346702
v -0.090132 -0.214890 0.348373
v 0.008037 0.273079 0.061068
v 0.008037 0.273079 0.063068
v -0.000261 0.268288 0.061068
v -0.000261 0.268288 0.063068
v 0.010803 0.268288 0.061068
v 0.010803 0.268288 0.063068
v 0.002505 0.273079 0.061068
v 0.002505 0.273079 0.063068
v 0.008037 0.263497 0.061068
v 0.008037 0.263497 0.063068
v 0.002505 0.263497 0.061068
v 0.002505 0.263497 0.063068
v -0.155539 -0.215577 -0.313532
v -0.156398 -0.214890 -0.315203
v -0.090991 -0.134892 -0.313532
v -0.091850 -0.134205 -0.315203
v -0.090991 -0.215577 -0.346702
v -0.091850 -0.214890 -0.348373
v 0.000884 0.287258 -0.066992
v -0.000041 0.288512 -0.065738
v 0.005289 0.268285 -0.057989
v 0.005289 0.268285 -0.055989
v 0.005289 0.288067 -0.066183
v 0.005289 0.289481 -0.064769
v -0.003770 0.268285 -0.066729
v -0.005760 0.268285 -0.066533
v -0.002425 0.285022 -0.069228
v -0.004073 0.285823 -0.068427
v -0.003770 0.281887 -0.072363
v -0.005760 0.282025 -0.072225
v 0.005289 0.296261 -0.085965
v 0.005289 0.298261 -0.085965
v 0.009695 0.287258 -0.066992
v 0.010620 0.288512 -0.065738
v 0.009695 0.268285 -0.059132
v 0.010620 0.268285 -0.057359
v 0.009695 0.249311 -0.066992
v 0.010620 0.248057 -0.065738
v 0.013003 0.251548 -0.069228
v 0.014651 0.250747 -0.068427
v 0.000884 0.295118 -0.085965
v -0.000041 0.296891 -0.085965
v -0.002425 0.291955 -0.085965
v -0.004073 0.293088 -0.085965
v -0.003770 0.287521 -0.085965
v -0.005760 0.287717 -0.085965
v -0.002425 0.285022 -0.102702
v -0.004073 0.285823 -0.103503
v 0.000884 0.287258 -0.104939
v -0.000041 0.288512 -0.106193
v 0.005289 0.288067 -0.105747
v 0.005289 0.289481 -0.107161
v 0.000884 0.268285 -0.112798
v -0.000041 0.268285 -0.114571
v -0.002425 0.268285 -0.109635
v -0.004073 0.268285 -0.110768
v 0.005289 0.268285 -0.113941
v 0.005289 0.268285 -0.115941
v -0.003770 0.281887 -0.099568
v -0.005760 0.282025 -0.099706
v -0.003770 0.268285 -0.105202
v -0.005760 0.268285 -0.105398
v 0.009695 0.287258 -0.104939
v 0.010620 0.288512 -0.106193
v -0.002710 0.268285 -0.100603
v -0.004526 0.268285 -0.099766
v 0.009695 0.295118 -0.085965
v 0.010620 0.296891 -0.085965
v -0.002710 0.278636 -0.096316
v -0.004526 0.278044 -0.095724
v -0.002710 0.257934 -0.096316
v -0.004526 0.258526 -0.095724
v 0.009695 0.268285 -0.112798
v 0.010620 0.268285 -0.114571
v 0.009695 0.249311 -0.104939
v 0.010620 0.248057 -0.106193
v 0.013003 0.285022 -0.102702
v 0.014651 0.285823 -0.103503
v 0.013003 0.285022 -0.069228
v 0.014651 0.285823 -0.068427
v 0.013003 0.291955 -0.085965
v 0.014651 0.293088 -0.085965
v 0.013003 0.268285 -0.062295
v 0.014651 0.268285 -0.061162
v 0.014348 0.287521 -0.085965
v 0.016338 0.287717 -0.085965
v 0.014348 0.268285 -0.066729
v 0.016338 0.268285 -0.066533
v 0.014348 0.281887 -0.072363
v 0.016338 0.282025 -0.072225
v 0.014348 0.254682 -0.072363
v 0.016338 0.254544 -0.072225
v 0.013288 0.268285 -0.071327
v 0.015104 0.268285 -0.072164
v 0.013003 0.244615 -0.085965
v 0.014651 0.243482 -0.085965
v 0.009695 0.241452 -0.085965
v 0.010620 0.239679 -0.085965
v 0.013003 0.251548 -0.102702
v 0.014651 0.250747 -0.103503
v 0.013003 0.268285 -0.109635
v 0.014651 0.268285 -0.110768
v 0.014348 0.254682 -0.099568
v 0.016338 0.254544 -0.099706
v 0.014348 0.249048 -0.085965
v 0.016338 0.248852 -0.085965
v 0.014348 0.281887 -0.099568
v 0.016338 0.282025 -0.099706
v 0.014348 0.268285 -0.105202
v 0.016338 0.268285 -0.105398
v 0.013288 0.257934 -0.096316
v 0.015104 0.258526 -0.095724
v 0.013288 0.257934 -0.075615
v 0.015104 0.258526 -0.076207
v 0.013288 0.268285 -0.100603
v 0.015104 0.268285 -0.099766
v 0.013288 0.278636 -0.096316
v 0.015104 0.278044 -0.095724
v 0.013288 0.253647 -0.085965
v 0.015104 0.254484 -0.085965
v 0.009981 0.268285 -0.097108
v 0.011076 0.268285 -0.095435
v 0.009981 0.257142 -0.085965
v 0.011076 0.258815 -0.085965
v 0.009981 0.260406 -0.093844
v 0.011076 0.261589 -0.092661
v 0.013288 0.282923 -0.085965
v 0.015104 0.282086 -0.085965
v 0.013288 0.278636 -0.075615
v 0.015104 0.278044 -0.076207
v 0.009981 0.279428 -0.085965
v 0.011076 0.277755 -0.085965
v 0.009981 0.276164 -0.078086
v 0.011076 0.274981 -0.079269
v 0.009981 0.276164 -0.093844
v 0.011076 0.274981 -0.092661
v 0.005289 0.275238 -0.092918
v 0.005289 0.273824 -0.091504
v 0.005289 0.275238 -0.079012
v 0.005289 0.273824 -0.080426
v 0.009981 0.268285 -0.074822
v 0.011076 0.268285 -0.076495
v 0.009981 0.260406 -0.078086
v 0.011076 0.261589 -0.079269
v 0.005289 0.261332 -0.079012
v 0.005289 0.262746 -0.080426
v 0.005289 0.268285 -0.076133
v 0.005289 0.268285 -0.078133
v 0.005289 0.278117 -0.085965
v 0.005289 0.276117 -0.085965
v 0.000597 0.268285 -0.074822
v -0.000498 0.268285 -0.076495
v 0.000597 0.279428 -0.085965
v -0.000498 0.277755 -0.085965
v 0.000597 0.276164 -0.078086
v -0.000498 0.274981 -0.079269
v 0.005289 0.258452 -0.085965
v 0.005289 0.260452 -0.085965
v 0.005289 0.261332 -0.092918
v 0.005289 0.262746 -0.091504
v 0.000597 0.257142 -0.085965
v -0.000498 0.258815 -0.085965
v 0.005289 0.268285 -0.095798
v 0.005289 0.268285 -0.093798
v 0.000597 0.268285 -0.097108
v -0.000498 0.268285 -0.095435
v 0.000597 0.260406 -0.093844
v -0.000498 0.261589 -0.092661
v 0.000597 0.260406 -0.078086
v -0.000498 0.261589 -0.079269
v -0.002710 0.253647 -0.085965
v -0.004526 0.254484 -0.085965
v -0.002710 0.257934 -0.075614
v -0.004526 0.258526 -0.076206
v -0.002710 0.268285 -0.071327
v -0.004526 0.268285 -0.072164
v 0.000597 0.276164 -0.093844
v -0.000498 0.274981 -0.092661
v -0.002710 0.278636 -0.075614
v -0.004526 0.278044 -0.076206
v -0.002710 0.282923 -0.085965
v -0.004526 0.282086 -0.085965
v 0.008037 0.263497 0.061068
v 0.009037 0.261765 0.061068
v 0.008037 0.263497 -0.071133
v 0.009037 0.261765 -0.071133
v 0.010803 0.268288 -0.071133
v 0.012803 0.268288 -0.071133
v 0.002505 0.263497 0.061068
v 0.001505 0.261765 0.061068
v 0.010803 0.268288 0.061068
v 0.012803 0.268288 0.061068
v 0.002505 0.263497 -0.071133
v 0.001505 0.261765 -0.071133
v 0.008037 0.273079 -0.071133
v 0.009037 0.274811 -0.071133
v -0.000261 0.268288 0.061068
v -0.002261 0.268288 0.061068
v 0.008037 0.273079 0.061068
v 0.009037 0.274811 0.061068
v -0.000261 0.268288 -0.071133
v -0.002261 0.268288 -0.071133
v 0.002505 0.273079 -0.071133
v 0.001505 0.274811 -0.071133
v 0.002505 0.273079 0.061068
v 0.001505 0.274811 0.061068
v 0.093415 0.234283 -0.118085
v 0.092124 0.233695 -0.119495
v 0.005341 0.260345 -0.093438
v 0.005341 0.258707 -0.094585
v 0.005341 0.264167 -0.097160
v 0.005341 0.263141 -0.098877
v -0.082733 0.234283 -0.118085
v -0.081442 0.233695 -0.119495
v -0.122733 0.165017 -0.172713
v -0.121514 0.165926 -0.174012
v -0.089679 0.088937 -0.229723
v -0.089534 0.090197 -0.231269
v -0.129037 0.166773 -0.175222
v -0.128831 0.167914 -0.176852
v -0.094986 0.084123 -0.232100
v -0.095615 0.084635 -0.233928
v 0.005341 0.050082 -0.255936
v 0.005341 0.050380 -0.257914
v -0.085221 0.090833 -0.224657
v -0.084359 0.092449 -0.225461
v -0.119214 0.162138 -0.168602
v -0.117389 0.162607 -0.169272
v 0.005341 0.056697 -0.252298
v 0.005341 0.058007 -0.253810
v -0.082733 0.089992 -0.219119
v -0.081442 0.091518 -0.219048
v 0.005341 0.060105 -0.246173
v 0.005341 0.062013 -0.246772
v 0.005341 0.060108 -0.240043
v 0.005341 0.062072 -0.239666
v 0.095903 0.090833 -0.224657
v 0.095041 0.092449 -0.225461
v 0.100361 0.088937 -0.229723
v 0.100216 0.090197 -0.231269
v 0.105668 0.084123 -0.232100
v 0.106297 0.084635 -0.233928
v 0.139719 0.166773 -0.175222
v 0.139513 0.167914 -0.176852
v 0.109926 0.077792 -0.230483
v 0.111130 0.077407 -0.232033
v 0.133414 0.165017 -0.172713
v 0.132195 0.165926 -0.174012
v 0.005341 0.042306 -0.255330
v 0.005341 0.041513 -0.257166
v -0.099244 0.077792 -0.230483
v -0.100448 0.077407 -0.232033
v 0.111547 0.072133 -0.225226
v 0.112961 0.070975 -0.226037
v 0.155539 0.159132 -0.164309
v 0.157539 0.159132 -0.164309
v -0.100865 0.072133 -0.225226
v -0.102279 0.070975 -0.226037
v 0.005341 0.036097 -0.250459
v 0.005341 0.034459 -0.251606
v -0.144857 0.159132 -0.164309
v -0.146857 0.159132 -0.164309
v 0.005341 0.033643 -0.242958
v 0.005341 0.031646 -0.243075
v 0.109926 0.069129 -0.218110
v 0.111130 0.067541 -0.217941
v 0.153247 0.154800 -0.158123
v 0.154950 0.154198 -0.157264
v 0.109926 0.240471 -0.098135
v 0.111130 0.240856 -0.096585
v 0.105668 0.069775 -0.211608
v 0.106297 0.068232 -0.210502
v 0.105668 0.234140 -0.096518
v 0.106297 0.233628 -0.094690
v -0.099244 0.069129 -0.218110
v -0.100448 0.067541 -0.217941
v 0.147224 0.151958 -0.154063
v 0.148114 0.150931 -0.152596
v 0.005341 0.268182 -0.072682
v 0.005341 0.267884 -0.070704
v 0.139719 0.151491 -0.153396
v 0.139513 0.150350 -0.151766
v -0.142565 0.154800 -0.158123
v -0.144268 0.154198 -0.157264
v -0.099244 0.240471 -0.098135
v -0.100448 0.240856 -0.096585
v -0.094986 0.069775 -0.211608
v -0.095615 0.068232 -0.210502
v -0.094986 0.234140 -0.096518
v -0.095615 0.233628 -0.094690
v -0.136543 0.151958 -0.154063
v -0.137433 0.150931 -0.152596
v -0.129037 0.151491 -0.153396
v -0.128831 0.150350 -0.151766
v 0.005341 0.035733 -0.235444
v 0.005341 0.033977 -0.234487
v -0.089679 0.073655 -0.207897
v -0.089534 0.072633 -0.206184
v 0.100361 0.073655 -0.207897
v 0.100216 0.072633 -0.206184
v 0.005341 0.041414 -0.230472
v 0.005341 0.040441 -0.228724
v -0.085221 0.079063 -0.207848
v -0.084359 0.078860 -0.206055
v 0.095902 0.079063 -0.207848
v 0.095040 0.078860 -0.206055
v 0.005341 0.048335 -0.229364
v 0.005341 0.048424 -0.227366
v 0.005341 0.054096 -0.231458
v 0.005341 0.055122 -0.229741
v -0.122733 0.153247 -0.155904
v -0.121514 0.152338 -0.154605
v 0.133414 0.153247 -0.155904
v 0.132195 0.152338 -0.154605
v -0.082733 0.083980 -0.210533
v -0.081442 0.084568 -0.209123
v 0.093415 0.083980 -0.210533
v 0.092124 0.084568 -0.209123
v 0.005341 0.057918 -0.235179
v 0.005341 0.059556 -0.234032
v 0.100361 0.229326 -0.098895
v 0.100216 0.228066 -0.097349
v 0.095903 0.227430 -0.103960
v 0.095041 0.225814 -0.103156
v 0.005341 0.261567 -0.076320
v 0.005341 0.260258 -0.074808
v -0.089679 0.229326 -0.098895
v -0.089534 0.228066 -0.097349
v 0.005341 0.258158 -0.082444
v 0.005341 0.256250 -0.081845
v -0.085221 0.227430 -0.103960
v -0.084359 0.225814 -0.103156
v 0.005341 0.258155 -0.088574
v 0.005341 0.256191 -0.088951
v 0.093415 0.228272 -0.109499
v 0.092124 0.226746 -0.109570
v -0.082733 0.228272 -0.109499
v -0.081442 0.226746 -0.109570
v 0.129896 0.156126 -0.160016
v 0.128071 0.155657 -0.159346
v 0.092710 0.230701 -0.114196
v 0.091296 0.229542 -0.115007
v 0.128900 0.159132 -0.164309
v 0.126900 0.159132 -0.164309
v 0.092710 0.087563 -0.214422
v 0.091296 0.088721 -0.213611
v 0.129896 0.162138 -0.168602
v 0.128071 0.162607 -0.169272
v 0.093415 0.089992 -0.219119
v 0.092124 0.091518 -0.219048
v -0.082028 0.087563 -0.214422
v -0.080614 0.088721 -0.213611
v -0.119214 0.156126 -0.160016
v -0.117389 0.155657 -0.159346
v -0.118218 0.159132 -0.164309
v -0.116218 0.159132 -0.164309
v -0.082028 0.230701 -0.114196
v -0.080614 0.229542 -0.115007
v -0.099244 0.249135 -0.110507
v -0.100448 0.250723 -0.110676
v -0.100865 0.246131 -0.103392
v -0.102279 0.247289 -0.102581
v -0.142565 0.163463 -0.170495
v -0.144268 0.164065 -0.171354
v 0.005341 0.284621 -0.085660
v 0.005341 0.286618 -0.085543
v -0.094986 0.248489 -0.117010
v -0.095615 0.250032 -0.118116
v 0.005341 0.282167 -0.078159
v 0.005341 0.283805 -0.077012
v -0.136543 0.166306 -0.174555
v -0.137433 0.167333 -0.176022
v 0.005341 0.275958 -0.073287
v 0.005341 0.276751 -0.071451
v 0.111547 0.246131 -0.103392
v 0.112961 0.247289 -0.102581
v 0.109926 0.249135 -0.110507
v 0.111130 0.250723 -0.110676
v 0.105668 0.248489 -0.117010
v 0.106297 0.250032 -0.118116
v 0.153247 0.163463 -0.170495
v 0.154950 0.164065 -0.171354
v 0.005341 0.282530 -0.093174
v 0.005341 0.284286 -0.094131
v 0.147224 0.166306 -0.174555
v 0.148114 0.167333 -0.176022
v -0.089679 0.244609 -0.120721
v -0.089534 0.245631 -0.122434
v 0.100361 0.244609 -0.120721
v 0.100216 0.245631 -0.122434
v 0.005341 0.276849 -0.098145
v 0.005341 0.277822 -0.099893
v 0.095903 0.239200 -0.120769
v 0.095041 0.239403 -0.122562
v -0.085221 0.239200 -0.120769
v -0.084359 0.239403 -0.122562
v 0.005341 0.269928 -0.099254
v 0.005341 0.269839 -0.101252
v -0.090991 -0.134892 -0.313532
v -0.090132 -0.134205 -0.315203
v -0.026443 -0.215577 -0.313532
v -0.025584 -0.214890 -0.315203
v -0.090991 -0.215577 -0.346702
v -0.090132 -0.214890 -0.348373
v 0.005289 0.240309 -0.085965
v 0.005289 0.238309 -0.085965
v 0.005289 0.248503 -0.105747
v 0.005289 0.247089 -0.107161
v 0.000884 0.249311 -0.104939
v -0.000041 0.248057 -0.106193
v 0.000884 0.241452 -0.085965
v -0.000041 0.239679 -0.085965
v -0.002425 0.251548 -0.102702
v -0.004073 0.250747 -0.103503
v 0.000884 0.249311 -0.066992
v -0.000041 0.248057 -0.065738
v -0.002425 0.244615 -0.085965
v -0.004073 0.243482 -0.085965
v 0.005289 0.248503 -0.066183
v 0.005289 0.247089 -0.064769
v -0.002425 0.251548 -0.069228
v -0.004073 0.250747 -0.068427
v -0.003770 0.254682 -0.099568
v -0.005760 0.254544 -0.099706
v -0.003770 0.249048 -0.085965
v -0.005760 0.248852 -0.085965
v -0.003770 0.254682 -0.072363
v -0.005760 0.254544 -0.072225
v -0.002425 0.268285 -0.062295
v -0.004073 0.268285 -0.061162
v 0.000884 0.268285 -0.059132
v -0.000041 0.268285 -0.057359
v -0.154147 -0.216860 0.314916
v -0.092323 -0.294138 0.314916
v -0.092323 -0.216860 0.346687
v -0.089659 -0.294138 0.314916
v -0.027835 -0.216860 0.314916
v -0.089659 -0.216860 0.346687
v -0.092323 -0.294138 -0.314917
v -0.154147 -0.216860 -0.314917
v -0.092323 -0.216860 -0.346687
v -0.027835 -0.216860 -0.314917
v -0.089659 -0.294138 -0.314917
v -0.089659 -0.216860 -0.346687
v -0.092323 -0.137015 0.314916
v -0.154147 -0.214294 0.314916
v -0.092323 -0.214294 0.346687
v -0.027835 -0.214294 0.314916
v -0.089659 -0.137015 0.314916
v -0.089659 -0.214294 0.346687
v 0.138250 0.167883 -0.175091
v 0.133355 0.166545 -0.173179
v 0.096557 0.239317 -0.122223
v 0.100018 0.243492 -0.122149
v 0.007460 0.272079 0.062068
v 0.003082 0.272079 0.062068
v 0.000894 0.268288 0.062068
v 0.003082 0.264497 0.062068
v 0.007460 0.264497 0.062068
v 0.009648 0.268288 0.062068
v 0.105587 0.249675 -0.116461
v 0.006308 0.283361 -0.092874
v 0.006308 0.285011 -0.086840
v 0.108990 0.250170 -0.111234
v -0.154147 -0.214294 -0.314917
v -0.092323 -0.137015 -0.314917
v -0.092323 -0.214294 -0.346687
v 0.004342 0.282255 -0.094602
v 0.004342 0.277810 -0.098544
v -0.089367 0.246015 -0.120809
v -0.093542 0.249044 -0.117857
v 0.006257 0.267356 -0.077247
v 0.009560 0.267356 -0.076314
v 0.009560 0.262118 -0.078484
v 0.006257 0.262777 -0.079143
v 0.006261 0.296624 -0.086893
v 0.009185 0.295873 -0.086893
v 0.009185 0.288448 -0.104816
v 0.006261 0.288980 -0.105348
v 0.100018 0.090661 -0.229162
v 0.096557 0.092159 -0.225264
v 0.133355 0.164932 -0.174308
v 0.138251 0.166271 -0.176220
v 0.004374 0.268748 -0.072004
v 0.004374 0.274983 -0.072518
v -0.098308 0.240142 -0.096913
v -0.094905 0.235062 -0.095591
v -0.100436 0.246304 -0.102095
v -0.099123 0.241700 -0.097809
v 0.004411 0.276831 -0.073211
v 0.004411 0.281879 -0.077185
v -0.002903 0.258366 -0.077407
v -0.000666 0.260064 -0.079105
v -0.000666 0.257621 -0.085003
v -0.002903 0.255220 -0.085003
v 0.095164 0.077806 -0.207193
v 0.006325 0.047662 -0.228300
v 0.006325 0.042313 -0.229196
v 0.098627 0.073632 -0.207267
v -0.121143 0.154049 -0.155399
v -0.118498 0.156186 -0.158450
v -0.082896 0.226592 -0.109151
v -0.084766 0.225987 -0.105027
v -0.081837 0.088228 -0.212754
v -0.117022 0.157808 -0.164033
v -0.117731 0.155698 -0.161019
v -0.082339 0.085706 -0.210028
v -0.002903 0.278204 -0.077407
v -0.002903 0.281350 -0.085003
v -0.000666 0.278949 -0.085003
v -0.000666 0.276506 -0.079105
v -0.117731 0.161049 -0.168661
v -0.117022 0.158938 -0.165647
v -0.081837 0.089357 -0.214368
v -0.082339 0.091057 -0.217670
v 0.091711 0.089984 -0.218421
v 0.006267 0.060993 -0.238720
v 0.006267 0.059463 -0.235300
v 0.091209 0.088284 -0.215119
v -0.004523 0.254943 -0.074032
v -0.003860 0.257075 -0.076163
v -0.003860 0.253428 -0.084969
v -0.004523 0.250413 -0.084969
v -0.003561 0.285107 -0.101383
v -0.004453 0.283095 -0.099371
v -0.004453 0.288236 -0.086958
v -0.003561 0.291082 -0.086958
v 0.108989 0.078121 -0.231705
v 0.006308 0.043281 -0.256100
v 0.006308 0.049516 -0.256614
v 0.105587 0.083201 -0.233027
v -0.089367 0.088539 -0.231074
v 0.004342 0.056743 -0.253338
v 0.004342 0.051518 -0.256166
v -0.093542 0.084729 -0.232911
v 0.155862 0.159341 -0.162987
v 0.112433 0.245227 -0.102849
v 0.111120 0.240623 -0.098563
v 0.154006 0.155813 -0.157949
v -0.096273 0.069709 -0.211373
v -0.137396 0.151034 -0.154429
v -0.142208 0.153326 -0.157703
v -0.099675 0.069214 -0.216598
v 0.013481 0.276843 -0.095884
v 0.011244 0.275145 -0.094186
v 0.011244 0.269247 -0.096629
v 0.013481 0.269247 -0.099030
v -0.142208 0.154910 -0.156594
v -0.137396 0.152618 -0.153320
v -0.096273 0.233942 -0.096376
v -0.099675 0.239021 -0.097698
v 0.152890 0.153326 -0.157703
v 0.148077 0.151034 -0.154429
v 0.106955 0.069709 -0.211373
v 0.110357 0.069214 -0.216598
v 0.004342 0.266746 -0.072452
v -0.093542 0.233534 -0.095707
v -0.089367 0.229724 -0.097544
v 0.004342 0.261521 -0.075280
v -0.129595 0.151806 -0.152104
v -0.090780 0.228567 -0.098354
v -0.094954 0.232376 -0.096517
v -0.135499 0.152196 -0.152661
v 0.131824 0.152498 -0.156485
v 0.129179 0.154634 -0.159537
v 0.093578 0.084228 -0.208836
v 0.095447 0.080559 -0.206857
v 0.006288 0.256852 -0.087963
v 0.092239 0.227689 -0.108383
v 0.094109 0.227084 -0.104259
v 0.006288 0.256882 -0.083394
v 0.100018 0.227602 -0.099456
v 0.096557 0.226104 -0.103353
v 0.133355 0.153332 -0.154309
v 0.138251 0.151993 -0.152398
v -0.004453 0.288236 -0.084972
v -0.004453 0.283095 -0.072560
v -0.003561 0.285107 -0.070547
v -0.003561 0.291082 -0.084972
v -0.122674 0.153332 -0.154309
v -0.085875 0.226104 -0.103353
v -0.089336 0.227602 -0.099456
v -0.127569 0.151993 -0.152398
v 0.092519 0.230036 -0.115864
v 0.093021 0.232557 -0.118590
v 0.128413 0.162566 -0.167599
v 0.127704 0.160456 -0.164585
v 0.004374 0.285011 -0.086840
v 0.004374 0.283361 -0.092874
v -0.094905 0.249675 -0.116461
v -0.098308 0.250170 -0.111234
v -0.004523 0.269281 -0.068094
v -0.004523 0.280218 -0.072624
v -0.003860 0.278087 -0.074755
v -0.003860 0.269281 -0.071108
v -0.084483 0.091019 -0.226063
v 0.004357 0.060875 -0.247170
v 0.004357 0.058203 -0.251889
v -0.087945 0.089521 -0.229960
v -0.081029 0.089984 -0.218421
v -0.080527 0.088284 -0.215119
v 0.004415 0.059463 -0.235300
v 0.004415 0.060993 -0.238720
v 0.013078 0.250244 -0.069279
v 0.010907 0.248794 -0.067830
v 0.010907 0.241679 -0.085007
v 0.013078 0.243729 -0.085007
v 0.009037 0.273079 -0.070133
v 0.009037 0.273079 0.060068
v 0.011303 0.269154 0.060068
v 0.011303 0.269154 -0.070133
v 0.003005 0.262631 0.060068
v 0.003005 0.262631 -0.070133
v 0.007537 0.262631 -0.070133
v 0.007537 0.262631 0.060068
v -0.003561 0.269278 -0.108762
v -0.004453 0.269278 -0.105917
v -0.004453 0.281691 -0.100776
v -0.003561 0.283702 -0.102787
v -0.002499 0.250244 -0.069279
v -0.002499 0.243729 -0.085007
v -0.000328 0.241679 -0.085007
v -0.000328 0.248794 -0.067829
v 0.004317 0.239946 -0.085037
v 0.004317 0.247590 -0.066583
v 0.001394 0.248121 -0.067115
v 0.001394 0.240697 -0.085037
v -0.004523 0.286156 -0.084969
v -0.003860 0.283142 -0.084969
v -0.003860 0.279495 -0.076163
v -0.004523 0.281626 -0.074032
v 0.009185 0.287135 -0.106129
v 0.009185 0.269213 -0.113553
v 0.006261 0.269213 -0.114304
v 0.006261 0.287667 -0.106660
v 0.006288 0.061411 -0.240654
v 0.092239 0.090574 -0.220235
v 0.094109 0.091179 -0.224358
v 0.006288 0.061381 -0.245223
v 0.015031 0.281691 -0.100776
v 0.015031 0.269278 -0.105917
v 0.014139 0.269278 -0.108762
v 0.014139 0.283702 -0.102787
v 0.100049 0.088539 -0.231074
v 0.104223 0.084729 -0.232911
v 0.006340 0.051518 -0.256166
v 0.006340 0.056743 -0.253338
v -0.145180 0.158923 -0.165631
v -0.143324 0.162450 -0.170669
v -0.100438 0.077640 -0.230055
v -0.101751 0.073037 -0.225769
v -0.003860 0.269281 -0.100822
v -0.003860 0.278087 -0.097175
v -0.004523 0.280218 -0.099307
v -0.004523 0.269281 -0.103837
v 0.006261 0.269213 -0.057626
v 0.009185 0.269213 -0.058378
v 0.009185 0.287135 -0.065802
v 0.006261 0.287667 -0.065270
v -0.004523 0.267289 -0.103837
v -0.004523 0.256351 -0.099307
v -0.003860 0.258483 -0.097175
v -0.003860 0.267289 -0.100822
v 0.015031 0.269278 -0.066014
v 0.015031 0.281690 -0.071155
v 0.014139 0.283703 -0.069143
v 0.014139 0.269278 -0.063168
v 0.009560 0.269214 -0.076314
v 0.006257 0.269214 -0.077247
v 0.006257 0.273793 -0.079143
v 0.009560 0.274452 -0.078484
v 0.010907 0.294891 -0.086923
v 0.013078 0.292841 -0.086923
v 0.013078 0.286326 -0.102651
v 0.010907 0.287775 -0.104101
v 0.009185 0.249434 -0.106129
v 0.006261 0.248902 -0.106660
v 0.006261 0.267357 -0.114304
v 0.009185 0.267357 -0.113553
v 0.105636 0.232376 -0.096517
v 0.101462 0.228567 -0.098354
v 0.140277 0.151806 -0.152104
v 0.146180 0.152196 -0.152661
v 0.006257 0.269214 -0.094684
v 0.009560 0.269214 -0.095616
v 0.009560 0.274452 -0.093446
v 0.006257 0.273793 -0.092787
v 0.013078 0.284971 -0.104006
v 0.013078 0.269243 -0.110521
v 0.010907 0.269243 -0.112571
v 0.010907 0.286420 -0.105456
v 0.004342 0.036007 -0.234016
v 0.004342 0.040453 -0.230073
v -0.089367 0.072249 -0.207809
v -0.093542 0.069220 -0.210761
v -0.003860 0.279495 -0.095767
v -0.003860 0.283142 -0.086961
v -0.004523 0.286156 -0.086961
v -0.004523 0.281626 -0.097899
v -0.082896 0.084228 -0.208836
v -0.118498 0.154634 -0.159537
v -0.121143 0.152498 -0.156485
v -0.084766 0.080559 -0.206857
v 0.001018 0.274452 -0.078484
v 0.004321 0.273793 -0.079143
v 0.004321 0.269214 -0.077247
v 0.001018 0.269214 -0.076314
v 0.004357 0.042313 -0.229196
v 0.004357 0.047662 -0.228300
v -0.084483 0.077806 -0.207193
v -0.087945 0.073632 -0.207267
v 0.006340 0.266746 -0.072452
v 0.006340 0.261521 -0.075280
v 0.100049 0.229724 -0.097544
v 0.104223 0.233534 -0.095707
v 0.010907 0.269243 -0.059359
v 0.013078 0.269243 -0.061409
v 0.013078 0.284971 -0.067924
v 0.010907 0.286420 -0.066475
v 0.015031 0.288236 -0.086958
v 0.015031 0.283095 -0.099371
v 0.014139 0.285107 -0.101383
v 0.014139 0.291082 -0.086958
v 0.004415 0.058333 -0.233686
v -0.080527 0.087155 -0.213506
v -0.081029 0.084633 -0.210779
v 0.004415 0.055642 -0.231079
v 0.006271 0.276831 -0.073211
v 0.109805 0.241700 -0.097809
v 0.111118 0.246304 -0.102095
v 0.006271 0.281879 -0.077185
v 0.004321 0.261463 -0.091473
v 0.001018 0.260804 -0.092132
v 0.001018 0.258634 -0.086894
v 0.004321 0.259566 -0.086894
v -0.081029 0.228280 -0.110197
v -0.080527 0.229980 -0.113499
v 0.004415 0.258800 -0.093317
v 0.004415 0.257270 -0.089897
v 0.092519 0.228906 -0.114250
v 0.127704 0.159326 -0.162971
v 0.128412 0.157215 -0.159957
v 0.093021 0.227207 -0.110948
v 0.093578 0.234035 -0.119782
v 0.095448 0.237703 -0.121760
v 0.131824 0.165766 -0.172132
v 0.129179 0.163630 -0.169081
v -0.117731 0.162566 -0.167599
v -0.082339 0.232557 -0.118590
v -0.081837 0.230036 -0.115864
v -0.117022 0.160456 -0.164585
v 0.014139 0.285107 -0.070547
v 0.015031 0.283095 -0.072560
v 0.015031 0.288236 -0.084972
v 0.014139 0.291082 -0.084972
v 0.013078 0.251599 -0.067924
v 0.013078 0.267327 -0.061409
v 0.010907 0.267327 -0.059359
v 0.010907 0.250149 -0.066475
v 0.011244 0.278949 -0.086927
v 0.011244 0.276506 -0.092825
v 0.013481 0.278204 -0.094523
v 0.013481 0.281350 -0.086927
v 0.010907 0.267327 -0.112571
v 0.013078 0.267327 -0.110521
v 0.013078 0.251599 -0.104006
v 0.010907 0.250149 -0.105456
v -0.100438 0.248784 -0.110217
v -0.143324 0.163973 -0.169603
v -0.145180 0.160446 -0.164565
v -0.101750 0.246332 -0.104427
v -0.094954 0.247886 -0.118668
v -0.090780 0.244857 -0.121619
v -0.129595 0.168095 -0.175368
v -0.135499 0.167705 -0.174811
v -0.000666 0.278949 -0.086927
v -0.002903 0.281350 -0.086927
v -0.002903 0.278204 -0.094523
v -0.000666 0.276506 -0.092825
v -0.000328 0.269243 -0.112571
v -0.002499 0.269243 -0.110521
v -0.002499 0.284971 -0.104006
v -0.000328 0.286421 -0.105456
v 0.014139 0.267292 -0.108762
v 0.015031 0.267292 -0.105917
v 0.015031 0.254879 -0.100776
v 0.014139 0.252867 -0.102787
v 0.015031 0.253474 -0.099371
v 0.015031 0.248333 -0.086958
v 0.014139 0.245488 -0.086958
v 0.014139 0.251463 -0.101383
v 0.100049 0.246015 -0.120809
v 0.006340 0.277810 -0.098544
v 0.006340 0.282255 -0.094602
v 0.104224 0.249044 -0.117857
v 0.001505 0.273079 0.060068
v 0.001505 0.273079 -0.070133
v -0.000761 0.269154 -0.070133
v -0.000761 0.269154 0.060068
v -0.121143 0.165766 -0.172132
v -0.084766 0.237703 -0.121760
v -0.082896 0.234035 -0.119782
v -0.118498 0.163630 -0.169081
v 0.004357 0.275950 -0.099421
v 0.004357 0.270601 -0.100318
v -0.084483 0.240457 -0.121425
v -0.087945 0.244632 -0.121351
v -0.003561 0.245488 -0.084972
v -0.003561 0.251463 -0.070548
v -0.004453 0.253474 -0.072559
v -0.004453 0.248333 -0.084972
v 0.004317 0.239946 -0.086893
v 0.001394 0.240697 -0.086893
v 0.001394 0.248121 -0.104816
v 0.004317 0.247590 -0.105348
v 0.015101 0.267289 -0.103837
v 0.014438 0.267289 -0.100822
v 0.014438 0.258483 -0.097175
v 0.015101 0.256351 -0.099307
v -0.122674 0.164932 -0.174308
v -0.085875 0.092159 -0.225264
v -0.089336 0.090661 -0.229162
v -0.127569 0.166271 -0.176220
v 0.014438 0.257075 -0.095767
v 0.014438 0.253428 -0.086961
v 0.015101 0.250413 -0.086961
v 0.015101 0.254943 -0.097899
v -0.004453 0.254879 -0.100776
v -0.004453 0.267292 -0.105917
v -0.003561 0.267292 -0.108762
v -0.003561 0.252867 -0.102787
v 0.015101 0.250413 -0.084969
v 0.014438 0.253428 -0.084969
v 0.014438 0.257075 -0.076164
v 0.015101 0.254943 -0.074032
v 0.011244 0.257621 -0.085003
v 0.011244 0.260064 -0.079105
v 0.013481 0.258367 -0.077407
v 0.013481 0.255220 -0.085003
v 0.140277 0.166458 -0.176514
v 0.146180 0.166068 -0.175957
v 0.105636 0.085887 -0.232101
v 0.101462 0.089696 -0.230264
v 0.004394 0.061411 -0.240654
v 0.004394 0.061381 -0.245223
v -0.083427 0.091179 -0.224358
v -0.081557 0.090574 -0.220235
v 0.095165 0.091019 -0.226063
v 0.098627 0.089521 -0.229960
v 0.006325 0.058203 -0.251889
v 0.006325 0.060875 -0.247170
v 0.155862 0.157818 -0.164054
v 0.154006 0.154290 -0.159015
v 0.111120 0.069479 -0.218400
v 0.112433 0.071932 -0.224191
v 0.013481 0.278203 -0.077407
v 0.011244 0.276506 -0.079105
v 0.011244 0.278949 -0.085003
v 0.013481 0.281350 -0.085003
v -0.098307 0.078121 -0.231705
v -0.094905 0.083201 -0.233027
v 0.004374 0.049516 -0.256614
v 0.004374 0.043281 -0.256100
v 0.111118 0.070855 -0.224945
v 0.109805 0.068403 -0.219154
v 0.006271 0.033273 -0.243752
v 0.006271 0.035280 -0.249855
v 0.105587 0.068589 -0.212157
v 0.006308 0.034902 -0.235744
v 0.006308 0.033253 -0.241778
v 0.108989 0.068094 -0.217383
v 0.015101 0.286156 -0.084969
v 0.015101 0.281626 -0.074032
v 0.014438 0.279495 -0.076164
v 0.014438 0.283142 -0.084969
v 0.013481 0.258366 -0.094523
v 0.011244 0.260064 -0.092825
v 0.011244 0.257621 -0.086927
v 0.013481 0.255220 -0.086927
v -0.100438 0.069479 -0.218400
v -0.143324 0.154290 -0.159015
v -0.145180 0.157818 -0.164054
v -0.101751 0.071932 -0.224191
v 0.004411 0.041433 -0.255406
v 0.004411 0.036385 -0.251433
v -0.100436 0.071960 -0.226523
v -0.099123 0.076563 -0.230809
v 0.111120 0.077640 -0.230055
v 0.154006 0.162450 -0.170669
v 0.155862 0.158923 -0.165631
v 0.112433 0.073037 -0.225769
v 0.011244 0.267323 -0.096629
v 0.011244 0.261425 -0.094186
v 0.013481 0.259727 -0.095884
v 0.013481 0.267323 -0.099030
v 0.111118 0.071960 -0.226523
v 0.006271 0.036385 -0.251433
v 0.006271 0.041433 -0.255406
v 0.109805 0.076563 -0.230809
v 0.106955 0.233942 -0.096376
v 0.148077 0.152618 -0.153320
v 0.152889 0.154910 -0.156594
v 0.110357 0.239021 -0.097698
v 0.013481 0.269247 -0.072900
v 0.011244 0.269247 -0.075301
v 0.011244 0.275145 -0.077745
v 0.013481 0.276843 -0.076047
v 0.140277 0.150169 -0.153250
v 0.101462 0.073407 -0.206999
v 0.105636 0.070378 -0.209950
v 0.146180 0.150559 -0.153807
v 0.108989 0.240142 -0.096913
v 0.006308 0.274983 -0.072518
v 0.006308 0.268748 -0.072004
v 0.105587 0.235062 -0.095591
v 0.009560 0.277936 -0.086894
v 0.006257 0.277003 -0.086894
v 0.006257 0.275107 -0.091473
v 0.009560 0.275766 -0.092132
v 0.009185 0.288448 -0.067115
v 0.009185 0.295872 -0.085037
v 0.006261 0.296624 -0.085037
v 0.006261 0.288980 -0.066583
v 0.004374 0.033253 -0.241778
v 0.004374 0.034902 -0.235744
v -0.094905 0.068589 -0.212157
v -0.098307 0.068094 -0.217383
v -0.004453 0.269278 -0.066014
v -0.003561 0.269278 -0.063168
v -0.003561 0.283703 -0.069143
v -0.004453 0.281690 -0.071155
v 0.013481 0.267323 -0.072900
v 0.013481 0.259727 -0.076047
v 0.011244 0.261425 -0.077745
v 0.011244 0.267323 -0.075301
v -0.003860 0.258483 -0.074755
v -0.004523 0.256351 -0.072624
v -0.004523 0.267289 -0.068094
v -0.003860 0.267289 -0.071108
v -0.100438 0.240623 -0.098563
v -0.101751 0.245227 -0.102849
v -0.145180 0.159341 -0.162987
v -0.143324 0.155813 -0.157949
v 0.006257 0.277003 -0.085036
v 0.009560 0.277936 -0.085036
v 0.009560 0.275766 -0.079798
v 0.006257 0.275107 -0.080457
v 0.155862 0.160446 -0.164565
v 0.154006 0.163973 -0.169603
v 0.111120 0.248784 -0.110217
v 0.112432 0.246332 -0.104427
v 0.094108 0.079462 -0.207625
v 0.092239 0.083131 -0.209604
v 0.006288 0.053967 -0.230025
v 0.006288 0.049664 -0.228490
v 0.015101 0.256351 -0.072624
v 0.014438 0.258483 -0.074756
v 0.014438 0.267289 -0.071108
v 0.015101 0.267289 -0.068094
v 0.013078 0.286326 -0.069279
v 0.013078 0.292841 -0.085007
v 0.010907 0.294891 -0.085007
v 0.010907 0.287775 -0.067830
v 0.009560 0.258634 -0.085036
v 0.006257 0.259566 -0.085036
v 0.006257 0.261463 -0.080457
v 0.009560 0.260804 -0.079798
v 0.004321 0.275107 -0.080457
v 0.001018 0.275766 -0.079798
v 0.001018 0.277936 -0.085036
v 0.004321 0.277003 -0.085036
v 0.004321 0.262777 -0.079143
v 0.001018 0.262118 -0.078484
v 0.001018 0.267356 -0.076314
v 0.004321 0.267356 -0.077247
v 0.138250 0.150381 -0.153527
v 0.133355 0.151719 -0.155438
v 0.096556 0.078946 -0.206394
v 0.100018 0.074772 -0.206469
v 0.004394 0.053967 -0.230025
v -0.081557 0.083131 -0.209604
v -0.083427 0.079462 -0.207625
v 0.004394 0.049664 -0.228490
v -0.094954 0.070378 -0.209950
v -0.090780 0.073407 -0.206999
v -0.129595 0.150169 -0.153250
v -0.135499 0.150559 -0.153807
v -0.085875 0.078946 -0.206394
v -0.122674 0.151719 -0.155438
v -0.127569 0.150381 -0.153527
v -0.089336 0.074772 -0.206469
v 0.009560 0.258634 -0.086894
v 0.009560 0.260804 -0.092132
v 0.006257 0.261463 -0.091473
v 0.006257 0.259566 -0.086894
v 0.001018 0.275766 -0.092132
v 0.004321 0.275107 -0.091473
v 0.004321 0.277003 -0.086894
v 0.001018 0.277936 -0.086894
v 0.009560 0.267356 -0.095616
v 0.006257 0.267356 -0.094684
v 0.006257 0.262777 -0.092787
v 0.009560 0.262118 -0.093446
v 0.014139 0.252867 -0.069143
v 0.015031 0.254879 -0.071155
v 0.015031 0.267292 -0.066014
v 0.014139 0.267292 -0.063168
v 0.001018 0.262118 -0.093446
v 0.004321 0.262777 -0.092787
v 0.004321 0.267356 -0.094684
v 0.001018 0.267356 -0.095616
v 0.091711 0.084633 -0.210779
v 0.091209 0.087155 -0.213506
v 0.006267 0.058333 -0.233686
v 0.006267 0.055642 -0.231079
v -0.084483 0.227244 -0.102554
v 0.004357 0.257388 -0.081448
v 0.004357 0.260060 -0.076729
v -0.087945 0.228742 -0.098658
v 0.014438 0.269281 -0.071108
v 0.014438 0.278087 -0.074756
v 0.015101 0.280218 -0.072624
v 0.015101 0.269281 -0.068094
v 0.001018 0.258634 -0.085036
v 0.001018 0.260804 -0.079798
v 0.004321 0.261463 -0.080457
v 0.004321 0.259566 -0.085036
v 0.093578 0.226592 -0.109151
v 0.129179 0.156186 -0.158450
v 0.131824 0.154049 -0.155399
v 0.095448 0.225987 -0.105027
v 0.004321 0.273793 -0.092787
v 0.001018 0.274452 -0.093446
v 0.001018 0.269214 -0.095616
v 0.004321 0.269214 -0.094684
v -0.083427 0.227084 -0.104259
v -0.081557 0.227689 -0.108383
v 0.004394 0.256852 -0.087963
v 0.004394 0.256882 -0.083394
v -0.002903 0.259727 -0.076047
v -0.002903 0.267323 -0.072900
v -0.000666 0.267323 -0.075301
v -0.000666 0.261425 -0.077744
v 0.131824 0.164214 -0.173218
v 0.095448 0.092276 -0.223590
v 0.093578 0.091671 -0.219467
v 0.129179 0.162078 -0.170168
v 0.006267 0.258800 -0.093317
v 0.091209 0.229980 -0.113499
v 0.091711 0.228280 -0.110197
v 0.006267 0.257270 -0.089897
v 0.010907 0.241679 -0.086923
v 0.010907 0.248794 -0.104101
v 0.013078 0.250244 -0.102651
v 0.013078 0.243729 -0.086923
v 0.128413 0.161049 -0.168661
v 0.093021 0.091057 -0.217670
v 0.092519 0.089357 -0.214368
v 0.127704 0.158938 -0.165647
v 0.128412 0.155698 -0.161019
v 0.127704 0.157808 -0.164033
v 0.092519 0.088228 -0.212754
v 0.093021 0.085706 -0.210028
v -0.000328 0.294891 -0.086923
v -0.000328 0.287775 -0.104101
v -0.002499 0.286326 -0.102651
v -0.002499 0.292841 -0.086923
v -0.002903 0.258366 -0.094523
v -0.002903 0.255220 -0.086927
v -0.000666 0.257621 -0.086927
v -0.000666 0.260064 -0.092825
v -0.000666 0.267323 -0.096629
v -0.002903 0.267323 -0.099030
v -0.002903 0.259727 -0.095884
v -0.000666 0.261425 -0.094186
v 0.100049 0.072249 -0.207809
v 0.006340 0.040453 -0.230073
v 0.006340 0.036007 -0.234016
v 0.104224 0.069220 -0.210761
v 0.004317 0.296624 -0.086893
v 0.004317 0.288980 -0.105348
v 0.001394 0.288448 -0.104816
v 0.001394 0.295873 -0.086893
v -0.000666 0.269247 -0.096629
v -0.000666 0.275145 -0.094186
v -0.002903 0.276843 -0.095884
v -0.002903 0.269247 -0.099030
v -0.000328 0.241679 -0.086923
v -0.002499 0.243729 -0.086923
v -0.002500 0.250244 -0.102651
v -0.000328 0.248794 -0.104101
v -0.100436 0.247409 -0.103673
v 0.004411 0.282984 -0.078763
v 0.004411 0.284991 -0.084866
v -0.099123 0.249861 -0.109463
v 0.004411 0.033273 -0.243752
v -0.099123 0.068403 -0.219154
v -0.100436 0.070855 -0.224945
v 0.004411 0.035280 -0.249855
v 0.014139 0.245488 -0.084972
v 0.015031 0.248333 -0.084972
v 0.015031 0.253474 -0.072559
v 0.014139 0.251463 -0.070548
v -0.002903 0.276843 -0.076047
v -0.000666 0.275145 -0.077744
v -0.000666 0.269247 -0.075301
v -0.002903 0.269247 -0.072900
v 0.011303 0.267422 -0.070133
v 0.011303 0.267422 0.060068
v 0.009037 0.263497 0.060068
v 0.009037 0.263497 -0.070133
v -0.096273 0.084321 -0.232242
v -0.099675 0.079242 -0.230920
v -0.142208 0.163353 -0.172024
v -0.137396 0.165646 -0.175298
v 0.111118 0.247409 -0.103673
v 0.109805 0.249861 -0.109463
v 0.006271 0.284991 -0.084866
v 0.006271 0.282984 -0.078763
v -0.096273 0.248555 -0.117245
v -0.137396 0.167230 -0.174189
v -0.142208 0.164938 -0.170915
v -0.099675 0.249050 -0.112019
v 0.006261 0.267357 -0.057626
v 0.006261 0.248902 -0.065270
v 0.009185 0.249434 -0.065802
v 0.009185 0.267357 -0.058378
v 0.152890 0.164938 -0.170915
v 0.148077 0.167230 -0.174189
v 0.106955 0.248555 -0.117245
v 0.110357 0.249050 -0.112019
v -0.000328 0.294891 -0.085007
v -0.002499 0.292841 -0.085007
v -0.002499 0.286326 -0.069279
v -0.000328 0.287775 -0.067829
v 0.152890 0.163353 -0.172024
v 0.110357 0.079242 -0.230920
v 0.106955 0.084321 -0.232242
v 0.148077 0.165646 -0.175298
v 0.140277 0.168095 -0.175368
v 0.101462 0.244857 -0.121619
v 0.105636 0.247886 -0.118668
v 0.146180 0.167705 -0.174811
v -0.085875 0.239317 -0.122223
v -0.122674 0.166545 -0.173179
v -0.127568 0.167883 -0.175091
v -0.089336 0.243492 -0.122149
v -0.000761 0.267422 0.060068
v -0.000761 0.267422 -0.070133
v 0.001505 0.263497 -0.070133
v 0.001505 0.263497 0.060068
v 0.001394 0.287135 -0.065802
v 0.001394 0.269213 -0.058377
v 0.004317 0.269213 -0.057626
v 0.004317 0.287667 -0.065270
v 0.095165 0.240457 -0.121425
v 0.006325 0.270601 -0.100318
v 0.006325 0.275950 -0.099421
v 0.098627 0.244632 -0.121351
v 0.006261 0.239946 -0.085037
v 0.009185 0.240697 -0.085037
v 0.009185 0.248121 -0.067115
v 0.006261 0.247590 -0.066583
v 0.004394 0.264296 -0.098593
v -0.081557 0.235132 -0.119014
v -0.083427 0.238801 -0.120992
v 0.004394 0.268599 -0.100128
v 0.003005 0.273945 -0.070133
v 0.003005 0.273945 0.060068
v 0.007537 0.273945 0.060068
v 0.007537 0.273945 -0.070133
v 0.009185 0.248121 -0.104816
v 0.009185 0.240697 -0.086893
v 0.006261 0.239946 -0.086893
v 0.006261 0.247590 -0.105348
v 0.094109 0.238801 -0.120992
v 0.092239 0.235132 -0.119014
v 0.006288 0.264296 -0.098593
v 0.006288 0.268599 -0.100128
v -0.089659 -0.137015 -0.314917
v -0.027835 -0.214294 -0.314917
v -0.089659 -0.214294 -0.346687
v 0.091711 0.233630 -0.117839
v 0.091209 0.231109 -0.115112
v 0.006267 0.259930 -0.094931
v 0.006267 0.262621 -0.097539
v 0.015101 0.280218 -0.099307
v 0.014438 0.278087 -0.097175
v 0.014438 0.269281 -0.100822
v 0.015101 0.269281 -0.103837
v 0.004415 0.259930 -0.094931
v -0.080527 0.231109 -0.115112
v -0.081029 0.233630 -0.117839
v 0.004415 0.262621 -0.097539
v -0.003561 0.245488 -0.086958
v -0.004453 0.248333 -0.086958
v -0.004453 0.253474 -0.099371
v -0.003561 0.251463 -0.101383
v 0.006325 0.260060 -0.076729
v 0.006325 0.257388 -0.081448
v 0.095165 0.227244 -0.102554
v 0.098627 0.228742 -0.098658
v -0.002500 0.251599 -0.104006
v -0.002499 0.267327 -0.110521
v -0.000328 0.267327 -0.112571
v -0.000328 0.250149 -0.105456
v -0.094954 0.085887 -0.232101
v -0.135499 0.166068 -0.175957
v -0.129595 0.166458 -0.176514
v -0.090780 0.089696 -0.230264
v 0.001394 0.249434 -0.106129
v 0.001394 0.267357 -0.113553
v 0.004317 0.267357 -0.114304
v 0.004317 0.248902 -0.106660
v 0.001394 0.287135 -0.106129
v 0.004317 0.287667 -0.106660
v 0.004317 0.269213 -0.114304
v 0.001394 0.269213 -0.113553
v 0.004317 0.267357 -0.057626
v 0.001394 0.267357 -0.058377
v 0.001394 0.249434 -0.065802
v 0.004317 0.248902 -0.065270
v 0.004317 0.296624 -0.085037
v 0.001394 0.295873 -0.085037
v 0.001394 0.288448 -0.067115
v 0.004317 0.288980 -0.066583
v -0.000328 0.269243 -0.059359
v -0.000328 0.286421 -0.066475
v -0.002499 0.284971 -0.067924
v -0.002499 0.269243 -0.061409
v -0.121143 0.164214 -0.173218
v -0.118498 0.162078 -0.170168
v -0.082896 0.091671 -0.219467
v -0.084766 0.092276 -0.223590
v -0.004523 0.250413 -0.086961
v -0.003860 0.253428 -0.086961
v -0.003860 0.257075 -0.095767
v -0.004523 0.254943 -0.097899
v -0.081837 0.228906 -0.114250
v -0.082339 0.227207 -0.110948
v -0.117731 0.157215 -0.159957
v -0.117022 0.159326 -0.162971
v 0.015101 0.286156 -0.086961
v 0.014438 0.283142 -0.086961
v 0.014438 0.279495 -0.095767
v 0.015101 0.281626 -0.097899
v -0.002499 0.251599 -0.067924
v -0.000328 0.250149 -0.066475
v -0.000328 0.267327 -0.059359
v -0.002499 0.267327 -0.061409
v -0.003561 0.252867 -0.069143
v -0.003561 0.267292 -0.063168
v -0.004453 0.267292 -0.066014
v -0.004453 0.254879 -0.071155
vn 0.8584 -0.4427 0.2591
vn -0.3366 0.9191 0.2049
vn 0.2847 0.6428 -0.7112
vn 0.7543 0.1219 -0.6451
vn -0.0223 -0.4994 0.8661
vn -0.5198 -0.0008 0.8543
vn -0.5805 -0.6036 -0.5465
vn 0.0473 -0.0375 -0.9982
vn -0.6750 -0.6153 0.4072
vn 0.3366 0.9191 0.2049
vn -0.8584 -0.4427 0.2591
vn -0.7543 0.1219 -0.6451
vn -0.2847 0.6428 -0.7112
vn 0.5198 -0.0008 0.8543
vn 0.0223 -0.4994 0.8661
vn 0.5805 -0.6036 -0.5465
vn -0.0473 -0.0375 -0.9982
vn 0.6750 -0.6153 0.4072
vn -0.3366 0.9191 -0.2049
vn 0.8584 -0.4427 -0.2591
vn 0.7543 0.1219 0.6451
vn 0.2847 0.6428 0.7112
vn -0.5198 -0.0008 -0.8543
vn -0.0223 -0.4994 -0.8661
vn -0.5805 -0.6036 0.5465
vn 0.0472 -0.0375 0.9982
vn -0.6750 -0.6153 -0.4072
vn -0.8584 -0.4427 -0.2591
vn 0.3366 0.9191 -0.2049
vn -0.2847 0.6428 0.7112
vn -0.7543 0.1219 0.6451
vn 0.0223 -0.4994 -0.8661
vn 0.5198 -0.0008 -0.8543
vn 0.5805 -0.6036 0.5465
vn -0.0472 -0.0375 0.9982
vn 0.6750 -0.6153 -0.4072
vn -0.3366 -0.9191 0.2049
vn 0.8584 0.4427 0.2591
vn 0.7543 -0.1219 -0.6451
vn 0.2847 -0.6428 -0.7112
vn -0.5198 0.0008 0.8543
vn -0.0223 0.4994 0.8661
vn -0.5805 0.6036 -0.5465
vn 0.0473 0.0375 -0.9982
vn -0.6750 0.6153 0.4072
vn -0.8584 0.4427 0.2591
vn 0.3366 -0.9191 0.2049
vn -0.2847 -0.6428 -0.7112
vn -0.7543 -0.1219 -0.6451
vn 0.0223 0.4994 0.8661
vn 0.5198 0.0008 0.8543
vn 0.5805 0.6036 -0.5465
vn -0.0473 0.0375 -0.9982
vn 0.6750 0.6153 0.4072
vn -0.8297 0.3410 0.4419
vn 0.4601 0.8733 0.1599
vn 0.6602 -0.4308 0.6153
vn 0.1975 -0.5623 0.8030
vn -0.0214 0.5734 -0.8190
vn -0.5440 0.4813 -0.6873
vn 0.8961 0.0112 -0.4438
vn 0.4668 -0.0484 0.8830
vn -0.3847 0.1662 -0.9080
vn -0.2100 -0.8846 -0.4163
vn 0.1397 -0.4479 0.8831
vn -0.0151 0.5611 -0.8276
vn -0.5000 -0.8660 -0.0000
vn 0.5000 -0.8660 -0.0000
vn 0.3273 -0.5669 -0.7559
vn -0.3273 -0.5669 -0.7559
vn -0.3273 -0.5669 0.7559
vn 0.3273 -0.5669 0.7559
vn 1.0000 -0.0000 -0.0000
vn 0.6547 -0.0000 -0.7559
vn 0.6547 -0.0000 0.7559
vn 0.5000 0.8660 -0.0000
vn 0.3273 0.5669 -0.7559
vn 0.3273 0.5669 0.7559
vn -0.5000 0.8660 -0.0000
vn -0.3273 0.5669 -0.7559
vn -0.3273 0.5669 0.7559
vn -1.0000 -0.0000 -0.0000
vn -0.6547 -0.0000 -0.7559
vn -0.6547 -0.0000 0.7559
vn -0.2553 0.5126 0.8198
vn 0.8099 0.1512 0.5667
vn -0.0000 -0.8230 0.5681
vn -0.2463 -0.7394 0.6266
vn 0.3545 0.7867 -0.5055
vn -0.0000 0.9069 -0.4213
vn 0.6233 -0.1257 -0.7718
vn -0.0000 -0.9999 0.0150
vn -0.0000 0.9956 0.0938
vn -0.8266 0.3662 -0.4274
vn -0.5731 -0.8054 0.1512
vn 0.6147 0.7870 -0.0522
vn 0.8584 0.4427 -0.2591
vn -0.3366 -0.9191 -0.2049
vn 0.2847 -0.6428 0.7112
vn 0.7543 -0.1219 0.6451
vn -0.0223 0.4994 -0.8661
vn -0.5198 0.0008 -0.8543
vn -0.5805 0.6036 0.5465
vn 0.0472 0.0375 0.9982
vn -0.6750 0.6153 -0.4072
vn -0.5503 -0.5097 -0.6614
vn -0.8249 0.4603 0.3280
vn -0.0000 -0.4005 0.9163
vn -0.0000 0.5559 -0.8312
vn 0.1837 0.8026 0.5676
vn -0.1396 -0.4479 0.8831
vn 0.0151 0.5611 -0.8276
vn 0.9526 0.0002 -0.3043
vn 0.2463 -0.7394 0.6266
vn -0.3545 0.7867 -0.5055
vn 0.6982 -0.7148 -0.0384
vn -0.6481 -0.6288 -0.4295
vn -0.5110 -0.0000 0.8596
vn -0.0000 -0.0000 1.0000
vn -0.0000 -0.0000 -1.0000
vn 0.5978 -0.0000 -0.8017
vn -0.6481 0.7484 0.1409
vn -0.5110 -0.6078 0.6078
vn 0.5977 0.5669 -0.5669
vn 0.6982 0.5327 0.4783
vn -0.0000 -0.7071 0.7071
vn -0.0000 0.7071 -0.7071
vn 0.6815 -0.1814 -0.7090
vn -0.6313 0.1303 -0.7645
vn -0.5191 -0.8547 -0.0000
vn -0.0000 -1.0000 -0.0000
vn -0.0000 1.0000 -0.0000
vn 0.4337 0.9010 -0.0000
vn -0.6312 0.6328 0.4485
vn -0.5191 -0.6044 0.6043
vn 0.4337 0.6371 -0.6372
vn 0.6815 0.3731 0.6296
vn -0.2099 0.6938 0.6889
vn 0.8961 0.4131 -0.1623
vn 0.4668 -0.8132 0.3476
vn 0.1396 -0.6767 0.7229
vn -0.0151 0.5858 -0.8103
vn -0.3846 0.7964 -0.4667
vn 0.4601 -0.4490 -0.7660
vn -0.8298 -0.5318 -0.1693
vn -0.8099 0.5842 -0.0517
vn -0.6233 -0.7683 0.1458
vn -0.0000 -0.3279 -0.9447
vn -0.0000 0.2524 -0.9676
vn -0.0000 -0.0857 0.9963
vn -0.0000 0.4287 0.9035
vn 0.8266 -0.2764 0.4903
vn 0.5731 -0.1334 -0.8086
vn -0.6147 0.2201 0.7574
vn 0.2553 0.9457 0.2014
vn 0.2463 0.3359 -0.9091
vn -0.3545 -0.2060 0.9121
vn 0.6344 -0.0947 0.7671
vn 0.4266 0.8953 -0.1280
vn 0.7071 -0.5792 -0.4056
vn -0.7071 0.5792 0.4056
vn -0.7684 0.4899 -0.4119
vn -0.7049 -0.5491 0.4489
vn -0.0000 -0.8192 -0.5736
vn -0.0000 0.8192 0.5736
vn 0.3883 0.1266 -0.9128
vn -0.5395 -0.7743 -0.3309
vn 0.5110 -0.6078 0.6078
vn 0.8721 -0.3459 0.3460
vn -0.9403 0.2408 -0.2407
vn -0.5978 0.5669 -0.5669
vn -0.5395 -0.3135 0.7815
vn 0.5110 -0.8596 -0.0000
vn -0.5978 0.8017 -0.0000
vn 0.3883 0.7350 0.5559
vn 0.8721 -0.4893 -0.0000
vn -0.9402 0.3405 -0.0000
vn -0.2453 -0.9462 -0.2110
vn 0.8071 -0.5891 0.0391
vn -0.0000 -0.1100 -0.9939
vn 0.4668 0.0484 -0.8830
vn -0.3847 -0.1662 0.9080
vn -0.0000 -0.0357 0.9994
vn 0.5328 0.7751 0.3397
vn -0.0000 0.4005 -0.9163
vn -0.0000 -0.5560 0.8312
vn -0.9635 0.2674 -0.0158
vn 0.1396 0.4479 -0.8831
vn -0.0151 -0.5611 0.8276
vn 0.6303 0.7719 -0.0827
vn -0.2096 0.2803 0.9367
vn -0.9248 0.2182 -0.3117
vn -0.6601 0.4308 -0.6153
vn 0.5440 -0.4813 0.6874
vn 0.8913 -0.2600 0.3714
vn -0.6905 -0.6707 0.2708
vn -0.6539 0.7539 0.0635
vn 0.6303 -0.7763 0.0098
vn 0.0321 -0.4111 -0.9110
vn -0.4668 0.8132 -0.3476
vn 0.3846 -0.7964 0.4667
vn -0.4641 0.0563 0.8840
vn 0.0630 -0.9860 0.1542
vn -0.7071 -0.5792 -0.4056
vn 0.7071 0.5792 0.4056
vn 0.3379 -0.1558 -0.9282
vn -0.2278 0.9629 -0.1449
vn -0.6539 -0.3174 -0.6867
vn 0.6303 0.2563 0.7329
vn 0.3883 -0.1266 -0.9128
vn 0.3883 -0.7349 0.5559
vn 0.8721 0.4893 -0.0000
vn 0.8721 0.3460 0.3460
vn -0.9403 -0.2408 -0.2408
vn -0.9402 -0.3405 -0.0000
vn -0.5394 0.3135 0.7815
vn 0.5110 0.8596 -0.0000
vn -0.5978 -0.8016 -0.0000
vn -0.5394 0.7743 -0.3309
vn 0.5110 0.6078 0.6078
vn -0.5978 -0.5669 -0.5669
vn 0.3380 -0.9255 0.1710
vn 0.0630 -0.1923 -0.9793
vn -0.9248 -0.2182 0.3117
vn 0.8913 0.2601 -0.3714
vn -0.4640 0.8500 -0.2494
vn -0.2277 0.1932 0.9544
vn -0.6539 -0.7539 -0.0634
vn 0.6303 0.7763 -0.0099
vn -0.7057 -0.5714 0.4189
vn 0.6600 -0.1080 0.7434
vn -0.0000 -0.9758 -0.2188
vn 0.6539 -0.7539 -0.0634
vn -0.6303 0.7763 -0.0099
vn -0.0000 0.9902 0.1399
vn 0.7193 0.4485 -0.5306
vn -0.0000 -0.8191 -0.5736
vn -0.0000 0.8191 0.5736
vn -0.5531 0.0168 -0.8329
vn 0.0097 0.2192 -0.9756
vn -0.2266 -0.9520 -0.2057
vn 1.0000 -0.0027 0.0027
vn -0.9844 -0.1244 0.1243
vn -0.2266 -0.5278 0.8186
vn 0.0097 0.8448 0.5350
vn 1.0000 -0.0038 -0.0000
vn -0.9844 -0.1759 -0.0000
vn -0.3496 -0.1210 0.9290
vn 0.1386 0.9710 0.1950
vn 1.0000 0.0027 -0.0027
vn 0.8769 -0.3399 0.3399
vn -0.7889 0.4346 -0.4345
vn -0.9844 0.1243 -0.1244
vn 0.1386 0.5488 -0.8244
vn 1.0000 0.0039 -0.0000
vn -0.9844 0.1758 -0.0000
vn -0.3496 -0.7425 -0.5714
vn 0.8769 -0.4807 -0.0000
vn -0.7889 0.6145 -0.0000
vn -0.8266 0.2764 -0.4903
vn 0.6233 0.7683 -0.1458
vn -0.0000 0.3279 0.9447
vn -0.5731 0.1334 0.8086
vn 0.6147 -0.2201 -0.7574
vn -0.0000 -0.4287 -0.9035
vn 0.8099 -0.5843 0.0518
vn -0.0000 -0.2523 0.9676
vn -0.0000 0.0857 -0.9963
vn -0.2553 -0.9457 -0.2013
vn -0.2463 -0.3359 0.9091
vn 0.3545 0.2060 -0.9121
vn 0.1837 -0.8079 -0.5600
vn -0.8249 -0.4657 -0.3204
vn -0.0000 -0.7241 0.6897
vn -0.1396 -0.6767 0.7229
vn 0.0151 0.5858 -0.8103
vn -0.0000 0.5910 -0.8067
vn -0.5503 0.7958 0.2527
vn 0.9526 0.2859 -0.1043
vn 0.2463 -0.3359 0.9091
vn -0.3545 0.2060 -0.9121
vn -0.1923 0.1858 0.9636
vn 0.3624 -0.9113 0.1953
vn 0.6600 0.0052 -0.7512
vn -0.5731 -0.1334 -0.8086
vn 0.6147 0.2201 0.7574
vn 0.1650 0.9841 -0.0658
vn -0.8104 0.3360 -0.4799
vn 0.8693 -0.2835 0.4048
vn -0.8901 0.4256 -0.1628
vn -0.4489 -0.4470 -0.7738
vn 0.3483 0.5377 -0.7678
vn 0.2463 0.7394 -0.6266
vn -0.3545 -0.7867 0.5055
vn -0.5013 -0.4963 0.7088
vn 0.5457 -0.8318 0.1013
vn 0.8104 0.3360 -0.4799
vn -0.8694 -0.2835 0.4048
vn -0.0549 0.3559 0.9329
vn 0.5731 0.8054 -0.1512
vn -0.6147 -0.7870 0.0522
vn -0.3883 -0.9128 0.1266
vn 0.5395 -0.3309 -0.7743
vn -0.5110 0.6078 -0.6078
vn -0.8721 0.3460 -0.3459
vn 0.9403 -0.2407 0.2408
vn 0.5978 -0.5669 0.5669
vn 0.5394 0.7815 -0.3135
vn -0.5110 -0.0000 -0.8596
vn 0.5978 -0.0000 0.8017
vn -0.3883 0.5559 0.7349
vn -0.8721 -0.0000 -0.4893
vn 0.9402 -0.0000 0.3405
vn 0.5457 0.1893 0.8163
vn -0.4489 0.8800 0.1553
vn -0.8901 0.0074 -0.4557
vn -0.0549 -0.9984 -0.0153
vn -0.5458 -0.8318 0.1014
vn 0.4489 -0.4470 -0.7738
vn -0.3483 0.5377 -0.7679
vn 0.5013 -0.4963 0.7088
vn 0.8901 0.4256 -0.1628
vn -0.2463 0.7394 -0.6266
vn 0.3545 -0.7867 0.5055
vn 0.0548 0.3559 0.9329
vn -0.5731 0.8054 -0.1512
vn 0.6147 -0.7870 0.0522
vn -0.5503 -0.7958 -0.2528
vn 0.9526 -0.2858 0.1043
vn 0.1837 0.8079 0.5600
vn -0.1396 0.6767 -0.7229
vn 0.0151 -0.5858 0.8103
vn -0.8249 0.4656 0.3204
vn -0.0000 0.7240 -0.6898
vn -0.0000 -0.5909 0.8067
vn -0.5652 0.6784 0.4694
vn -0.9830 -0.1478 -0.1092
vn -0.1975 0.5623 -0.8030
vn 0.0214 -0.5734 0.8190
vn 0.1743 -0.9234 -0.3421
vn 0.7968 0.3077 0.5199
vn -0.6303 -0.1863 -0.7537
vn 0.2096 -0.9761 0.0570
vn 0.9248 0.2182 -0.3116
vn 0.6601 0.4308 -0.6153
vn -0.5440 -0.4813 0.6874
vn -0.8914 -0.2600 0.3713
vn 0.6905 -0.0251 0.7229
vn 0.6540 -0.3175 -0.6867
vn -0.6303 0.2563 0.7328
vn -0.0321 0.9967 0.0747
vn 0.7669 -0.1762 0.6171
vn -0.3940 0.2177 0.8929
vn 0.6539 0.7539 0.0635
vn -0.0000 0.9758 0.2188
vn -0.0000 -0.9902 -0.1399
vn -0.6303 -0.7763 0.0098
vn -0.8593 0.2665 -0.4365
vn 0.4668 0.8132 -0.3476
vn -0.3846 -0.7964 0.4667
vn 0.5849 -0.2235 -0.7797
vn -0.0000 0.9716 -0.2367
vn -0.0000 -0.9269 0.3754
vn -0.2100 -0.6938 -0.6888
vn 0.8961 -0.4131 0.1622
vn 0.1396 0.6767 -0.7229
vn -0.0151 -0.5858 0.8103
vn 0.4601 0.4490 0.7659
vn -0.8298 0.5318 0.1694
vn 0.1974 0.5623 -0.8030
vn -0.0213 -0.5734 0.8190
vn 0.1386 0.5488 0.8244
vn 0.1386 0.9710 -0.1949
vn 1.0000 0.0027 0.0027
vn -0.9844 0.1243 0.1243
vn -0.3496 -0.1210 -0.9290
vn 0.8769 -0.3399 -0.3399
vn -0.7889 0.4346 0.4346
vn -0.3496 -0.7425 0.5714
vn -0.4601 0.4490 0.7659
vn -0.8961 -0.4131 0.1622
vn 0.2100 -0.6938 -0.6888
vn 0.8297 0.5318 0.1694
vn 0.4640 -0.0564 -0.8840
vn 0.2277 -0.9629 0.1449
vn 0.6540 0.3174 0.6867
vn 0.7071 0.5793 0.4056
vn -0.7071 -0.5792 -0.4055
vn -0.6303 -0.2562 -0.7329
vn -0.3379 0.1558 0.9282
vn 0.9248 -0.2182 0.3116
vn -0.8913 0.2600 -0.3714
vn -0.0630 0.9860 -0.1542
vn -0.6233 -0.1258 -0.7718
vn -0.8099 0.1512 0.5667
vn 0.2553 0.5126 0.8198
vn 0.8266 0.3661 -0.4274
vn 0.5731 -0.8054 0.1512
vn -0.6147 0.7870 -0.0522
vn 0.0097 0.5350 -0.8448
vn 0.0097 -0.9756 -0.2191
vn 1.0000 -0.0000 0.0039
vn -0.9844 -0.0000 0.1758
vn -0.2266 -0.2057 0.9520
vn -0.2266 0.8186 0.5278
vn 0.8721 -0.0000 0.4893
vn -0.9402 -0.0000 -0.3405
vn 0.2454 -0.5219 -0.8170
vn -0.8071 -0.1647 -0.5669
vn -0.0000 -0.9716 0.2366
vn -0.4668 -0.8132 0.3476
vn 0.3846 0.7964 -0.4667
vn -0.0000 0.9269 -0.3753
vn -0.5328 0.5843 0.6122
vn 0.9634 0.0766 0.2567
vn 0.7057 -0.5714 0.4189
vn 0.5531 0.0168 -0.8329
vn -0.7193 0.4485 -0.5306
vn -0.6600 -0.1080 0.7434
vn -0.4451 -0.8474 -0.2895
vn 0.5901 -0.1038 -0.8006
vn -0.5191 0.6044 -0.6044
vn -0.8769 0.3399 -0.3398
vn 0.7889 -0.4345 0.4345
vn 0.4337 -0.6372 0.6371
vn 0.5901 0.4927 0.6396
vn -0.5191 0.8547 -0.0000
vn 0.4337 -0.9010 -0.0000
vn -0.4452 -0.3945 0.8038
vn -0.8769 0.4806 -0.0000
vn 0.7889 -0.6145 -0.0000
vn 0.5587 -0.5029 0.6595
vn 0.5587 -0.5029 -0.6595
vn -0.4403 -0.7627 -0.4737
vn -0.4403 -0.7627 0.4737
vn 0.4517 0.7823 0.4288
vn 0.4517 0.7823 -0.4288
vn -0.1562 0.7353 -0.6595
vn -0.8807 -0.0000 -0.4737
vn 0.9034 -0.0000 -0.4288
vn -0.1562 0.7353 0.6595
vn -0.8807 -0.0000 0.4737
vn 0.9034 -0.0000 0.4288
vn 0.7149 -0.2323 -0.6595
vn 0.7149 -0.2323 0.6595
vn 0.4403 0.7627 0.4737
vn 0.4403 0.7627 -0.4737
vn -0.4517 -0.7823 -0.4289
vn -0.4517 -0.7823 0.4289
vn -0.7149 -0.2323 0.6595
vn -0.4403 0.7627 0.4737
vn 0.4517 -0.7823 0.4289
vn -0.7149 -0.2323 -0.6595
vn -0.4403 0.7627 -0.4737
vn 0.4517 -0.7823 -0.4289
vn -0.3497 0.5714 0.7425
vn 0.1386 0.8244 -0.5488
vn 1.0000 -0.0000 -0.0038
vn 0.8769 -0.0000 0.4807
vn -0.7889 -0.0000 -0.6145
vn -0.9844 -0.0000 -0.1759
vn 0.1386 -0.1948 -0.9710
vn -0.3496 -0.9290 0.1209
vn 0.4452 -0.8473 -0.2895
vn 0.4452 -0.3945 0.8038
vn 0.8769 0.4807 -0.0000
vn 0.8769 0.3399 -0.3399
vn -0.7889 -0.4345 0.4346
vn -0.7889 -0.6145 -0.0000
vn -0.5901 0.4926 0.6396
vn 0.5191 0.8547 -0.0000
vn -0.4337 -0.9011 -0.0000
vn -0.5902 -0.1039 -0.8006
vn 0.5191 0.6044 -0.6044
vn -0.4337 -0.6372 0.6371
vn -0.6815 0.1814 0.7090
vn -0.6814 -0.3731 -0.6297
vn 0.6314 -0.6327 -0.4484
vn 0.6313 -0.1303 0.7645
vn 0.0097 -0.8448 0.5350
vn -0.2266 0.5278 0.8186
vn -0.2266 0.9520 -0.2057
vn 0.0097 -0.2191 -0.9757
vn -0.6314 -0.4484 -0.6327
vn -0.6313 0.7645 -0.1303
vn -0.5191 -0.0000 0.8547
vn 0.4337 -0.0000 -0.9010
vn 0.6815 0.7090 0.1814
vn 0.6814 -0.6296 -0.3732
vn 0.7669 0.1762 -0.6171
vn -0.3940 -0.2177 -0.8929
vn -0.8593 -0.2665 0.4365
vn 0.5849 0.2235 0.7797
vn -0.1386 -0.1949 -0.9710
vn -0.1386 0.8244 -0.5488
vn -1.0000 -0.0000 -0.0038
vn -1.0000 0.0027 -0.0027
vn 0.9844 0.1243 -0.1244
vn 0.9844 -0.0000 -0.1759
vn 0.3496 0.5714 0.7425
vn -0.8769 -0.0000 0.4806
vn 0.7889 -0.0000 -0.6145
vn 0.3496 -0.9291 0.1209
vn -0.8769 -0.3398 0.3399
vn 0.7889 0.4345 -0.4345
vn -0.1837 -0.8079 -0.5600
vn -0.9526 0.2859 -0.1043
vn 0.5503 0.7958 0.2527
vn 0.8249 -0.4657 -0.3204
vn 0.1923 -0.1859 -0.9636
vn -0.1650 -0.9841 0.0659
vn 0.8105 -0.3360 0.4799
vn -0.8694 0.2834 -0.4048
vn -0.6600 -0.0052 0.7512
vn 0.5731 0.1334 0.8086
vn -0.6147 -0.2201 -0.7574
vn -0.3624 0.9113 -0.1954
vn -0.2266 0.8186 -0.5278
vn -0.2266 -0.2057 -0.9520
vn 0.8721 0.3460 -0.3459
vn 0.8721 -0.0000 -0.4893
vn -0.9402 -0.0000 0.3405
vn -0.9403 -0.2407 0.2408
vn 0.0097 -0.9756 0.2192
vn 0.0096 0.5350 0.8448
vn 0.6815 0.7090 -0.1814
vn -0.6313 0.7645 0.1303
vn -0.5191 -0.0000 -0.8547
vn 0.4337 -0.0000 0.9010
vn -0.6313 -0.4484 0.6327
vn -0.5192 -0.6044 -0.6043
vn 0.4338 0.6371 0.6371
vn 0.6815 -0.6296 0.3731
vn -0.0000 -0.7071 -0.7071
vn -0.0000 0.7071 0.7071
vn 0.0096 -0.5350 0.8448
vn 0.0096 0.9756 0.2191
vn 1.0000 -0.0027 -0.0027
vn -0.9844 -0.1244 -0.1244
vn -0.2266 0.2057 -0.9520
vn 0.8722 -0.3459 -0.3459
vn -0.9403 0.2407 0.2407
vn -0.2266 -0.8186 -0.5278
vn -0.1386 0.8244 0.5488
vn -0.1386 -0.1949 0.9710
vn -1.0000 0.0027 0.0027
vn -1.0000 -0.0000 0.0039
vn 0.9844 -0.0000 0.1758
vn 0.9844 0.1243 0.1244
vn 0.3496 -0.9291 -0.1210
vn -0.8769 -0.3399 -0.3399
vn 0.7889 0.4345 0.4345
vn 0.3496 0.5714 -0.7425
vn -0.8769 -0.0000 -0.4806
vn 0.7889 -0.0000 0.6145
vn -0.6481 0.6288 -0.4295
vn 0.6982 0.7148 -0.0384
vn 0.6982 -0.5327 0.4783
vn -0.6481 -0.7484 0.1409
vn -0.5110 0.6078 0.6078
vn 0.5977 -0.5669 -0.5669
vn 0.5901 -0.4926 -0.6396
vn -0.4452 0.3945 -0.8038
vn -0.8769 -0.4806 -0.0000
vn 0.7889 0.6145 -0.0000
vn -0.4452 0.8474 0.2893
vn 0.5901 0.1040 0.8006
vn -0.6313 0.4485 -0.6327
vn 0.6815 0.6296 -0.3731
vn -0.5191 0.6044 0.6044
vn 0.4337 -0.6371 -0.6371
vn 0.6815 -0.7090 0.1813
vn -0.6313 -0.7645 -0.1303
vn -0.1743 -0.9234 -0.3421
vn 0.9830 -0.1478 -0.1092
vn -0.2463 0.3359 -0.9091
vn 0.3545 -0.2060 0.9121
vn 0.5652 0.6784 0.4694
vn -0.7968 0.3077 0.5199
vn 0.6982 0.7148 0.0384
vn -0.6481 0.6288 0.4295
vn -0.6482 -0.7484 -0.1409
vn 0.6982 -0.5327 -0.4783
vn -0.4451 -0.2895 -0.8474
vn -0.4452 0.8038 -0.3945
vn 0.5901 0.6396 0.4927
vn 0.5901 -0.8006 -0.1038
vn -0.5503 0.5097 0.6614
vn -0.8249 -0.4603 -0.3280
vn -0.0000 0.8230 -0.5680
vn -0.0000 -0.9069 0.4212
vn 0.1837 -0.8025 -0.5676
vn -0.1396 0.4479 -0.8831
vn 0.0151 -0.5611 0.8276
vn 0.9526 -0.0003 0.3043
vn -0.2266 0.9520 0.2056
vn -0.2266 0.5278 -0.8186
vn 0.0097 -0.8448 -0.5350
vn 0.0096 -0.2191 0.9757
vn -0.6905 -0.0251 0.7229
vn -0.2097 -0.9761 0.0570
vn 0.6303 -0.1864 -0.7536
vn 0.0321 0.9967 0.0747
vn -0.4668 0.0485 -0.8830
vn 0.3846 -0.1662 0.9080
vn 0.6481 -0.7484 0.1409
vn -0.6982 -0.5327 0.4783
vn -0.6982 0.7148 -0.0384
vn 0.6481 0.6288 -0.4295
vn 0.5111 -0.0000 0.8596
vn -0.5978 -0.0000 -0.8016
vn -0.5328 0.7751 0.3397
vn -0.8071 -0.5891 0.0391
vn 0.2454 -0.9462 -0.2110
vn 0.9635 0.2674 -0.0158
vn 0.5503 -0.7958 -0.2528
vn 0.8249 0.4656 0.3204
vn -0.1837 0.8079 0.5600
vn -0.9526 -0.2858 0.1043
vn 0.5901 0.6396 -0.4927
vn -0.4452 0.8038 0.3945
vn -0.4452 -0.2894 0.8474
vn 0.5901 -0.8006 0.1039
vn -0.1386 0.5488 -0.8244
vn -0.1386 0.9710 0.1950
vn -1.0000 0.0039 -0.0000
vn 0.9844 0.1758 -0.0000
vn 0.3496 -0.1211 0.9290
vn 0.3496 -0.7425 -0.5714
vn -0.7193 -0.3452 0.6029
vn 0.5531 -0.7770 0.3006
vn 0.7057 0.1982 -0.6802
vn -0.6601 0.6616 -0.3557
vn -0.0000 -0.5393 -0.8421
vn -0.0000 0.4701 0.8826
vn 0.7684 0.4899 -0.4119
vn -0.4266 0.8953 -0.1280
vn -0.6344 -0.0947 0.7671
vn 0.7049 -0.5491 0.4489
vn -0.6982 -0.4783 0.5327
vn 0.6481 -0.1409 0.7484
vn 0.5110 -0.6078 -0.6078
vn -0.5977 0.5669 0.5669
vn 0.6482 0.4295 -0.6288
vn -0.6982 0.0385 -0.7148
vn 0.7057 0.5714 -0.4189
vn 0.5531 -0.0168 0.8329
vn -0.7071 0.5793 0.4056
vn -0.7193 -0.4485 0.5306
vn -0.6600 0.1080 -0.7434
vn 0.4641 -0.8500 0.2494
vn -0.0630 0.1924 0.9793
vn -0.3379 0.9255 -0.1710
vn 0.2278 -0.1932 -0.9544
vn 0.6905 0.0251 -0.7229
vn -0.0321 -0.9967 -0.0747
vn -0.6303 0.1863 0.7536
vn 0.2096 0.9761 -0.0569
vn 0.3379 0.1558 0.9282
vn -0.2277 -0.9629 0.1449
vn -0.6540 0.3174 0.6867
vn 0.6303 -0.2562 -0.7329
vn -0.4641 -0.0564 -0.8840
vn 0.0630 0.9860 -0.1542
vn 0.3496 -0.1210 -0.9291
vn -0.1386 0.9710 -0.1949
vn -0.1386 0.5488 0.8244
vn 0.3496 -0.7425 0.5714
vn -0.4452 0.2893 0.8474
vn -0.4452 -0.8038 0.3945
vn 0.5901 -0.6396 -0.4927
vn 0.5901 0.8006 0.1040
vn 0.5394 0.3135 -0.7815
vn 0.5395 0.7743 0.3309
vn -0.5110 0.8596 -0.0000
vn 0.5978 -0.8016 -0.0000
vn -0.3883 -0.1266 0.9128
vn -0.3883 -0.7349 -0.5559
vn -0.8721 0.4893 -0.0000
vn 0.9402 -0.3405 -0.0000
vn 0.5901 -0.6396 0.4927
vn -0.4452 -0.8038 -0.3946
vn -0.4452 0.2894 -0.8474
vn -0.8769 0.3398 0.3398
vn 0.7890 -0.4345 -0.4345
vn 0.5901 0.8006 -0.1039
vn -0.6600 -0.7041 0.2618
vn -0.1650 0.2747 0.9472
vn 0.1923 0.9690 -0.1550
vn -0.3624 -0.1281 -0.9232
vn 0.1743 -0.6373 -0.7507
vn -0.9830 -0.1531 -0.1015
vn -0.5652 0.6731 0.4770
vn -0.1975 -0.5623 0.8030
vn 0.0214 0.5734 -0.8190
vn 0.7968 0.5938 0.1113
vn 0.3484 -0.5376 0.7678
vn -0.5013 0.4963 -0.7088
vn -0.5394 0.3135 -0.7815
vn 0.3883 -0.7349 -0.5559
vn 0.3883 -0.1266 0.9128
vn -0.5395 0.7743 0.3309
vn 0.5110 0.6078 -0.6078
vn -0.5978 -0.5669 0.5669
vn -0.5901 0.6396 0.4926
vn 0.4452 0.8038 -0.3945
vn 0.5191 -0.0000 0.8547
vn -0.4337 -0.0000 -0.9011
vn 0.4452 -0.2895 -0.8473
vn -0.5902 -0.8006 -0.1039
vn 0.5191 -0.6044 0.6044
vn -0.4337 0.6371 -0.6372
vn 0.3496 -0.5714 0.7425
vn -0.1386 -0.8244 -0.5488
vn -0.1386 0.1949 -0.9710
vn -1.0000 -0.0027 -0.0027
vn 0.9844 -0.1244 -0.1244
vn 0.3496 0.9291 0.1210
vn -0.1386 -0.9710 0.1949
vn -0.1386 -0.5488 -0.8244
vn -1.0000 -0.0038 -0.0000
vn 0.9844 -0.1759 -0.0000
vn 0.3496 0.7425 -0.5714
vn 0.3496 0.1210 0.9291
vn -0.1837 0.8026 0.5676
vn 0.8249 0.4603 0.3280
vn 0.5503 -0.5097 -0.6614
vn -0.9526 0.0002 -0.3043
vn -0.5587 -0.5029 -0.6595
vn -0.5587 -0.5029 0.6595
vn 0.4403 -0.7627 0.4737
vn 0.4403 -0.7627 -0.4737
vn -0.4517 0.7823 -0.4288
vn -0.4517 0.7823 0.4288
vn 0.1562 0.7353 0.6595
vn 0.8807 -0.0000 0.4737
vn -0.9034 -0.0000 0.4288
vn 0.1562 0.7353 -0.6595
vn 0.8807 -0.0000 -0.4737
vn -0.9034 -0.0000 -0.4288
vn 0.6303 0.1864 0.7536
vn 0.0321 -0.9967 -0.0748
vn -0.4668 -0.0484 0.8830
vn -0.6602 -0.4308 0.6153
vn 0.5440 0.4813 -0.6873
vn 0.3847 0.1662 -0.9080
vn -0.6906 0.0251 -0.7228
vn -0.2097 0.9761 -0.0569
vn -0.5328 -0.7751 -0.3396
vn -0.8071 0.5891 -0.0391
vn -0.0000 0.1099 0.9939
vn -0.0000 0.0357 -0.9994
vn 0.2454 0.9462 0.2110
vn 0.9634 -0.2674 0.0158
vn -0.3497 0.7425 0.5714
vn -0.3496 0.1209 -0.9290
vn 0.1386 -0.9710 -0.1948
vn 0.1386 -0.5488 0.8244
vn -0.6815 0.1814 -0.7090
vn 0.6313 -0.1303 -0.7645
vn 0.6313 -0.6327 0.4485
vn 0.5191 0.6044 0.6044
vn -0.4337 -0.6371 -0.6371
vn -0.6815 -0.3731 0.6296
vn -0.0096 -0.5350 0.8448
vn 0.2266 -0.8186 -0.5278
vn 0.2266 0.2057 -0.9520
vn -0.8722 -0.3459 -0.3459
vn 0.9403 0.2407 0.2407
vn -0.0096 0.9756 0.2191
vn -0.4601 -0.4490 -0.7660
vn -0.8961 0.4132 -0.1623
vn 0.2099 0.6938 0.6889
vn 0.8298 -0.5318 -0.1693
vn 0.2266 -0.9520 0.2057
vn 0.2266 -0.5278 -0.8186
vn -0.8721 -0.4893 -0.0000
vn 0.9402 0.3405 -0.0000
vn -0.0096 0.8448 -0.5350
vn -0.0096 0.2191 0.9756
vn 0.1386 0.1949 -0.9710
vn 0.1386 -0.8244 -0.5488
vn -0.3497 -0.5714 0.7425
vn -0.3496 0.9290 0.1210
vn 0.8769 0.3399 0.3399
vn -0.7889 -0.4345 -0.4345
vn -0.0096 0.8448 0.5349
vn 0.2266 -0.5278 0.8186
vn 0.2266 -0.9520 -0.2057
vn -0.8721 -0.3460 0.3459
vn 0.9402 0.2408 -0.2408
vn -0.0096 0.2191 -0.9756
vn -1.0000 -0.0027 0.0027
vn 0.9844 -0.1244 0.1244
vn 0.5395 -0.3135 0.7815
vn 0.5394 -0.7743 -0.3310
vn -0.5110 -0.8596 -0.0000
vn 0.5978 0.8017 -0.0000
vn -0.3884 0.1266 -0.9128
vn -0.3883 0.7349 0.5559
vn 0.5652 -0.6784 -0.4694
vn -0.7968 -0.3077 -0.5199
vn -0.3483 -0.5377 0.7679
vn 0.5013 0.4963 -0.7088
vn -0.1743 0.9234 0.3421
vn 0.9830 0.1478 0.1092
vn -0.7669 0.1762 -0.6171
vn -0.5849 0.2235 0.7797
vn 0.8593 -0.2665 0.4365
vn 0.3940 -0.2177 -0.8929
vn -0.2454 -0.5219 -0.8170
vn -0.9634 0.0766 0.2567
vn 0.5328 0.5843 0.6122
vn 0.8071 -0.1647 -0.5669
vn -0.1923 -0.9690 0.1549
vn 0.1650 -0.2747 -0.9473
vn 0.6600 0.7041 -0.2618
vn 0.3624 0.1281 0.9232
vn -0.3884 -0.1266 -0.9128
vn 0.5394 0.7743 -0.3310
vn -0.8721 0.3460 0.3459
vn 0.9402 -0.2408 -0.2408
vn 0.5394 0.3135 0.7815
vn -0.3883 -0.7349 0.5559
vn 0.8266 0.2764 -0.4903
vn 0.2553 -0.9457 -0.2013
vn -0.8099 -0.5843 0.0517
vn -0.6233 0.7683 -0.1458
vn -0.6345 -0.6885 0.3513
vn -0.4266 -0.1860 -0.8851
vn 0.7684 0.2195 -0.6012
vn -0.0000 0.9999 -0.0150
vn -0.0000 -0.9956 -0.0938
vn 0.7049 -0.2340 0.6696
vn -0.2553 -0.5126 -0.8198
vn 0.8099 -0.1512 -0.5667
vn 0.6233 0.1258 0.7718
vn -0.8266 -0.3662 0.4274
vn -0.0097 -0.8448 0.5349
vn -0.0097 -0.2191 -0.9757
vn 0.2266 0.9520 -0.2056
vn 0.2266 0.5278 0.8186
vn -0.3883 0.1266 0.9128
vn 0.5395 -0.7743 0.3309
vn -0.5110 -0.6078 -0.6078
vn 0.5977 0.5669 0.5669
vn 0.5395 -0.3135 -0.7815
vn -0.3883 0.7350 -0.5559
vn -0.6600 0.7041 -0.2619
vn -0.1650 -0.2747 -0.9473
vn 0.1923 -0.9690 0.1549
vn -0.3624 0.1281 0.9232
vn -0.7684 -0.4899 0.4119
vn -0.7049 0.5491 -0.4489
vn 0.6345 0.0947 -0.7671
vn 0.4266 -0.8953 0.1280
vn 0.6600 -0.0052 0.7512
vn 0.1651 -0.9841 0.0659
vn -0.8104 -0.3360 0.4799
vn 0.8694 0.2834 -0.4048
vn -0.1923 -0.1859 -0.9636
vn 0.3624 0.9113 -0.1954
vn 0.5394 -0.7815 -0.3135
vn 0.5395 0.3309 -0.7743
vn -0.3883 0.9128 0.1266
vn -0.3883 -0.5559 0.7350
vn -0.6345 0.0947 -0.7671
vn 0.7049 0.5491 -0.4489
vn 0.7684 -0.4899 0.4119
vn -0.4266 -0.8953 0.1280
vn 0.8901 0.0074 -0.4556
vn 0.4490 0.8800 0.1553
vn -0.5457 0.1893 0.8163
vn 0.0549 -0.9984 -0.0153
vn -0.3884 0.5559 -0.7350
vn 0.5395 0.7815 0.3134
vn -0.8721 -0.0000 0.4893
vn 0.9402 -0.0000 -0.3405
vn 0.5395 -0.3309 0.7743
vn -0.3883 -0.9128 -0.1265
vn 0.5652 -0.6731 -0.4770
vn 0.9830 0.1531 0.1015
vn -0.1743 0.6373 0.7507
vn -0.7968 -0.5938 -0.1113
vn -0.8266 -0.2764 0.4903
vn 0.6233 -0.7683 0.1458
vn 0.8099 0.5842 -0.0517
vn -0.2553 0.9457 0.2014
vn -0.6481 -0.4296 -0.6288
vn 0.6982 -0.0384 -0.7148
vn 0.6982 0.4783 0.5327
vn -0.6481 0.1409 0.7484
vn -0.6313 0.6327 -0.4484
vn -0.6313 0.1303 0.7645
vn 0.6815 -0.1814 0.7090
vn 0.6815 0.3731 -0.6296
vn -0.6233 0.1258 0.7718
vn -0.8099 -0.1512 -0.5667
vn 0.2553 -0.5126 -0.8198
vn 0.8266 -0.3662 0.4274
vn 0.1386 0.8244 0.5488
vn -0.3496 0.5714 -0.7425
vn 0.8769 -0.0000 -0.4807
vn -0.7889 -0.0000 0.6145
vn -0.3496 -0.9290 -0.1210
vn 0.1386 -0.1949 0.9710
vn -0.3884 -0.5559 -0.7349
vn -0.3883 0.9128 -0.1265
vn 0.5395 0.3309 0.7743
vn 0.5395 -0.7815 0.3134
vn -0.2266 0.2056 0.9520
vn 0.0097 0.9757 -0.2191
vn 0.0097 -0.5350 -0.8448
vn -0.2266 -0.8186 0.5278
vn -0.6600 0.0052 -0.7512
vn -0.3624 -0.9113 0.1953
vn 0.1923 0.1858 0.9636
vn -0.1650 0.9841 -0.0658
vn 0.6982 -0.0384 0.7148
vn -0.6481 -0.4296 0.6288
vn -0.6481 0.1409 -0.7484
vn 0.6982 0.4783 -0.5327
vn -0.1924 0.9690 -0.1550
vn 0.1651 0.2747 0.9472
vn 0.6600 -0.7041 0.2618
vn 0.3624 -0.1281 -0.9232
vn -0.8593 0.3191 -0.3998
vn -0.3941 -0.9135 0.1008
vn 0.7669 -0.5196 0.3766
vn 0.5849 0.8091 -0.0566
vn -0.0097 0.9756 -0.2191
vn 0.2266 0.2056 0.9520
vn 0.2266 -0.8186 0.5277
vn -0.0097 -0.5350 -0.8448
vn -0.4452 0.8474 -0.2894
vn -0.4452 0.3945 0.8038
vn 0.5901 -0.4927 0.6396
vn 0.5901 0.1039 -0.8006
vn -0.6482 0.4295 0.6288
vn 0.6982 0.0384 0.7149
vn 0.6982 -0.4783 -0.5327
vn -0.6482 -0.1410 -0.7483
vn -0.6982 0.4783 -0.5327
vn 0.6481 0.1409 -0.7484
vn 0.6481 -0.4296 0.6288
vn -0.6982 -0.0384 0.7148
vn -0.6982 0.5327 0.4783
vn 0.6481 0.7484 0.1409
vn 0.6481 -0.6288 -0.4295
vn -0.6982 -0.7148 -0.0384
vn -0.8297 -0.3410 -0.4418
vn 0.4601 -0.8733 -0.1600
vn 0.8961 -0.0111 0.4437
vn -0.2100 0.8846 0.4164
vn -0.7669 -0.5196 0.3766
vn 0.3940 -0.9135 0.1008
vn 0.8593 0.3191 -0.3998
vn -0.5849 0.8091 -0.0566
vn 0.1743 0.6373 0.7507
vn -0.9830 0.1531 0.1015
vn -0.5652 -0.6731 -0.4770
vn 0.7968 -0.5938 -0.1113
vn -0.8961 -0.0111 0.4437
vn -0.4601 -0.8733 -0.1600
vn 0.8297 -0.3410 -0.4418
vn 0.2100 0.8846 0.4164
vn -0.6482 0.4295 -0.6288
vn -0.6482 -0.1410 0.7484
vn 0.6982 -0.4783 0.5327
vn 0.6982 0.0384 -0.7149
vn 0.6481 0.1409 0.7484
vn -0.6982 0.4783 0.5327
vn -0.6982 -0.0384 -0.7148
vn 0.6481 -0.4296 -0.6288
vn -0.6481 -0.6288 0.4295
vn 0.6982 -0.7148 0.0384
vn 0.6982 0.5327 -0.4783
vn -0.6482 0.7483 -0.1410
vn 0.3496 0.9290 -0.1211
vn -0.1386 0.1950 0.9710
vn -0.1386 -0.8244 0.5488
vn 0.3496 -0.5714 -0.7425
vn 0.6482 0.7483 -0.1410
vn -0.6982 0.5327 -0.4783
vn -0.6982 -0.7148 0.0385
vn 0.6481 -0.6288 0.4295
vn 0.5110 -0.0000 -0.8596
vn -0.5978 -0.0000 0.8017
vn -0.7057 0.1982 -0.6802
vn -0.5531 -0.7770 0.3006
vn 0.7193 -0.3452 0.6029
vn 0.6601 0.6616 -0.3558
vn 0.2454 0.5219 0.8169
vn -0.8071 0.1648 0.5669
vn -0.5328 -0.5843 -0.6121
vn 0.9635 -0.0766 -0.2567
vn 0.2266 0.8186 0.5277
vn 0.2266 -0.2057 0.9520
vn -0.0097 -0.9756 -0.2192
vn -0.0097 0.5350 -0.8448
vn 0.6481 0.4295 0.6288
vn 0.6482 -0.1410 -0.7484
vn -0.6982 -0.4783 -0.5327
vn -0.6982 0.0384 0.7149
vn 0.6905 -0.6707 0.2708
vn 0.2096 0.2803 0.9367
vn -0.6303 0.7719 -0.0827
vn -0.0321 -0.4111 -0.9110
vn -0.6982 -0.5327 -0.4783
vn 0.6482 -0.7484 -0.1409
vn 0.6482 0.6288 0.4295
vn -0.6982 0.7148 0.0384
vn 0.8593 0.2665 -0.4365
vn 0.3940 0.2177 0.8929
vn -0.7669 -0.1762 0.6171
vn -0.5849 -0.2235 -0.7797
vn 0.3883 0.9128 -0.1266
vn 0.3883 -0.5559 -0.7349
vn -0.5394 -0.7815 0.3135
vn -0.5395 0.3309 0.7743
vn -0.6303 -0.7719 0.0826
vn -0.0321 0.4111 0.9110
vn 0.6905 0.6707 -0.2708
vn 0.2097 -0.2803 -0.9367
vn 0.7193 -0.4485 0.5306
vn -0.5531 -0.0168 0.8329
vn -0.7057 0.5714 -0.4189
vn 0.6601 0.1080 -0.7434
vn 0.5901 0.4927 -0.6396
vn 0.5901 -0.1039 0.8006
vn -0.4452 -0.8474 0.2894
vn -0.4452 -0.3946 -0.8038
vn -0.3379 -0.9255 0.1710
vn 0.2278 0.1932 0.9544
vn 0.4640 0.8500 -0.2494
vn -0.0630 -0.1923 -0.9793
vn -0.3379 -0.1558 -0.9282
vn -0.0630 -0.9860 0.1542
vn 0.4640 0.0563 0.8840
vn 0.2278 0.9629 -0.1449
vn -0.5901 -0.4926 -0.6396
vn -0.5901 0.1040 0.8006
vn 0.5191 -0.8547 -0.0000
vn -0.4337 0.9011 -0.0000
vn 0.4453 0.8473 0.2894
vn 0.4453 0.3945 -0.8038
vn 0.3883 0.1266 0.9128
vn 0.3883 0.7350 -0.5559
vn -0.5395 -0.3135 -0.7815
vn -0.5395 -0.7743 0.3309
vn -0.5394 -0.7815 -0.3135
vn 0.3883 -0.5559 0.7350
vn 0.3883 0.9128 0.1266
vn -0.5395 0.3309 -0.7743
vn -0.1837 -0.8025 -0.5676
vn 0.8249 -0.4603 -0.3280
vn 0.5503 0.5097 0.6614
vn -0.9526 -0.0003 0.3043
vn -0.6815 -0.1814 -0.7090
vn -0.6815 0.3730 0.6296
vn 0.6312 0.6328 0.4485
vn 0.6313 0.1303 -0.7645
vn -0.5394 0.7815 -0.3135
vn -0.5395 -0.3309 -0.7743
vn 0.3883 -0.9128 0.1266
vn 0.3883 0.5559 0.7349
vn -0.5901 0.4926 -0.6396
vn 0.4452 -0.3945 -0.8038
vn 0.4452 -0.8474 0.2894
vn -0.5901 -0.1039 0.8006
vn 0.6345 0.6885 -0.3513
vn -0.7049 0.2340 -0.6696
vn -0.7683 -0.2195 0.6012
vn 0.4266 0.1859 0.8851
vn -0.7684 0.2195 -0.6012
vn 0.4266 -0.1860 -0.8851
vn 0.6345 -0.6885 0.3513
vn -0.7049 -0.2340 0.6696
vn 0.3496 0.7425 0.5714
vn -0.1386 -0.5488 0.8244
vn -0.1386 -0.9710 -0.1948
vn 0.3496 0.1209 -0.9291
vn 0.3883 -0.9128 -0.1266
vn -0.5395 -0.3309 0.7743
vn -0.5394 0.7815 0.3135
vn 0.3883 0.5559 -0.7349
vn -0.1562 -0.7353 0.6595
vn -0.1562 -0.7353 -0.6595
vn 0.5587 0.5029 -0.6595
vn 0.5587 0.5029 0.6595
vn -0.8901 -0.0074 0.4557
vn -0.0549 0.9984 0.0153
vn 0.5457 -0.1893 -0.8163
vn -0.4489 -0.8800 -0.1553
vn -0.6345 0.6885 -0.3513
vn -0.4266 0.1859 0.8851
vn 0.7683 -0.2195 0.6012
vn 0.7049 0.2340 -0.6696
vn -0.8901 -0.4256 0.1629
vn -0.4489 0.4469 0.7738
vn 0.5457 0.8318 -0.1013
vn -0.0549 -0.3559 -0.9329
vn 0.6815 -0.7090 -0.1814
vn 0.6815 0.6296 0.3731
vn -0.6313 0.4485 0.6328
vn -0.6313 -0.7645 0.1303
vn -0.5457 0.8318 -0.1013
vn 0.4489 0.4469 0.7738
vn 0.8901 -0.4256 0.1628
vn 0.0549 -0.3559 -0.9329
vn -0.5901 -0.4926 0.6396
vn 0.4453 0.3945 0.8038
vn 0.4453 0.8473 -0.2895
vn -0.5901 0.1039 -0.8006
vn 0.5191 -0.6044 -0.6044
vn -0.4337 0.6371 0.6371
vn -0.5457 -0.1893 -0.8163
vn 0.0549 0.9984 0.0153
vn 0.8901 -0.0074 0.4557
vn 0.4489 -0.8800 -0.1553
vn 0.5652 0.6731 0.4770
vn 0.9830 -0.1531 -0.1015
vn -0.1743 -0.6372 -0.7507
vn -0.7968 0.5938 0.1113
vn -0.8961 0.0112 -0.4438
vn -0.4601 0.8733 0.1599
vn 0.8297 0.3410 0.4419
vn 0.2100 -0.8846 -0.4163
vn 0.1562 -0.7353 -0.6595
vn 0.1562 -0.7353 0.6595
vn -0.5587 0.5029 0.6595
vn -0.5587 0.5029 -0.6595
vn 0.6313 -0.4484 0.6327
vn 0.6313 0.7645 0.1303
vn 0.5191 -0.0000 -0.8547
vn -0.4337 -0.0000 0.9011
vn -0.6814 0.7090 -0.1814
vn -0.6814 -0.6296 0.3731
vn -0.2454 0.9462 0.2110
vn 0.8071 0.5891 -0.0391
vn 0.5328 -0.7751 -0.3396
vn -0.9634 -0.2674 0.0158
vn 0.6815 0.1814 0.7090
vn -0.6313 -0.1303 0.7645
vn -0.6314 -0.6327 -0.4484
vn 0.6814 -0.3732 -0.6296
vn -0.7669 0.5196 -0.3766
vn 0.3940 0.9136 -0.1008
vn -0.0000 0.5394 0.8421
vn -0.0000 -0.4702 -0.8826
vn 0.8593 -0.3191 0.3998
vn -0.5849 -0.8091 0.0566
vn 0.7149 0.2324 0.6595
vn 0.7149 0.2324 -0.6595
vn -0.7149 0.2324 -0.6595
vn -0.7149 0.2324 0.6595
vn -0.6313 -0.6327 0.4485
vn -0.6313 -0.1303 -0.7645
vn 0.6815 0.1813 -0.7090
vn 0.6815 -0.3731 0.6296
vn -0.8593 -0.3191 0.3998
vn -0.3940 0.9135 -0.1008
vn 0.7669 0.5196 -0.3766
vn 0.5849 -0.8091 0.0566
vn 0.3366 -0.9191 -0.2049
vn -0.8584 0.4427 -0.2591
vn -0.7543 -0.1219 0.6451
vn -0.2847 -0.6428 0.7112
vn 0.5198 0.0008 -0.8543
vn 0.0223 0.4994 -0.8661
vn 0.5805 0.6036 0.5465
vn -0.0472 0.0375 0.9982
vn 0.6750 0.6153 -0.4072
vn -0.7057 -0.1982 0.6802
vn -0.5531 0.7769 -0.3007
vn 0.7192 0.3452 -0.6029
vn 0.6601 -0.6616 0.3558
vn -0.0097 -0.9756 0.2192
vn 0.2266 -0.2057 -0.9520
vn 0.2266 0.8186 -0.5278
vn -0.0096 0.5350 0.8448
vn -0.7192 0.3452 -0.6029
vn 0.5531 0.7769 -0.3007
vn 0.7057 -0.1982 0.6802
vn -0.6601 -0.6616 0.3558
vn -0.3497 0.7425 -0.5714
vn 0.1386 -0.5488 -0.8244
vn 0.1386 -0.9710 0.1949
vn -0.3496 0.1210 0.9290
vn 0.5328 -0.5843 -0.6121
vn 0.8071 0.1648 0.5669
vn -0.2454 0.5219 0.8169
vn -0.9635 -0.0766 -0.2567
vn 0.4452 0.2894 -0.8473
vn 0.4452 -0.8038 -0.3945
vn -0.5901 -0.6396 0.4926
vn -0.5901 0.8006 -0.1039
vn 0.1743 0.9234 0.3421
vn 0.7968 -0.3077 -0.5200
vn -0.5652 -0.6784 -0.4694
vn -0.9830 0.1478 0.1091
vn 0.6313 0.4485 -0.6327
vn 0.6313 -0.7645 -0.1303
vn -0.6815 -0.7090 0.1814
vn -0.6814 0.6296 -0.3731
vn 0.6314 -0.4484 -0.6327
vn -0.6814 -0.6297 -0.3731
vn -0.6814 0.7090 0.1814
vn 0.6313 0.7645 -0.1303
vn -0.6815 -0.7090 -0.1814
vn 0.6313 -0.7645 0.1303
vn 0.6313 0.4485 0.6328
vn -0.6815 0.6296 0.3730
vn -0.6815 -0.1814 0.7090
vn 0.6313 0.1303 0.7645
vn 0.6313 0.6328 -0.4484
vn -0.6814 0.3731 -0.6296
vn -0.5901 0.6396 -0.4926
vn -0.5901 -0.8006 0.1039
vn 0.4453 -0.2894 0.8473
vn 0.4453 0.8038 0.3945
vn 0.6303 -0.7719 0.0826
vn -0.2097 -0.2803 -0.9367
vn -0.6906 0.6707 -0.2708
vn 0.0321 0.4111 0.9110
vn 0.0096 0.8448 -0.5350
vn -0.2266 -0.5278 -0.8186
vn -0.2266 -0.9520 0.2057
vn 0.0096 0.2191 0.9756
vn -0.4641 -0.8500 0.2494
vn -0.2278 -0.1932 -0.9544
vn 0.3379 0.9255 -0.1710
vn 0.0630 0.1923 0.9793
vn -0.0097 -0.8448 -0.5350
vn 0.2266 0.5278 -0.8186
vn 0.2266 0.9520 0.2056
vn -0.0096 -0.2191 0.9757
vn 0.4453 0.2894 0.8473
vn -0.5901 0.8006 0.1040
vn -0.5901 -0.6396 -0.4926
vn 0.4453 -0.8038 0.3945
vn -0.3496 0.9290 -0.1210
vn -0.3496 -0.5714 -0.7425
vn 0.1386 -0.8244 0.5488
vn 0.1386 0.1950 0.9710
vt 0.000000 0.000000
s 1
f 469/1/1 470/1/2 3/1/3 1/1/4
f 470/1/2 469/1/1 2/1/5 4/1/6
f 470/1/2 471/1/7 5/1/8 3/1/3
f 471/1/7 470/1/2 4/1/6 6/1/9
f 471/1/7 469/1/1 1/1/4 5/1/8
f 469/1/1 471/1/7 6/1/9 2/1/5
f 472/1/10 473/1/11 9/1/12 7/1/13
f 473/1/11 472/1/10 8/1/14 10/1/15
f 473/1/11 474/1/16 11/1/17 9/1/12
f 474/1/16 473/1/11 10/1/15 12/1/18
f 474/1/16 472/1/10 7/1/13 11/1/17
f 472/1/10 474/1/16 12/1/18 8/1/14
f 475/1/19 476/1/20 15/1/21 13/1/22
f 476/1/20 475/1/19 14/1/23 16/1/24
f 476/1/20 477/1/25 17/1/26 15/1/21
f 477/1/25 476/1/20 16/1/24 18/1/27
f 477/1/25 475/1/19 13/1/22 17/1/26
f 475/1/19 477/1/25 18/1/27 14/1/23
f 478/1/28 479/1/29 21/1/30 19/1/31
f 479/1/29 478/1/28 20/1/32 22/1/33
f 479/1/29 480/1/34 23/1/35 21/1/30
f 480/1/34 479/1/29 22/1/33 24/1/36
f 480/1/34 478/1/28 19/1/31 23/1/35
f 478/1/28 480/1/34 24/1/36 20/1/32
f 481/1/37 482/1/38 27/1/39 25/1/40
f 482/1/38 481/1/37 26/1/41 28/1/42
f 482/1/38 483/1/43 29/1/44 27/1/39
f 483/1/43 482/1/38 28/1/42 30/1/45
f 483/1/43 481/1/37 25/1/40 29/1/44
f 481/1/37 483/1/43 30/1/45 26/1/41
f 484/1/46 485/1/47 33/1/48 31/1/49
f 485/1/47 484/1/46 32/1/50 34/1/51
f 485/1/47 486/1/52 35/1/53 33/1/48
f 486/1/52 485/1/47 34/1/51 36/1/54
f 486/1/52 484/1/46 31/1/49 35/1/53
f 484/1/46 486/1/52 36/1/54 32/1/50
f 487/1/55 488/1/56 283/1/57 279/1/58
f 488/1/56 487/1/55 280/1/59 284/1/60
f 488/1/56 489/1/61 429/1/62 283/1/57
f 489/1/61 488/1/56 284/1/60 430/1/63
f 489/1/61 490/1/64 425/1/65 429/1/62
f 490/1/64 489/1/61 430/1/63 426/1/66
f 490/1/64 487/1/55 279/1/58 425/1/65
f 487/1/55 490/1/64 426/1/66 280/1/59
f 491/1/67 492/1/68 43/1/69 37/1/70
f 492/1/68 491/1/67 38/1/71 44/1/72
f 492/1/68 493/1/73 39/1/74 43/1/69
f 493/1/73 492/1/68 44/1/72 40/1/75
f 493/1/73 494/1/76 47/1/77 39/1/74
f 494/1/76 493/1/73 40/1/75 48/1/78
f 494/1/76 495/1/79 45/1/80 47/1/77
f 495/1/79 494/1/76 48/1/78 46/1/81
f 495/1/79 496/1/82 41/1/83 45/1/80
f 496/1/82 495/1/79 46/1/81 42/1/84
f 496/1/82 491/1/67 37/1/70 41/1/83
f 491/1/67 496/1/82 42/1/84 38/1/71
f 497/1/85 498/1/86 419/1/87 415/1/88
f 498/1/86 497/1/85 416/1/89 420/1/90
f 498/1/86 499/1/91 401/1/92 419/1/87
f 499/1/91 498/1/86 420/1/90 402/1/93
f 499/1/91 500/1/94 413/1/95 401/1/92
f 500/1/94 499/1/91 402/1/93 414/1/96
f 500/1/94 497/1/85 415/1/88 413/1/95
f 497/1/85 500/1/94 414/1/96 416/1/89
f 501/1/97 502/1/98 51/1/99 49/1/100
f 502/1/98 501/1/97 50/1/101 52/1/102
f 502/1/98 503/1/103 53/1/104 51/1/99
f 503/1/103 502/1/98 52/1/102 54/1/105
f 503/1/103 501/1/97 49/1/100 53/1/104
f 501/1/97 503/1/103 54/1/105 50/1/101
f 504/1/106 505/1/107 427/1/108 419/1/87
f 505/1/107 504/1/106 420/1/90 428/1/109
f 505/1/107 506/1/110 423/1/111 427/1/108
f 506/1/110 505/1/107 428/1/109 424/1/112
f 506/1/110 507/1/113 403/1/114 423/1/111
f 507/1/113 506/1/110 424/1/112 404/1/115
f 507/1/113 504/1/106 419/1/87 403/1/114
f 504/1/106 507/1/113 404/1/115 420/1/90
f 508/1/116 509/1/117 177/1/118 183/1/119
f 509/1/117 508/1/116 184/1/120 178/1/121
f 509/1/117 510/1/122 179/1/123 177/1/118
f 510/1/122 509/1/117 178/1/121 180/1/124
f 510/1/122 511/1/125 181/1/126 179/1/123
f 511/1/125 510/1/122 180/1/124 182/1/127
f 511/1/125 508/1/116 183/1/119 181/1/126
f 508/1/116 511/1/125 182/1/127 184/1/120
f 512/1/128 513/1/129 103/1/130 67/1/131
f 513/1/129 512/1/128 68/1/132 104/1/133
f 513/1/129 514/1/134 99/1/135 103/1/130
f 514/1/134 513/1/129 104/1/133 100/1/136
f 514/1/134 515/1/137 87/1/126 99/1/135
f 515/1/137 514/1/134 100/1/136 88/1/127
f 515/1/137 512/1/128 67/1/131 87/1/126
f 512/1/128 515/1/137 88/1/127 68/1/132
f 516/1/138 517/1/139 273/1/140 275/1/141
f 517/1/139 516/1/138 276/1/142 274/1/143
f 517/1/139 518/1/144 283/1/57 273/1/140
f 518/1/144 517/1/139 274/1/143 284/1/60
f 518/1/144 519/1/145 279/1/58 283/1/57
f 519/1/145 518/1/144 284/1/60 280/1/59
f 519/1/145 516/1/138 275/1/141 279/1/58
f 516/1/138 519/1/145 280/1/59 276/1/142
f 520/1/146 521/1/147 409/1/148 315/1/149
f 521/1/147 520/1/146 316/1/150 410/1/151
f 521/1/147 522/1/152 321/1/153 409/1/148
f 522/1/152 521/1/147 410/1/151 322/1/154
f 522/1/152 523/1/155 325/1/156 321/1/153
f 523/1/155 522/1/152 322/1/154 326/1/157
f 523/1/155 520/1/146 315/1/149 325/1/156
f 520/1/146 523/1/155 326/1/157 316/1/150
f 524/1/158 525/1/159 321/1/153 397/1/160
f 525/1/159 524/1/158 398/1/161 322/1/154
f 525/1/159 526/1/162 409/1/148 321/1/153
f 526/1/162 525/1/159 322/1/154 410/1/151
f 526/1/162 527/1/163 405/1/164 409/1/148
f 527/1/163 526/1/162 410/1/151 406/1/165
f 527/1/163 524/1/158 397/1/160 405/1/164
f 524/1/158 527/1/163 406/1/165 398/1/161
f 528/1/166 529/1/167 205/1/168 209/1/169
f 529/1/167 528/1/166 210/1/170 206/1/171
f 529/1/167 530/1/172 197/1/173 205/1/168
f 530/1/172 529/1/167 206/1/171 198/1/174
f 530/1/172 531/1/175 207/1/176 197/1/173
f 531/1/175 530/1/172 198/1/174 208/1/177
f 531/1/175 528/1/166 209/1/169 207/1/176
f 528/1/166 531/1/175 208/1/177 210/1/170
f 532/1/178 533/1/179 343/1/180 341/1/181
f 533/1/179 532/1/178 342/1/182 344/1/183
f 533/1/179 534/1/184 337/1/185 343/1/180
f 534/1/184 533/1/179 344/1/183 338/1/186
f 534/1/184 535/1/187 335/1/188 337/1/185
f 535/1/187 534/1/184 338/1/186 336/1/189
f 535/1/187 532/1/178 341/1/181 335/1/188
f 532/1/178 535/1/187 336/1/189 342/1/182
f 536/1/190 537/1/191 389/1/192 347/1/193
f 537/1/191 536/1/190 348/1/194 390/1/195
f 537/1/191 538/1/196 373/1/197 389/1/192
f 538/1/196 537/1/191 390/1/195 374/1/198
f 538/1/196 539/1/199 367/1/200 373/1/197
f 539/1/199 538/1/196 374/1/198 368/1/201
f 539/1/199 536/1/190 347/1/193 367/1/200
f 536/1/190 539/1/199 368/1/201 348/1/194
f 540/1/202 541/1/203 391/1/82 387/1/204
f 541/1/203 540/1/202 388/1/205 392/1/73
f 541/1/203 542/1/206 389/1/192 391/1/82
f 542/1/206 541/1/203 392/1/73 390/1/195
f 542/1/206 543/1/207 351/1/208 389/1/192
f 543/1/207 542/1/206 390/1/195 352/1/209
f 543/1/207 540/1/202 387/1/204 351/1/208
f 540/1/202 543/1/207 352/1/209 388/1/205
f 544/1/210 545/1/211 217/1/212 215/1/213
f 545/1/211 544/1/210 216/1/214 218/1/215
f 545/1/211 546/1/216 189/1/217 217/1/212
f 546/1/216 545/1/211 218/1/215 190/1/218
f 546/1/216 547/1/219 191/1/220 189/1/217
f 547/1/219 546/1/216 190/1/218 192/1/221
f 547/1/219 544/1/210 215/1/213 191/1/220
f 544/1/210 547/1/219 192/1/221 216/1/214
f 548/1/222 549/1/223 391/1/82 263/1/224
f 549/1/223 548/1/222 264/1/225 392/1/73
f 549/1/223 550/1/226 387/1/204 391/1/82
f 550/1/226 549/1/223 392/1/73 388/1/205
f 550/1/226 551/1/227 267/1/228 387/1/204
f 551/1/227 550/1/226 388/1/205 268/1/229
f 551/1/227 548/1/222 263/1/224 267/1/228
f 548/1/222 551/1/227 268/1/229 264/1/225
f 552/1/230 553/1/231 271/1/232 385/1/233
f 553/1/231 552/1/230 386/1/234 272/1/235
f 553/1/231 554/1/236 355/1/237 271/1/232
f 554/1/236 553/1/231 272/1/235 356/1/238
f 554/1/236 555/1/239 381/1/160 355/1/237
f 555/1/239 554/1/236 356/1/238 382/1/161
f 555/1/239 552/1/230 385/1/233 381/1/160
f 552/1/230 555/1/239 382/1/161 386/1/234
f 556/1/240 557/1/241 209/1/169 463/1/242
f 557/1/241 556/1/240 464/1/243 210/1/170
f 557/1/241 558/1/244 207/1/176 209/1/169
f 558/1/244 557/1/241 210/1/170 208/1/177
f 558/1/244 559/1/245 461/1/246 207/1/176
f 559/1/245 558/1/244 208/1/177 462/1/247
f 559/1/245 556/1/240 463/1/242 461/1/246
f 556/1/240 559/1/245 462/1/247 464/1/243
f 560/1/248 561/1/249 95/1/250 83/1/251
f 561/1/249 560/1/248 84/1/252 96/1/253
f 561/1/249 562/1/254 81/1/255 95/1/250
f 562/1/254 561/1/249 96/1/253 82/1/256
f 562/1/254 563/1/257 79/1/258 81/1/255
f 563/1/257 562/1/254 82/1/256 80/1/259
f 563/1/257 560/1/248 83/1/251 79/1/258
f 560/1/248 563/1/257 80/1/259 84/1/252
f 564/1/260 565/1/261 285/1/262 281/1/263
f 565/1/261 564/1/260 282/1/264 286/1/265
f 565/1/261 566/1/266 259/1/267 285/1/262
f 566/1/266 565/1/261 286/1/265 260/1/268
f 566/1/266 567/1/269 277/1/270 259/1/267
f 567/1/269 566/1/266 260/1/268 278/1/271
f 567/1/269 564/1/260 281/1/263 277/1/270
f 564/1/260 567/1/269 278/1/271 282/1/264
f 568/1/272 569/1/273 265/1/274 253/1/275
f 569/1/273 568/1/272 254/1/276 266/1/277
f 569/1/273 570/1/278 259/1/267 265/1/274
f 570/1/278 569/1/273 266/1/277 260/1/268
f 570/1/278 571/1/279 257/1/280 259/1/267
f 571/1/279 570/1/278 260/1/268 258/1/281
f 571/1/279 568/1/272 253/1/275 257/1/280
f 568/1/272 571/1/279 258/1/281 254/1/276
f 572/1/282 573/1/283 411/1/204 291/1/82
f 573/1/283 572/1/282 292/1/73 412/1/205
f 573/1/283 574/1/284 305/1/285 411/1/204
f 574/1/284 573/1/283 412/1/205 306/1/286
f 574/1/284 575/1/287 303/1/288 305/1/285
f 575/1/287 574/1/284 306/1/286 304/1/289
f 575/1/287 572/1/282 291/1/82 303/1/288
f 572/1/282 575/1/287 304/1/289 292/1/73
f 576/1/290 577/1/291 327/1/292 323/1/293
f 577/1/291 576/1/290 324/1/294 328/1/295
f 577/1/291 578/1/296 319/1/297 327/1/292
f 578/1/296 577/1/291 328/1/295 320/1/298
f 578/1/296 579/1/299 311/1/300 319/1/297
f 579/1/299 578/1/296 320/1/298 312/1/301
f 579/1/299 576/1/290 323/1/293 311/1/300
f 576/1/290 579/1/299 312/1/301 324/1/294
f 580/1/302 581/1/303 171/1/304 153/1/305
f 581/1/303 580/1/302 154/1/306 172/1/307
f 581/1/303 582/1/308 157/1/309 171/1/304
f 582/1/308 581/1/303 172/1/307 158/1/310
f 582/1/308 583/1/311 151/1/312 157/1/309
f 583/1/311 582/1/308 158/1/310 152/1/313
f 583/1/311 580/1/302 153/1/305 151/1/312
f 580/1/302 583/1/311 152/1/313 154/1/306
f 584/1/314 585/1/315 327/1/292 319/1/297
f 585/1/315 584/1/314 320/1/298 328/1/295
f 585/1/315 586/1/316 325/1/156 327/1/292
f 586/1/316 585/1/315 328/1/295 326/1/157
f 586/1/316 587/1/317 321/1/153 325/1/156
f 587/1/317 586/1/316 326/1/157 322/1/154
f 587/1/317 584/1/314 319/1/297 321/1/153
f 584/1/314 587/1/317 322/1/154 320/1/298
f 588/1/318 589/1/319 313/1/320 303/1/288
f 589/1/319 588/1/318 304/1/289 314/1/321
f 589/1/319 590/1/322 307/1/323 313/1/320
f 590/1/322 589/1/319 314/1/321 308/1/324
f 590/1/322 591/1/325 301/1/326 307/1/323
f 591/1/325 590/1/322 308/1/324 302/1/327
f 591/1/325 588/1/318 303/1/288 301/1/326
f 588/1/318 591/1/325 302/1/327 304/1/289
f 592/1/328 593/1/329 325/1/156 315/1/149
f 593/1/329 592/1/328 316/1/150 326/1/157
f 593/1/329 594/1/330 363/1/331 325/1/156
f 594/1/330 593/1/329 326/1/157 364/1/332
f 594/1/330 595/1/333 361/1/334 363/1/331
f 595/1/333 594/1/330 364/1/332 362/1/335
f 595/1/333 592/1/328 315/1/149 361/1/334
f 592/1/328 595/1/333 362/1/335 316/1/150
f 596/1/336 597/1/337 363/1/331 329/1/338
f 597/1/337 596/1/336 330/1/339 364/1/332
f 597/1/337 598/1/340 325/1/156 363/1/331
f 598/1/340 597/1/337 364/1/332 326/1/157
f 598/1/340 599/1/341 327/1/292 325/1/156
f 599/1/341 598/1/340 326/1/157 328/1/295
f 599/1/341 596/1/336 329/1/338 327/1/292
f 596/1/336 599/1/341 328/1/295 330/1/339
f 600/1/342 601/1/343 375/1/344 349/1/345
f 601/1/343 600/1/342 350/1/346 376/1/347
f 601/1/343 602/1/348 353/1/349 375/1/344
f 602/1/348 601/1/343 376/1/347 354/1/350
f 602/1/348 603/1/351 341/1/181 353/1/349
f 603/1/351 602/1/348 354/1/350 342/1/182
f 603/1/351 600/1/342 349/1/345 341/1/181
f 600/1/342 603/1/351 342/1/182 350/1/346
f 604/1/352 605/1/353 371/1/354 369/1/355
f 605/1/353 604/1/352 370/1/356 372/1/357
f 605/1/353 606/1/358 359/1/359 371/1/354
f 606/1/358 605/1/353 372/1/357 360/1/360
f 606/1/358 607/1/361 365/1/362 359/1/359
f 607/1/361 606/1/358 360/1/360 366/1/363
f 607/1/361 604/1/352 369/1/355 365/1/362
f 604/1/352 607/1/361 366/1/363 370/1/356
f 608/1/364 609/1/365 359/1/359 357/1/366
f 609/1/365 608/1/364 358/1/367 360/1/360
f 609/1/365 610/1/368 349/1/345 359/1/359
f 610/1/368 609/1/365 360/1/360 350/1/346
f 610/1/368 611/1/369 317/1/370 349/1/345
f 611/1/369 610/1/368 350/1/346 318/1/371
f 611/1/369 608/1/364 357/1/366 317/1/370
f 608/1/364 611/1/369 318/1/371 358/1/367
f 612/1/372 613/1/373 65/1/374 81/1/255
f 613/1/373 612/1/372 82/1/256 66/1/375
f 613/1/373 614/1/376 63/1/377 65/1/374
f 614/1/376 613/1/373 66/1/375 64/1/378
f 614/1/376 615/1/379 79/1/258 63/1/377
f 615/1/379 614/1/376 64/1/378 80/1/259
f 615/1/379 612/1/372 81/1/255 79/1/258
f 612/1/372 615/1/379 80/1/259 82/1/256
f 616/1/380 617/1/381 367/1/200 347/1/193
f 617/1/381 616/1/380 348/1/194 368/1/201
f 617/1/381 618/1/382 363/1/331 367/1/200
f 618/1/382 617/1/381 368/1/201 364/1/332
f 618/1/382 619/1/383 329/1/338 363/1/331
f 619/1/383 618/1/382 364/1/332 330/1/339
f 619/1/383 616/1/380 347/1/193 329/1/338
f 616/1/380 619/1/383 330/1/339 348/1/194
f 620/1/384 621/1/385 243/1/386 377/1/387
f 621/1/385 620/1/384 378/1/388 244/1/389
f 621/1/385 622/1/390 383/1/391 243/1/386
f 622/1/390 621/1/385 244/1/389 384/1/392
f 622/1/390 623/1/393 379/1/73 383/1/391
f 623/1/393 622/1/390 384/1/392 380/1/82
f 623/1/393 620/1/384 377/1/387 379/1/73
f 620/1/384 623/1/393 380/1/82 378/1/388
f 624/1/394 625/1/395 419/1/87 401/1/92
f 625/1/395 624/1/394 402/1/93 420/1/90
f 625/1/395 626/1/396 403/1/114 419/1/87
f 626/1/396 625/1/395 420/1/90 404/1/115
f 626/1/396 627/1/397 395/1/398 403/1/114
f 627/1/397 626/1/396 404/1/115 396/1/399
f 627/1/397 624/1/394 401/1/92 395/1/398
f 624/1/394 627/1/397 396/1/399 402/1/93
f 628/1/400 629/1/401 65/1/374 61/1/402
f 629/1/401 628/1/400 62/1/403 66/1/375
f 629/1/401 630/1/404 215/1/213 65/1/374
f 630/1/404 629/1/401 66/1/375 216/1/214
f 630/1/404 631/1/405 211/1/406 215/1/213
f 631/1/405 630/1/404 216/1/214 212/1/407
f 631/1/405 628/1/400 61/1/402 211/1/406
f 628/1/400 631/1/405 212/1/407 62/1/403
f 632/1/408 633/1/409 269/1/410 261/1/411
f 633/1/409 632/1/408 262/1/412 270/1/413
f 633/1/409 634/1/414 265/1/274 269/1/410
f 634/1/414 633/1/409 270/1/413 266/1/277
f 634/1/414 635/1/415 253/1/275 265/1/274
f 635/1/415 634/1/414 266/1/277 254/1/276
f 635/1/415 632/1/408 261/1/411 253/1/275
f 632/1/408 635/1/415 254/1/276 262/1/412
f 636/1/416 637/1/417 387/1/204 267/1/228
f 637/1/417 636/1/416 268/1/229 388/1/205
f 637/1/417 638/1/418 355/1/237 387/1/204
f 638/1/418 637/1/417 388/1/205 356/1/238
f 638/1/418 639/1/419 271/1/232 355/1/237
f 639/1/419 638/1/418 356/1/238 272/1/235
f 639/1/419 636/1/416 267/1/228 271/1/232
f 636/1/416 639/1/419 272/1/235 268/1/229
f 640/1/420 641/1/421 73/1/422 75/1/423
f 641/1/421 640/1/420 76/1/424 74/1/425
f 641/1/421 642/1/426 133/1/427 73/1/422
f 642/1/426 641/1/421 74/1/425 134/1/428
f 642/1/426 643/1/429 131/1/430 133/1/427
f 643/1/429 642/1/426 134/1/428 132/1/431
f 643/1/429 640/1/420 75/1/423 131/1/430
f 640/1/420 643/1/429 132/1/431 76/1/424
f 644/1/432 645/1/433 235/1/434 231/1/435
f 645/1/433 644/1/432 232/1/436 236/1/437
f 645/1/433 646/1/438 227/1/439 235/1/434
f 646/1/438 645/1/433 236/1/437 228/1/440
f 646/1/438 647/1/441 223/1/442 227/1/439
f 647/1/441 646/1/438 228/1/440 224/1/443
f 647/1/441 644/1/432 231/1/435 223/1/442
f 644/1/432 647/1/441 224/1/443 232/1/436
f 648/1/444 649/1/445 229/1/446 225/1/447
f 649/1/445 648/1/444 226/1/448 230/1/449
f 649/1/445 650/1/450 221/1/451 229/1/446
f 650/1/450 649/1/445 230/1/449 222/1/452
f 650/1/450 651/1/453 219/1/454 221/1/451
f 651/1/453 650/1/450 222/1/452 220/1/455
f 651/1/453 648/1/444 225/1/447 219/1/454
f 648/1/444 651/1/453 220/1/455 226/1/448
f 652/1/456 653/1/457 97/1/458 91/1/459
f 653/1/457 652/1/456 92/1/460 98/1/461
f 653/1/457 654/1/462 95/1/250 97/1/458
f 654/1/462 653/1/457 98/1/461 96/1/253
f 654/1/462 655/1/463 83/1/251 95/1/250
f 655/1/463 654/1/462 96/1/253 84/1/252
f 655/1/463 652/1/456 91/1/459 83/1/251
f 652/1/456 655/1/463 84/1/252 92/1/460
f 656/1/464 657/1/465 453/1/466 457/1/467
f 657/1/465 656/1/464 458/1/468 454/1/469
f 657/1/465 658/1/470 447/1/471 453/1/466
f 658/1/470 657/1/465 454/1/469 448/1/472
f 658/1/470 659/1/473 451/1/474 447/1/471
f 659/1/473 658/1/470 448/1/472 452/1/475
f 659/1/473 656/1/464 457/1/467 451/1/474
f 656/1/464 659/1/473 452/1/475 458/1/468
f 660/1/476 661/1/477 455/1/127 441/1/132
f 661/1/477 660/1/476 442/1/131 456/1/126
f 661/1/477 662/1/478 451/1/474 455/1/127
f 662/1/478 661/1/477 456/1/126 452/1/475
f 662/1/478 663/1/479 447/1/471 451/1/474
f 663/1/479 662/1/478 452/1/475 448/1/472
f 663/1/479 660/1/476 441/1/132 447/1/471
f 660/1/476 663/1/479 448/1/472 442/1/131
f 664/1/480 665/1/481 217/1/212 81/1/255
f 665/1/481 664/1/480 82/1/256 218/1/215
f 665/1/481 666/1/482 215/1/213 217/1/212
f 666/1/482 665/1/481 218/1/215 216/1/214
f 666/1/482 667/1/483 65/1/374 215/1/213
f 667/1/483 666/1/482 216/1/214 66/1/375
f 667/1/483 664/1/480 81/1/255 65/1/374
f 664/1/480 667/1/483 66/1/375 82/1/256
f 668/1/484 669/1/485 109/1/486 99/1/135
f 669/1/485 668/1/484 100/1/136 110/1/487
f 669/1/485 670/1/488 93/1/119 109/1/486
f 670/1/488 669/1/485 110/1/487 94/1/120
f 670/1/488 671/1/489 87/1/126 93/1/119
f 671/1/489 670/1/488 94/1/120 88/1/127
f 671/1/489 668/1/484 99/1/135 87/1/126
f 668/1/484 671/1/489 88/1/127 100/1/136
f 672/1/490 673/1/491 385/1/233 271/1/232
f 673/1/491 672/1/490 272/1/235 386/1/234
f 673/1/491 674/1/492 273/1/140 385/1/233
f 674/1/492 673/1/491 386/1/234 274/1/143
f 674/1/492 675/1/493 269/1/410 273/1/140
f 675/1/493 674/1/492 274/1/143 270/1/413
f 675/1/493 672/1/490 271/1/232 269/1/410
f 672/1/490 675/1/493 270/1/413 272/1/235
f 676/1/494 677/1/495 145/1/496 143/1/497
f 677/1/495 676/1/494 144/1/498 146/1/499
f 677/1/495 678/1/500 137/1/501 145/1/496
f 678/1/500 677/1/495 146/1/499 138/1/502
f 678/1/500 679/1/503 113/1/504 137/1/501
f 679/1/503 678/1/500 138/1/502 114/1/505
f 679/1/503 676/1/494 143/1/497 113/1/504
f 676/1/494 679/1/503 114/1/505 144/1/498
f 680/1/506 681/1/507 277/1/270 275/1/141
f 681/1/507 680/1/506 276/1/142 278/1/271
f 681/1/507 682/1/508 259/1/267 277/1/270
f 682/1/508 681/1/507 278/1/271 260/1/268
f 682/1/508 683/1/509 265/1/274 259/1/267
f 683/1/509 682/1/508 260/1/268 266/1/277
f 683/1/509 680/1/506 275/1/141 265/1/274
f 680/1/506 683/1/509 266/1/277 276/1/142
f 684/1/510 685/1/511 399/1/512 297/1/73
f 685/1/511 684/1/510 298/1/82 400/1/513
f 685/1/511 686/1/514 287/1/515 399/1/512
f 686/1/514 685/1/511 400/1/513 288/1/516
f 686/1/514 687/1/517 293/1/205 287/1/515
f 687/1/517 686/1/514 288/1/516 294/1/204
f 687/1/517 684/1/510 297/1/73 293/1/205
f 684/1/510 687/1/517 294/1/204 298/1/82
f 688/1/518 689/1/519 105/1/520 101/1/521
f 689/1/519 688/1/518 102/1/522 106/1/523
f 689/1/519 690/1/524 95/1/250 105/1/520
f 690/1/524 689/1/519 106/1/523 96/1/253
f 690/1/524 691/1/525 97/1/458 95/1/250
f 691/1/525 690/1/524 96/1/253 98/1/461
f 691/1/525 688/1/518 101/1/521 97/1/458
f 688/1/518 691/1/525 98/1/461 102/1/522
f 692/1/526 693/1/527 71/1/528 57/1/120
f 693/1/527 692/1/526 58/1/119 72/1/529
f 693/1/527 694/1/530 69/1/531 71/1/528
f 694/1/530 693/1/527 72/1/529 70/1/532
f 694/1/530 695/1/533 59/1/534 69/1/531
f 695/1/533 694/1/530 70/1/532 60/1/535
f 695/1/533 692/1/526 57/1/120 59/1/534
f 692/1/526 695/1/533 60/1/535 58/1/119
f 696/1/536 697/1/537 459/1/538 97/1/458
f 697/1/537 696/1/536 98/1/461 460/1/539
f 697/1/537 698/1/540 107/1/541 459/1/538
f 698/1/540 697/1/537 460/1/539 108/1/542
f 698/1/540 699/1/543 101/1/521 107/1/541
f 699/1/543 698/1/540 108/1/542 102/1/522
f 699/1/543 696/1/536 97/1/458 101/1/521
f 696/1/536 699/1/543 102/1/522 98/1/461
f 700/1/544 701/1/545 125/1/546 123/1/547
f 701/1/545 700/1/544 124/1/548 126/1/549
f 701/1/545 702/1/550 115/1/551 125/1/546
f 702/1/550 701/1/545 126/1/549 116/1/552
f 702/1/550 703/1/553 119/1/554 115/1/551
f 703/1/553 702/1/550 116/1/552 120/1/555
f 703/1/553 700/1/544 123/1/547 119/1/554
f 700/1/544 703/1/553 120/1/555 124/1/548
f 704/1/556 705/1/557 183/1/119 177/1/118
f 705/1/557 704/1/556 178/1/121 184/1/120
f 705/1/557 706/1/558 175/1/535 183/1/119
f 706/1/558 705/1/557 184/1/120 176/1/534
f 706/1/558 707/1/559 169/1/560 175/1/535
f 707/1/559 706/1/558 176/1/534 170/1/561
f 707/1/559 704/1/556 177/1/118 169/1/560
f 704/1/556 707/1/559 170/1/561 178/1/121
f 708/1/562 709/1/563 117/1/564 103/1/130
f 709/1/563 708/1/562 104/1/133 118/1/565
f 709/1/563 710/1/566 113/1/504 117/1/564
f 710/1/566 709/1/563 118/1/565 114/1/505
f 710/1/566 711/1/567 99/1/135 113/1/504
f 711/1/567 710/1/566 114/1/505 100/1/136
f 711/1/567 708/1/562 103/1/130 99/1/135
f 708/1/562 711/1/567 100/1/136 104/1/133
f 712/1/568 713/1/569 443/1/535 111/1/570
f 713/1/569 712/1/568 112/1/571 444/1/534
f 713/1/569 714/1/572 93/1/119 443/1/535
f 714/1/572 713/1/569 444/1/534 94/1/120
f 714/1/572 715/1/573 109/1/486 93/1/119
f 715/1/573 714/1/572 94/1/120 110/1/487
f 715/1/573 712/1/568 111/1/570 109/1/486
f 712/1/568 715/1/573 110/1/487 112/1/571
f 716/1/574 717/1/575 357/1/366 309/1/576
f 717/1/575 716/1/574 310/1/577 358/1/367
f 717/1/575 718/1/578 317/1/370 357/1/366
f 718/1/578 717/1/575 358/1/367 318/1/371
f 718/1/578 719/1/579 313/1/320 317/1/370
f 719/1/579 718/1/578 318/1/371 314/1/321
f 719/1/579 716/1/574 309/1/576 313/1/320
f 716/1/574 719/1/579 314/1/321 310/1/577
f 720/1/580 721/1/581 157/1/309 199/1/120
f 721/1/581 720/1/580 200/1/119 158/1/310
f 721/1/581 722/1/582 171/1/304 157/1/309
f 722/1/582 721/1/581 158/1/310 172/1/307
f 722/1/582 723/1/583 173/1/127 171/1/304
f 723/1/583 722/1/582 172/1/307 174/1/126
f 723/1/583 720/1/580 199/1/120 173/1/127
f 720/1/580 723/1/583 174/1/126 200/1/119
f 724/1/584 725/1/585 137/1/501 113/1/504
f 725/1/585 724/1/584 114/1/505 138/1/502
f 725/1/585 726/1/586 109/1/486 137/1/501
f 726/1/586 725/1/585 138/1/502 110/1/487
f 726/1/586 727/1/587 99/1/135 109/1/486
f 727/1/587 726/1/586 110/1/487 100/1/136
f 727/1/587 724/1/584 113/1/504 99/1/135
f 724/1/584 727/1/587 100/1/136 114/1/505
f 728/1/588 729/1/589 337/1/185 331/1/590
f 729/1/589 728/1/588 332/1/591 338/1/186
f 729/1/589 730/1/592 333/1/593 337/1/185
f 730/1/592 729/1/589 338/1/186 334/1/594
f 730/1/592 731/1/595 323/1/293 333/1/593
f 731/1/595 730/1/592 334/1/594 324/1/294
f 731/1/595 728/1/588 331/1/590 323/1/293
f 728/1/588 731/1/595 324/1/294 332/1/591
f 732/1/596 733/1/597 217/1/212 105/1/520
f 733/1/597 732/1/596 106/1/523 218/1/215
f 733/1/597 734/1/598 81/1/255 217/1/212
f 734/1/598 733/1/597 218/1/215 82/1/256
f 734/1/598 735/1/599 95/1/250 81/1/255
f 735/1/599 734/1/598 82/1/256 96/1/253
f 735/1/599 732/1/596 105/1/520 95/1/250
f 732/1/596 735/1/599 96/1/253 106/1/523
f 736/1/600 737/1/601 389/1/192 351/1/208
f 737/1/601 736/1/600 352/1/209 390/1/195
f 737/1/601 738/1/602 347/1/193 389/1/192
f 738/1/602 737/1/601 390/1/195 348/1/194
f 738/1/602 739/1/603 339/1/604 347/1/193
f 739/1/603 738/1/602 348/1/194 340/1/605
f 739/1/603 736/1/600 351/1/208 339/1/604
f 736/1/600 739/1/603 340/1/605 352/1/209
f 740/1/606 741/1/607 175/1/535 191/1/220
f 741/1/607 740/1/606 192/1/221 176/1/534
f 741/1/607 742/1/608 183/1/119 175/1/535
f 742/1/608 741/1/607 176/1/534 184/1/120
f 742/1/608 743/1/609 187/1/610 183/1/119
f 743/1/609 742/1/608 184/1/120 188/1/611
f 743/1/609 740/1/606 191/1/220 187/1/610
f 740/1/606 743/1/609 188/1/611 192/1/221
f 744/1/612 745/1/613 343/1/180 337/1/185
f 745/1/613 744/1/612 338/1/186 344/1/183
f 745/1/613 746/1/614 339/1/604 343/1/180
f 746/1/614 745/1/613 344/1/183 340/1/605
f 746/1/614 747/1/615 333/1/593 339/1/604
f 747/1/615 746/1/614 340/1/605 334/1/594
f 747/1/615 744/1/612 337/1/185 333/1/593
f 744/1/612 747/1/615 334/1/594 338/1/186
f 748/1/616 749/1/617 361/1/334 315/1/149
f 749/1/617 748/1/616 316/1/150 362/1/335
f 749/1/617 750/1/618 357/1/366 361/1/334
f 750/1/618 749/1/617 362/1/335 358/1/367
f 750/1/618 751/1/619 309/1/576 357/1/366
f 751/1/619 750/1/618 358/1/367 310/1/577
f 751/1/619 748/1/616 315/1/149 309/1/576
f 748/1/616 751/1/619 310/1/577 316/1/150
f 752/1/620 753/1/621 119/1/554 71/1/528
f 753/1/621 752/1/620 72/1/529 120/1/555
f 753/1/621 754/1/622 115/1/551 119/1/554
f 754/1/622 753/1/621 120/1/555 116/1/552
f 754/1/622 755/1/623 69/1/531 115/1/551
f 755/1/623 754/1/622 116/1/552 70/1/532
f 755/1/623 752/1/620 71/1/528 69/1/531
f 752/1/620 755/1/623 70/1/532 72/1/529
f 756/1/624 757/1/625 143/1/497 121/1/626
f 757/1/625 756/1/624 122/1/627 144/1/498
f 757/1/625 758/1/628 113/1/504 143/1/497
f 758/1/628 757/1/625 144/1/498 114/1/505
f 758/1/628 759/1/629 117/1/564 113/1/504
f 759/1/629 758/1/628 114/1/505 118/1/565
f 759/1/629 756/1/624 121/1/626 117/1/564
f 756/1/624 759/1/629 118/1/565 122/1/627
f 760/1/630 761/1/631 387/1/204 355/1/237
f 761/1/631 760/1/630 356/1/238 388/1/205
f 761/1/631 762/1/632 351/1/208 387/1/204
f 762/1/632 761/1/631 388/1/205 352/1/209
f 762/1/632 763/1/633 345/1/634 351/1/208
f 763/1/633 762/1/632 352/1/209 346/1/635
f 763/1/633 760/1/630 355/1/237 345/1/634
f 760/1/630 763/1/633 346/1/635 356/1/238
f 764/1/636 765/1/637 305/1/285 409/1/148
f 765/1/637 764/1/636 410/1/151 306/1/286
f 765/1/637 766/1/638 411/1/204 305/1/285
f 766/1/638 765/1/637 306/1/286 412/1/205
f 766/1/638 767/1/639 405/1/164 411/1/204
f 767/1/639 766/1/638 412/1/205 406/1/165
f 767/1/639 764/1/636 409/1/148 405/1/164
f 764/1/636 767/1/639 406/1/165 410/1/151
f 768/1/640 769/1/641 203/1/642 195/1/534
f 769/1/641 768/1/640 196/1/535 204/1/643
f 769/1/641 770/1/644 197/1/173 203/1/642
f 770/1/644 769/1/641 204/1/643 198/1/174
f 770/1/644 771/1/645 193/1/131 197/1/173
f 771/1/645 770/1/644 198/1/174 194/1/132
f 771/1/645 768/1/640 195/1/534 193/1/131
f 768/1/640 771/1/645 194/1/132 196/1/535
f 772/1/646 773/1/647 393/1/648 373/1/197
f 773/1/647 772/1/646 374/1/198 394/1/160
f 773/1/647 774/1/649 245/1/165 393/1/648
f 774/1/649 773/1/647 394/1/160 246/1/164
f 774/1/649 775/1/650 369/1/355 245/1/165
f 775/1/650 774/1/649 246/1/164 370/1/356
f 775/1/650 772/1/646 373/1/197 369/1/355
f 772/1/646 775/1/650 370/1/356 374/1/198
f 776/1/651 777/1/652 379/1/73 377/1/387
f 777/1/652 776/1/651 378/1/388 380/1/82
f 777/1/652 778/1/653 375/1/344 379/1/73
f 778/1/653 777/1/652 380/1/82 376/1/347
f 778/1/653 779/1/654 371/1/354 375/1/344
f 779/1/654 778/1/653 376/1/347 372/1/357
f 779/1/654 776/1/651 377/1/387 371/1/354
f 776/1/651 779/1/654 372/1/357 378/1/388
f 780/1/655 781/1/656 429/1/62 243/1/386
f 781/1/656 780/1/655 244/1/389 430/1/63
f 781/1/656 782/1/657 283/1/57 429/1/62
f 782/1/657 781/1/656 430/1/63 284/1/60
f 782/1/657 783/1/658 383/1/391 283/1/57
f 783/1/658 782/1/657 284/1/60 384/1/392
f 783/1/658 780/1/655 243/1/386 383/1/391
f 780/1/655 783/1/658 384/1/392 244/1/389
f 784/1/659 785/1/660 249/1/661 263/1/224
f 785/1/660 784/1/659 264/1/225 250/1/662
f 785/1/660 786/1/663 393/1/648 249/1/661
f 786/1/663 785/1/660 250/1/662 394/1/160
f 786/1/663 787/1/664 391/1/82 393/1/648
f 787/1/664 786/1/663 394/1/160 392/1/73
f 787/1/664 784/1/659 263/1/224 391/1/82
f 784/1/659 787/1/664 392/1/73 264/1/225
f 788/1/665 789/1/666 125/1/546 115/1/551
f 789/1/666 788/1/665 116/1/552 126/1/549
f 789/1/666 790/1/667 121/1/626 125/1/546
f 790/1/667 789/1/666 126/1/549 122/1/627
f 790/1/667 791/1/668 117/1/564 121/1/626
f 791/1/668 790/1/667 122/1/627 118/1/565
f 791/1/668 788/1/665 115/1/551 117/1/564
f 788/1/665 791/1/668 118/1/565 116/1/552
f 792/1/669 793/1/670 119/1/554 75/1/423
f 793/1/670 792/1/669 76/1/424 120/1/555
f 793/1/670 794/1/671 71/1/528 119/1/554
f 794/1/671 793/1/670 120/1/555 72/1/529
f 794/1/671 795/1/672 73/1/422 71/1/528
f 795/1/672 794/1/671 72/1/529 74/1/425
f 795/1/672 792/1/669 75/1/423 73/1/422
f 792/1/669 795/1/672 74/1/425 76/1/424
f 796/1/673 797/1/674 171/1/304 167/1/675
f 797/1/674 796/1/673 168/1/676 172/1/307
f 797/1/674 798/1/677 153/1/305 171/1/304
f 798/1/677 797/1/674 172/1/307 154/1/306
f 798/1/677 799/1/678 163/1/679 153/1/305
f 799/1/678 798/1/677 154/1/306 164/1/680
f 799/1/678 796/1/673 167/1/675 163/1/679
f 796/1/673 799/1/678 164/1/680 168/1/676
f 800/1/681 801/1/682 137/1/501 109/1/486
f 801/1/682 800/1/681 110/1/487 138/1/502
f 801/1/682 802/1/683 135/1/684 137/1/501
f 802/1/683 801/1/682 138/1/502 136/1/685
f 802/1/683 803/1/686 111/1/570 135/1/684
f 803/1/686 802/1/683 136/1/685 112/1/571
f 803/1/686 800/1/681 109/1/486 111/1/570
f 800/1/681 803/1/686 112/1/571 110/1/487
f 804/1/687 805/1/688 399/1/512 395/1/398
f 805/1/688 804/1/687 396/1/399 400/1/513
f 805/1/688 806/1/689 297/1/73 399/1/512
f 806/1/689 805/1/688 400/1/513 298/1/82
f 806/1/689 807/1/690 397/1/160 297/1/73
f 807/1/690 806/1/689 298/1/82 398/1/161
f 807/1/690 804/1/687 395/1/398 397/1/160
f 804/1/687 807/1/690 398/1/161 396/1/399
f 808/1/691 809/1/692 423/1/111 403/1/114
f 809/1/692 808/1/691 404/1/115 424/1/112
f 809/1/692 810/1/693 255/1/694 423/1/111
f 810/1/693 809/1/692 424/1/112 256/1/695
f 810/1/693 811/1/696 407/1/697 255/1/694
f 811/1/696 810/1/693 256/1/695 408/1/698
f 811/1/696 808/1/691 403/1/114 407/1/697
f 808/1/691 811/1/696 408/1/698 404/1/115
f 812/1/699 813/1/700 217/1/212 189/1/217
f 813/1/700 812/1/699 190/1/218 218/1/215
f 813/1/700 814/1/701 105/1/520 217/1/212
f 814/1/701 813/1/700 218/1/215 106/1/523
f 814/1/701 815/1/702 213/1/703 105/1/520
f 815/1/702 814/1/701 106/1/523 214/1/704
f 815/1/702 812/1/699 189/1/217 213/1/703
f 812/1/699 815/1/702 214/1/704 190/1/218
f 816/1/705 817/1/706 91/1/459 89/1/707
f 817/1/706 816/1/705 90/1/708 92/1/460
f 817/1/706 818/1/709 83/1/251 91/1/459
f 818/1/709 817/1/706 92/1/460 84/1/252
f 818/1/709 819/1/710 85/1/711 83/1/251
f 819/1/710 818/1/709 84/1/252 86/1/712
f 819/1/710 816/1/705 89/1/707 85/1/711
f 816/1/705 819/1/710 86/1/712 90/1/708
f 820/1/713 821/1/714 145/1/496 137/1/501
f 821/1/714 820/1/713 138/1/502 146/1/499
f 821/1/714 822/1/715 139/1/716 145/1/496
f 822/1/715 821/1/714 146/1/499 140/1/717
f 822/1/715 823/1/718 135/1/684 139/1/716
f 823/1/718 822/1/715 140/1/717 136/1/685
f 823/1/718 820/1/713 137/1/501 135/1/684
f 820/1/713 823/1/718 136/1/685 138/1/502
f 824/1/719 825/1/720 141/1/721 139/1/716
f 825/1/720 824/1/719 140/1/717 142/1/722
f 825/1/720 826/1/723 131/1/430 141/1/721
f 826/1/723 825/1/720 142/1/722 132/1/431
f 826/1/723 827/1/724 135/1/684 131/1/430
f 827/1/724 826/1/723 132/1/431 136/1/685
f 827/1/724 824/1/719 139/1/716 135/1/684
f 824/1/719 827/1/724 136/1/685 140/1/717
f 828/1/725 829/1/726 427/1/108 425/1/65
f 829/1/726 828/1/725 426/1/66 428/1/109
f 829/1/726 830/1/727 419/1/87 427/1/108
f 830/1/727 829/1/726 428/1/109 420/1/90
f 830/1/727 831/1/728 415/1/88 419/1/87
f 831/1/728 830/1/727 420/1/90 416/1/89
f 831/1/728 828/1/725 425/1/65 415/1/88
f 828/1/725 831/1/728 416/1/89 426/1/66
f 832/1/729 833/1/730 239/1/731 241/1/732
f 833/1/730 832/1/729 242/1/733 240/1/734
f 833/1/730 834/1/735 237/1/736 239/1/731
f 834/1/735 833/1/730 240/1/734 238/1/737
f 834/1/735 835/1/738 233/1/739 237/1/736
f 835/1/738 834/1/735 238/1/737 234/1/740
f 835/1/738 832/1/729 241/1/732 233/1/739
f 832/1/729 835/1/738 234/1/740 242/1/733
f 836/1/741 837/1/742 431/1/743 251/1/744
f 837/1/742 836/1/741 252/1/745 432/1/746
f 837/1/742 838/1/747 249/1/661 431/1/743
f 838/1/747 837/1/742 432/1/746 250/1/662
f 838/1/747 839/1/748 263/1/224 249/1/661
f 839/1/748 838/1/747 250/1/662 264/1/225
f 839/1/748 836/1/741 251/1/744 263/1/224
f 836/1/741 839/1/748 264/1/225 252/1/745
f 840/1/749 841/1/750 433/1/751 427/1/108
f 841/1/750 840/1/749 428/1/109 434/1/752
f 841/1/750 842/1/753 431/1/743 433/1/751
f 842/1/753 841/1/750 434/1/752 432/1/746
f 842/1/753 843/1/754 423/1/111 431/1/743
f 843/1/754 842/1/753 432/1/746 424/1/112
f 843/1/754 840/1/749 427/1/108 423/1/111
f 840/1/749 843/1/754 424/1/112 428/1/109
f 844/1/755 845/1/756 457/1/467 453/1/466
f 845/1/756 844/1/755 454/1/469 458/1/468
f 845/1/756 846/1/757 463/1/242 457/1/467
f 846/1/757 845/1/756 458/1/468 464/1/243
f 846/1/757 847/1/758 461/1/246 463/1/242
f 847/1/758 846/1/757 464/1/243 462/1/247
f 847/1/758 844/1/755 453/1/466 461/1/246
f 844/1/755 847/1/758 462/1/247 454/1/469
f 848/1/759 849/1/760 447/1/471 441/1/132
f 849/1/760 848/1/759 442/1/131 448/1/472
f 849/1/760 850/1/761 445/1/762 447/1/471
f 850/1/761 849/1/760 448/1/472 446/1/763
f 850/1/761 851/1/764 443/1/535 445/1/762
f 851/1/764 850/1/761 446/1/763 444/1/534
f 851/1/764 848/1/759 441/1/132 443/1/535
f 848/1/759 851/1/764 444/1/534 442/1/131
f 852/1/765 853/1/766 151/1/312 145/1/496
f 853/1/766 852/1/765 146/1/499 152/1/313
f 853/1/766 854/1/767 147/1/768 151/1/312
f 854/1/767 853/1/766 152/1/313 148/1/769
f 854/1/767 855/1/770 139/1/716 147/1/768
f 855/1/770 854/1/767 148/1/769 140/1/717
f 855/1/770 852/1/765 145/1/496 139/1/716
f 852/1/765 855/1/770 140/1/717 146/1/499
f 856/1/771 857/1/772 261/1/411 251/1/744
f 857/1/772 856/1/771 252/1/745 262/1/412
f 857/1/772 858/1/773 253/1/275 261/1/411
f 858/1/773 857/1/772 262/1/412 254/1/276
f 858/1/773 859/1/774 255/1/694 253/1/275
f 859/1/774 858/1/773 254/1/276 256/1/695
f 859/1/774 856/1/771 251/1/744 255/1/694
f 856/1/771 859/1/774 256/1/695 252/1/745
f 860/1/775 861/1/776 155/1/777 147/1/768
f 861/1/776 860/1/775 148/1/769 156/1/778
f 861/1/776 862/1/779 141/1/721 155/1/777
f 862/1/779 861/1/776 156/1/778 142/1/722
f 862/1/779 863/1/780 139/1/716 141/1/721
f 863/1/780 862/1/779 142/1/722 140/1/717
f 863/1/780 860/1/775 147/1/768 139/1/716
f 860/1/775 863/1/780 140/1/717 148/1/769
f 864/1/781 865/1/782 97/1/458 459/1/538
f 865/1/782 864/1/781 460/1/539 98/1/461
f 865/1/782 866/1/783 91/1/459 97/1/458
f 866/1/783 865/1/782 98/1/461 92/1/460
f 866/1/783 867/1/784 449/1/785 91/1/459
f 867/1/784 866/1/783 92/1/460 450/1/786
f 867/1/784 864/1/781 459/1/538 449/1/785
f 864/1/781 867/1/784 450/1/786 460/1/539
f 868/1/787 869/1/788 155/1/777 141/1/721
f 869/1/788 868/1/787 142/1/722 156/1/778
f 869/1/788 870/1/789 149/1/790 155/1/777
f 870/1/789 869/1/788 156/1/778 150/1/791
f 870/1/789 871/1/792 127/1/793 149/1/790
f 871/1/792 870/1/789 150/1/791 128/1/794
f 871/1/792 868/1/787 141/1/721 127/1/793
f 868/1/787 871/1/792 128/1/794 142/1/722
f 872/1/795 873/1/796 179/1/123 159/1/797
f 873/1/796 872/1/795 160/1/798 180/1/124
f 873/1/796 874/1/799 149/1/790 179/1/123
f 874/1/799 873/1/796 180/1/124 150/1/791
f 874/1/799 875/1/800 155/1/777 149/1/790
f 875/1/800 874/1/799 150/1/791 156/1/778
f 875/1/800 872/1/795 159/1/797 155/1/777
f 872/1/795 875/1/800 156/1/778 160/1/798
f 876/1/801 877/1/802 421/1/803 279/1/58
f 877/1/802 876/1/801 280/1/59 422/1/804
f 877/1/802 878/1/805 277/1/270 421/1/803
f 878/1/805 877/1/802 422/1/804 278/1/271
f 878/1/805 879/1/806 275/1/141 277/1/270
f 879/1/806 878/1/805 278/1/271 276/1/142
f 879/1/806 876/1/801 279/1/58 275/1/141
f 876/1/801 879/1/806 276/1/142 280/1/59
f 880/1/807 881/1/808 269/1/410 271/1/232
f 881/1/808 880/1/807 272/1/235 270/1/413
f 881/1/808 882/1/809 261/1/411 269/1/410
f 882/1/809 881/1/808 270/1/413 262/1/412
f 882/1/809 883/1/810 267/1/228 261/1/411
f 883/1/810 882/1/809 262/1/412 268/1/229
f 883/1/810 880/1/807 271/1/232 267/1/228
f 880/1/807 883/1/810 268/1/229 272/1/235
f 884/1/811 885/1/812 275/1/141 273/1/140
f 885/1/812 884/1/811 274/1/143 276/1/142
f 885/1/812 886/1/813 265/1/274 275/1/141
f 886/1/813 885/1/812 276/1/142 266/1/277
f 886/1/813 887/1/814 269/1/410 265/1/274
f 887/1/814 886/1/813 266/1/277 270/1/413
f 887/1/814 884/1/811 273/1/140 269/1/410
f 884/1/811 887/1/814 270/1/413 274/1/143
f 888/1/815 889/1/816 303/1/288 291/1/82
f 889/1/816 888/1/815 292/1/73 304/1/289
f 889/1/816 890/1/817 301/1/326 303/1/288
f 890/1/817 889/1/816 304/1/289 302/1/327
f 890/1/817 891/1/818 289/1/161 301/1/326
f 891/1/818 890/1/817 302/1/327 290/1/160
f 891/1/818 888/1/815 291/1/82 289/1/161
f 888/1/815 891/1/818 290/1/160 292/1/73
f 892/1/819 893/1/820 169/1/560 165/1/821
f 893/1/820 892/1/819 166/1/822 170/1/561
f 893/1/820 894/1/823 167/1/675 169/1/560
f 894/1/823 893/1/820 170/1/561 168/1/676
f 894/1/823 895/1/824 163/1/679 167/1/675
f 895/1/824 894/1/823 168/1/676 164/1/680
f 895/1/824 892/1/819 165/1/821 163/1/679
f 892/1/819 895/1/824 164/1/680 166/1/822
f 896/1/825 897/1/826 257/1/280 287/1/515
f 897/1/826 896/1/825 288/1/516 258/1/281
f 897/1/826 898/1/827 259/1/267 257/1/280
f 898/1/827 897/1/826 258/1/281 260/1/268
f 898/1/827 899/1/828 285/1/262 259/1/267
f 899/1/828 898/1/827 260/1/268 286/1/265
f 899/1/828 896/1/825 287/1/515 285/1/262
f 896/1/825 899/1/828 286/1/265 288/1/516
f 900/1/829 901/1/830 301/1/326 289/1/161
f 901/1/830 900/1/829 290/1/160 302/1/327
f 901/1/830 902/1/831 299/1/832 301/1/326
f 902/1/831 901/1/830 302/1/327 300/1/833
f 902/1/831 903/1/834 295/1/165 299/1/832
f 903/1/834 902/1/831 300/1/833 296/1/164
f 903/1/834 900/1/829 289/1/161 295/1/165
f 900/1/829 903/1/834 296/1/164 290/1/160
f 904/1/835 905/1/836 331/1/590 307/1/323
f 905/1/836 904/1/835 308/1/324 332/1/591
f 905/1/836 906/1/837 299/1/832 331/1/590
f 906/1/837 905/1/836 332/1/591 300/1/833
f 906/1/837 907/1/838 301/1/326 299/1/832
f 907/1/838 906/1/837 300/1/833 302/1/327
f 907/1/838 904/1/835 307/1/323 301/1/326
f 904/1/835 907/1/838 302/1/327 308/1/324
f 908/1/839 909/1/840 125/1/546 121/1/626
f 909/1/840 908/1/839 122/1/627 126/1/549
f 909/1/840 910/1/841 165/1/821 125/1/546
f 910/1/841 909/1/840 126/1/549 166/1/822
f 910/1/841 911/1/842 163/1/679 165/1/821
f 911/1/842 910/1/841 166/1/822 164/1/680
f 911/1/842 908/1/839 121/1/626 163/1/679
f 908/1/839 911/1/842 164/1/680 122/1/627
f 912/1/843 913/1/844 161/1/845 147/1/768
f 913/1/844 912/1/843 148/1/769 162/1/846
f 913/1/844 914/1/847 159/1/797 161/1/845
f 914/1/847 913/1/844 162/1/846 160/1/798
f 914/1/847 915/1/848 155/1/777 159/1/797
f 915/1/848 914/1/847 160/1/798 156/1/778
f 915/1/848 912/1/843 147/1/768 155/1/777
f 912/1/843 915/1/848 156/1/778 148/1/769
f 916/1/849 917/1/850 319/1/297 311/1/300
f 917/1/850 916/1/849 312/1/301 320/1/298
f 917/1/850 918/1/851 297/1/73 319/1/297
f 918/1/851 917/1/850 320/1/298 298/1/82
f 918/1/851 919/1/852 293/1/205 297/1/73
f 919/1/852 918/1/851 298/1/82 294/1/204
f 919/1/852 916/1/849 311/1/300 293/1/205
f 916/1/849 919/1/852 294/1/204 312/1/301
f 920/1/853 921/1/854 295/1/165 285/1/262
f 921/1/854 920/1/853 286/1/265 296/1/164
f 921/1/854 922/1/855 293/1/205 295/1/165
f 922/1/855 921/1/854 296/1/164 294/1/204
f 922/1/855 923/1/856 287/1/515 293/1/205
f 923/1/856 922/1/855 294/1/204 288/1/516
f 923/1/856 920/1/853 285/1/262 287/1/515
f 920/1/853 923/1/856 288/1/516 286/1/265
f 924/1/857 925/1/858 417/1/859 281/1/263
f 925/1/858 924/1/857 282/1/264 418/1/860
f 925/1/858 926/1/861 291/1/82 417/1/859
f 926/1/861 925/1/858 418/1/860 292/1/73
f 926/1/861 927/1/862 289/1/161 291/1/82
f 927/1/862 926/1/861 292/1/73 290/1/160
f 927/1/862 924/1/857 281/1/263 289/1/161
f 924/1/857 927/1/862 290/1/160 282/1/264
f 928/1/863 929/1/864 161/1/845 157/1/309
f 929/1/864 928/1/863 158/1/310 162/1/846
f 929/1/864 930/1/865 147/1/768 161/1/845
f 930/1/865 929/1/864 162/1/846 148/1/769
f 930/1/865 931/1/866 151/1/312 147/1/768
f 931/1/866 930/1/865 148/1/769 152/1/313
f 931/1/866 928/1/863 157/1/309 151/1/312
f 928/1/863 931/1/866 152/1/313 158/1/310
f 932/1/867 933/1/868 295/1/165 289/1/161
f 933/1/868 932/1/867 290/1/160 296/1/164
f 933/1/868 934/1/869 285/1/262 295/1/165
f 934/1/869 933/1/868 296/1/164 286/1/265
f 934/1/869 935/1/870 281/1/263 285/1/262
f 935/1/870 934/1/869 286/1/265 282/1/264
f 935/1/870 932/1/867 289/1/161 281/1/263
f 932/1/867 935/1/870 282/1/264 290/1/160
f 936/1/871 937/1/872 313/1/320 309/1/576
f 937/1/872 936/1/871 310/1/577 314/1/321
f 937/1/872 938/1/873 303/1/288 313/1/320
f 938/1/873 937/1/872 314/1/321 304/1/289
f 938/1/873 939/1/874 305/1/285 303/1/288
f 939/1/874 938/1/873 304/1/289 306/1/286
f 939/1/874 936/1/871 309/1/576 305/1/285
f 936/1/871 939/1/874 306/1/286 310/1/577
f 940/1/875 941/1/876 177/1/118 129/1/877
f 941/1/876 940/1/875 130/1/878 178/1/121
f 941/1/876 942/1/879 169/1/560 177/1/118
f 942/1/879 941/1/876 178/1/121 170/1/561
f 942/1/879 943/1/880 165/1/821 169/1/560
f 943/1/880 942/1/879 170/1/561 166/1/822
f 943/1/880 940/1/875 129/1/877 165/1/821
f 940/1/875 943/1/880 166/1/822 130/1/878
f 944/1/881 945/1/882 335/1/188 317/1/370
f 945/1/882 944/1/881 318/1/371 336/1/189
f 945/1/882 946/1/883 307/1/323 335/1/188
f 946/1/883 945/1/882 336/1/189 308/1/324
f 946/1/883 947/1/884 313/1/320 307/1/323
f 947/1/884 946/1/883 308/1/324 314/1/321
f 947/1/884 944/1/881 317/1/370 313/1/320
f 944/1/881 947/1/884 314/1/321 318/1/371
f 948/1/885 949/1/886 409/1/148 305/1/285
f 949/1/886 948/1/885 306/1/286 410/1/151
f 949/1/886 950/1/887 315/1/149 409/1/148
f 950/1/887 949/1/886 410/1/151 316/1/150
f 950/1/887 951/1/888 309/1/576 315/1/149
f 951/1/888 950/1/887 316/1/150 310/1/577
f 951/1/888 948/1/885 305/1/285 309/1/576
f 948/1/885 951/1/888 310/1/577 306/1/286
f 952/1/889 953/1/890 185/1/132 167/1/675
f 953/1/890 952/1/889 168/1/676 186/1/131
f 953/1/890 954/1/891 173/1/127 185/1/132
f 954/1/891 953/1/890 186/1/131 174/1/126
f 954/1/891 955/1/892 171/1/304 173/1/127
f 955/1/892 954/1/891 174/1/126 172/1/307
f 955/1/892 952/1/889 167/1/675 171/1/304
f 952/1/889 955/1/892 172/1/307 168/1/676
f 956/1/893 957/1/894 103/1/130 69/1/531
f 957/1/894 956/1/893 70/1/532 104/1/133
f 957/1/894 958/1/895 67/1/131 103/1/130
f 958/1/895 957/1/894 104/1/133 68/1/132
f 958/1/895 959/1/896 59/1/534 67/1/131
f 959/1/896 958/1/895 68/1/132 60/1/535
f 959/1/896 956/1/893 69/1/531 59/1/534
f 956/1/893 959/1/896 60/1/535 70/1/532
f 960/1/897 961/1/898 331/1/590 299/1/832
f 961/1/898 960/1/897 300/1/833 332/1/591
f 961/1/898 962/1/899 323/1/293 331/1/590
f 962/1/899 961/1/898 332/1/591 324/1/294
f 962/1/899 963/1/900 311/1/300 323/1/293
f 963/1/900 962/1/899 324/1/294 312/1/301
f 963/1/900 960/1/897 299/1/832 311/1/300
f 960/1/897 963/1/900 312/1/301 300/1/833
f 964/1/901 965/1/902 465/1/903 61/1/402
f 965/1/902 964/1/901 62/1/403 466/1/904
f 965/1/902 966/1/905 63/1/377 465/1/903
f 966/1/905 965/1/902 466/1/904 64/1/378
f 966/1/905 967/1/906 65/1/374 63/1/377
f 967/1/906 966/1/905 64/1/378 66/1/375
f 967/1/906 964/1/901 61/1/402 65/1/374
f 964/1/901 967/1/906 66/1/375 62/1/403
f 968/1/907 969/1/908 149/1/790 129/1/877
f 969/1/908 968/1/907 130/1/878 150/1/791
f 969/1/908 970/1/909 179/1/123 149/1/790
f 970/1/909 969/1/908 150/1/791 180/1/124
f 970/1/909 971/1/910 177/1/118 179/1/123
f 971/1/910 970/1/909 180/1/124 178/1/121
f 971/1/910 968/1/907 129/1/877 177/1/118
f 968/1/907 971/1/910 178/1/121 130/1/878
f 972/1/911 973/1/912 463/1/242 209/1/169
f 973/1/912 972/1/911 210/1/170 464/1/243
f 973/1/912 974/1/913 61/1/402 463/1/242
f 974/1/913 973/1/912 464/1/243 62/1/403
f 974/1/913 975/1/914 211/1/406 61/1/402
f 975/1/914 974/1/913 62/1/403 212/1/407
f 975/1/914 972/1/911 209/1/169 211/1/406
f 972/1/911 975/1/914 212/1/407 210/1/170
f 976/1/915 977/1/916 397/1/160 321/1/153
f 977/1/916 976/1/915 322/1/154 398/1/161
f 977/1/916 978/1/917 297/1/73 397/1/160
f 978/1/917 977/1/916 398/1/161 298/1/82
f 978/1/917 979/1/918 319/1/297 297/1/73
f 979/1/918 978/1/917 298/1/82 320/1/298
f 979/1/918 976/1/915 321/1/153 319/1/297
f 976/1/915 979/1/918 320/1/298 322/1/154
f 980/1/919 981/1/920 167/1/675 185/1/132
f 981/1/920 980/1/919 186/1/131 168/1/676
f 981/1/920 982/1/921 169/1/560 167/1/675
f 982/1/921 981/1/920 168/1/676 170/1/561
f 982/1/921 983/1/922 175/1/535 169/1/560
f 983/1/922 982/1/921 170/1/561 176/1/534
f 983/1/922 980/1/919 185/1/132 175/1/535
f 980/1/919 983/1/922 176/1/534 186/1/131
f 984/1/923 985/1/924 417/1/859 291/1/82
f 985/1/924 984/1/923 292/1/73 418/1/860
f 985/1/924 986/1/925 413/1/95 417/1/859
f 986/1/925 985/1/924 418/1/860 414/1/96
f 986/1/925 987/1/926 411/1/204 413/1/95
f 987/1/926 986/1/925 414/1/96 412/1/205
f 987/1/926 984/1/923 291/1/82 411/1/204
f 984/1/923 987/1/926 412/1/205 292/1/73
f 988/1/927 989/1/928 353/1/349 341/1/181
f 989/1/928 988/1/927 342/1/182 354/1/350
f 989/1/928 990/1/929 345/1/634 353/1/349
f 990/1/929 989/1/928 354/1/350 346/1/635
f 990/1/929 991/1/930 343/1/180 345/1/634
f 991/1/930 990/1/929 346/1/635 344/1/183
f 991/1/930 988/1/927 341/1/181 343/1/180
f 988/1/927 991/1/930 344/1/183 342/1/182
f 992/1/931 993/1/932 149/1/790 127/1/793
f 993/1/932 992/1/931 128/1/794 150/1/791
f 993/1/932 994/1/933 129/1/877 149/1/790
f 994/1/933 993/1/932 150/1/791 130/1/878
f 994/1/933 995/1/934 123/1/547 129/1/877
f 995/1/934 994/1/933 130/1/878 124/1/548
f 995/1/934 992/1/931 127/1/793 123/1/547
f 992/1/931 995/1/934 124/1/548 128/1/794
f 996/1/935 997/1/936 117/1/564 115/1/551
f 997/1/936 996/1/935 116/1/552 118/1/565
f 997/1/936 998/1/937 103/1/130 117/1/564
f 998/1/937 997/1/936 118/1/565 104/1/133
f 998/1/937 999/1/938 69/1/531 103/1/130
f 999/1/938 998/1/937 104/1/133 70/1/532
f 999/1/938 996/1/935 115/1/551 69/1/531
f 996/1/935 999/1/938 70/1/532 116/1/552
f 1000/1/939 1001/1/940 193/1/131 159/1/797
f 1001/1/940 1000/1/939 160/1/798 194/1/132
f 1001/1/940 1002/1/941 181/1/126 193/1/131
f 1002/1/941 1001/1/940 194/1/132 182/1/127
f 1002/1/941 1003/1/942 179/1/123 181/1/126
f 1003/1/942 1002/1/941 182/1/127 180/1/124
f 1003/1/942 1000/1/939 159/1/797 179/1/123
f 1000/1/939 1003/1/942 180/1/124 160/1/798
f 1004/1/943 1005/1/944 191/1/220 175/1/535
f 1005/1/944 1004/1/943 176/1/534 192/1/221
f 1005/1/944 1006/1/945 189/1/217 191/1/220
f 1006/1/945 1005/1/944 192/1/221 190/1/218
f 1006/1/945 1007/1/946 185/1/132 189/1/217
f 1007/1/946 1006/1/945 190/1/218 186/1/131
f 1007/1/946 1004/1/943 175/1/535 185/1/132
f 1004/1/943 1007/1/946 186/1/131 176/1/534
f 1008/1/947 1009/1/948 205/1/168 181/1/126
f 1009/1/948 1008/1/947 182/1/127 206/1/171
f 1009/1/948 1010/1/949 187/1/610 205/1/168
f 1010/1/949 1009/1/948 206/1/171 188/1/611
f 1010/1/949 1011/1/950 183/1/119 187/1/610
f 1011/1/950 1010/1/949 188/1/611 184/1/120
f 1011/1/950 1008/1/947 181/1/126 183/1/119
f 1008/1/947 1011/1/950 184/1/120 182/1/127
f 1012/1/951 1013/1/952 349/1/345 317/1/370
f 1013/1/952 1012/1/951 318/1/371 350/1/346
f 1013/1/952 1014/1/953 341/1/181 349/1/345
f 1014/1/953 1013/1/952 350/1/346 342/1/182
f 1014/1/953 1015/1/954 335/1/188 341/1/181
f 1015/1/954 1014/1/953 342/1/182 336/1/189
f 1015/1/954 1012/1/951 317/1/370 335/1/188
f 1012/1/951 1015/1/954 336/1/189 318/1/371
f 1016/1/955 1017/1/956 351/1/208 345/1/634
f 1017/1/956 1016/1/955 346/1/635 352/1/209
f 1017/1/956 1018/1/957 339/1/604 351/1/208
f 1018/1/957 1017/1/956 352/1/209 340/1/605
f 1018/1/957 1019/1/958 343/1/180 339/1/604
f 1019/1/958 1018/1/957 340/1/605 344/1/183
f 1019/1/958 1016/1/955 345/1/634 343/1/180
f 1016/1/955 1019/1/958 344/1/183 346/1/635
f 1020/1/959 1021/1/960 333/1/593 323/1/293
f 1021/1/960 1020/1/959 324/1/294 334/1/594
f 1021/1/960 1022/1/961 329/1/338 333/1/593
f 1022/1/961 1021/1/960 334/1/594 330/1/339
f 1022/1/961 1023/1/962 327/1/292 329/1/338
f 1023/1/962 1022/1/961 330/1/339 328/1/295
f 1023/1/962 1020/1/959 323/1/293 327/1/292
f 1020/1/959 1023/1/962 328/1/295 324/1/294
f 1024/1/963 1025/1/964 347/1/193 339/1/604
f 1025/1/964 1024/1/963 340/1/605 348/1/194
f 1025/1/964 1026/1/965 329/1/338 347/1/193
f 1026/1/965 1025/1/964 348/1/194 330/1/339
f 1026/1/965 1027/1/966 333/1/593 329/1/338
f 1027/1/966 1026/1/965 330/1/339 334/1/594
f 1027/1/966 1024/1/963 339/1/604 333/1/593
f 1024/1/963 1027/1/966 334/1/594 340/1/605
f 1028/1/967 1029/1/968 161/1/845 159/1/797
f 1029/1/968 1028/1/967 160/1/798 162/1/846
f 1029/1/968 1030/1/969 195/1/534 161/1/845
f 1030/1/969 1029/1/968 162/1/846 196/1/535
f 1030/1/969 1031/1/970 193/1/131 195/1/534
f 1031/1/970 1030/1/969 196/1/535 194/1/132
f 1031/1/970 1028/1/967 159/1/797 193/1/131
f 1028/1/967 1031/1/970 194/1/132 160/1/798
f 1032/1/971 1033/1/972 173/1/127 213/1/703
f 1033/1/972 1032/1/971 214/1/704 174/1/126
f 1033/1/972 1034/1/973 185/1/132 173/1/127
f 1034/1/973 1033/1/972 174/1/126 186/1/131
f 1034/1/973 1035/1/974 189/1/217 185/1/132
f 1035/1/974 1034/1/973 186/1/131 190/1/218
f 1035/1/974 1032/1/971 213/1/703 189/1/217
f 1032/1/971 1035/1/974 190/1/218 214/1/704
f 1036/1/975 1037/1/976 199/1/120 157/1/309
f 1037/1/976 1036/1/975 158/1/310 200/1/119
f 1037/1/976 1038/1/977 195/1/534 199/1/120
f 1038/1/977 1037/1/976 200/1/119 196/1/535
f 1038/1/977 1039/1/978 161/1/845 195/1/534
f 1039/1/978 1038/1/977 196/1/535 162/1/846
f 1039/1/978 1036/1/975 157/1/309 161/1/845
f 1036/1/975 1039/1/978 162/1/846 158/1/310
f 1040/1/979 1041/1/980 127/1/793 75/1/423
f 1041/1/980 1040/1/979 76/1/424 128/1/794
f 1041/1/980 1042/1/981 123/1/547 127/1/793
f 1042/1/981 1041/1/980 128/1/794 124/1/548
f 1042/1/981 1043/1/982 119/1/554 123/1/547
f 1043/1/982 1042/1/981 124/1/548 120/1/555
f 1043/1/982 1040/1/979 75/1/423 119/1/554
f 1040/1/979 1043/1/982 120/1/555 76/1/424
f 1044/1/983 1045/1/984 195/1/534 203/1/642
f 1045/1/984 1044/1/983 204/1/643 196/1/535
f 1045/1/984 1046/1/985 199/1/120 195/1/534
f 1046/1/985 1045/1/984 196/1/535 200/1/119
f 1046/1/985 1047/1/986 201/1/987 199/1/120
f 1047/1/986 1046/1/985 200/1/119 202/1/988
f 1047/1/986 1044/1/983 203/1/642 201/1/987
f 1044/1/983 1047/1/986 202/1/988 204/1/643
f 1048/1/989 1049/1/990 381/1/160 353/1/349
f 1049/1/990 1048/1/989 354/1/350 382/1/161
f 1049/1/990 1050/1/991 355/1/237 381/1/160
f 1050/1/991 1049/1/990 382/1/161 356/1/238
f 1050/1/991 1051/1/992 345/1/634 355/1/237
f 1051/1/992 1050/1/991 356/1/238 346/1/635
f 1051/1/992 1048/1/989 353/1/349 345/1/634
f 1048/1/989 1051/1/992 346/1/635 354/1/350
f 1052/1/993 1053/1/994 365/1/362 367/1/200
f 1053/1/994 1052/1/993 368/1/201 366/1/363
f 1053/1/994 1054/1/995 361/1/334 365/1/362
f 1054/1/995 1053/1/994 366/1/363 362/1/335
f 1054/1/995 1055/1/996 363/1/331 361/1/334
f 1055/1/996 1054/1/995 362/1/335 364/1/332
f 1055/1/996 1052/1/993 367/1/200 363/1/331
f 1052/1/993 1055/1/996 364/1/332 368/1/201
f 1056/1/997 1057/1/998 165/1/821 129/1/877
f 1057/1/998 1056/1/997 130/1/878 166/1/822
f 1057/1/998 1058/1/999 125/1/546 165/1/821
f 1058/1/999 1057/1/998 166/1/822 126/1/549
f 1058/1/999 1059/1/1000 123/1/547 125/1/546
f 1059/1/1000 1058/1/999 126/1/549 124/1/548
f 1059/1/1000 1056/1/997 129/1/877 123/1/547
f 1056/1/997 1059/1/1000 124/1/548 130/1/878
f 1060/1/1001 1061/1/1002 205/1/168 197/1/173
f 1061/1/1002 1060/1/1001 198/1/174 206/1/171
f 1061/1/1002 1062/1/1003 181/1/126 205/1/168
f 1062/1/1003 1061/1/1002 206/1/171 182/1/127
f 1062/1/1003 1063/1/1004 193/1/131 181/1/126
f 1063/1/1004 1062/1/1003 182/1/127 194/1/132
f 1063/1/1004 1060/1/1001 197/1/173 193/1/131
f 1060/1/1001 1063/1/1004 194/1/132 198/1/174
f 1064/1/1005 1065/1/1006 375/1/344 371/1/354
f 1065/1/1006 1064/1/1005 372/1/357 376/1/347
f 1065/1/1006 1066/1/1007 349/1/345 375/1/344
f 1066/1/1007 1065/1/1006 376/1/347 350/1/346
f 1066/1/1007 1067/1/1008 359/1/359 349/1/345
f 1067/1/1008 1066/1/1007 350/1/346 360/1/360
f 1067/1/1008 1064/1/1005 371/1/354 359/1/359
f 1064/1/1005 1067/1/1008 360/1/360 372/1/357
f 1068/1/1009 1069/1/1010 213/1/703 173/1/127
f 1069/1/1010 1068/1/1009 174/1/126 214/1/704
f 1069/1/1010 1070/1/1011 201/1/987 213/1/703
f 1070/1/1011 1069/1/1010 214/1/704 202/1/988
f 1070/1/1011 1071/1/1012 199/1/120 201/1/987
f 1071/1/1012 1070/1/1011 202/1/988 200/1/119
f 1071/1/1012 1068/1/1009 173/1/127 199/1/120
f 1068/1/1009 1071/1/1012 200/1/119 174/1/126
f 1072/1/1013 1073/1/1014 373/1/197 367/1/200
f 1073/1/1014 1072/1/1013 368/1/201 374/1/198
f 1073/1/1014 1074/1/1015 369/1/355 373/1/197
f 1074/1/1015 1073/1/1014 374/1/198 370/1/356
f 1074/1/1015 1075/1/1016 365/1/362 369/1/355
f 1075/1/1016 1074/1/1015 370/1/356 366/1/363
f 1075/1/1016 1072/1/1013 367/1/200 365/1/362
f 1072/1/1013 1075/1/1016 366/1/363 368/1/201
f 1076/1/1017 1077/1/1018 211/1/406 209/1/169
f 1077/1/1018 1076/1/1017 210/1/170 212/1/407
f 1077/1/1018 1078/1/1019 187/1/610 211/1/406
f 1078/1/1019 1077/1/1018 212/1/407 188/1/611
f 1078/1/1019 1079/1/1020 205/1/168 187/1/610
f 1079/1/1020 1078/1/1019 188/1/611 206/1/171
f 1079/1/1020 1076/1/1017 209/1/169 205/1/168
f 1076/1/1017 1079/1/1020 206/1/171 210/1/170
f 1080/1/1021 1081/1/1022 273/1/140 283/1/57
f 1081/1/1022 1080/1/1021 284/1/60 274/1/143
f 1081/1/1022 1082/1/1023 385/1/233 273/1/140
f 1082/1/1023 1081/1/1022 274/1/143 386/1/234
f 1082/1/1023 1083/1/1024 383/1/391 385/1/233
f 1083/1/1024 1082/1/1023 386/1/234 384/1/392
f 1083/1/1024 1080/1/1021 283/1/57 383/1/391
f 1080/1/1021 1083/1/1024 384/1/392 284/1/60
f 1084/1/1025 1085/1/1026 377/1/387 245/1/165
f 1085/1/1026 1084/1/1025 246/1/164 378/1/388
f 1085/1/1026 1086/1/1027 371/1/354 377/1/387
f 1086/1/1027 1085/1/1026 378/1/388 372/1/357
f 1086/1/1027 1087/1/1028 369/1/355 371/1/354
f 1087/1/1028 1086/1/1027 372/1/357 370/1/356
f 1087/1/1028 1084/1/1025 245/1/165 369/1/355
f 1084/1/1025 1087/1/1028 370/1/356 246/1/164
f 1088/1/1029 1089/1/1030 111/1/570 133/1/427
f 1089/1/1030 1088/1/1029 134/1/428 112/1/571
f 1089/1/1030 1090/1/1031 135/1/684 111/1/570
f 1090/1/1031 1089/1/1030 112/1/571 136/1/685
f 1090/1/1031 1091/1/1032 131/1/430 135/1/684
f 1091/1/1032 1090/1/1031 136/1/685 132/1/431
f 1091/1/1032 1088/1/1029 133/1/427 131/1/430
f 1088/1/1029 1091/1/1032 132/1/431 134/1/428
f 1092/1/1033 1093/1/1034 385/1/233 383/1/391
f 1093/1/1034 1092/1/1033 384/1/392 386/1/234
f 1093/1/1034 1094/1/1035 381/1/160 385/1/233
f 1094/1/1035 1093/1/1034 386/1/234 382/1/161
f 1094/1/1035 1095/1/1036 379/1/73 381/1/160
f 1095/1/1036 1094/1/1035 382/1/161 380/1/82
f 1095/1/1036 1092/1/1033 383/1/391 379/1/73
f 1092/1/1033 1095/1/1036 380/1/82 384/1/392
f 1096/1/1037 1097/1/1038 379/1/73 375/1/344
f 1097/1/1038 1096/1/1037 376/1/347 380/1/82
f 1097/1/1038 1098/1/1039 381/1/160 379/1/73
f 1098/1/1039 1097/1/1038 380/1/82 382/1/161
f 1098/1/1039 1099/1/1040 353/1/349 381/1/160
f 1099/1/1040 1098/1/1039 382/1/161 354/1/350
f 1099/1/1040 1096/1/1037 375/1/344 353/1/349
f 1096/1/1037 1099/1/1040 354/1/350 376/1/347
f 1100/1/1041 1101/1/1042 85/1/711 77/1/1043
f 1101/1/1042 1100/1/1041 78/1/1044 86/1/712
f 1101/1/1042 1102/1/1045 83/1/251 85/1/711
f 1102/1/1045 1101/1/1042 86/1/712 84/1/252
f 1102/1/1045 1103/1/1046 79/1/258 83/1/251
f 1103/1/1046 1102/1/1045 84/1/252 80/1/259
f 1103/1/1046 1100/1/1041 77/1/1043 79/1/258
f 1100/1/1041 1103/1/1046 80/1/259 78/1/1044
f 1104/1/1047 1105/1/1048 207/1/176 107/1/541
f 1105/1/1048 1104/1/1047 108/1/542 208/1/177
f 1105/1/1048 1106/1/1049 197/1/173 207/1/176
f 1106/1/1049 1105/1/1048 208/1/177 198/1/174
f 1106/1/1049 1107/1/1050 203/1/642 197/1/173
f 1107/1/1050 1106/1/1049 198/1/174 204/1/643
f 1107/1/1050 1104/1/1047 107/1/541 203/1/642
f 1104/1/1047 1107/1/1050 204/1/643 108/1/542
f 1108/1/1051 1109/1/1052 101/1/521 201/1/987
f 1109/1/1052 1108/1/1051 202/1/988 102/1/522
f 1109/1/1052 1110/1/1053 107/1/541 101/1/521
f 1110/1/1053 1109/1/1052 102/1/522 108/1/542
f 1110/1/1053 1111/1/1054 203/1/642 107/1/541
f 1111/1/1054 1110/1/1053 108/1/542 204/1/643
f 1111/1/1054 1108/1/1051 201/1/987 203/1/642
f 1108/1/1051 1111/1/1054 204/1/643 202/1/988
f 1112/1/1055 1113/1/1056 337/1/185 335/1/188
f 1113/1/1056 1112/1/1055 336/1/189 338/1/186
f 1113/1/1056 1114/1/1057 331/1/590 337/1/185
f 1114/1/1057 1113/1/1056 338/1/186 332/1/591
f 1114/1/1057 1115/1/1058 307/1/323 331/1/590
f 1115/1/1058 1114/1/1057 332/1/591 308/1/324
f 1115/1/1058 1112/1/1055 335/1/188 307/1/323
f 1112/1/1055 1115/1/1058 308/1/324 336/1/189
f 1116/1/1059 1117/1/1060 87/1/126 67/1/131
f 1117/1/1060 1116/1/1059 68/1/132 88/1/127
f 1117/1/1060 1118/1/1061 85/1/711 87/1/126
f 1118/1/1061 1117/1/1060 88/1/127 86/1/712
f 1118/1/1061 1119/1/1062 77/1/1043 85/1/711
f 1119/1/1062 1118/1/1061 86/1/712 78/1/1044
f 1119/1/1062 1116/1/1059 67/1/131 77/1/1043
f 1116/1/1059 1119/1/1062 78/1/1044 68/1/132
f 1120/1/1063 1121/1/1064 213/1/703 201/1/987
f 1121/1/1064 1120/1/1063 202/1/988 214/1/704
f 1121/1/1064 1122/1/1065 105/1/520 213/1/703
f 1122/1/1065 1121/1/1064 214/1/704 106/1/523
f 1122/1/1065 1123/1/1066 101/1/521 105/1/520
f 1123/1/1066 1122/1/1065 106/1/523 102/1/522
f 1123/1/1066 1120/1/1063 201/1/987 101/1/521
f 1120/1/1063 1123/1/1066 102/1/522 202/1/988
f 1124/1/1067 1125/1/1068 453/1/466 447/1/471
f 1125/1/1068 1124/1/1067 448/1/472 454/1/469
f 1125/1/1068 1126/1/1069 449/1/785 453/1/466
f 1126/1/1069 1125/1/1068 454/1/469 450/1/786
f 1126/1/1069 1127/1/1070 445/1/762 449/1/785
f 1127/1/1070 1126/1/1069 450/1/786 446/1/763
f 1127/1/1070 1124/1/1067 447/1/471 445/1/762
f 1124/1/1067 1127/1/1070 446/1/763 448/1/472
f 1128/1/1071 1129/1/1072 405/1/164 397/1/160
f 1129/1/1072 1128/1/1071 398/1/161 406/1/165
f 1129/1/1072 1130/1/1073 401/1/92 405/1/164
f 1130/1/1073 1129/1/1072 406/1/165 402/1/93
f 1130/1/1073 1131/1/1074 395/1/398 401/1/92
f 1131/1/1074 1130/1/1073 402/1/93 396/1/399
f 1131/1/1074 1128/1/1071 397/1/160 395/1/398
f 1128/1/1071 1131/1/1074 396/1/399 398/1/161
f 1132/1/1075 1133/1/1076 311/1/300 299/1/832
f 1133/1/1076 1132/1/1075 300/1/833 312/1/301
f 1133/1/1076 1134/1/1077 293/1/205 311/1/300
f 1134/1/1077 1133/1/1076 312/1/301 294/1/204
f 1134/1/1077 1135/1/1078 295/1/165 293/1/205
f 1135/1/1078 1134/1/1077 294/1/204 296/1/164
f 1135/1/1078 1132/1/1075 299/1/832 295/1/165
f 1132/1/1075 1135/1/1078 296/1/164 300/1/833
f 1136/1/1079 1137/1/1080 141/1/721 131/1/430
f 1137/1/1080 1136/1/1079 132/1/431 142/1/722
f 1137/1/1080 1138/1/1081 127/1/793 141/1/721
f 1138/1/1081 1137/1/1080 142/1/722 128/1/794
f 1138/1/1081 1139/1/1082 75/1/423 127/1/793
f 1139/1/1082 1138/1/1081 128/1/794 76/1/424
f 1139/1/1082 1136/1/1079 131/1/430 75/1/423
f 1136/1/1079 1139/1/1082 76/1/424 132/1/431
f 1140/1/1083 1141/1/1084 191/1/220 215/1/213
f 1141/1/1084 1140/1/1083 216/1/214 192/1/221
f 1141/1/1084 1142/1/1085 187/1/610 191/1/220
f 1142/1/1085 1141/1/1084 192/1/221 188/1/611
f 1142/1/1085 1143/1/1086 211/1/406 187/1/610
f 1143/1/1086 1142/1/1085 188/1/611 212/1/407
f 1143/1/1086 1140/1/1083 215/1/213 211/1/406
f 1140/1/1083 1143/1/1086 212/1/407 216/1/214
f 1144/1/1087 1145/1/1088 227/1/439 223/1/442
f 1145/1/1088 1144/1/1087 224/1/443 228/1/440
f 1145/1/1088 1146/1/1089 219/1/454 227/1/439
f 1146/1/1089 1145/1/1088 228/1/440 220/1/455
f 1146/1/1089 1147/1/1090 221/1/451 219/1/454
f 1147/1/1090 1146/1/1089 220/1/455 222/1/452
f 1147/1/1090 1144/1/1087 223/1/442 221/1/451
f 1144/1/1087 1147/1/1090 222/1/452 224/1/443
f 1148/1/1091 1149/1/1092 287/1/515 257/1/280
f 1149/1/1092 1148/1/1091 258/1/281 288/1/516
f 1149/1/1092 1150/1/1093 399/1/512 287/1/515
f 1150/1/1093 1149/1/1092 288/1/516 400/1/513
f 1150/1/1093 1151/1/1094 407/1/697 399/1/512
f 1151/1/1094 1150/1/1093 400/1/513 408/1/698
f 1151/1/1094 1148/1/1091 257/1/280 407/1/697
f 1148/1/1091 1151/1/1094 408/1/698 258/1/281
f 1152/1/1095 1153/1/1096 413/1/95 411/1/204
f 1153/1/1096 1152/1/1095 412/1/205 414/1/96
f 1153/1/1096 1154/1/1097 401/1/92 413/1/95
f 1154/1/1097 1153/1/1096 414/1/96 402/1/93
f 1154/1/1097 1155/1/1098 405/1/164 401/1/92
f 1155/1/1098 1154/1/1097 402/1/93 406/1/165
f 1155/1/1098 1152/1/1095 411/1/204 405/1/164
f 1152/1/1095 1155/1/1098 406/1/165 412/1/205
f 1156/1/1099 1157/1/1100 407/1/697 403/1/114
f 1157/1/1100 1156/1/1099 404/1/115 408/1/698
f 1157/1/1100 1158/1/1101 399/1/512 407/1/697
f 1158/1/1101 1157/1/1100 408/1/698 400/1/513
f 1158/1/1101 1159/1/1102 395/1/398 399/1/512
f 1159/1/1102 1158/1/1101 400/1/513 396/1/399
f 1159/1/1102 1156/1/1099 403/1/114 395/1/398
f 1156/1/1099 1159/1/1102 396/1/399 404/1/115
f 1160/1/1103 1161/1/1104 455/1/127 57/1/120
f 1161/1/1104 1160/1/1103 58/1/119 456/1/126
f 1161/1/1104 1162/1/1105 73/1/422 455/1/127
f 1162/1/1105 1161/1/1104 456/1/126 74/1/425
f 1162/1/1105 1163/1/1106 71/1/528 73/1/422
f 1163/1/1106 1162/1/1105 74/1/425 72/1/529
f 1163/1/1106 1160/1/1103 57/1/120 71/1/528
f 1160/1/1103 1163/1/1106 72/1/529 58/1/119
f 1164/1/1107 1165/1/1108 421/1/803 417/1/859
f 1165/1/1108 1164/1/1107 418/1/860 422/1/804
f 1165/1/1108 1166/1/1109 415/1/88 421/1/803
f 1166/1/1109 1165/1/1108 422/1/804 416/1/89
f 1166/1/1109 1167/1/1110 413/1/95 415/1/88
f 1167/1/1110 1166/1/1109 416/1/89 414/1/96
f 1167/1/1110 1164/1/1107 417/1/859 413/1/95
f 1164/1/1107 1167/1/1110 414/1/96 418/1/860
f 1168/1/1111 1169/1/1112 79/1/258 77/1/1043
f 1169/1/1112 1168/1/1111 78/1/1044 80/1/259
f 1169/1/1112 1170/1/1113 63/1/377 79/1/258
f 1170/1/1113 1169/1/1112 80/1/259 64/1/378
f 1170/1/1113 1171/1/1114 55/1/1115 63/1/377
f 1171/1/1114 1170/1/1113 64/1/378 56/1/1116
f 1171/1/1114 1168/1/1111 77/1/1043 55/1/1115
f 1168/1/1111 1171/1/1114 56/1/1116 78/1/1044
f 1172/1/1117 1173/1/1118 281/1/263 417/1/859
f 1173/1/1118 1172/1/1117 418/1/860 282/1/264
f 1173/1/1118 1174/1/1119 277/1/270 281/1/263
f 1174/1/1119 1173/1/1118 282/1/264 278/1/271
f 1174/1/1119 1175/1/1120 421/1/803 277/1/270
f 1175/1/1120 1174/1/1119 278/1/271 422/1/804
f 1175/1/1120 1172/1/1117 417/1/859 421/1/803
f 1172/1/1117 1175/1/1120 422/1/804 418/1/860
f 1176/1/1121 1177/1/1122 425/1/65 279/1/58
f 1177/1/1122 1176/1/1121 280/1/59 426/1/66
f 1177/1/1122 1178/1/1123 415/1/88 425/1/65
f 1178/1/1123 1177/1/1122 426/1/66 416/1/89
f 1178/1/1123 1179/1/1124 421/1/803 415/1/88
f 1179/1/1124 1178/1/1123 416/1/89 422/1/804
f 1179/1/1124 1176/1/1121 279/1/58 421/1/803
f 1176/1/1121 1179/1/1124 422/1/804 280/1/59
f 1180/1/1125 1181/1/1126 251/1/744 431/1/743
f 1181/1/1126 1180/1/1125 432/1/746 252/1/745
f 1181/1/1126 1182/1/1127 255/1/694 251/1/744
f 1182/1/1127 1181/1/1126 252/1/745 256/1/695
f 1182/1/1127 1183/1/1128 423/1/111 255/1/694
f 1183/1/1128 1182/1/1127 256/1/695 424/1/112
f 1183/1/1128 1180/1/1125 431/1/743 423/1/111
f 1180/1/1125 1183/1/1128 424/1/112 432/1/746
f 1184/1/1129 1185/1/1130 237/1/736 233/1/739
f 1185/1/1130 1184/1/1129 234/1/740 238/1/737
f 1185/1/1130 1186/1/1131 229/1/446 237/1/736
f 1186/1/1131 1185/1/1130 238/1/737 230/1/449
f 1186/1/1131 1187/1/1132 225/1/447 229/1/446
f 1187/1/1132 1186/1/1131 230/1/449 226/1/448
f 1187/1/1132 1184/1/1129 233/1/739 225/1/447
f 1184/1/1129 1187/1/1132 226/1/448 234/1/740
f 1188/1/1133 1189/1/1134 467/1/1135 55/1/1115
f 1189/1/1134 1188/1/1133 56/1/1116 468/1/1136
f 1189/1/1134 1190/1/1137 57/1/120 467/1/1135
f 1190/1/1137 1189/1/1134 468/1/1136 58/1/119
f 1190/1/1137 1191/1/1138 59/1/534 57/1/120
f 1191/1/1138 1190/1/1137 58/1/119 60/1/535
f 1191/1/1138 1188/1/1133 55/1/1115 59/1/534
f 1188/1/1133 1191/1/1138 60/1/535 56/1/1116
f 1192/1/1139 1193/1/1140 433/1/751 429/1/62
f 1193/1/1140 1192/1/1139 430/1/63 434/1/752
f 1193/1/1140 1194/1/1141 427/1/108 433/1/751
f 1194/1/1141 1193/1/1140 434/1/752 428/1/109
f 1194/1/1141 1195/1/1142 425/1/65 427/1/108
f 1195/1/1142 1194/1/1141 428/1/109 426/1/66
f 1195/1/1142 1192/1/1139 429/1/62 425/1/65
f 1192/1/1139 1195/1/1142 426/1/66 430/1/63
f 1196/1/1143 1197/1/1144 133/1/427 441/1/132
f 1197/1/1144 1196/1/1143 442/1/131 134/1/428
f 1197/1/1144 1198/1/1145 73/1/422 133/1/427
f 1198/1/1145 1197/1/1144 134/1/428 74/1/425
f 1198/1/1145 1199/1/1146 455/1/127 73/1/422
f 1199/1/1146 1198/1/1145 74/1/425 456/1/126
f 1199/1/1146 1196/1/1143 441/1/132 455/1/127
f 1196/1/1143 1199/1/1146 456/1/126 442/1/131
f 1200/1/1147 1201/1/1148 249/1/661 247/1/1149
f 1201/1/1148 1200/1/1147 248/1/1150 250/1/662
f 1201/1/1148 1202/1/1151 431/1/743 249/1/661
f 1202/1/1151 1201/1/1148 250/1/662 432/1/746
f 1202/1/1151 1203/1/1152 433/1/751 431/1/743
f 1203/1/1152 1202/1/1151 432/1/746 434/1/752
f 1203/1/1152 1200/1/1147 247/1/1149 433/1/751
f 1200/1/1147 1203/1/1152 434/1/752 248/1/1150
f 1204/1/1153 1205/1/1154 241/1/732 239/1/731
f 1205/1/1154 1204/1/1153 240/1/734 242/1/733
f 1205/1/1154 1206/1/1155 235/1/434 241/1/732
f 1206/1/1155 1205/1/1154 242/1/733 236/1/437
f 1206/1/1155 1207/1/1156 231/1/435 235/1/434
f 1207/1/1156 1206/1/1155 236/1/437 232/1/436
f 1207/1/1156 1204/1/1153 239/1/731 231/1/435
f 1204/1/1153 1207/1/1156 232/1/436 240/1/734
f 1208/1/1157 1209/1/1158 133/1/427 111/1/570
f 1209/1/1158 1208/1/1157 112/1/571 134/1/428
f 1209/1/1158 1210/1/1159 441/1/132 133/1/427
f 1210/1/1159 1209/1/1158 134/1/428 442/1/131
f 1210/1/1159 1211/1/1160 443/1/535 441/1/132
f 1211/1/1160 1210/1/1159 442/1/131 444/1/534
f 1211/1/1160 1208/1/1157 111/1/570 443/1/535
f 1208/1/1157 1211/1/1160 444/1/534 112/1/571
f 1212/1/1161 1213/1/1162 243/1/386 429/1/62
f 1213/1/1162 1212/1/1161 430/1/63 244/1/389
f 1213/1/1162 1214/1/1163 247/1/1149 243/1/386
f 1214/1/1163 1213/1/1162 244/1/389 248/1/1150
f 1214/1/1163 1215/1/1164 433/1/751 247/1/1149
f 1215/1/1164 1214/1/1163 248/1/1150 434/1/752
f 1215/1/1164 1212/1/1161 429/1/62 433/1/751
f 1212/1/1161 1215/1/1164 434/1/752 430/1/63
f 1216/1/1165 1217/1/1166 437/1/1167 435/1/1168
f 1217/1/1166 1216/1/1165 436/1/1169 438/1/1170
f 1217/1/1166 1218/1/1171 439/1/1172 437/1/1167
f 1218/1/1171 1217/1/1166 438/1/1170 440/1/1173
f 1218/1/1171 1216/1/1165 435/1/1168 439/1/1172
f 1216/1/1165 1218/1/1171 440/1/1173 436/1/1169
f 1219/1/1174 1220/1/1175 377/1/387 243/1/386
f 1220/1/1175 1219/1/1174 244/1/389 378/1/388
f 1220/1/1175 1221/1/1176 245/1/165 377/1/387
f 1221/1/1176 1220/1/1175 378/1/388 246/1/164
f 1221/1/1176 1222/1/1177 247/1/1149 245/1/165
f 1222/1/1177 1221/1/1176 246/1/164 248/1/1150
f 1222/1/1177 1219/1/1174 243/1/386 247/1/1149
f 1219/1/1174 1222/1/1177 248/1/1150 244/1/389
f 1223/1/1178 1224/1/1179 153/1/305 143/1/497
f 1224/1/1179 1223/1/1178 144/1/498 154/1/306
f 1224/1/1179 1225/1/1180 151/1/312 153/1/305
f 1225/1/1180 1224/1/1179 154/1/306 152/1/313
f 1225/1/1180 1226/1/1181 145/1/496 151/1/312
f 1226/1/1181 1225/1/1180 152/1/313 146/1/499
f 1226/1/1181 1223/1/1178 143/1/497 145/1/496
f 1223/1/1178 1226/1/1181 146/1/499 144/1/498
f 1227/1/1182 1228/1/1183 393/1/648 245/1/165
f 1228/1/1183 1227/1/1182 246/1/164 394/1/160
f 1228/1/1183 1229/1/1184 249/1/661 393/1/648
f 1229/1/1184 1228/1/1183 394/1/160 250/1/662
f 1229/1/1184 1230/1/1185 247/1/1149 249/1/661
f 1230/1/1185 1229/1/1184 250/1/662 248/1/1150
f 1230/1/1185 1227/1/1182 245/1/165 247/1/1149
f 1227/1/1182 1230/1/1185 248/1/1150 246/1/164
f 1231/1/1186 1232/1/1187 461/1/246 453/1/466
f 1232/1/1187 1231/1/1186 454/1/469 462/1/247
f 1232/1/1187 1233/1/1188 459/1/538 461/1/246
f 1233/1/1188 1232/1/1187 462/1/247 460/1/539
f 1233/1/1188 1234/1/1189 449/1/785 459/1/538
f 1234/1/1189 1233/1/1188 460/1/539 450/1/786
f 1234/1/1189 1231/1/1186 453/1/466 449/1/785
f 1231/1/1186 1234/1/1189 450/1/786 454/1/469
f 1235/1/1190 1236/1/1191 365/1/362 361/1/334
f 1236/1/1191 1235/1/1190 362/1/335 366/1/363
f 1236/1/1191 1237/1/1192 359/1/359 365/1/362
f 1237/1/1192 1236/1/1191 366/1/363 360/1/360
f 1237/1/1192 1238/1/1193 357/1/366 359/1/359
f 1238/1/1193 1237/1/1192 360/1/360 358/1/367
f 1238/1/1193 1235/1/1190 361/1/334 357/1/366
f 1235/1/1190 1238/1/1193 358/1/367 362/1/335
f 1239/1/1194 1240/1/1195 91/1/459 449/1/785
f 1240/1/1195 1239/1/1194 450/1/786 92/1/460
f 1240/1/1195 1241/1/1196 89/1/707 91/1/459
f 1241/1/1196 1240/1/1195 92/1/460 90/1/708
f 1241/1/1196 1242/1/1197 445/1/762 89/1/707
f 1242/1/1197 1241/1/1196 90/1/708 446/1/763
f 1242/1/1197 1239/1/1194 449/1/785 445/1/762
f 1239/1/1194 1242/1/1197 446/1/763 450/1/786
f 1243/1/1198 1244/1/1199 407/1/697 257/1/280
f 1244/1/1199 1243/1/1198 258/1/281 408/1/698
f 1244/1/1199 1245/1/1200 255/1/694 407/1/697
f 1245/1/1200 1244/1/1199 408/1/698 256/1/695
f 1245/1/1200 1246/1/1201 253/1/275 255/1/694
f 1246/1/1201 1245/1/1200 256/1/695 254/1/276
f 1246/1/1201 1243/1/1198 257/1/280 253/1/275
f 1243/1/1198 1246/1/1201 254/1/276 258/1/281
f 1247/1/1202 1248/1/1203 89/1/707 445/1/762
f 1248/1/1203 1247/1/1202 446/1/763 90/1/708
f 1248/1/1203 1249/1/1204 93/1/119 89/1/707
f 1249/1/1204 1248/1/1203 90/1/708 94/1/120
f 1249/1/1204 1250/1/1205 443/1/535 93/1/119
f 1250/1/1205 1249/1/1204 94/1/120 444/1/534
f 1250/1/1205 1247/1/1202 445/1/762 443/1/535
f 1247/1/1202 1250/1/1205 444/1/534 446/1/763
f 1251/1/1206 1252/1/1207 87/1/126 85/1/711
f 1252/1/1207 1251/1/1206 86/1/712 88/1/127
f 1252/1/1207 1253/1/1208 93/1/119 87/1/126
f 1253/1/1208 1252/1/1207 88/1/127 94/1/120
f 1253/1/1208 1254/1/1209 89/1/707 93/1/119
f 1254/1/1209 1253/1/1208 94/1/120 90/1/708
f 1254/1/1209 1251/1/1206 85/1/711 89/1/707
f 1251/1/1206 1254/1/1209 90/1/708 86/1/712
f 1255/1/1210 1256/1/1211 467/1/1135 57/1/120
f 1256/1/1211 1255/1/1210 58/1/119 468/1/1136
f 1256/1/1211 1257/1/1212 451/1/474 467/1/1135
f 1257/1/1212 1256/1/1211 468/1/1136 452/1/475
f 1257/1/1212 1258/1/1213 455/1/127 451/1/474
f 1258/1/1213 1257/1/1212 452/1/475 456/1/126
f 1258/1/1213 1255/1/1210 57/1/120 455/1/127
f 1255/1/1210 1258/1/1213 456/1/126 58/1/119
f 1259/1/1214 1260/1/1215 77/1/1043 67/1/131
f 1260/1/1215 1259/1/1214 68/1/132 78/1/1044
f 1260/1/1215 1261/1/1216 55/1/1115 77/1/1043
f 1261/1/1216 1260/1/1215 78/1/1044 56/1/1116
f 1261/1/1216 1262/1/1217 59/1/534 55/1/1115
f 1262/1/1217 1261/1/1216 56/1/1116 60/1/535
f 1262/1/1217 1259/1/1214 67/1/131 59/1/534
f 1259/1/1214 1262/1/1217 60/1/535 68/1/132
f 1263/1/1218 1264/1/1219 55/1/1115 467/1/1135
f 1264/1/1219 1263/1/1218 468/1/1136 56/1/1116
f 1264/1/1219 1265/1/1220 63/1/377 55/1/1115
f 1265/1/1220 1264/1/1219 56/1/1116 64/1/378
f 1265/1/1220 1266/1/1221 465/1/903 63/1/377
f 1266/1/1221 1265/1/1220 64/1/378 466/1/904
f 1266/1/1221 1263/1/1218 467/1/1135 465/1/903
f 1263/1/1218 1266/1/1221 466/1/904 468/1/1136
f 1267/1/1222 1268/1/1223 263/1/224 251/1/744
f 1268/1/1223 1267/1/1222 252/1/745 264/1/225
f 1268/1/1223 1269/1/1224 267/1/228 263/1/224
f 1269/1/1224 1268/1/1223 264/1/225 268/1/229
f 1269/1/1224 1270/1/1225 261/1/411 267/1/228
f 1270/1/1225 1269/1/1224 268/1/229 262/1/412
f 1270/1/1225 1267/1/1222 251/1/744 261/1/411
f 1267/1/1222 1270/1/1225 262/1/412 252/1/745
f 1271/1/1226 1272/1/1227 207/1/176 461/1/246
f 1272/1/1227 1271/1/1226 462/1/247 208/1/177
f 1272/1/1227 1273/1/1228 107/1/541 207/1/176
f 1273/1/1228 1272/1/1227 208/1/177 108/1/542
f 1273/1/1228 1274/1/1229 459/1/538 107/1/541
f 1274/1/1229 1273/1/1228 108/1/542 460/1/539
f 1274/1/1229 1271/1/1226 461/1/246 459/1/538
f 1271/1/1226 1274/1/1229 460/1/539 462/1/247
f 1275/1/1230 1276/1/1231 373/1/197 393/1/648
f 1276/1/1231 1275/1/1230 394/1/160 374/1/198
f 1276/1/1231 1277/1/1232 389/1/192 373/1/197
f 1277/1/1232 1276/1/1231 374/1/198 390/1/195
f 1277/1/1232 1278/1/1233 391/1/82 389/1/192
f 1278/1/1233 1277/1/1232 390/1/195 392/1/73
f 1278/1/1233 1275/1/1230 393/1/648 391/1/82
f 1275/1/1230 1278/1/1233 392/1/73 394/1/160
f 1279/1/1234 1280/1/1235 163/1/679 121/1/626
f 1280/1/1235 1279/1/1234 122/1/627 164/1/680
f 1280/1/1235 1281/1/1236 153/1/305 163/1/679
f 1281/1/1236 1280/1/1235 164/1/680 154/1/306
f 1281/1/1236 1282/1/1237 143/1/497 153/1/305
f 1282/1/1237 1281/1/1236 154/1/306 144/1/498
f 1282/1/1237 1279/1/1234 121/1/626 143/1/497
f 1279/1/1234 1282/1/1237 144/1/498 122/1/627
f 1283/1/1238 1284/1/1239 451/1/474 457/1/467
f 1284/1/1239 1283/1/1238 458/1/468 452/1/475
f 1284/1/1239 1285/1/1240 467/1/1135 451/1/474
f 1285/1/1240 1284/1/1239 452/1/475 468/1/1136
f 1285/1/1240 1286/1/1241 465/1/903 467/1/1135
f 1286/1/1241 1285/1/1240 468/1/1136 466/1/904
f 1286/1/1241 1283/1/1238 457/1/467 465/1/903
f 1283/1/1238 1286/1/1241 466/1/904 458/1/468
f 1287/1/1242 1288/1/1243 465/1/903 457/1/467
f 1288/1/1243 1287/1/1242 458/1/468 466/1/904
f 1288/1/1243 1289/1/1244 61/1/402 465/1/903
f 1289/1/1244 1288/1/1243 466/1/904 62/1/403
f 1289/1/1244 1290/1/1245 463/1/242 61/1/402
f 1290/1/1245 1289/1/1244 62/1/403 464/1/243
f 1290/1/1245 1287/1/1242 457/1/467 463/1/242
f 1287/1/1242 1290/1/1245 464/1/243 458/1/468
