# Blender 4.5.3 LTS
# www.blender.org
mtllib glass-outsidepin.mtl
o RenderMesh_88869659425953
v -0.095193 -0.258881 0.220792
v -0.095193 -0.260881 0.220792
v -0.155282 -0.258881 0.202263
v -0.155282 -0.260881 0.202263
v -0.143615 -0.258881 0.192835
v -0.143615 -0.260881 0.192835
v -0.097524 -0.258881 0.235610
v -0.097524 -0.260881 0.235610
v -0.185906 -0.258881 0.107333
v -0.185906 -0.260881 0.107333
v 0.000000 -0.258881 0.214665
v 0.000000 -0.260881 0.214665
v -0.172915 -0.258881 0.099833
v -0.172915 -0.260881 0.099833
v 0.000000 -0.258881 0.199665
v 0.000000 -0.260881 0.199665
v -0.238808 -0.258881 0.027957
v -0.238808 -0.260881 0.027957
v 0.095193 -0.258881 0.220792
v 0.095193 -0.260881 0.220792
v -0.252806 -0.258881 0.033347
v -0.252806 -0.260881 0.033347
v 0.097524 -0.258881 0.235610
v 0.097524 -0.260881 0.235610
v -0.238808 -0.258881 -0.027957
v -0.238808 -0.260881 -0.027957
v 0.155282 -0.258881 0.202263
v 0.155282 -0.260881 0.202263
v -0.252806 -0.258881 -0.033347
v -0.252806 -0.260881 -0.033347
v 0.143615 -0.258881 0.192835
v 0.143615 -0.260881 0.192835
v -0.185906 -0.258881 -0.107333
v -0.185906 -0.260881 -0.107333
v 0.185906 -0.258881 0.107333
v 0.185906 -0.260881 0.107333
v -0.172915 -0.258881 -0.099833
v -0.172915 -0.260881 -0.099833
v 0.172915 -0.258881 0.099833
v 0.172915 -0.260881 0.099833
v -0.143615 -0.258881 -0.192835
v -0.143615 -0.260881 -0.192835
v 0.238808 -0.258881 0.027957
v 0.238808 -0.260881 0.027957
v -0.155282 -0.258881 -0.202263
v -0.155282 -0.260881 -0.202263
v 0.252806 -0.258881 0.033347
v 0.252806 -0.260881 0.033347
v -0.095193 -0.258881 -0.220792
v -0.095193 -0.260881 -0.220792
v 0.252806 -0.258881 -0.033347
v 0.252806 -0.260881 -0.033347
v -0.097524 -0.258881 -0.235610
v -0.097524 -0.260881 -0.235610
v 0.238808 -0.258881 -0.027957
v 0.238808 -0.260881 -0.027957
v 0.000000 -0.258881 -0.214665
v 0.000000 -0.260881 -0.214665
v 0.185906 -0.258881 -0.107333
v 0.185906 -0.260881 -0.107333
v 0.000000 -0.258881 -0.199665
v 0.000000 -0.260881 -0.199665
v 0.172915 -0.258881 -0.099833
v 0.172915 -0.260881 -0.099833
v 0.095193 -0.258881 -0.220792
v 0.095193 -0.260881 -0.220792
v 0.143615 -0.258881 -0.192835
v 0.143615 -0.260881 -0.192835
v 0.097524 -0.258881 -0.235610
v 0.097524 -0.260881 -0.235610
v 0.155282 -0.258881 -0.202263
v 0.155282 -0.260881 -0.202263
v -0.095193 0.258881 0.220792
v -0.095193 0.260881 0.220792
v -0.155282 0.258881 0.202263
v -0.155282 0.260881 0.202263
v -0.097524 0.258881 0.235610
v -0.097524 0.260881 0.235610
v 0.000000 0.258881 0.214665
v 0.000000 0.260881 0.214665
v -0.143615 0.258881 0.192835
v -0.143615 0.260881 0.192835
v 0.000000 0.258881 0.199665
v 0.000000 0.260881 0.199665
v -0.185906 0.258881 0.107333
v -0.185906 0.260881 0.107333
v 0.095193 0.258881 0.220792
v 0.095193 0.260881 0.220792
v -0.172915 0.258881 0.099833
v -0.172915 0.260881 0.099833
v 0.097524 0.258881 0.235610
v 0.097524 0.260881 0.235610
v -0.238808 0.258881 0.027957
v -0.238808 0.260881 0.027957
v 0.155282 0.258881 0.202263
v 0.155282 0.260881 0.202263
v -0.252806 0.258881 0.033347
v -0.252806 0.260881 0.033347
v 0.143615 0.258881 0.192835
v 0.143615 0.260881 0.192835
v -0.252806 0.258881 -0.033347
v -0.252806 0.260881 -0.033347
v 0.185906 0.258881 0.107333
v 0.185906 0.260881 0.107333
v -0.238808 0.258881 -0.027957
v -0.238808 0.260881 -0.027957
v 0.172915 0.258881 0.099833
v 0.172915 0.260881 0.099833
v -0.185906 0.258881 -0.107333
v -0.185906 0.260881 -0.107333
v 0.238808 0.258881 0.027957
v 0.238808 0.260881 0.027957
v -0.172915 0.258881 -0.099833
v -0.172915 0.260881 -0.099833
v 0.252806 0.258881 0.033347
v 0.252806 0.260881 0.033347
v -0.143615 0.258881 -0.192835
v -0.143615 0.260881 -0.192835
v 0.238808 0.258881 -0.027957
v 0.238808 0.260881 -0.027957
v -0.155282 0.258881 -0.202263
v -0.155282 0.260881 -0.202263
v 0.252806 0.258881 -0.033347
v 0.252806 0.260881 -0.033347
v -0.095193 0.258881 -0.220792
v -0.095193 0.260881 -0.220792
v 0.185906 0.258881 -0.107333
v 0.185906 0.260881 -0.107333
v -0.097524 0.258881 -0.235610
v -0.097524 0.260881 -0.235610
v 0.172915 0.258881 -0.099833
v 0.172915 0.260881 -0.099833
v 0.000000 0.258881 -0.214665
v 0.000000 0.260881 -0.214665
v 0.143615 0.258881 -0.192835
v 0.143615 0.260881 -0.192835
v 0.000000 0.258881 -0.199665
v 0.000000 0.260881 -0.199665
v 0.155282 0.258881 -0.202263
v 0.155282 0.260881 -0.202263
v 0.095193 0.258881 -0.220792
v 0.095193 0.260881 -0.220792
v 0.097524 0.258881 -0.235610
v 0.097524 0.260881 -0.235610
v -0.185906 -0.131119 0.107333
v -0.187638 -0.131119 0.108333
v -0.185906 -0.258881 0.107333
v -0.187638 -0.258881 0.108333
v -0.155282 -0.258881 0.202263
v -0.156838 -0.258881 0.203520
v -0.252806 -0.131119 0.033347
v -0.254672 -0.131119 0.034066
v -0.155282 -0.131119 0.202263
v -0.156838 -0.131119 0.203520
v -0.252806 -0.258881 0.033347
v -0.254672 -0.258881 0.034066
v -0.097524 -0.258881 0.235610
v -0.097835 -0.258881 0.237586
v -0.252806 -0.131119 -0.033347
v -0.254672 -0.131119 -0.034066
v -0.097524 -0.131119 0.235610
v -0.097835 -0.131119 0.237586
v -0.252806 -0.258881 -0.033347
v -0.254672 -0.258881 -0.034066
v 0.000000 -0.258881 0.214665
v 0.000000 -0.258881 0.216665
v -0.185906 -0.131119 -0.107333
v -0.187638 -0.131119 -0.108333
v 0.000000 -0.131119 0.214665
v 0.000000 -0.131119 0.216665
v -0.185906 -0.258881 -0.107333
v -0.187638 -0.258881 -0.108333
v 0.097524 -0.258881 0.235610
v 0.097835 -0.258881 0.237586
v -0.155282 -0.131119 -0.202263
v -0.156838 -0.131119 -0.203520
v 0.097524 -0.131119 0.235610
v 0.097835 -0.131119 0.237586
v -0.155282 -0.258881 -0.202263
v -0.156838 -0.258881 -0.203520
v 0.155282 -0.258881 0.202263
v 0.156838 -0.258881 0.203520
v -0.097524 -0.131119 -0.235610
v -0.097835 -0.131119 -0.237586
v 0.155282 -0.131119 0.202263
v 0.156838 -0.131119 0.203520
v -0.097524 -0.258881 -0.235610
v -0.097835 -0.258881 -0.237586
v 0.185906 -0.258881 0.107333
v 0.187638 -0.258881 0.108333
v 0.000000 -0.131119 -0.214665
v 0.000000 -0.131119 -0.216665
v 0.185906 -0.131119 0.107333
v 0.187638 -0.131119 0.108333
v 0.000000 -0.258881 -0.214665
v 0.000000 -0.258881 -0.216665
v 0.252806 -0.258881 0.033347
v 0.254672 -0.258881 0.034066
v 0.097524 -0.131119 -0.235610
v 0.097835 -0.131119 -0.237586
v 0.252806 -0.131119 0.033347
v 0.254672 -0.131119 0.034066
v 0.097524 -0.258881 -0.235610
v 0.097835 -0.258881 -0.237586
v 0.252806 -0.258881 -0.033347
v 0.254672 -0.258881 -0.034066
v 0.155282 -0.131119 -0.202263
v 0.156838 -0.131119 -0.203520
v 0.252806 -0.131119 -0.033347
v 0.254672 -0.131119 -0.034066
v 0.155282 -0.258881 -0.202263
v 0.156838 -0.258881 -0.203520
v 0.185906 -0.258881 -0.107333
v 0.187638 -0.258881 -0.108333
v 0.185906 -0.131119 -0.107333
v 0.187638 -0.131119 -0.108333
v -0.185906 0.258881 0.107333
v -0.187638 0.258881 0.108333
v -0.185906 0.131119 0.107333
v -0.187638 0.131119 0.108333
v -0.155282 0.131119 0.202263
v -0.156838 0.131119 0.203520
v -0.252806 0.258881 0.033347
v -0.254672 0.258881 0.034066
v -0.155282 0.258881 0.202263
v -0.156838 0.258881 0.203520
v -0.252806 0.131119 0.033347
v -0.254672 0.131119 0.034066
v -0.097524 0.131119 0.235610
v -0.097835 0.131119 0.237586
v -0.252806 0.258881 -0.033347
v -0.254672 0.258881 -0.034066
v -0.097524 0.258881 0.235610
v -0.097835 0.258881 0.237586
v -0.252806 0.131119 -0.033347
v -0.254672 0.131119 -0.034066
v 0.000000 0.131119 0.214665
v 0.000000 0.131119 0.216665
v -0.185906 0.258881 -0.107333
v -0.187638 0.258881 -0.108333
v 0.000000 0.258881 0.214665
v 0.000000 0.258881 0.216665
v -0.185906 0.131119 -0.107333
v -0.187638 0.131119 -0.108333
v 0.097524 0.131119 0.235610
v 0.097835 0.131119 0.237586
v -0.155282 0.258881 -0.202263
v -0.156838 0.258881 -0.203520
v 0.097524 0.258881 0.235610
v 0.097835 0.258881 0.237586
v -0.155282 0.131119 -0.202263
v -0.156838 0.131119 -0.203520
v 0.155282 0.131119 0.202263
v 0.156838 0.131119 0.203520
v -0.097524 0.258881 -0.235610
v -0.097835 0.258881 -0.237586
v 0.155282 0.258881 0.202263
v 0.156838 0.258881 0.203520
v -0.097524 0.131119 -0.235610
v -0.097835 0.131119 -0.237586
v 0.185906 0.131119 0.107333
v 0.187638 0.131119 0.108333
v 0.000000 0.258881 -0.214665
v 0.000000 0.258881 -0.216665
v 0.185906 0.258881 0.107333
v 0.187638 0.258881 0.108333
v 0.000000 0.131119 -0.214665
v 0.000000 0.131119 -0.216665
v 0.252806 0.131119 0.033347
v 0.254672 0.131119 0.034066
v 0.097524 0.258881 -0.235610
v 0.097835 0.258881 -0.237586
v 0.252806 0.258881 0.033347
v 0.254672 0.258881 0.034066
v 0.097524 0.131119 -0.235610
v 0.097835 0.131119 -0.237586
v 0.252806 0.131119 -0.033347
v 0.254672 0.131119 -0.034066
v 0.155282 0.258881 -0.202263
v 0.156838 0.258881 -0.203520
v 0.252806 0.258881 -0.033347
v 0.254672 0.258881 -0.034066
v 0.155282 0.131119 -0.202263
v 0.156838 0.131119 -0.203520
v 0.185906 0.131119 -0.107333
v 0.187638 0.131119 -0.108333
v 0.185906 0.258881 -0.107333
v 0.187638 0.258881 -0.108333
v -0.172915 -0.131119 0.099833
v -0.171183 -0.131119 0.098833
v -0.143615 -0.258881 0.192835
v -0.142055 -0.258881 0.191583
v -0.172915 -0.258881 0.099833
v -0.171183 -0.258881 0.098833
v -0.143615 -0.131119 0.192835
v -0.142055 -0.131119 0.191583
v -0.238808 -0.131119 0.027957
v -0.236944 -0.131119 0.027232
v -0.095193 -0.258881 0.220792
v -0.094889 -0.258881 0.218815
v -0.238808 -0.258881 0.027957
v -0.236944 -0.258881 0.027232
v -0.095193 -0.131119 0.220792
v -0.094889 -0.131119 0.218815
v -0.238808 -0.131119 -0.027957
v -0.236944 -0.131119 -0.027232
v 0.000000 -0.258881 0.199665
v 0.000000 -0.258881 0.197665
v -0.238808 -0.258881 -0.027957
v -0.236944 -0.258881 -0.027232
v 0.000000 -0.131119 0.199665
v 0.000000 -0.131119 0.197665
v -0.172915 -0.131119 -0.099833
v -0.171183 -0.131119 -0.098833
v 0.095193 -0.258881 0.220792
v 0.094889 -0.258881 0.218815
v -0.172915 -0.258881 -0.099833
v -0.171183 -0.258881 -0.098833
v 0.095193 -0.131119 0.220792
v 0.094889 -0.131119 0.218815
v -0.143615 -0.131119 -0.192835
v -0.142055 -0.131119 -0.191583
v 0.143615 -0.258881 0.192835
v 0.142055 -0.258881 0.191583
v -0.143615 -0.258881 -0.192835
v -0.142055 -0.258881 -0.191583
v 0.143615 -0.131119 0.192835
v 0.142055 -0.131119 0.191583
v -0.095193 -0.131119 -0.220792
v -0.094889 -0.131119 -0.218815
v 0.172915 -0.258881 0.099833
v 0.171183 -0.258881 0.098833
v -0.095193 -0.258881 -0.220792
v -0.094889 -0.258881 -0.218815
v 0.172915 -0.131119 0.099833
v 0.171183 -0.131119 0.098833
v 0.000000 -0.131119 -0.199665
v 0.000000 -0.131119 -0.197665
v 0.238808 -0.258881 0.027957
v 0.236944 -0.258881 0.027232
v 0.000000 -0.258881 -0.199665
v 0.000000 -0.258881 -0.197665
v 0.238808 -0.131119 0.027957
v 0.236944 -0.131119 0.027232
v 0.095193 -0.131119 -0.220792
v 0.094889 -0.131119 -0.218815
v 0.238808 -0.258881 -0.027957
v 0.236944 -0.258881 -0.027232
v 0.095193 -0.258881 -0.220792
v 0.094889 -0.258881 -0.218815
v 0.238808 -0.131119 -0.027957
v 0.236944 -0.131119 -0.027232
v 0.143615 -0.131119 -0.192835
v 0.142055 -0.131119 -0.191583
v 0.172915 -0.258881 -0.099833
v 0.171183 -0.258881 -0.098833
v 0.143615 -0.258881 -0.192835
v 0.142055 -0.258881 -0.191583
v 0.172915 -0.131119 -0.099833
v 0.171183 -0.131119 -0.098833
v -0.172915 0.258881 0.099833
v -0.171183 0.258881 0.098833
v -0.143615 0.131119 0.192835
v -0.142055 0.131119 0.191583
v -0.172915 0.131119 0.099833
v -0.171183 0.131119 0.098833
v -0.143615 0.258881 0.192835
v -0.142055 0.258881 0.191583
v -0.238808 0.258881 0.027957
v -0.236944 0.258881 0.027232
v -0.095193 0.131119 0.220792
v -0.094889 0.131119 0.218815
v -0.238808 0.131119 0.027957
v -0.236944 0.131119 0.027232
v -0.095193 0.258881 0.220792
v -0.094889 0.258881 0.218815
v -0.238808 0.258881 -0.027957
v -0.236944 0.258881 -0.027232
v 0.000000 0.131119 0.199665
v 0.000000 0.131119 0.197665
v -0.238808 0.131119 -0.027957
v -0.236944 0.131119 -0.027232
v 0.000000 0.258881 0.199665
v 0.000000 0.258881 0.197665
v -0.172915 0.258881 -0.099833
v -0.171183 0.258881 -0.098833
v 0.095193 0.131119 0.220792
v 0.094889 0.131119 0.218815
v -0.172915 0.131119 -0.099833
v -0.171183 0.131119 -0.098833
v 0.095193 0.258881 0.220792
v 0.094889 0.258881 0.218815
v -0.143615 0.258881 -0.192835
v -0.142055 0.258881 -0.191583
v 0.143615 0.131119 0.192835
v 0.142055 0.131119 0.191583
v -0.143615 0.131119 -0.192835
v -0.142055 0.131119 -0.191583
v 0.143615 0.258881 0.192835
v 0.142055 0.258881 0.191583
v -0.095193 0.258881 -0.220792
v -0.094889 0.258881 -0.218815
v 0.172915 0.131119 0.099833
v 0.171183 0.131119 0.098833
v -0.095193 0.131119 -0.220792
v -0.094889 0.131119 -0.218815
v 0.172915 0.258881 0.099833
v 0.171183 0.258881 0.098833
v 0.000000 0.258881 -0.199665
v 0.000000 0.258881 -0.197665
v 0.238808 0.131119 0.027957
v 0.236944 0.131119 0.027232
v 0.000000 0.131119 -0.199665
v 0.000000 0.131119 -0.197665
v 0.238808 0.258881 0.027957
v 0.236944 0.258881 0.027232
v 0.095193 0.258881 -0.220792
v 0.094889 0.258881 -0.218815
v 0.238808 0.131119 -0.027957
v 0.236944 0.131119 -0.027232
v 0.095193 0.131119 -0.220792
v 0.094889 0.131119 -0.218815
v 0.238808 0.258881 -0.027957
v 0.236944 0.258881 -0.027232
v 0.143615 0.258881 -0.192835
v 0.142055 0.258881 -0.191583
v 0.172915 0.131119 -0.099833
v 0.171183 0.131119 -0.098833
v 0.143615 0.131119 -0.192835
v 0.142055 0.131119 -0.191583
v 0.172915 0.258881 -0.099833
v 0.171183 0.258881 -0.098833
v -0.095193 -0.131119 0.220792
v -0.095193 -0.129119 0.220792
v -0.155282 -0.131119 0.202263
v -0.155282 -0.129119 0.202263
v -0.097524 -0.131119 0.235610
v -0.097524 -0.129119 0.235610
v 0.000000 -0.131119 0.214665
v 0.000000 -0.129119 0.214665
v -0.143615 -0.131119 0.192835
v -0.143615 -0.129119 0.192835
v 0.000000 -0.131119 0.199665
v 0.000000 -0.129119 0.199665
v -0.185906 -0.131119 0.107333
v -0.185906 -0.129119 0.107333
v 0.095193 -0.131119 0.220792
v 0.095193 -0.129119 0.220792
v -0.172915 -0.131119 0.099833
v -0.172915 -0.129119 0.099833
v 0.097524 -0.131119 0.235610
v 0.097524 -0.129119 0.235610
v -0.238808 -0.131119 0.027957
v -0.238808 -0.129119 0.027957
v 0.155282 -0.131119 0.202263
v 0.155282 -0.129119 0.202263
v -0.252806 -0.131119 0.033347
v -0.252806 -0.129119 0.033347
v 0.143615 -0.131119 0.192835
v 0.143615 -0.129119 0.192835
v -0.252806 -0.131119 -0.033347
v -0.252806 -0.129119 -0.033347
v 0.185906 -0.131119 0.107333
v 0.185906 -0.129119 0.107333
v -0.238808 -0.131119 -0.027957
v -0.238808 -0.129119 -0.027957
v 0.172915 -0.131119 0.099833
v 0.172915 -0.129119 0.099833
v -0.185906 -0.131119 -0.107333
v -0.185906 -0.129119 -0.107333
v 0.238808 -0.131119 0.027957
v 0.238808 -0.129119 0.027957
v -0.172915 -0.131119 -0.099833
v -0.172915 -0.129119 -0.099833
v 0.252806 -0.131119 0.033347
v 0.252806 -0.129119 0.033347
v -0.143615 -0.131119 -0.192835
v -0.143615 -0.129119 -0.192835
v 0.238808 -0.131119 -0.027957
v 0.238808 -0.129119 -0.027957
v -0.155282 -0.131119 -0.202263
v -0.155282 -0.129119 -0.202263
v 0.252806 -0.131119 -0.033347
v 0.252806 -0.129119 -0.033347
v -0.095193 -0.131119 -0.220792
v -0.095193 -0.129119 -0.220792
v 0.185906 -0.131119 -0.107333
v 0.185906 -0.129119 -0.107333
v -0.097524 -0.131119 -0.235610
v -0.097524 -0.129119 -0.235610
v 0.172915 -0.131119 -0.099833
v 0.172915 -0.129119 -0.099833
v 0.000000 -0.131119 -0.214665
v 0.000000 -0.129119 -0.214665
v 0.143615 -0.131119 -0.192835
v 0.143615 -0.129119 -0.192835
v 0.000000 -0.131119 -0.199665
v 0.000000 -0.129119 -0.199665
v 0.155282 -0.131119 -0.202263
v 0.155282 -0.129119 -0.202263
v 0.095193 -0.131119 -0.220792
v 0.095193 -0.129119 -0.220792
v 0.097524 -0.131119 -0.235610
v 0.097524 -0.129119 -0.235610
v -0.095193 0.131119 0.220792
v -0.095193 0.129119 0.220792
v -0.155282 0.131119 0.202263
v -0.155282 0.129119 0.202263
v -0.143615 0.131119 0.192835
v -0.143615 0.129119 0.192835
v -0.097524 0.131119 0.235610
v -0.097524 0.129119 0.235610
v -0.185906 0.131119 0.107333
v -0.185906 0.129119 0.107333
v 0.000000 0.131119 0.214665
v 0.000000 0.129119 0.214665
v -0.172915 0.131119 0.099833
v -0.172915 0.129119 0.099833
v 0.000000 0.131119 0.199665
v 0.000000 0.129119 0.199665
v -0.238808 0.131119 0.027957
v -0.238808 0.129119 0.027957
v 0.095193 0.131119 0.220792
v 0.095193 0.129119 0.220792
v -0.252806 0.131119 0.033347
v -0.252806 0.129119 0.033347
v 0.097524 0.131119 0.235610
v 0.097524 0.129119 0.235610
v -0.238808 0.131119 -0.027957
v -0.238808 0.129119 -0.027957
v 0.155282 0.131119 0.202263
v 0.155282 0.129119 0.202263
v -0.252806 0.131119 -0.033347
v -0.252806 0.129119 -0.033347
v 0.143615 0.131119 0.192835
v 0.143615 0.129119 0.192835
v -0.185906 0.131119 -0.107333
v -0.185906 0.129119 -0.107333
v 0.185906 0.131119 0.107333
v 0.185906 0.129119 0.107333
v -0.172915 0.131119 -0.099833
v -0.172915 0.129119 -0.099833
v 0.172915 0.131119 0.099833
v 0.172915 0.129119 0.099833
v -0.143615 0.131119 -0.192835
v -0.143615 0.129119 -0.192835
v 0.238808 0.131119 0.027957
v 0.238808 0.129119 0.027957
v -0.155282 0.131119 -0.202263
v -0.155282 0.129119 -0.202263
v 0.252806 0.131119 0.033347
v 0.252806 0.129119 0.033347
v -0.095193 0.131119 -0.220792
v -0.095193 0.129119 -0.220792
v 0.252806 0.131119 -0.033347
v 0.252806 0.129119 -0.033347
v -0.097524 0.131119 -0.235610
v -0.097524 0.129119 -0.235610
v 0.238808 0.131119 -0.027957
v 0.238808 0.129119 -0.027957
v 0.000000 0.131119 -0.214665
v 0.000000 0.129119 -0.214665
v 0.185906 0.131119 -0.107333
v 0.185906 0.129119 -0.107333
v 0.000000 0.131119 -0.199665
v 0.000000 0.129119 -0.199665
v 0.172915 0.131119 -0.099833
v 0.172915 0.129119 -0.099833
v 0.095193 0.131119 -0.220792
v 0.095193 0.129119 -0.220792
v 0.143615 0.131119 -0.192835
v 0.143615 0.129119 -0.192835
v 0.097524 0.131119 -0.235610
v 0.097524 0.129119 -0.235610
v 0.155282 0.131119 -0.202263
v 0.155282 0.129119 -0.202263
v 0.141969 0.257881 0.192709
v 0.141969 0.132119 0.192709
v 0.095907 0.132119 0.219304
v 0.095907 0.257881 0.219304
v 0.253739 0.132119 -0.032706
v 0.253739 0.257881 -0.032706
v 0.253739 0.257881 0.032706
v 0.253739 0.132119 0.032706
v 0.143136 0.132119 -0.191255
v 0.171748 0.132119 -0.100287
v 0.171748 0.257881 -0.100287
v 0.143136 0.257881 -0.191255
v -0.171748 -0.132119 0.100287
v -0.143136 -0.132119 0.191255
v -0.143136 -0.257881 0.191255
v -0.171748 -0.257881 0.100287
v -0.171748 0.257881 0.100287
v -0.143136 0.257881 0.191255
v -0.143136 0.132119 0.191255
v -0.171748 0.132119 0.100287
v 0.082333 0.130119 -0.218962
v 0.000000 0.130119 -0.200689
v -0.095356 0.130119 -0.221853
v -0.144452 0.130119 -0.193507
v -0.173802 0.130119 -0.100345
v -0.239808 0.130119 -0.028346
v -0.239808 0.130119 0.028346
v -0.173802 0.130119 0.100345
v -0.144452 0.130119 0.193507
v -0.095356 0.130119 0.221853
v 0.000000 0.130119 0.200689
v 0.095356 0.130119 0.221853
v 0.144452 0.130119 0.193507
v 0.173802 0.130119 0.100345
v 0.239808 0.130119 0.028346
v 0.239808 0.130119 -0.028260
v 0.194256 0.130119 -0.096608
v 0.251806 0.130119 -0.032962
v 0.251806 0.130119 0.032962
v 0.185020 0.130119 0.106822
v 0.154449 0.130119 0.201589
v 0.097357 0.130119 0.234551
v 0.000000 0.130119 0.213642
v -0.097357 0.130119 0.234551
v -0.154449 0.130119 0.201589
v -0.185020 0.130119 0.106822
v -0.251806 0.130119 0.032962
v -0.251806 0.130119 -0.032962
v -0.185020 0.130119 -0.106822
v -0.154449 0.130119 -0.201590
v -0.097357 0.130119 -0.234551
v -0.000074 0.130119 -0.213658
v -0.253739 -0.132119 -0.032706
v -0.253739 -0.257881 -0.032706
v -0.253739 -0.257881 0.032706
v -0.253739 -0.132119 0.032706
v 0.237876 -0.132119 0.026594
v 0.237876 -0.132119 -0.026594
v 0.237876 -0.257881 -0.026594
v 0.237876 -0.257881 0.026594
v -0.095907 -0.257881 -0.219304
v -0.095907 -0.132119 -0.219304
v -0.141969 -0.132119 -0.192709
v -0.141969 -0.257881 -0.192709
v -0.095907 0.132119 -0.219304
v -0.095907 0.257881 -0.219304
v -0.141969 0.257881 -0.192709
v -0.141969 0.132119 -0.192709
v -0.237876 0.132119 -0.026594
v -0.237876 0.257881 -0.026594
v -0.237876 0.257881 0.026594
v -0.237876 0.132119 0.026594
v 0.171748 -0.132119 0.100287
v 0.171748 -0.257881 0.100287
v 0.143136 -0.257881 0.191255
v 0.143136 -0.132119 0.191255
v 0.253739 -0.257881 -0.032706
v 0.253739 -0.132119 -0.032706
v 0.253739 -0.132119 0.032706
v 0.253739 -0.257881 0.032706
v -0.171748 0.132119 -0.100287
v -0.143136 0.132119 -0.191255
v -0.143136 0.257881 -0.191255
v -0.171748 0.257881 -0.100287
v 0.237876 0.257881 0.026594
v 0.237876 0.257881 -0.026594
v 0.237876 0.132119 -0.026594
v 0.237876 0.132119 0.026594
v -0.095235 -0.259881 0.221826
v 0.000000 -0.259881 0.200689
v 0.095356 -0.259881 0.221853
v 0.144452 -0.259881 0.193507
v 0.173802 -0.259881 0.100345
v 0.239724 -0.259881 0.028438
v 0.251806 -0.259881 -0.024475
v 0.251806 -0.259881 0.032962
v 0.185020 -0.259881 0.106822
v 0.154449 -0.259881 0.201590
v 0.097357 -0.259881 0.234551
v 0.000000 -0.259881 0.213642
v -0.097357 -0.259881 0.234551
v -0.147099 -0.259881 0.205833
v 0.141969 0.132119 -0.192709
v 0.141969 0.257881 -0.192709
v 0.095907 0.257881 -0.219304
v 0.095907 0.132119 -0.219304
v -0.237876 -0.257881 -0.026594
v -0.237876 -0.132119 -0.026594
v -0.237876 -0.132119 0.026594
v -0.237876 -0.257881 0.026594
v -0.094065 -0.132119 0.219587
v -0.000976 -0.132119 0.198882
v -0.000976 -0.257881 0.198882
v -0.094065 -0.257881 0.219587
v 0.253069 0.257881 0.034448
v 0.187443 0.257881 0.107091
v 0.187443 0.132119 0.107091
v 0.253069 0.132119 0.034448
v 0.155194 -0.257881 0.203392
v 0.155194 -0.132119 0.203392
v 0.098545 -0.132119 0.236098
v 0.098545 -0.257881 0.236098
v -0.253069 -0.132119 0.034448
v -0.253069 -0.257881 0.034448
v -0.187443 -0.257881 0.107091
v -0.187443 -0.132119 0.107091
v 0.000976 -0.132119 0.198882
v 0.094065 -0.132119 0.219587
v 0.094065 -0.257881 0.219587
v 0.000976 -0.257881 0.198882
v -0.098545 -0.257881 0.236098
v -0.098545 -0.132119 0.236098
v -0.155194 -0.132119 0.203392
v -0.155194 -0.257881 0.203392
v -0.156367 -0.132119 -0.201940
v -0.156367 -0.257881 -0.201940
v -0.186465 -0.257881 -0.108785
v -0.186465 -0.132119 -0.108785
v 0.155194 0.132119 0.203391
v 0.155194 0.257881 0.203391
v 0.098545 0.257881 0.236098
v 0.098545 0.132119 0.236098
v 0.096702 -0.257881 0.236388
v 0.096702 -0.132119 0.236388
v 0.000978 -0.132119 0.215875
v 0.000978 -0.257881 0.215875
v -0.187443 -0.132119 -0.107091
v -0.187443 -0.257881 -0.107091
v -0.253069 -0.257881 -0.034448
v -0.253069 -0.132119 -0.034448
v -0.000978 -0.257881 0.215875
v -0.000978 -0.132119 0.215875
v -0.096702 -0.132119 0.236388
v -0.096702 -0.257881 0.236388
v -0.156367 -0.257881 0.201940
v -0.156367 -0.132119 0.201940
v -0.186465 -0.132119 0.108785
v -0.186465 -0.257881 0.108785
v 0.187443 -0.132119 -0.107091
v 0.253069 -0.132119 -0.034448
v 0.253069 -0.257881 -0.034448
v 0.187443 -0.257881 -0.107091
v 0.155194 -0.132119 -0.203391
v 0.155194 -0.257881 -0.203391
v 0.098545 -0.257881 -0.236098
v 0.098545 -0.132119 -0.236098
v -0.156367 0.257881 -0.201940
v -0.156367 0.132119 -0.201940
v -0.186465 0.132119 -0.108785
v -0.186465 0.257881 -0.108785
v -0.094065 0.132119 -0.219587
v -0.000976 0.132119 -0.198882
v -0.000976 0.257881 -0.198882
v -0.094065 0.257881 -0.219587
v 0.096702 -0.132119 -0.236388
v 0.096702 -0.257881 -0.236388
v 0.000978 -0.257881 -0.215875
v 0.000978 -0.132119 -0.215875
v 0.253069 -0.132119 0.034448
v 0.187443 -0.132119 0.107091
v 0.187443 -0.257881 0.107091
v 0.253069 -0.257881 0.034448
v -0.000978 -0.132119 -0.215875
v -0.000978 -0.257881 -0.215875
v -0.096702 -0.257881 -0.236388
v -0.096702 -0.132119 -0.236388
v 0.096702 0.132119 0.236388
v 0.096702 0.257881 0.236388
v 0.000978 0.257881 0.215875
v 0.000978 0.132119 0.215875
v -0.156367 0.132119 0.201940
v -0.156367 0.257881 0.201940
v -0.186465 0.257881 0.108785
v -0.186465 0.132119 0.108785
v -0.187443 0.257881 -0.107091
v -0.187443 0.132119 -0.107091
v -0.253069 0.132119 -0.034448
v -0.253069 0.257881 -0.034448
v -0.000978 0.132119 0.215875
v -0.000978 0.257881 0.215875
v -0.096702 0.257881 0.236388
v -0.096702 0.132119 0.236388
v -0.098545 0.132119 0.236098
v -0.098545 0.257881 0.236098
v -0.155194 0.257881 0.203391
v -0.155194 0.132119 0.203391
v -0.253069 0.257881 0.034448
v -0.253069 0.132119 0.034448
v -0.187443 0.132119 0.107091
v -0.187443 0.257881 0.107091
v 0.186465 -0.132119 -0.108785
v 0.186465 -0.257881 -0.108785
v 0.156367 -0.257881 -0.201940
v 0.156367 -0.132119 -0.201940
v 0.186465 -0.132119 0.108785
v 0.156367 -0.132119 0.201940
v 0.156367 -0.257881 0.201940
v 0.186465 -0.257881 0.108785
v -0.098545 -0.132119 -0.236098
v -0.098545 -0.257881 -0.236098
v -0.155194 -0.257881 -0.203391
v -0.155194 -0.132119 -0.203391
v 0.186465 0.257881 0.108785
v 0.156367 0.257881 0.201940
v 0.156367 0.132119 0.201940
v 0.186465 0.132119 0.108785
v -0.000978 0.257881 -0.215875
v -0.000978 0.132119 -0.215875
v -0.096702 0.132119 -0.236388
v -0.096702 0.257881 -0.236388
v -0.098545 0.257881 -0.236098
v -0.098545 0.132119 -0.236098
v -0.155194 0.132119 -0.203392
v -0.155194 0.257881 -0.203392
v 0.096702 0.257881 -0.236388
v 0.096702 0.132119 -0.236388
v 0.000978 0.132119 -0.215875
v 0.000978 0.257881 -0.215875
v 0.155194 0.257881 -0.203392
v 0.155194 0.132119 -0.203392
v 0.098545 0.132119 -0.236098
v 0.098545 0.257881 -0.236098
v 0.187443 0.257881 -0.107091
v 0.253069 0.257881 -0.034448
v 0.253069 0.132119 -0.034448
v 0.187443 0.132119 -0.107091
v -0.094065 -0.257881 -0.219587
v -0.000976 -0.257881 -0.198882
v -0.000976 -0.132119 -0.198882
v -0.094065 -0.132119 -0.219587
v -0.172725 -0.257881 0.098596
v -0.237200 -0.257881 0.028332
v -0.237200 -0.132119 0.028332
v -0.172725 -0.132119 0.098596
v -0.095907 -0.132119 0.219304
v -0.095907 -0.257881 0.219304
v -0.141969 -0.257881 0.192709
v -0.141969 -0.132119 0.192709
v 0.094065 -0.257881 -0.219587
v 0.094065 -0.132119 -0.219587
v 0.000976 -0.132119 -0.198882
v 0.000976 -0.257881 -0.198882
v 0.141969 -0.132119 0.192709
v 0.141969 -0.257881 0.192709
v 0.095907 -0.257881 0.219304
v 0.095907 -0.132119 0.219304
v 0.237200 0.257881 0.028332
v 0.237200 0.132119 0.028332
v 0.172725 0.132119 0.098596
v 0.172725 0.257881 0.098596
v -0.095907 0.257881 0.219304
v -0.095907 0.132119 0.219304
v -0.141969 0.132119 0.192709
v -0.141969 0.257881 0.192709
v 0.141969 -0.257881 -0.192709
v 0.141969 -0.132119 -0.192709
v 0.095907 -0.132119 -0.219304
v 0.095907 -0.257881 -0.219304
v 0.143136 -0.257881 -0.191255
v 0.171748 -0.257881 -0.100287
v 0.171748 -0.132119 -0.100287
v 0.143136 -0.132119 -0.191255
v 0.237200 -0.132119 0.028332
v 0.237200 -0.257881 0.028332
v 0.172725 -0.257881 0.098596
v 0.172725 -0.132119 0.098596
v -0.237200 0.132119 -0.028332
v -0.172725 0.132119 -0.098596
v -0.172725 0.257881 -0.098596
v -0.237200 0.257881 -0.028332
v -0.094065 0.257881 0.219587
v -0.000976 0.257881 0.198882
v -0.000976 0.132119 0.198882
v -0.094065 0.132119 0.219587
v 0.172725 0.257881 -0.098596
v 0.172725 0.132119 -0.098596
v 0.237200 0.132119 -0.028332
v 0.237200 0.257881 -0.028332
v -0.095356 -0.259881 -0.221853
v -0.144452 -0.259881 -0.193507
v -0.173802 -0.259881 -0.100345
v -0.239808 -0.259881 -0.028346
v -0.239808 -0.259881 0.028346
v -0.173802 -0.259881 0.100345
v -0.144452 -0.259881 0.193507
v -0.103376 -0.259881 0.217222
v -0.154490 -0.259881 0.201461
v -0.185020 -0.259881 0.106822
v -0.251806 -0.259881 0.032962
v -0.251806 -0.259881 -0.032962
v -0.185020 -0.259881 -0.106822
v -0.154449 -0.259881 -0.201589
v -0.097357 -0.259881 -0.234551
v 0.000000 -0.259881 -0.213642
v 0.097357 -0.259881 -0.234551
v 0.154449 -0.259881 -0.201589
v 0.185020 -0.259881 -0.106822
v 0.251715 -0.259881 -0.033062
v 0.239808 -0.259881 0.019085
v 0.239808 -0.259881 -0.028346
v 0.173802 -0.259881 -0.100345
v 0.144452 -0.259881 -0.193507
v 0.095356 -0.259881 -0.221853
v 0.000000 -0.259881 -0.200689
v 0.094065 0.132119 -0.219587
v 0.094065 0.257881 -0.219587
v 0.000976 0.257881 -0.198882
v 0.000976 0.132119 -0.198882
v 0.173802 0.259881 -0.100345
v 0.239724 0.259881 -0.028438
v 0.251806 0.259881 0.024475
v 0.251806 0.259881 -0.032962
v 0.185020 0.259881 -0.106822
v 0.154449 0.259881 -0.201590
v 0.097357 0.259881 -0.234551
v 0.000000 0.259881 -0.213642
v -0.097357 0.259881 -0.234551
v -0.154449 0.259881 -0.201590
v -0.185020 0.259881 -0.106822
v -0.251806 0.259881 -0.032962
v -0.251806 0.259881 0.032962
v -0.185020 0.259881 0.106822
v -0.154449 0.259881 0.201589
v -0.097357 0.259881 0.234551
v 0.000000 0.259881 0.213642
v 0.097357 0.259881 0.234551
v 0.154449 0.259881 0.201589
v 0.184997 0.259881 0.106894
v 0.230794 0.259881 0.038179
v 0.173802 0.259881 0.100345
v 0.144452 0.259881 0.193507
v 0.095356 0.259881 0.221853
v 0.000000 0.259881 0.200689
v -0.095356 0.259881 0.221853
v -0.144452 0.259881 0.193507
v -0.173802 0.259881 0.100345
v -0.239808 0.259881 0.028346
v -0.239808 0.259881 -0.028346
v -0.173802 0.259881 -0.100345
v -0.144452 0.259881 -0.193507
v -0.095356 0.259881 -0.221853
v 0.000000 0.259881 -0.200689
v 0.095356 0.259881 -0.221853
v 0.144452 0.259881 -0.193507
v 0.000976 0.257881 0.198882
v 0.094065 0.257881 0.219587
v 0.094065 0.132119 0.219587
v 0.000976 0.132119 0.198882
v -0.154449 -0.130119 -0.201589
v -0.185020 -0.130119 -0.106822
v -0.251806 -0.130119 -0.032962
v -0.251806 -0.130119 0.032962
v -0.185020 -0.130119 0.106822
v -0.154449 -0.130119 0.201590
v -0.097357 -0.130119 0.234551
v 0.000000 -0.130119 0.213642
v 0.097357 -0.130119 0.234551
v 0.154449 -0.130119 0.201590
v 0.185020 -0.130119 0.106822
v 0.251806 -0.130119 0.032962
v 0.251806 -0.130119 -0.032962
v 0.185020 -0.130119 -0.106822
v 0.154778 -0.130119 -0.200570
v 0.144774 -0.130119 -0.192486
v 0.173802 -0.130119 -0.100345
v 0.239808 -0.130119 -0.028346
v 0.239808 -0.130119 0.028346
v 0.173802 -0.130119 0.100345
v 0.144452 -0.130119 0.193507
v 0.095356 -0.130119 0.221853
v 0.000000 -0.130119 0.200689
v -0.095356 -0.130119 0.221853
v -0.144452 -0.130119 0.193507
v -0.173802 -0.130119 0.100345
v -0.239808 -0.130119 0.028346
v -0.239808 -0.130119 -0.028346
v -0.173802 -0.130119 -0.100345
v -0.144452 -0.130119 -0.193507
v -0.095356 -0.130119 -0.221853
v 0.000000 -0.130119 -0.200689
v 0.094311 -0.130119 -0.221621
v 0.096310 -0.130119 -0.234326
v 0.000000 -0.130119 -0.213642
v -0.097357 -0.130119 -0.234551
v 0.171748 0.257881 0.100287
v 0.171748 0.132119 0.100287
v 0.143136 0.132119 0.191255
v 0.143136 0.257881 0.191255
v 0.172725 -0.132119 -0.098596
v 0.172725 -0.257881 -0.098596
v 0.237200 -0.257881 -0.028332
v 0.237200 -0.132119 -0.028332
v -0.172725 0.132119 0.098596
v -0.237200 0.132119 0.028332
v -0.237200 0.257881 0.028332
v -0.172725 0.257881 0.098596
v 0.251715 0.259881 0.033062
v 0.239808 0.259881 -0.019085
v 0.239808 0.259881 0.028260
v 0.194256 0.259881 0.096608
v -0.253739 0.257881 -0.032706
v -0.253739 0.132119 -0.032706
v -0.253739 0.132119 0.032706
v -0.253739 0.257881 0.032706
v -0.237200 -0.257881 -0.028332
v -0.172725 -0.257881 -0.098596
v -0.172725 -0.132119 -0.098596
v -0.237200 -0.132119 -0.028332
v 0.153521 -0.130119 -0.202125
v 0.098285 -0.130119 -0.234016
v 0.096288 -0.130119 -0.221315
v 0.143520 -0.130119 -0.194044
v 0.144452 0.130119 -0.193507
v 0.095431 0.130119 -0.221809
v 0.013463 0.130119 -0.216534
v 0.097357 0.130119 -0.234551
v 0.154449 0.130119 -0.201590
v 0.184997 0.130119 -0.106894
v 0.230794 0.130119 -0.038179
v 0.173802 0.130119 -0.100345
v -0.171748 -0.257881 -0.100287
v -0.143136 -0.257881 -0.191255
v -0.143136 -0.132119 -0.191255
v -0.171748 -0.132119 -0.100287
v 0.186465 0.257881 -0.108785
v 0.186465 0.132119 -0.108785
v 0.156367 0.132119 -0.201940
v 0.156367 0.257881 -0.201940
vn -0.5346 -0.6844 0.4958
vn -0.5346 0.6844 0.4958
vn 0.7012 0.4365 0.5637
vn 0.7012 -0.4365 0.5637
vn -0.6885 -0.4686 -0.5535
vn -0.6885 0.4686 -0.5535
vn 0.6967 0.6844 -0.2151
vn 0.1376 0.4365 0.8891
vn -0.1351 0.4686 -0.8730
vn 0.6967 -0.6844 -0.2151
vn 0.1376 -0.4365 0.8891
vn -0.1351 -0.4686 -0.8730
vn 0.1605 0.6848 0.7108
vn 0.1605 -0.6848 0.7108
vn -0.8249 -0.4684 0.3165
vn -0.8249 0.4684 0.3165
vn 0.8399 0.4367 -0.3223
vn 0.8399 -0.4367 -0.3223
vn 0.1605 -0.6848 -0.7108
vn -0.8249 -0.4684 -0.3165
vn 0.8399 -0.4367 0.3223
vn 0.1605 0.6848 -0.7108
vn -0.8249 0.4684 -0.3165
vn 0.8399 0.4367 0.3223
vn 0.3655 0.6890 0.6258
vn -0.3051 0.6951 -0.6510
vn 0.7730 0.4510 -0.4463
vn 0.7012 0.4365 -0.5637
vn -0.6885 0.4686 0.5535
vn -0.7809 0.4323 0.4509
vn -0.3051 -0.6951 -0.6510
vn 0.7730 -0.4510 -0.4463
vn -0.7809 -0.4323 0.4509
vn 0.3655 -0.6890 0.6258
vn 0.7012 -0.4365 -0.5637
vn -0.6885 -0.4686 0.5535
vn 0.3051 -0.6951 0.6510
vn -0.3655 -0.6890 -0.6258
vn -0.7012 -0.4365 0.5637
vn -0.7730 -0.4510 0.4463
vn 0.7809 -0.4323 -0.4509
vn 0.6885 -0.4686 -0.5535
vn -0.3655 0.6890 -0.6258
vn -0.7012 0.4365 0.5637
vn 0.6885 0.4686 -0.5535
vn 0.3051 0.6951 0.6510
vn -0.7730 0.4510 0.4463
vn 0.7809 0.4323 -0.4509
vn -0.9900 -0.0000 0.1408
vn -0.0000 -0.0000 -1.0000
vn -0.0000 0.7156 -0.6986
vn 0.1493 0.7431 -0.6523
vn 0.1493 -0.7431 -0.6523
vn -0.0000 -0.7156 -0.6986
vn -0.1520 -0.0000 -0.9884
vn -0.1036 0.7316 -0.6739
vn -0.1036 -0.7316 -0.6739
vn -0.7800 -0.0000 -0.6258
vn -0.5318 0.7316 -0.4267
vn -0.5318 -0.7316 -0.4267
vn -0.8660 -0.0000 -0.5000
vn -0.6050 0.7156 -0.3493
vn -0.6050 -0.7156 -0.3493
vn -0.9320 -0.0000 -0.3625
vn -0.6354 0.7316 -0.2472
vn -0.6354 -0.7316 -0.2472
vn -0.9320 -0.0000 0.3625
vn -0.6354 0.7316 0.2472
vn -0.6354 -0.7316 0.2472
vn -0.8660 -0.0000 0.5000
vn -0.6050 0.7156 0.3493
vn -0.6050 -0.7156 0.3493
vn -0.7800 -0.0000 0.6258
vn -0.5318 0.7316 0.4267
vn -0.5318 -0.7316 0.4267
vn -0.1520 -0.0000 0.9884
vn -0.1036 0.7316 0.6739
vn -0.1036 -0.7316 0.6739
vn -0.0000 -0.0000 1.0000
vn -0.0000 0.7156 0.6986
vn -0.0000 -0.7156 0.6986
vn 0.1520 -0.0000 0.9884
vn 0.1036 0.7316 0.6739
vn 0.1036 -0.7316 0.6739
vn 0.7800 -0.0000 0.6258
vn 0.5318 0.7316 0.4267
vn 0.5318 -0.7316 0.4267
vn 0.8660 -0.0000 0.5000
vn 0.6050 0.7156 0.3493
vn 0.6050 -0.7156 0.3493
vn 0.9320 -0.0000 0.3625
vn 0.6354 0.7316 0.2472
vn 0.6354 -0.7316 0.2472
vn 0.9571 -0.0000 -0.2897
vn 0.6396 0.7431 -0.1968
vn 0.6396 -0.7431 -0.1968
vn 0.6143 -0.0000 0.7891
vn -0.6124 0.7317 0.2992
vn -0.6124 -0.7317 0.2992
vn -0.9332 -0.0000 0.3594
vn -0.6367 0.7311 0.2452
vn -0.6367 -0.7311 0.2452
vn -0.9332 -0.0000 -0.3594
vn -0.6367 0.7311 -0.2452
vn -0.6367 -0.7311 -0.2452
vn -0.6054 0.7150 -0.3496
vn -0.6054 -0.7150 -0.3496
vn -0.7778 -0.0000 -0.6285
vn -0.5307 0.7311 -0.4288
vn -0.5307 -0.7311 -0.4288
vn -0.1554 -0.0000 -0.9879
vn -0.1060 0.7311 -0.6740
vn -0.1060 -0.7311 -0.6740
vn -0.0000 0.7150 -0.6991
vn -0.0000 -0.7150 -0.6991
vn 0.1554 -0.0000 -0.9879
vn 0.1060 0.7311 -0.6740
vn 0.1060 -0.7311 -0.6740
vn 0.7778 -0.0000 -0.6285
vn 0.5307 0.7311 -0.4288
vn 0.5307 -0.7311 -0.4288
vn 0.8660 -0.0000 -0.5000
vn 0.6054 0.7150 -0.3496
vn 0.6054 -0.7150 -0.3496
vn 0.9332 -0.0000 -0.3594
vn 0.6367 0.7311 -0.2452
vn 0.6367 -0.7311 -0.2452
vn 0.9332 -0.0000 0.3594
vn 0.6367 0.7311 0.2452
vn 0.6367 -0.7311 0.2452
vn 0.6054 0.7150 0.3495
vn 0.6054 -0.7150 0.3496
vn 0.7778 -0.0000 0.6285
vn 0.5307 0.7311 0.4288
vn 0.5307 -0.7311 0.4288
vn 0.1554 -0.0000 0.9879
vn 0.1060 0.7311 0.6740
vn 0.1060 -0.7311 0.6740
vn -0.0736 -0.0000 0.9973
vn -0.0471 0.7317 0.6800
vn -0.0471 -0.7317 0.6800
vn -0.1605 -0.6848 0.7108
vn -0.1605 0.6848 0.7108
vn 0.8249 0.4684 0.3165
vn 0.8249 -0.4684 0.3165
vn -0.8399 -0.4367 -0.3223
vn -0.8399 0.4367 -0.3223
vn -0.1605 0.6848 -0.7108
vn 0.8249 0.4684 -0.3165
vn -0.8399 0.4367 0.3223
vn -0.1605 -0.6848 -0.7108
vn 0.8249 -0.4684 -0.3165
vn -0.8399 -0.4367 0.3223
vn 0.1621 -0.6844 -0.7109
vn 0.1621 -0.6844 0.7109
vn 0.8388 -0.4365 -0.3254
vn 0.8388 -0.4365 0.3254
vn -0.8236 -0.4686 -0.3196
vn -0.8236 -0.4686 0.3196
vn 0.1621 0.6844 0.7109
vn 0.8388 0.4365 -0.3254
vn -0.8236 0.4686 0.3196
vn 0.1621 0.6844 -0.7109
vn 0.8388 0.4365 0.3254
vn -0.8236 0.4686 -0.3196
vn -0.6967 0.6844 0.2151
vn -0.6967 -0.6844 0.2151
vn -0.1376 -0.4365 -0.8891
vn -0.1376 0.4365 -0.8891
vn 0.1351 0.4686 0.8730
vn 0.1351 -0.4686 0.8730
vn 0.5346 -0.6844 -0.4958
vn -0.7012 -0.4365 -0.5637
vn 0.6885 -0.4686 0.5535
vn 0.5346 0.6844 -0.4958
vn -0.7012 0.4365 -0.5637
vn 0.6885 0.4686 0.5535
vn -0.1621 0.6844 0.7109
vn -0.1621 -0.6844 0.7109
vn -0.8388 -0.4365 -0.3254
vn -0.8388 0.4365 -0.3254
vn 0.8236 0.4686 0.3196
vn 0.8236 -0.4686 0.3196
vn -0.1621 -0.6844 -0.7109
vn -0.8388 -0.4365 0.3254
vn 0.8236 -0.4686 -0.3196
vn -0.1621 0.6844 -0.7109
vn -0.8388 0.4365 0.3254
vn 0.8236 0.4686 -0.3196
vn -0.3051 -0.6951 0.6510
vn -0.3051 0.6951 0.6510
vn 0.7730 0.4510 0.4463
vn 0.7730 -0.4510 0.4463
vn -0.7809 -0.4323 -0.4509
vn -0.7809 0.4323 -0.4509
vn 0.3655 0.6890 -0.6258
vn 0.3655 -0.6890 -0.6258
vn 0.3051 0.6951 -0.6510
vn -0.3655 0.6890 0.6258
vn -0.7730 0.4510 -0.4463
vn 0.7809 0.4323 0.4509
vn -0.3655 -0.6890 0.6258
vn 0.3051 -0.6951 -0.6510
vn -0.7730 -0.4510 -0.4463
vn 0.7809 -0.4323 0.4509
vn -0.0403 -0.0000 0.9992
vn -0.0332 0.7494 0.6613
vn -0.0332 -0.7494 0.6613
vn 0.8855 -0.0000 0.4647
vn 0.5893 0.7494 0.3019
vn 0.5893 -0.7494 0.3019
vn -0.1120 -0.0000 0.9937
vn -0.5973 0.7847 0.1657
vn -0.5973 -0.7847 0.1657
vn -0.6054 0.7150 -0.3495
vn 0.9166 -0.0000 0.3998
vn 0.4421 0.7847 -0.4345
vn 0.4421 -0.7847 -0.4345
vn -0.5346 0.6844 -0.4958
vn -0.5346 -0.6844 -0.4958
vn 0.6967 -0.6844 0.2151
vn 0.1376 -0.4365 -0.8891
vn -0.1351 -0.4686 0.8730
vn 0.6967 0.6844 0.2151
vn 0.1376 0.4365 -0.8891
vn -0.1351 0.4686 0.8730
vn 0.7248 -0.6890 0.0037
vn -0.7163 -0.6951 0.0612
vn -0.0000 -0.4510 0.8925
vn -0.1376 -0.4365 0.8891
vn 0.1351 -0.4686 -0.8730
vn -0.0000 -0.4323 -0.9017
vn -0.7163 0.6951 0.0612
vn -0.0000 0.4510 0.8925
vn -0.0000 0.4323 -0.9017
vn 0.7248 0.6890 0.0037
vn -0.1376 0.4365 0.8891
vn 0.1351 0.4686 -0.8730
vn -0.3561 -0.6895 0.6307
vn 0.4095 -0.6956 -0.5903
vn -0.7808 -0.4327 -0.4508
vn 0.7731 -0.4505 0.4464
vn 0.4095 0.6956 -0.5903
vn -0.7808 0.4327 -0.4508
vn 0.7731 0.4505 0.4464
vn -0.3561 0.6895 0.6307
vn -0.5353 0.6848 0.4944
vn -0.5353 -0.6848 0.4944
vn -0.6866 -0.4684 -0.5561
vn -0.6866 0.4684 -0.5561
vn 0.6991 0.4367 0.5662
vn 0.6991 -0.4367 0.5662
vn 0.6959 -0.6848 -0.2164
vn -0.1383 -0.4684 -0.8726
vn 0.1408 -0.4367 0.8885
vn 0.6958 0.6848 -0.2164
vn -0.1383 0.4684 -0.8726
vn 0.1408 0.4367 0.8885
vn 0.3561 -0.6895 0.6307
vn 0.3561 0.6895 0.6307
vn -0.4095 0.6956 -0.5903
vn 0.7808 0.4327 -0.4508
vn -0.7731 0.4505 0.4464
vn -0.4095 -0.6956 -0.5903
vn 0.7808 -0.4327 -0.4508
vn -0.7731 -0.4505 0.4464
vn 0.7163 -0.6951 0.0612
vn -0.7248 -0.6890 0.0037
vn -0.7248 0.6890 0.0037
vn 0.7163 0.6951 0.0612
vn -0.6958 0.6848 -0.2164
vn -0.6959 -0.6848 -0.2164
vn 0.1383 -0.4684 -0.8726
vn 0.1383 0.4684 -0.8726
vn -0.1408 0.4367 0.8885
vn -0.1408 -0.4367 0.8885
vn 0.5353 -0.6848 0.4944
vn 0.6866 -0.4684 -0.5561
vn -0.6991 -0.4367 0.5662
vn 0.5353 0.6848 0.4944
vn 0.6866 0.4684 -0.5561
vn -0.6991 0.4367 0.5662
vn -0.3681 -0.6895 0.6237
vn -0.3681 0.6895 0.6237
vn 0.6866 0.4684 0.5561
vn 0.6866 -0.4684 0.5561
vn -0.6991 -0.4367 -0.5662
vn -0.6991 0.4367 -0.5662
vn 0.3065 0.6956 -0.6497
vn 0.7808 0.4327 0.4508
vn -0.7731 0.4505 -0.4464
vn 0.3065 -0.6956 -0.6497
vn 0.7808 -0.4327 0.4508
vn -0.7731 -0.4505 -0.4464
vn 0.6958 -0.6848 -0.2164
vn 0.6959 0.6848 -0.2164
vn -0.7242 0.6895 0.0069
vn -0.7242 -0.6895 0.0069
vn 0.7159 -0.6956 0.0595
vn -0.0000 -0.4327 -0.9015
vn -0.0000 -0.4505 0.8928
vn 0.7159 0.6956 0.0595
vn -0.0000 0.4327 -0.9015
vn -0.0000 0.4506 0.8928
vn -0.4095 -0.6956 0.5903
vn -0.4095 0.6956 0.5903
vn 0.3561 0.6895 -0.6307
vn 0.3561 -0.6895 -0.6307
vn -0.7159 0.6956 0.0595
vn -0.7159 -0.6956 0.0595
vn 0.7242 -0.6895 0.0069
vn 0.7242 0.6895 0.0069
vn -0.3681 0.6895 -0.6237
vn -0.3681 -0.6895 -0.6237
vn 0.3065 -0.6956 0.6497
vn 0.3065 0.6956 0.6497
vn 0.4095 -0.6956 0.5903
vn -0.3561 -0.6895 -0.6307
vn -0.7808 -0.4327 0.4508
vn 0.7731 -0.4505 -0.4464
vn -0.3561 0.6895 -0.6307
vn 0.4095 0.6956 0.5903
vn -0.7808 0.4327 0.4508
vn 0.7731 0.4505 -0.4464
vn -0.5353 -0.6848 -0.4944
vn -0.5353 0.6848 -0.4944
vn -0.6866 0.4684 0.5561
vn -0.6866 -0.4684 0.5561
vn 0.6991 -0.4367 -0.5662
vn 0.6991 0.4367 -0.5662
vn 0.6958 0.6848 0.2164
vn -0.1383 0.4684 0.8726
vn 0.1408 0.4367 -0.8885
vn 0.6959 -0.6848 0.2164
vn -0.1383 -0.4684 0.8726
vn 0.1408 -0.4367 -0.8885
vn 0.7248 0.6890 -0.0037
vn -0.7163 0.6951 -0.0612
vn -0.0000 0.4510 -0.8925
vn -0.0000 0.4323 0.9017
vn -0.7163 -0.6951 -0.0612
vn -0.0000 -0.4510 -0.8925
vn -0.0000 -0.4323 0.9017
vn 0.7248 -0.6890 -0.0037
vn -0.7242 -0.6895 -0.0069
vn -0.7242 0.6895 -0.0069
vn 0.7159 0.6956 -0.0595
vn -0.0000 0.4327 0.9015
vn -0.0000 0.4506 -0.8928
vn 0.7159 -0.6956 -0.0595
vn -0.0000 -0.4327 0.9015
vn -0.0000 -0.4505 -0.8928
vn -0.7159 -0.6956 -0.0595
vn -0.7159 0.6956 -0.0595
vn 0.7242 0.6895 -0.0069
vn 0.1383 0.4684 0.8726
vn -0.1408 0.4367 -0.8885
vn 0.7242 -0.6895 -0.0069
vn 0.1383 -0.4684 0.8726
vn -0.1408 -0.4367 -0.8885
vn -0.0000 -0.4506 0.8928
vn -0.0000 0.4505 0.8928
vn -0.6959 0.6848 -0.2164
vn -0.6958 -0.6848 -0.2164
vn -0.3065 -0.6956 -0.6497
vn -0.3065 0.6956 -0.6497
vn 0.3681 0.6895 0.6237
vn 0.3681 -0.6895 0.6237
vn -0.3065 -0.6956 0.6497
vn 0.3681 -0.6895 -0.6237
vn 0.3681 0.6895 -0.6237
vn -0.3065 0.6956 0.6497
vn -0.6959 -0.6848 0.2164
vn -0.6958 0.6848 0.2164
vn 0.5353 0.6848 -0.4944
vn 0.5353 -0.6848 -0.4944
vn -0.0000 -0.4506 -0.8928
vn -0.0000 0.4505 -0.8928
vn -0.6958 -0.6848 0.2164
vn -0.6959 0.6848 0.2164
vn 0.6959 0.6848 0.2164
vn 0.6958 -0.6848 0.2164
vn -0.4112 0.6951 -0.5897
vn 0.3592 0.6890 0.6295
vn 0.3592 -0.6890 0.6295
vn -0.4112 -0.6951 -0.5897
vn -0.6967 -0.6844 -0.2151
vn -0.6967 0.6844 -0.2151
vn 0.5346 0.6844 0.4958
vn 0.5346 -0.6844 0.4958
vn -0.7248 0.6890 -0.0037
vn -0.7248 -0.6890 -0.0037
vn 0.7163 -0.6951 -0.0612
vn 0.7163 0.6951 -0.0612
vn -0.3592 -0.6890 0.6295
vn -0.3592 0.6890 0.6295
vn 0.4112 0.6951 -0.5897
vn 0.4112 -0.6951 -0.5897
vn 0.3592 0.6890 -0.6295
vn -0.4112 0.6951 0.5897
vn -0.4112 -0.6951 0.5897
vn 0.3592 -0.6890 -0.6295
vn 0.4112 -0.6951 0.5897
vn 0.4112 0.6951 0.5897
vn -0.3592 0.6890 -0.6295
vn -0.3592 -0.6890 -0.6295
vn -0.9166 -0.0000 -0.3999
vn 0.7025 -0.0000 -0.7117
vn 0.6054 0.7150 -0.3495
vn 0.6054 -0.7150 -0.3495
vn -0.0000 0.7150 0.6991
vn -0.0000 -0.7150 0.6991
vn -0.1554 -0.0000 0.9879
vn -0.1060 0.7311 0.6740
vn -0.1060 -0.7311 0.6740
vn -0.7778 -0.0000 0.6285
vn -0.5307 0.7311 0.4288
vn -0.5307 -0.7311 0.4288
vn -0.6054 0.7150 0.3495
vn -0.6054 -0.7150 0.3495
vn -0.9676 -0.0000 0.2526
vn 0.1120 -0.0000 -0.9937
vn 0.9320 -0.0000 -0.3625
vn 0.6354 0.7316 -0.2472
vn 0.6354 -0.7316 -0.2472
vn 0.6050 0.7156 -0.3493
vn 0.6050 -0.7156 -0.3493
vn 0.7800 -0.0000 -0.6258
vn 0.5318 0.7316 -0.4267
vn 0.5318 -0.7316 -0.4267
vn 0.1520 -0.0000 -0.9884
vn 0.1036 0.7316 -0.6739
vn 0.1036 -0.7316 -0.6739
vn -0.0000 -0.7156 -0.6985
vn 0.8855 -0.0000 -0.4647
vn 0.5893 -0.7494 -0.3019
vn 0.5893 0.7494 -0.3019
vn -0.1120 -0.0000 -0.9937
vn -0.5973 -0.7847 -0.1656
vn -0.5973 0.7847 -0.1657
vn -0.6054 0.7150 0.3496
vn 0.6054 -0.7150 0.3495
vn 0.6054 0.7150 0.3496
vn -0.9005 -0.0000 -0.4349
vn -0.6124 -0.7317 -0.2992
vn -0.6124 0.7317 -0.2992
vn -0.6171 -0.0000 0.7869
vn 0.6396 -0.7431 0.1968
vn 0.6396 0.7431 0.1968
vn -0.0000 0.7156 0.6985
vn -0.0000 0.7156 -0.6985
vn -0.6054 -0.7150 -0.3495
vn -0.2855 -0.0000 0.9584
vn -0.3289 -0.9062 0.2657
vn -0.3289 0.9062 0.2657
vn 0.9574 -0.0000 0.2888
vn 0.3299 -0.9064 -0.2637
vn 0.3299 0.9064 -0.2637
vn -0.7288 -0.0000 -0.6847
vn 0.0634 -0.9064 -0.4176
vn 0.0634 0.9064 -0.4176
vn -0.6872 -0.0000 0.7265
vn -0.0657 -0.9062 0.4177
vn -0.0657 0.9062 0.4177
vn -0.9676 -0.0000 -0.2526
vn 0.1120 -0.0000 0.9937
vn 0.9571 -0.0000 0.2897
vn 0.6143 -0.0000 -0.7891
vn -0.9970 -0.0000 0.0779
vn 0.4310 -0.0000 0.9024
vn 0.9024 -0.0000 -0.4310
vn -0.0779 -0.0000 -0.9970
vn 0.2277 -0.0000 -0.9737
vn 0.9905 -0.0000 -0.1375
vn -0.9005 -0.0000 0.4349
vn -0.6170 -0.0000 -0.7869
vt 0.000000 0.000000
s 1
f 577/1/1 578/1/2 395/1/3 399/1/4
f 578/1/2 577/1/1 400/1/5 396/1/6
f 578/1/2 579/1/7 387/1/8 395/1/3
f 579/1/7 578/1/2 396/1/6 388/1/9
f 579/1/7 580/1/10 391/1/11 387/1/8
f 580/1/10 579/1/7 388/1/9 392/1/12
f 580/1/10 577/1/1 399/1/4 391/1/11
f 577/1/1 580/1/10 392/1/12 400/1/5
f 581/1/13 582/1/14 281/1/15 277/1/16
f 582/1/14 581/1/13 278/1/17 282/1/18
f 582/1/14 583/1/19 273/1/20 281/1/15
f 583/1/19 582/1/14 282/1/18 274/1/21
f 583/1/19 584/1/22 269/1/23 273/1/20
f 584/1/22 583/1/19 274/1/21 270/1/24
f 584/1/22 581/1/13 277/1/16 269/1/23
f 581/1/13 584/1/22 270/1/24 278/1/17
f 585/1/25 586/1/26 427/1/27 429/1/28
f 586/1/26 585/1/25 430/1/29 428/1/30
f 586/1/26 587/1/31 431/1/32 427/1/27
f 587/1/31 586/1/26 428/1/30 432/1/33
f 587/1/31 588/1/34 425/1/35 431/1/32
f 588/1/34 587/1/31 432/1/33 426/1/36
f 588/1/34 585/1/25 429/1/28 425/1/35
f 585/1/25 588/1/34 426/1/36 430/1/29
f 589/1/37 590/1/38 295/1/39 289/1/40
f 590/1/38 589/1/37 290/1/41 296/1/42
f 590/1/38 591/1/43 291/1/44 295/1/39
f 591/1/43 590/1/38 296/1/42 292/1/45
f 591/1/43 592/1/46 293/1/47 291/1/44
f 592/1/46 591/1/43 292/1/45 294/1/48
f 592/1/46 589/1/37 289/1/40 293/1/47
f 589/1/37 592/1/46 294/1/48 290/1/41
f 593/1/37 594/1/38 367/1/39 361/1/40
f 594/1/38 593/1/37 362/1/41 368/1/42
f 594/1/38 595/1/43 363/1/44 367/1/39
f 595/1/43 594/1/38 368/1/42 364/1/45
f 595/1/43 596/1/46 365/1/47 363/1/44
f 596/1/46 595/1/43 364/1/45 366/1/48
f 596/1/46 593/1/37 361/1/40 365/1/47
f 593/1/37 596/1/46 366/1/48 362/1/41
f 597/1/49 598/1/50 565/1/51 569/1/52
f 598/1/50 597/1/49 570/1/53 566/1/54
f 598/1/50 599/1/55 553/1/56 565/1/51
f 599/1/55 598/1/50 566/1/54 554/1/57
f 599/1/55 600/1/58 545/1/59 553/1/56
f 600/1/58 599/1/55 554/1/57 546/1/60
f 600/1/58 601/1/61 541/1/62 545/1/59
f 601/1/61 600/1/58 546/1/60 542/1/63
f 601/1/61 602/1/64 529/1/65 541/1/62
f 602/1/64 601/1/61 542/1/63 530/1/66
f 602/1/64 603/1/67 521/1/68 529/1/65
f 603/1/67 602/1/64 530/1/66 522/1/69
f 603/1/67 604/1/70 517/1/71 521/1/68
f 604/1/70 603/1/67 522/1/69 518/1/72
f 604/1/70 605/1/73 509/1/74 517/1/71
f 605/1/73 604/1/70 518/1/72 510/1/75
f 605/1/73 606/1/76 505/1/77 509/1/74
f 606/1/76 605/1/73 510/1/75 506/1/78
f 606/1/76 607/1/79 519/1/80 505/1/77
f 607/1/79 606/1/76 506/1/78 520/1/81
f 607/1/79 608/1/82 523/1/83 519/1/80
f 608/1/82 607/1/79 520/1/81 524/1/84
f 608/1/82 609/1/85 535/1/86 523/1/83
f 609/1/85 608/1/82 524/1/84 536/1/87
f 609/1/85 610/1/88 543/1/89 535/1/86
f 610/1/88 609/1/85 536/1/87 544/1/90
f 610/1/88 611/1/91 547/1/92 543/1/89
f 611/1/91 610/1/88 544/1/90 548/1/93
f 611/1/91 612/1/94 559/1/95 547/1/92
f 612/1/94 611/1/91 548/1/93 560/1/96
f 612/1/94 613/1/97 563/1/98 559/1/95
f 613/1/97 612/1/94 560/1/96 564/1/99
f 613/1/97 614/1/100 555/1/101 563/1/98
f 614/1/100 613/1/97 564/1/99 556/1/102
f 614/1/100 615/1/103 551/1/104 555/1/101
f 615/1/103 614/1/100 556/1/102 552/1/105
f 615/1/103 616/1/61 539/1/106 551/1/104
f 616/1/61 615/1/103 552/1/105 540/1/107
f 616/1/61 617/1/108 531/1/109 539/1/106
f 617/1/108 616/1/61 540/1/107 532/1/110
f 617/1/108 618/1/111 527/1/112 531/1/109
f 618/1/111 617/1/108 532/1/110 528/1/113
f 618/1/111 619/1/50 515/1/114 527/1/112
f 619/1/50 618/1/111 528/1/113 516/1/115
f 619/1/50 620/1/116 511/1/117 515/1/114
f 620/1/116 619/1/50 516/1/115 512/1/118
f 620/1/116 621/1/119 507/1/120 511/1/117
f 621/1/119 620/1/116 512/1/118 508/1/121
f 621/1/119 622/1/122 513/1/123 507/1/120
f 622/1/122 621/1/119 508/1/121 514/1/124
f 622/1/122 623/1/125 525/1/126 513/1/123
f 623/1/125 622/1/122 514/1/124 526/1/127
f 623/1/125 624/1/128 533/1/129 525/1/126
f 624/1/128 623/1/125 526/1/127 534/1/130
f 624/1/128 625/1/88 537/1/131 533/1/129
f 625/1/88 624/1/128 534/1/130 538/1/132
f 625/1/88 626/1/133 549/1/134 537/1/131
f 626/1/133 625/1/88 538/1/132 550/1/135
f 626/1/133 627/1/136 557/1/137 549/1/134
f 627/1/136 626/1/133 550/1/135 558/1/138
f 627/1/136 628/1/139 561/1/140 557/1/137
f 628/1/139 627/1/136 558/1/138 562/1/141
f 628/1/139 597/1/49 569/1/52 561/1/140
f 597/1/49 628/1/139 562/1/141 570/1/53
f 629/1/142 630/1/143 163/1/144 159/1/145
f 630/1/143 629/1/142 160/1/146 164/1/147
f 630/1/143 631/1/148 155/1/149 163/1/144
f 631/1/148 630/1/143 164/1/147 156/1/150
f 631/1/148 632/1/151 151/1/152 155/1/149
f 632/1/151 631/1/148 156/1/150 152/1/153
f 632/1/151 629/1/142 159/1/145 151/1/152
f 629/1/142 632/1/151 152/1/153 160/1/146
f 633/1/154 634/1/155 351/1/156 343/1/157
f 634/1/155 633/1/154 344/1/158 352/1/159
f 634/1/155 635/1/160 347/1/161 351/1/156
f 635/1/160 634/1/155 352/1/159 348/1/162
f 635/1/160 636/1/163 339/1/164 347/1/161
f 636/1/163 635/1/160 348/1/162 340/1/165
f 636/1/163 633/1/154 343/1/157 339/1/164
f 633/1/154 636/1/163 340/1/165 344/1/158
f 637/1/166 638/1/167 329/1/168 333/1/169
f 638/1/167 637/1/166 334/1/170 330/1/171
f 638/1/167 639/1/172 321/1/173 329/1/168
f 639/1/172 638/1/167 330/1/171 322/1/174
f 639/1/172 640/1/175 325/1/176 321/1/173
f 640/1/175 639/1/172 322/1/174 326/1/177
f 640/1/175 637/1/166 333/1/169 325/1/176
f 637/1/166 640/1/175 326/1/177 334/1/170
f 641/1/166 642/1/167 401/1/168 405/1/169
f 642/1/167 641/1/166 406/1/170 402/1/171
f 642/1/167 643/1/172 393/1/173 401/1/168
f 643/1/172 642/1/167 402/1/171 394/1/174
f 643/1/172 644/1/175 397/1/176 393/1/173
f 644/1/175 643/1/172 394/1/174 398/1/177
f 644/1/175 641/1/166 405/1/169 397/1/176
f 641/1/166 644/1/175 398/1/177 406/1/170
f 645/1/178 646/1/179 377/1/180 381/1/181
f 646/1/179 645/1/178 382/1/182 378/1/183
f 646/1/179 647/1/184 369/1/185 377/1/180
f 647/1/184 646/1/179 378/1/183 370/1/186
f 647/1/184 648/1/187 373/1/188 369/1/185
f 648/1/187 647/1/184 370/1/186 374/1/189
f 648/1/187 645/1/178 381/1/181 373/1/188
f 645/1/178 648/1/187 374/1/189 382/1/182
f 649/1/190 650/1/191 331/1/192 335/1/193
f 650/1/191 649/1/190 336/1/194 332/1/195
f 650/1/191 651/1/196 323/1/3 331/1/192
f 651/1/196 650/1/191 332/1/195 324/1/6
f 651/1/196 652/1/197 327/1/4 323/1/3
f 652/1/197 651/1/196 324/1/6 328/1/5
f 652/1/197 649/1/190 335/1/193 327/1/4
f 649/1/190 652/1/197 328/1/5 336/1/194
f 653/1/13 654/1/14 209/1/15 205/1/16
f 654/1/14 653/1/13 206/1/17 210/1/18
f 654/1/14 655/1/19 201/1/20 209/1/15
f 655/1/19 654/1/14 210/1/18 202/1/21
f 655/1/19 656/1/22 197/1/23 201/1/20
f 656/1/22 655/1/19 202/1/21 198/1/24
f 656/1/22 653/1/13 205/1/16 197/1/23
f 653/1/13 656/1/22 198/1/24 206/1/17
f 657/1/198 658/1/199 397/1/176 389/1/200
f 658/1/199 657/1/198 390/1/201 398/1/177
f 658/1/199 659/1/202 393/1/173 397/1/176
f 659/1/202 658/1/199 398/1/177 394/1/174
f 659/1/202 660/1/203 385/1/204 393/1/173
f 660/1/203 659/1/202 394/1/174 386/1/205
f 660/1/203 657/1/198 389/1/200 385/1/204
f 657/1/198 660/1/203 386/1/205 390/1/201
f 661/1/154 662/1/155 423/1/156 415/1/157
f 662/1/155 661/1/154 416/1/158 424/1/159
f 662/1/155 663/1/160 419/1/161 423/1/156
f 663/1/160 662/1/155 424/1/159 420/1/162
f 663/1/160 664/1/163 411/1/164 419/1/161
f 664/1/163 663/1/160 420/1/162 412/1/165
f 664/1/163 661/1/154 415/1/157 411/1/164
f 661/1/154 664/1/163 412/1/165 416/1/158
f 665/1/206 666/1/79 15/1/80 1/1/207
f 666/1/79 665/1/206 2/1/208 16/1/81
f 666/1/79 667/1/82 19/1/83 15/1/80
f 667/1/82 666/1/79 16/1/81 20/1/84
f 667/1/82 668/1/85 31/1/86 19/1/83
f 668/1/85 667/1/82 20/1/84 32/1/87
f 668/1/85 669/1/88 39/1/89 31/1/86
f 669/1/88 668/1/85 32/1/87 40/1/90
f 669/1/88 670/1/209 43/1/210 39/1/89
f 670/1/209 669/1/88 40/1/90 44/1/211
f 670/1/209 671/1/212 51/1/213 43/1/210
f 671/1/212 670/1/209 44/1/211 52/1/214
f 671/1/212 672/1/103 47/1/104 51/1/213
f 672/1/103 671/1/212 52/1/214 48/1/105
f 672/1/103 673/1/61 35/1/215 47/1/104
f 673/1/61 672/1/103 48/1/105 36/1/107
f 673/1/61 674/1/108 27/1/109 35/1/215
f 674/1/108 673/1/61 36/1/107 28/1/110
f 674/1/108 675/1/111 23/1/112 27/1/109
f 675/1/111 674/1/108 28/1/110 24/1/113
f 675/1/111 676/1/50 11/1/114 23/1/112
f 676/1/50 675/1/111 24/1/113 12/1/115
f 676/1/50 677/1/116 7/1/117 11/1/114
f 677/1/116 676/1/50 12/1/115 8/1/118
f 677/1/116 678/1/216 3/1/217 7/1/117
f 678/1/216 677/1/116 8/1/118 4/1/218
f 678/1/216 665/1/206 1/1/207 3/1/217
f 665/1/206 678/1/216 4/1/218 2/1/208
f 679/1/219 680/1/220 425/1/35 429/1/28
f 680/1/220 679/1/219 430/1/29 426/1/36
f 680/1/220 681/1/221 417/1/222 425/1/35
f 681/1/221 680/1/220 426/1/36 418/1/223
f 681/1/221 682/1/224 421/1/225 417/1/222
f 682/1/224 681/1/221 418/1/223 422/1/226
f 682/1/224 679/1/219 429/1/28 421/1/225
f 679/1/219 682/1/224 422/1/226 430/1/29
f 683/1/178 684/1/179 305/1/180 309/1/181
f 684/1/179 683/1/178 310/1/182 306/1/183
f 684/1/179 685/1/184 297/1/185 305/1/180
f 685/1/184 684/1/179 306/1/183 298/1/186
f 685/1/184 686/1/187 301/1/188 297/1/185
f 686/1/187 685/1/184 298/1/186 302/1/189
f 686/1/187 683/1/178 309/1/181 301/1/188
f 683/1/178 686/1/187 302/1/189 310/1/182
f 687/1/227 688/1/228 311/1/229 303/1/230
f 688/1/228 687/1/227 304/1/231 312/1/232
f 688/1/228 689/1/233 307/1/234 311/1/229
f 689/1/233 688/1/228 312/1/232 308/1/235
f 689/1/233 690/1/236 299/1/237 307/1/234
f 690/1/236 689/1/233 308/1/235 300/1/238
f 690/1/236 687/1/227 303/1/230 299/1/237
f 687/1/227 690/1/236 300/1/238 304/1/231
f 691/1/239 692/1/240 265/1/241 273/1/20
f 692/1/240 691/1/239 274/1/21 266/1/242
f 692/1/240 693/1/243 261/1/244 265/1/241
f 693/1/243 692/1/240 266/1/242 262/1/245
f 693/1/243 694/1/246 269/1/23 261/1/244
f 694/1/246 693/1/243 262/1/245 270/1/24
f 694/1/246 691/1/239 273/1/20 269/1/23
f 691/1/239 694/1/246 270/1/24 274/1/21
f 695/1/247 696/1/248 185/1/249 181/1/250
f 696/1/248 695/1/247 182/1/251 186/1/252
f 696/1/248 697/1/253 177/1/254 185/1/249
f 697/1/253 696/1/248 186/1/252 178/1/255
f 697/1/253 698/1/256 173/1/257 177/1/254
f 698/1/256 697/1/253 178/1/255 174/1/258
f 698/1/256 695/1/247 181/1/250 173/1/257
f 695/1/247 698/1/256 174/1/258 182/1/251
f 699/1/259 700/1/260 155/1/149 151/1/152
f 700/1/260 699/1/259 152/1/153 156/1/150
f 700/1/260 701/1/261 147/1/262 155/1/149
f 701/1/261 700/1/260 156/1/150 148/1/263
f 701/1/261 702/1/264 145/1/265 147/1/262
f 702/1/264 701/1/261 148/1/263 146/1/266
f 702/1/264 699/1/259 151/1/152 145/1/265
f 699/1/259 702/1/264 146/1/266 152/1/153
f 703/1/267 704/1/268 319/1/11 311/1/229
f 704/1/268 703/1/267 312/1/232 320/1/12
f 704/1/268 705/1/269 315/1/8 319/1/11
f 705/1/269 704/1/268 320/1/12 316/1/9
f 705/1/269 706/1/270 307/1/234 315/1/8
f 706/1/270 705/1/269 316/1/9 308/1/235
f 706/1/270 703/1/267 311/1/229 307/1/234
f 703/1/267 706/1/270 308/1/235 312/1/232
f 707/1/271 708/1/272 161/1/273 157/1/274
f 708/1/272 707/1/271 158/1/275 162/1/276
f 708/1/272 709/1/277 153/1/278 161/1/273
f 709/1/277 708/1/272 162/1/276 154/1/279
f 709/1/277 710/1/280 149/1/281 153/1/278
f 710/1/280 709/1/277 154/1/279 150/1/282
f 710/1/280 707/1/271 157/1/274 149/1/281
f 707/1/271 710/1/280 150/1/282 158/1/275
f 711/1/283 712/1/284 179/1/285 175/1/286
f 712/1/284 711/1/283 176/1/287 180/1/288
f 712/1/284 713/1/289 171/1/290 179/1/285
f 713/1/289 712/1/284 180/1/288 172/1/291
f 713/1/289 714/1/292 167/1/293 171/1/290
f 714/1/292 713/1/289 172/1/291 168/1/294
f 714/1/292 711/1/283 175/1/286 167/1/293
f 711/1/283 714/1/292 168/1/294 176/1/287
f 715/1/247 716/1/248 257/1/249 253/1/250
f 716/1/248 715/1/247 254/1/251 258/1/252
f 716/1/248 717/1/295 249/1/254 257/1/249
f 717/1/295 716/1/248 258/1/252 250/1/255
f 717/1/295 718/1/296 245/1/257 249/1/254
f 718/1/296 717/1/295 250/1/255 246/1/258
f 718/1/296 715/1/247 253/1/250 245/1/257
f 715/1/247 718/1/296 246/1/258 254/1/251
f 719/1/297 720/1/298 177/1/254 173/1/257
f 720/1/298 719/1/297 174/1/258 178/1/255
f 720/1/298 721/1/299 169/1/300 177/1/254
f 721/1/299 720/1/298 178/1/255 170/1/301
f 721/1/299 722/1/302 165/1/303 169/1/300
f 722/1/302 721/1/299 170/1/301 166/1/304
f 722/1/302 719/1/297 173/1/257 165/1/303
f 719/1/297 722/1/302 166/1/304 174/1/258
f 723/1/305 724/1/306 171/1/290 167/1/293
f 724/1/306 723/1/305 168/1/294 172/1/291
f 724/1/306 725/1/307 163/1/144 171/1/290
f 725/1/307 724/1/306 172/1/291 164/1/147
f 725/1/307 726/1/308 159/1/145 163/1/144
f 726/1/308 725/1/307 164/1/147 160/1/146
f 726/1/308 723/1/305 167/1/293 159/1/145
f 723/1/305 726/1/308 160/1/146 168/1/294
f 727/1/309 728/1/310 169/1/300 165/1/303
f 728/1/310 727/1/309 166/1/304 170/1/301
f 728/1/310 729/1/311 161/1/273 169/1/300
f 729/1/311 728/1/310 170/1/301 162/1/276
f 729/1/311 730/1/312 157/1/274 161/1/273
f 730/1/312 729/1/311 162/1/276 158/1/275
f 730/1/312 727/1/309 165/1/303 157/1/274
f 727/1/309 730/1/312 158/1/275 166/1/304
f 731/1/313 732/1/314 153/1/278 149/1/281
f 732/1/314 731/1/313 150/1/282 154/1/279
f 732/1/314 733/1/315 145/1/265 153/1/278
f 733/1/315 732/1/314 154/1/279 146/1/266
f 733/1/315 734/1/316 147/1/262 145/1/265
f 734/1/316 733/1/315 146/1/266 148/1/263
f 734/1/316 731/1/313 149/1/281 147/1/262
f 731/1/313 734/1/316 148/1/263 150/1/282
f 735/1/317 736/1/318 209/1/15 215/1/319
f 736/1/318 735/1/317 216/1/320 210/1/18
f 736/1/318 737/1/321 205/1/16 209/1/15
f 737/1/321 736/1/318 210/1/18 206/1/17
f 737/1/321 738/1/322 213/1/323 205/1/16
f 738/1/322 737/1/321 206/1/17 214/1/324
f 738/1/322 735/1/317 215/1/319 213/1/323
f 735/1/317 738/1/322 214/1/324 216/1/320
f 739/1/325 740/1/326 211/1/327 207/1/328
f 740/1/326 739/1/325 208/1/329 212/1/330
f 740/1/326 741/1/331 203/1/332 211/1/327
f 741/1/331 740/1/326 212/1/330 204/1/333
f 741/1/331 742/1/334 199/1/335 203/1/332
f 742/1/334 741/1/331 204/1/333 200/1/336
f 742/1/334 739/1/325 207/1/328 199/1/335
f 739/1/325 742/1/334 200/1/336 208/1/329
f 743/1/283 744/1/284 251/1/285 247/1/286
f 744/1/284 743/1/283 248/1/287 252/1/288
f 744/1/284 745/1/289 243/1/290 251/1/285
f 745/1/289 744/1/284 252/1/288 244/1/291
f 745/1/289 746/1/292 239/1/293 243/1/290
f 746/1/292 745/1/289 244/1/291 240/1/294
f 746/1/292 743/1/283 247/1/286 239/1/293
f 743/1/283 746/1/292 240/1/294 248/1/287
f 747/1/337 748/1/338 413/1/339 405/1/169
f 748/1/338 747/1/337 406/1/170 414/1/340
f 748/1/338 749/1/341 409/1/342 413/1/339
f 749/1/341 748/1/338 414/1/340 410/1/343
f 749/1/341 750/1/344 401/1/168 409/1/342
f 750/1/344 749/1/341 410/1/343 402/1/171
f 750/1/344 747/1/337 405/1/169 401/1/168
f 747/1/337 750/1/344 402/1/171 406/1/170
f 751/1/345 752/1/346 203/1/332 199/1/335
f 752/1/346 751/1/345 200/1/336 204/1/333
f 752/1/346 753/1/347 195/1/348 203/1/332
f 753/1/347 752/1/346 204/1/333 196/1/349
f 753/1/347 754/1/350 191/1/351 195/1/348
f 754/1/350 753/1/347 196/1/349 192/1/352
f 754/1/350 751/1/345 199/1/335 191/1/351
f 751/1/345 754/1/350 192/1/352 200/1/336
f 755/1/239 756/1/240 193/1/241 201/1/20
f 756/1/240 755/1/239 202/1/21 194/1/242
f 756/1/240 757/1/243 189/1/244 193/1/241
f 757/1/243 756/1/240 194/1/242 190/1/245
f 757/1/243 758/1/246 197/1/23 189/1/244
f 758/1/246 757/1/243 190/1/245 198/1/24
f 758/1/246 755/1/239 201/1/20 197/1/23
f 755/1/239 758/1/246 198/1/24 202/1/21
f 759/1/353 760/1/354 195/1/348 191/1/351
f 760/1/354 759/1/353 192/1/352 196/1/349
f 760/1/354 761/1/355 187/1/356 195/1/348
f 761/1/355 760/1/354 196/1/349 188/1/357
f 761/1/355 762/1/358 183/1/359 187/1/356
f 762/1/358 761/1/355 188/1/357 184/1/360
f 762/1/358 759/1/353 191/1/351 183/1/359
f 759/1/353 762/1/358 184/1/360 192/1/352
f 763/1/297 764/1/298 249/1/254 245/1/257
f 764/1/298 763/1/297 246/1/258 250/1/255
f 764/1/298 765/1/299 241/1/300 249/1/254
f 765/1/299 764/1/298 250/1/255 242/1/361
f 765/1/299 766/1/302 237/1/303 241/1/300
f 766/1/302 765/1/299 242/1/361 238/1/362
f 766/1/302 763/1/297 245/1/257 237/1/303
f 763/1/297 766/1/302 238/1/362 246/1/258
f 767/1/313 768/1/314 225/1/278 221/1/281
f 768/1/314 767/1/313 222/1/282 226/1/279
f 768/1/314 769/1/315 217/1/265 225/1/278
f 769/1/315 768/1/314 226/1/279 218/1/266
f 769/1/315 770/1/316 219/1/262 217/1/265
f 770/1/316 769/1/315 218/1/266 220/1/263
f 770/1/316 767/1/313 221/1/281 219/1/262
f 767/1/313 770/1/316 220/1/263 222/1/282
f 771/1/305 772/1/306 243/1/290 239/1/293
f 772/1/306 771/1/305 240/1/294 244/1/291
f 772/1/306 773/1/307 235/1/144 243/1/290
f 773/1/307 772/1/306 244/1/291 236/1/147
f 773/1/307 774/1/308 231/1/145 235/1/144
f 774/1/308 773/1/307 236/1/147 232/1/146
f 774/1/308 771/1/305 239/1/293 231/1/145
f 771/1/305 774/1/308 232/1/146 240/1/294
f 775/1/309 776/1/310 241/1/300 237/1/303
f 776/1/310 775/1/309 238/1/362 242/1/361
f 776/1/310 777/1/311 233/1/273 241/1/300
f 777/1/311 776/1/310 242/1/361 234/1/276
f 777/1/311 778/1/312 229/1/274 233/1/273
f 778/1/312 777/1/311 234/1/276 230/1/275
f 778/1/312 775/1/309 237/1/303 229/1/274
f 775/1/309 778/1/312 230/1/275 238/1/362
f 779/1/363 780/1/364 233/1/273 229/1/274
f 780/1/364 779/1/363 230/1/275 234/1/276
f 780/1/364 781/1/277 225/1/278 233/1/273
f 781/1/277 780/1/364 234/1/276 226/1/279
f 781/1/277 782/1/280 221/1/281 225/1/278
f 782/1/280 781/1/277 226/1/279 222/1/282
f 782/1/280 779/1/363 229/1/274 221/1/281
f 779/1/363 782/1/280 222/1/282 230/1/275
f 783/1/259 784/1/260 227/1/149 223/1/152
f 784/1/260 783/1/259 224/1/153 228/1/150
f 784/1/260 785/1/261 219/1/262 227/1/149
f 785/1/261 784/1/260 228/1/150 220/1/263
f 785/1/261 786/1/264 217/1/265 219/1/262
f 786/1/264 785/1/261 220/1/263 218/1/266
f 786/1/264 783/1/259 223/1/152 217/1/265
f 783/1/259 786/1/264 218/1/266 224/1/153
f 787/1/365 788/1/366 213/1/323 215/1/319
f 788/1/366 787/1/365 216/1/320 214/1/324
f 788/1/366 789/1/367 211/1/327 213/1/323
f 789/1/367 788/1/366 214/1/324 212/1/330
f 789/1/367 790/1/368 207/1/328 211/1/327
f 790/1/368 789/1/367 212/1/330 208/1/329
f 790/1/368 787/1/365 215/1/319 207/1/328
f 787/1/365 790/1/368 208/1/329 216/1/320
f 791/1/369 792/1/370 185/1/249 193/1/241
f 792/1/370 791/1/369 194/1/242 186/1/252
f 792/1/370 793/1/371 181/1/250 185/1/249
f 793/1/371 792/1/370 186/1/252 182/1/251
f 793/1/371 794/1/372 189/1/244 181/1/250
f 794/1/372 793/1/371 182/1/251 190/1/245
f 794/1/372 791/1/369 193/1/241 189/1/244
f 791/1/369 794/1/372 190/1/245 194/1/242
f 795/1/373 796/1/374 187/1/356 183/1/359
f 796/1/374 795/1/373 184/1/360 188/1/357
f 796/1/374 797/1/375 179/1/285 187/1/356
f 797/1/375 796/1/374 188/1/357 180/1/288
f 797/1/375 798/1/376 175/1/286 179/1/285
f 798/1/376 797/1/375 180/1/288 176/1/287
f 798/1/376 795/1/373 183/1/359 175/1/286
f 795/1/373 798/1/376 176/1/287 184/1/360
f 799/1/369 800/1/370 257/1/249 265/1/241
f 800/1/370 799/1/369 266/1/242 258/1/252
f 800/1/370 801/1/371 253/1/250 257/1/249
f 801/1/371 800/1/370 258/1/252 254/1/251
f 801/1/371 802/1/372 261/1/244 253/1/250
f 802/1/372 801/1/371 254/1/251 262/1/245
f 802/1/372 799/1/369 265/1/241 261/1/244
f 799/1/369 802/1/372 262/1/245 266/1/242
f 803/1/353 804/1/354 267/1/348 263/1/351
f 804/1/354 803/1/353 264/1/377 268/1/378
f 804/1/354 805/1/355 259/1/356 267/1/348
f 805/1/355 804/1/354 268/1/378 260/1/357
f 805/1/355 806/1/358 255/1/359 259/1/356
f 806/1/358 805/1/355 260/1/357 256/1/360
f 806/1/358 803/1/353 263/1/351 255/1/359
f 803/1/353 806/1/358 256/1/360 264/1/377
f 807/1/379 808/1/380 259/1/356 255/1/359
f 808/1/380 807/1/379 256/1/360 260/1/357
f 808/1/380 809/1/375 251/1/285 259/1/356
f 809/1/375 808/1/380 260/1/357 252/1/288
f 809/1/375 810/1/376 247/1/286 251/1/285
f 810/1/376 809/1/375 252/1/288 248/1/287
f 810/1/376 807/1/379 255/1/359 247/1/286
f 807/1/379 810/1/376 248/1/287 256/1/360
f 811/1/345 812/1/346 275/1/332 271/1/335
f 812/1/346 811/1/345 272/1/336 276/1/333
f 812/1/346 813/1/347 267/1/348 275/1/332
f 813/1/347 812/1/346 276/1/333 268/1/378
f 813/1/347 814/1/350 263/1/351 267/1/348
f 814/1/350 813/1/347 268/1/378 264/1/377
f 814/1/350 811/1/345 271/1/335 263/1/351
f 811/1/345 814/1/350 264/1/377 272/1/336
f 815/1/325 816/1/326 283/1/327 279/1/328
f 816/1/326 815/1/325 280/1/329 284/1/330
f 816/1/326 817/1/381 275/1/332 283/1/327
f 817/1/381 816/1/326 284/1/330 276/1/333
f 817/1/381 818/1/382 271/1/335 275/1/332
f 818/1/382 817/1/381 276/1/333 272/1/336
f 818/1/382 815/1/325 279/1/328 271/1/335
f 815/1/325 818/1/382 272/1/336 280/1/329
f 819/1/317 820/1/318 281/1/15 287/1/319
f 820/1/318 819/1/317 288/1/320 282/1/18
f 820/1/318 821/1/321 277/1/16 281/1/15
f 821/1/321 820/1/318 282/1/18 278/1/17
f 821/1/321 822/1/322 285/1/323 277/1/16
f 822/1/322 821/1/321 278/1/17 286/1/324
f 822/1/322 819/1/317 287/1/319 285/1/323
f 819/1/317 822/1/322 286/1/324 288/1/320
f 823/1/337 824/1/338 341/1/339 333/1/169
f 824/1/338 823/1/337 334/1/170 342/1/340
f 824/1/338 825/1/341 337/1/342 341/1/339
f 825/1/341 824/1/338 342/1/340 338/1/343
f 825/1/341 826/1/344 329/1/168 337/1/342
f 826/1/344 825/1/341 338/1/343 330/1/171
f 826/1/344 823/1/337 333/1/169 329/1/168
f 823/1/337 826/1/344 330/1/171 334/1/170
f 827/1/383 828/1/384 301/1/188 293/1/47
f 828/1/384 827/1/383 294/1/48 302/1/189
f 828/1/384 829/1/385 297/1/185 301/1/188
f 829/1/385 828/1/384 302/1/189 298/1/186
f 829/1/385 830/1/386 289/1/40 297/1/185
f 830/1/386 829/1/385 298/1/186 290/1/41
f 830/1/386 827/1/383 293/1/47 289/1/40
f 827/1/383 830/1/386 290/1/41 294/1/48
f 831/1/387 832/1/388 299/1/237 303/1/230
f 832/1/388 831/1/387 304/1/231 300/1/238
f 832/1/388 833/1/389 291/1/44 299/1/237
f 833/1/389 832/1/388 300/1/238 292/1/45
f 833/1/389 834/1/390 295/1/39 291/1/44
f 834/1/390 833/1/389 292/1/45 296/1/42
f 834/1/390 831/1/387 303/1/230 295/1/39
f 831/1/387 834/1/390 296/1/42 304/1/231
f 835/1/391 836/1/392 345/1/222 349/1/225
f 836/1/392 835/1/391 350/1/226 346/1/223
f 836/1/392 837/1/393 337/1/342 345/1/222
f 837/1/393 836/1/392 346/1/223 338/1/343
f 837/1/393 838/1/394 341/1/339 337/1/342
f 838/1/394 837/1/393 338/1/343 342/1/340
f 838/1/394 835/1/391 349/1/225 341/1/339
f 835/1/391 838/1/394 342/1/340 350/1/226
f 839/1/1 840/1/2 323/1/3 327/1/4
f 840/1/2 839/1/1 328/1/5 324/1/6
f 840/1/2 841/1/7 315/1/8 323/1/3
f 841/1/7 840/1/2 324/1/6 316/1/9
f 841/1/7 842/1/10 319/1/11 315/1/8
f 842/1/10 841/1/7 316/1/9 320/1/12
f 842/1/10 839/1/1 327/1/4 319/1/11
f 839/1/1 842/1/10 320/1/12 328/1/5
f 843/1/395 844/1/396 411/1/164 415/1/157
f 844/1/396 843/1/395 416/1/158 412/1/165
f 844/1/396 845/1/397 403/1/192 411/1/164
f 845/1/397 844/1/396 412/1/165 404/1/195
f 845/1/397 846/1/398 407/1/193 403/1/192
f 846/1/398 845/1/397 404/1/195 408/1/194
f 846/1/398 843/1/395 415/1/157 407/1/193
f 843/1/395 846/1/398 408/1/194 416/1/158
f 847/1/387 848/1/388 371/1/237 375/1/230
f 848/1/388 847/1/387 376/1/231 372/1/238
f 848/1/388 849/1/389 363/1/44 371/1/237
f 849/1/389 848/1/388 372/1/238 364/1/45
f 849/1/389 850/1/390 367/1/39 363/1/44
f 850/1/390 849/1/389 364/1/45 368/1/42
f 850/1/390 847/1/387 375/1/230 367/1/39
f 847/1/387 850/1/390 368/1/42 376/1/231
f 851/1/219 852/1/220 353/1/35 357/1/28
f 852/1/220 851/1/219 358/1/29 354/1/36
f 852/1/220 853/1/221 345/1/222 353/1/35
f 853/1/221 852/1/220 354/1/36 346/1/223
f 853/1/221 854/1/224 349/1/225 345/1/222
f 854/1/224 853/1/221 346/1/223 350/1/226
f 854/1/224 851/1/219 357/1/28 349/1/225
f 851/1/219 854/1/224 350/1/226 358/1/29
f 855/1/25 856/1/26 355/1/27 357/1/28
f 856/1/26 855/1/25 358/1/29 356/1/30
f 856/1/26 857/1/31 359/1/32 355/1/27
f 857/1/31 856/1/26 356/1/30 360/1/33
f 857/1/31 858/1/34 353/1/35 359/1/32
f 858/1/34 857/1/31 360/1/33 354/1/36
f 858/1/34 855/1/25 357/1/28 353/1/35
f 855/1/25 858/1/34 354/1/36 358/1/29
f 859/1/395 860/1/396 339/1/164 343/1/157
f 860/1/396 859/1/395 344/1/158 340/1/165
f 860/1/396 861/1/397 331/1/192 339/1/164
f 861/1/397 860/1/396 340/1/165 332/1/195
f 861/1/397 862/1/398 335/1/193 331/1/192
f 862/1/398 861/1/397 332/1/195 336/1/194
f 862/1/398 859/1/395 343/1/157 335/1/193
f 859/1/395 862/1/398 336/1/194 344/1/158
f 863/1/399 864/1/400 389/1/200 381/1/181
f 864/1/400 863/1/399 382/1/182 390/1/201
f 864/1/400 865/1/401 385/1/204 389/1/200
f 865/1/401 864/1/400 390/1/201 386/1/205
f 865/1/401 866/1/402 377/1/180 385/1/204
f 866/1/402 865/1/401 386/1/205 378/1/183
f 866/1/402 863/1/399 381/1/181 377/1/180
f 863/1/399 866/1/402 378/1/183 382/1/182
f 867/1/227 868/1/228 383/1/229 375/1/230
f 868/1/228 867/1/227 376/1/231 384/1/232
f 868/1/228 869/1/233 379/1/234 383/1/229
f 869/1/233 868/1/228 384/1/232 380/1/235
f 869/1/233 870/1/236 371/1/237 379/1/234
f 870/1/236 869/1/233 380/1/235 372/1/238
f 870/1/236 867/1/227 375/1/230 371/1/237
f 867/1/227 870/1/236 372/1/238 376/1/231
f 871/1/403 872/1/404 427/1/27 431/1/32
f 872/1/404 871/1/403 432/1/33 428/1/30
f 872/1/404 873/1/405 419/1/161 427/1/27
f 873/1/405 872/1/404 428/1/30 420/1/162
f 873/1/405 874/1/406 423/1/156 419/1/161
f 874/1/406 873/1/405 420/1/162 424/1/159
f 874/1/406 871/1/403 431/1/32 423/1/156
f 871/1/403 874/1/406 424/1/159 432/1/33
f 875/1/55 876/1/58 41/1/59 49/1/56
f 876/1/58 875/1/55 50/1/57 42/1/60
f 876/1/58 877/1/61 37/1/62 41/1/59
f 877/1/61 876/1/58 42/1/60 38/1/63
f 877/1/61 878/1/64 25/1/65 37/1/62
f 878/1/64 877/1/61 38/1/63 26/1/66
f 878/1/64 879/1/67 17/1/68 25/1/65
f 879/1/67 878/1/64 26/1/66 18/1/69
f 879/1/67 880/1/70 13/1/71 17/1/68
f 880/1/70 879/1/67 18/1/69 14/1/72
f 880/1/70 881/1/73 5/1/74 13/1/71
f 881/1/73 880/1/70 14/1/72 6/1/75
f 881/1/73 882/1/407 1/1/207 5/1/74
f 882/1/407 881/1/73 6/1/75 2/1/208
f 882/1/407 883/1/408 3/1/217 1/1/207
f 883/1/408 882/1/407 2/1/208 4/1/218
f 883/1/408 884/1/122 9/1/409 3/1/217
f 884/1/122 883/1/408 4/1/218 10/1/410
f 884/1/122 885/1/125 21/1/126 9/1/409
f 885/1/125 884/1/122 10/1/410 22/1/127
f 885/1/125 886/1/128 29/1/129 21/1/126
f 886/1/128 885/1/125 22/1/127 30/1/130
f 886/1/128 887/1/88 33/1/131 29/1/129
f 887/1/88 886/1/128 30/1/130 34/1/132
f 887/1/88 888/1/133 45/1/134 33/1/131
f 888/1/133 887/1/88 34/1/132 46/1/135
f 888/1/133 889/1/136 53/1/137 45/1/134
f 889/1/136 888/1/133 46/1/135 54/1/138
f 889/1/136 890/1/79 57/1/411 53/1/137
f 890/1/79 889/1/136 54/1/138 58/1/412
f 890/1/79 891/1/413 69/1/414 57/1/411
f 891/1/413 890/1/79 58/1/412 70/1/415
f 891/1/413 892/1/416 71/1/417 69/1/414
f 892/1/416 891/1/413 70/1/415 72/1/418
f 892/1/416 893/1/70 59/1/419 71/1/417
f 893/1/70 892/1/416 72/1/418 60/1/420
f 893/1/70 894/1/421 51/1/213 59/1/419
f 894/1/421 893/1/70 60/1/420 52/1/214
f 894/1/421 895/1/422 43/1/210 51/1/213
f 895/1/422 894/1/421 52/1/214 44/1/211
f 895/1/422 896/1/423 55/1/424 43/1/210
f 896/1/423 895/1/422 44/1/211 56/1/425
f 896/1/423 897/1/122 63/1/426 55/1/424
f 897/1/122 896/1/423 56/1/425 64/1/427
f 897/1/122 898/1/428 67/1/429 63/1/426
f 898/1/428 897/1/122 64/1/427 68/1/430
f 898/1/428 899/1/431 65/1/432 67/1/429
f 899/1/431 898/1/428 68/1/430 66/1/433
f 899/1/431 900/1/50 61/1/51 65/1/432
f 900/1/50 899/1/431 66/1/433 62/1/434
f 900/1/50 875/1/55 49/1/56 61/1/51
f 875/1/55 900/1/50 62/1/434 50/1/57
f 901/1/391 902/1/392 417/1/222 421/1/225
f 902/1/392 901/1/391 422/1/226 418/1/223
f 902/1/392 903/1/393 409/1/342 417/1/222
f 903/1/393 902/1/392 418/1/223 410/1/343
f 903/1/393 904/1/394 413/1/339 409/1/342
f 904/1/394 903/1/393 410/1/343 414/1/340
f 904/1/394 901/1/391 421/1/225 413/1/339
f 901/1/391 904/1/394 414/1/340 422/1/226
f 905/1/122 906/1/435 119/1/436 131/1/427
f 906/1/435 905/1/122 132/1/426 120/1/437
f 906/1/435 907/1/438 115/1/439 119/1/436
f 907/1/438 906/1/435 120/1/437 116/1/440
f 907/1/438 908/1/100 123/1/102 115/1/439
f 908/1/100 907/1/438 116/1/440 124/1/101
f 908/1/100 909/1/70 127/1/420 123/1/102
f 909/1/70 908/1/100 124/1/101 128/1/441
f 909/1/70 910/1/416 139/1/418 127/1/420
f 910/1/416 909/1/70 128/1/441 140/1/417
f 910/1/416 911/1/413 143/1/415 139/1/418
f 911/1/413 910/1/416 140/1/417 144/1/414
f 911/1/413 912/1/79 133/1/412 143/1/415
f 912/1/79 911/1/413 144/1/414 134/1/411
f 912/1/79 913/1/136 129/1/138 133/1/412
f 913/1/136 912/1/79 134/1/411 130/1/137
f 913/1/136 914/1/133 121/1/135 129/1/138
f 914/1/133 913/1/136 130/1/137 122/1/134
f 914/1/133 915/1/88 109/1/442 121/1/135
f 915/1/88 914/1/133 122/1/134 110/1/443
f 915/1/88 916/1/128 101/1/130 109/1/442
f 916/1/128 915/1/88 110/1/443 102/1/129
f 916/1/128 917/1/125 97/1/127 101/1/130
f 917/1/125 916/1/128 102/1/129 98/1/126
f 917/1/125 918/1/122 85/1/410 97/1/127
f 918/1/122 917/1/125 98/1/126 86/1/123
f 918/1/122 919/1/119 75/1/121 85/1/410
f 919/1/119 918/1/122 86/1/123 76/1/120
f 919/1/119 920/1/116 77/1/118 75/1/121
f 920/1/116 919/1/119 76/1/120 78/1/117
f 920/1/116 921/1/50 79/1/115 77/1/118
f 921/1/50 920/1/116 78/1/117 80/1/114
f 921/1/50 922/1/111 91/1/113 79/1/115
f 922/1/111 921/1/50 80/1/114 92/1/112
f 922/1/111 923/1/108 95/1/110 91/1/113
f 923/1/108 922/1/111 92/1/112 96/1/109
f 923/1/108 924/1/444 103/1/445 95/1/110
f 924/1/444 923/1/108 96/1/109 104/1/446
f 924/1/444 925/1/447 111/1/448 103/1/445
f 925/1/447 924/1/444 104/1/446 112/1/449
f 925/1/447 926/1/88 107/1/90 111/1/448
f 926/1/88 925/1/447 112/1/449 108/1/89
f 926/1/88 927/1/85 99/1/87 107/1/90
f 927/1/85 926/1/88 108/1/89 100/1/86
f 927/1/85 928/1/82 87/1/84 99/1/87
f 928/1/82 927/1/85 100/1/86 88/1/83
f 928/1/82 929/1/79 83/1/81 87/1/84
f 929/1/79 928/1/82 88/1/83 84/1/450
f 929/1/79 930/1/76 73/1/78 83/1/81
f 930/1/76 929/1/79 84/1/450 74/1/77
f 930/1/76 931/1/73 81/1/75 73/1/78
f 931/1/73 930/1/76 74/1/77 82/1/74
f 931/1/73 932/1/70 89/1/72 81/1/75
f 932/1/70 931/1/73 82/1/74 90/1/71
f 932/1/70 933/1/67 93/1/69 89/1/72
f 933/1/67 932/1/70 90/1/71 94/1/68
f 933/1/67 934/1/64 105/1/66 93/1/69
f 934/1/64 933/1/67 94/1/68 106/1/65
f 934/1/64 935/1/61 113/1/63 105/1/66
f 935/1/61 934/1/64 106/1/65 114/1/62
f 935/1/61 936/1/58 117/1/60 113/1/63
f 936/1/58 935/1/61 114/1/62 118/1/59
f 936/1/58 937/1/55 125/1/57 117/1/60
f 937/1/55 936/1/58 118/1/59 126/1/56
f 937/1/55 938/1/50 137/1/54 125/1/57
f 938/1/50 937/1/55 126/1/56 138/1/451
f 938/1/50 939/1/431 141/1/433 137/1/54
f 939/1/431 938/1/50 138/1/451 142/1/432
f 939/1/431 940/1/428 135/1/430 141/1/433
f 940/1/428 939/1/431 142/1/432 136/1/429
f 940/1/428 905/1/122 131/1/427 135/1/430
f 905/1/122 940/1/428 136/1/429 132/1/426
f 941/1/267 942/1/268 391/1/11 383/1/229
f 942/1/268 941/1/267 384/1/232 392/1/12
f 942/1/268 943/1/269 387/1/8 391/1/11
f 943/1/269 942/1/268 392/1/12 388/1/9
f 943/1/269 944/1/270 379/1/234 387/1/8
f 944/1/270 943/1/269 388/1/9 380/1/235
f 944/1/270 941/1/267 383/1/229 379/1/234
f 941/1/267 944/1/270 380/1/235 384/1/232
f 945/1/133 946/1/88 469/1/132 481/1/135
f 946/1/88 945/1/133 482/1/134 470/1/443
f 946/1/88 947/1/128 461/1/130 469/1/132
f 947/1/128 946/1/88 470/1/443 462/1/129
f 947/1/128 948/1/125 457/1/127 461/1/130
f 948/1/125 947/1/128 462/1/129 458/1/126
f 948/1/125 949/1/122 445/1/410 457/1/127
f 949/1/122 948/1/125 458/1/126 446/1/123
f 949/1/122 950/1/119 435/1/121 445/1/410
f 950/1/119 949/1/122 446/1/123 436/1/120
f 950/1/119 951/1/116 437/1/118 435/1/121
f 951/1/116 950/1/119 436/1/120 438/1/117
f 951/1/116 952/1/50 439/1/115 437/1/118
f 952/1/50 951/1/116 438/1/117 440/1/114
f 952/1/50 953/1/111 451/1/113 439/1/115
f 953/1/111 952/1/50 440/1/114 452/1/112
f 953/1/111 954/1/108 455/1/110 451/1/113
f 954/1/108 953/1/111 452/1/112 456/1/109
f 954/1/108 955/1/61 463/1/452 455/1/110
f 955/1/61 954/1/108 456/1/109 464/1/106
f 955/1/61 956/1/103 475/1/105 463/1/452
f 956/1/103 955/1/61 464/1/106 476/1/104
f 956/1/103 957/1/100 483/1/102 475/1/105
f 957/1/100 956/1/103 476/1/104 484/1/101
f 957/1/100 958/1/70 487/1/420 483/1/102
f 958/1/70 957/1/100 484/1/101 488/1/419
f 958/1/70 959/1/453 499/1/454 487/1/420
f 959/1/453 958/1/70 488/1/419 500/1/455
f 959/1/453 960/1/456 495/1/457 499/1/454
f 960/1/456 959/1/453 500/1/455 496/1/458
f 960/1/456 961/1/122 491/1/427 495/1/457
f 961/1/122 960/1/456 496/1/458 492/1/426
f 961/1/122 962/1/423 479/1/425 491/1/427
f 962/1/423 961/1/122 492/1/426 480/1/424
f 962/1/423 963/1/91 471/1/93 479/1/425
f 963/1/91 962/1/423 480/1/424 472/1/92
f 963/1/91 964/1/88 467/1/90 471/1/93
f 964/1/88 963/1/91 472/1/92 468/1/89
f 964/1/88 965/1/85 459/1/87 467/1/90
f 965/1/85 964/1/88 468/1/89 460/1/86
f 965/1/85 966/1/82 447/1/84 459/1/87
f 966/1/82 965/1/85 460/1/86 448/1/83
f 966/1/82 967/1/79 443/1/81 447/1/84
f 967/1/79 966/1/82 448/1/83 444/1/80
f 967/1/79 968/1/76 433/1/78 443/1/81
f 968/1/76 967/1/79 444/1/80 434/1/77
f 968/1/76 969/1/73 441/1/75 433/1/78
f 969/1/73 968/1/76 434/1/77 442/1/74
f 969/1/73 970/1/70 449/1/72 441/1/75
f 970/1/70 969/1/73 442/1/74 450/1/71
f 970/1/70 971/1/67 453/1/69 449/1/72
f 971/1/67 970/1/70 450/1/71 454/1/68
f 971/1/67 972/1/64 465/1/66 453/1/69
f 972/1/64 971/1/67 454/1/68 466/1/65
f 972/1/64 973/1/61 473/1/63 465/1/66
f 973/1/61 972/1/64 466/1/65 474/1/62
f 973/1/61 974/1/58 477/1/60 473/1/63
f 974/1/58 973/1/61 474/1/62 478/1/59
f 974/1/58 975/1/55 485/1/57 477/1/60
f 975/1/55 974/1/58 478/1/59 486/1/56
f 975/1/55 976/1/50 497/1/54 485/1/57
f 976/1/50 975/1/55 486/1/56 498/1/51
f 976/1/50 977/1/459 501/1/460 497/1/54
f 977/1/459 976/1/50 498/1/51 502/1/461
f 977/1/459 978/1/462 503/1/463 501/1/460
f 978/1/462 977/1/459 502/1/461 504/1/464
f 978/1/462 979/1/79 493/1/412 503/1/463
f 979/1/79 978/1/462 504/1/464 494/1/411
f 979/1/79 980/1/136 489/1/138 493/1/412
f 980/1/136 979/1/79 494/1/411 490/1/137
f 980/1/136 945/1/133 481/1/135 489/1/138
f 945/1/133 980/1/136 490/1/137 482/1/134
f 981/1/190 982/1/191 403/1/192 407/1/193
f 982/1/191 981/1/190 408/1/194 404/1/195
f 982/1/191 983/1/196 395/1/3 403/1/192
f 983/1/196 982/1/191 404/1/195 396/1/6
f 983/1/196 984/1/197 399/1/4 395/1/3
f 984/1/197 983/1/196 396/1/6 400/1/5
f 984/1/197 981/1/190 407/1/193 399/1/4
f 981/1/190 984/1/197 400/1/5 408/1/194
f 985/1/403 986/1/404 355/1/27 359/1/32
f 986/1/404 985/1/403 360/1/33 356/1/30
f 986/1/404 987/1/405 347/1/161 355/1/27
f 987/1/405 986/1/404 356/1/30 348/1/162
f 987/1/405 988/1/406 351/1/156 347/1/161
f 988/1/406 987/1/405 348/1/162 352/1/159
f 988/1/406 985/1/403 359/1/32 351/1/156
f 985/1/403 988/1/406 352/1/159 360/1/33
f 989/1/383 990/1/384 373/1/188 365/1/47
f 990/1/384 989/1/383 366/1/48 374/1/189
f 990/1/384 991/1/385 369/1/185 373/1/188
f 991/1/385 990/1/384 374/1/189 370/1/186
f 991/1/385 992/1/386 361/1/40 369/1/185
f 992/1/386 991/1/385 370/1/186 362/1/41
f 992/1/386 989/1/383 365/1/47 361/1/40
f 989/1/383 992/1/386 362/1/41 366/1/48
f 993/1/465 994/1/466 119/1/436 115/1/439
f 994/1/466 993/1/465 116/1/440 120/1/437
f 994/1/466 995/1/467 111/1/448 119/1/436
f 995/1/467 994/1/466 120/1/437 112/1/449
f 995/1/467 996/1/468 103/1/445 111/1/448
f 996/1/468 995/1/467 112/1/449 104/1/446
f 996/1/468 993/1/465 115/1/439 103/1/445
f 993/1/465 996/1/468 104/1/446 116/1/440
f 997/1/142 998/1/143 235/1/144 231/1/145
f 998/1/143 997/1/142 232/1/146 236/1/147
f 998/1/143 999/1/148 227/1/149 235/1/144
f 999/1/148 998/1/143 236/1/147 228/1/150
f 999/1/148 1000/1/151 223/1/152 227/1/149
f 1000/1/151 999/1/148 228/1/150 224/1/153
f 1000/1/151 997/1/142 231/1/145 223/1/152
f 997/1/142 1000/1/151 224/1/153 232/1/146
f 1001/1/399 1002/1/400 317/1/200 309/1/181
f 1002/1/400 1001/1/399 310/1/182 318/1/201
f 1002/1/400 1003/1/401 313/1/204 317/1/200
f 1003/1/401 1002/1/400 318/1/201 314/1/205
f 1003/1/401 1004/1/402 305/1/180 313/1/204
f 1004/1/402 1003/1/401 314/1/205 306/1/183
f 1004/1/402 1001/1/399 309/1/181 305/1/180
f 1001/1/399 1004/1/402 306/1/183 310/1/182
f 1005/1/469 1006/1/470 503/1/463 499/1/454
f 1006/1/470 1005/1/469 500/1/455 504/1/464
f 1006/1/470 1007/1/471 501/1/460 503/1/463
f 1007/1/471 1006/1/470 504/1/464 502/1/461
f 1007/1/471 1008/1/472 495/1/457 501/1/460
f 1008/1/472 1007/1/471 502/1/461 496/1/458
f 1008/1/472 1005/1/469 499/1/454 495/1/457
f 1005/1/469 1008/1/472 496/1/458 500/1/455
f 1009/1/428 1010/1/473 569/1/52 571/1/429
f 1010/1/473 1009/1/428 572/1/430 570/1/53
f 1010/1/473 1011/1/474 561/1/140 569/1/52
f 1011/1/474 1010/1/473 570/1/53 562/1/141
f 1011/1/474 1012/1/413 573/1/414 561/1/140
f 1012/1/413 1011/1/474 562/1/141 574/1/415
f 1012/1/413 1013/1/416 575/1/417 573/1/414
f 1013/1/416 1012/1/413 574/1/415 576/1/418
f 1013/1/416 1014/1/475 563/1/98 575/1/417
f 1014/1/475 1013/1/416 576/1/418 564/1/99
f 1014/1/475 1015/1/476 559/1/95 563/1/98
f 1015/1/476 1014/1/475 564/1/99 560/1/96
f 1015/1/476 1016/1/122 567/1/426 559/1/95
f 1016/1/122 1015/1/476 560/1/96 568/1/427
f 1016/1/122 1009/1/428 571/1/429 567/1/426
f 1009/1/428 1016/1/122 568/1/427 572/1/430
f 1017/1/198 1018/1/199 325/1/176 317/1/200
f 1018/1/199 1017/1/198 318/1/201 326/1/177
f 1018/1/199 1019/1/202 321/1/173 325/1/176
f 1019/1/202 1018/1/199 326/1/177 322/1/174
f 1019/1/202 1020/1/203 313/1/204 321/1/173
f 1020/1/203 1019/1/202 322/1/174 314/1/205
f 1020/1/203 1017/1/198 317/1/200 313/1/204
f 1017/1/198 1020/1/203 314/1/205 318/1/201
f 1021/1/365 1022/1/366 285/1/323 287/1/319
f 1022/1/366 1021/1/365 288/1/320 286/1/324
f 1022/1/366 1023/1/367 283/1/327 285/1/323
f 1023/1/367 1022/1/366 286/1/324 284/1/330
f 1023/1/367 1024/1/368 279/1/328 283/1/327
f 1024/1/368 1023/1/367 284/1/330 280/1/329
f 1024/1/368 1021/1/365 287/1/319 279/1/328
f 1021/1/365 1024/1/368 280/1/329 288/1/320
o RenderMesh_88068222982663
v 0.007062 0.263653 -0.006116
v 0.007062 0.265385 -0.007116
v 0.007062 0.270716 0.006116
v 0.007062 0.272448 0.005116
v 0.009987 0.267185 -0.000000
v 0.009987 0.268917 -0.001000
v 0.000000 0.272178 0.008649
v 0.000000 0.273910 0.007649
v 0.000000 0.262191 -0.008649
v 0.000000 0.263923 -0.009649
v -0.007062 0.263653 -0.006116
v -0.007062 0.265385 -0.007116
v -0.007062 0.270716 0.006116
v -0.007062 0.272448 0.005116
v -0.009987 0.267185 -0.000000
v -0.009987 0.268917 -0.001000
v -0.164563 -0.199105 0.007076
v -0.166003 -0.198839 0.008438
v -0.164563 -0.271500 0.007076
v -0.165977 -0.271500 0.008490
v -0.157487 -0.271500 0.010007
v -0.157487 -0.271500 0.012007
v -0.157487 -0.199105 0.010007
v -0.157575 -0.199072 0.012005
v -0.167494 -0.199105 0.000000
v -0.169464 -0.198759 0.000000
v -0.164563 -0.199105 0.007076
v -0.166003 -0.198839 0.008438
v -0.167494 -0.271500 0.000000
v -0.169494 -0.271500 0.000000
v -0.164563 -0.199105 -0.007076
v -0.166003 -0.198839 -0.008438
v -0.167494 -0.199105 0.000000
v -0.169464 -0.198759 -0.000000
v -0.164563 -0.271500 -0.007076
v -0.165977 -0.271500 -0.008490
v -0.157487 -0.199105 -0.010007
v -0.157575 -0.199072 -0.012005
v -0.164563 -0.199105 -0.007076
v -0.166003 -0.198839 -0.008438
v -0.157487 -0.271500 -0.010007
v -0.157487 -0.271500 -0.012007
v 0.164563 -0.199105 0.007076
v 0.166003 -0.198839 0.008438
v 0.157487 -0.271500 0.010007
v 0.157487 -0.271500 0.012007
v 0.164563 -0.271500 0.007076
v 0.165977 -0.271500 0.008490
v 0.157487 -0.199105 0.010007
v 0.157575 -0.199072 0.012005
v 0.167494 -0.199105 0.000000
v 0.169464 -0.198759 0.000000
v 0.164563 -0.199105 0.007076
v 0.166003 -0.198839 0.008438
v 0.167494 -0.271500 0.000000
v 0.169494 -0.271500 0.000000
v 0.164563 -0.199105 -0.007076
v 0.166003 -0.198839 -0.008438
v 0.167494 -0.199105 0.000000
v 0.169464 -0.198759 -0.000000
v 0.164563 -0.271500 -0.007076
v 0.165977 -0.271500 -0.008490
v 0.164563 -0.199105 -0.007076
v 0.166003 -0.198839 -0.008438
v 0.157487 -0.199105 -0.010007
v 0.157575 -0.199072 -0.012005
v 0.157487 -0.271500 -0.010007
v 0.157487 -0.271500 -0.012007
v -0.076153 -0.199105 0.146053
v -0.075694 -0.198839 0.147981
v -0.076153 -0.271500 0.146053
v -0.075635 -0.271500 0.147985
v -0.070077 -0.271500 0.141391
v -0.068345 -0.271500 0.142391
v -0.070077 -0.199105 0.141391
v -0.068391 -0.199072 0.142466
v -0.076153 -0.199105 0.146053
v -0.075694 -0.198839 0.147981
v -0.083747 -0.199105 0.145054
v -0.084732 -0.198759 0.146760
v -0.083747 -0.271500 0.145054
v -0.084747 -0.271500 0.146786
v -0.088409 -0.199105 0.138977
v -0.090308 -0.198839 0.139544
v -0.088409 -0.271500 0.138977
v -0.090341 -0.271500 0.139495
v -0.083747 -0.271500 0.145054
v -0.084747 -0.271500 0.146786
v -0.083747 -0.199105 0.145054
v -0.084732 -0.198759 0.146760
v -0.087409 -0.199105 0.131384
v -0.089183 -0.199072 0.130461
v -0.088409 -0.199105 0.138977
v -0.090309 -0.198839 0.139543
v -0.087409 -0.271500 0.131384
v -0.089141 -0.271500 0.130384
v 0.088409 -0.199105 -0.138977
v 0.090309 -0.198839 -0.139543
v 0.087410 -0.271500 -0.131384
v 0.089142 -0.271500 -0.130384
v 0.088409 -0.271500 -0.138977
v 0.090341 -0.271500 -0.139495
v 0.087410 -0.199105 -0.131384
v 0.089184 -0.199072 -0.130461
v 0.083747 -0.199105 -0.145054
v 0.084732 -0.198759 -0.146760
v 0.088409 -0.199105 -0.138977
v 0.090308 -0.198839 -0.139544
v 0.083747 -0.271500 -0.145054
v 0.084747 -0.271500 -0.146786
v 0.083747 -0.199105 -0.145054
v 0.084732 -0.198759 -0.146760
v 0.083747 -0.271500 -0.145054
v 0.084747 -0.271500 -0.146786
v 0.076153 -0.199105 -0.146053
v 0.075694 -0.198839 -0.147981
v 0.076153 -0.271500 -0.146053
v 0.075635 -0.271500 -0.147985
v 0.070077 -0.199105 -0.141391
v 0.068391 -0.199072 -0.142466
v 0.070077 -0.271500 -0.141391
v 0.068345 -0.271500 -0.142391
v 0.076153 -0.199105 -0.146053
v 0.075694 -0.198839 -0.147981
v 0.088409 -0.199105 0.138977
v 0.090309 -0.198839 0.139543
v 0.087410 -0.271500 0.131384
v 0.089142 -0.271500 0.130384
v 0.087410 -0.199105 0.131384
v 0.089184 -0.199072 0.130461
v 0.088409 -0.271500 0.138977
v 0.090341 -0.271500 0.139495
v 0.083747 -0.199105 0.145054
v 0.084732 -0.198759 0.146760
v 0.083747 -0.271500 0.145054
v 0.084747 -0.271500 0.146786
v 0.088409 -0.199105 0.138977
v 0.090309 -0.198839 0.139544
v 0.076153 -0.199105 0.146053
v 0.075694 -0.198839 0.147981
v 0.076153 -0.271500 0.146053
v 0.075635 -0.271500 0.147985
v 0.083747 -0.271500 0.145054
v 0.084747 -0.271500 0.146786
v 0.083747 -0.199105 0.145054
v 0.084732 -0.198759 0.146760
v 0.076153 -0.199105 0.146053
v 0.075694 -0.198839 0.147981
v 0.070077 -0.199105 0.141391
v 0.068391 -0.199072 0.142466
v 0.070077 -0.271500 0.141391
v 0.068345 -0.271500 0.142391
v -0.070077 -0.199105 -0.141391
v -0.068391 -0.199072 -0.142466
v -0.070077 -0.271500 -0.141391
v -0.068345 -0.271500 -0.142391
v -0.076153 -0.199105 -0.146053
v -0.075694 -0.198839 -0.147981
v -0.076153 -0.271500 -0.146053
v -0.075635 -0.271500 -0.147985
v -0.083747 -0.199105 -0.145054
v -0.084732 -0.198759 -0.146760
v -0.083747 -0.271500 -0.145054
v -0.084747 -0.271500 -0.146786
v -0.076153 -0.199105 -0.146053
v -0.075694 -0.198839 -0.147981
v -0.088409 -0.271500 -0.138977
v -0.090341 -0.271500 -0.139495
v -0.088409 -0.199105 -0.138977
v -0.090309 -0.198839 -0.139544
v -0.083747 -0.271500 -0.145054
v -0.084747 -0.271500 -0.146786
v -0.083747 -0.199105 -0.145054
v -0.084732 -0.198759 -0.146760
v -0.088409 -0.199105 -0.138977
v -0.090309 -0.198839 -0.139543
v -0.087410 -0.199105 -0.131384
v -0.089184 -0.199072 -0.130461
v -0.087410 -0.271500 -0.131384
v -0.089142 -0.271500 -0.130384
v -0.013452 0.106010 0.011899
v -0.013222 0.107959 0.011512
v -0.010888 0.104108 -0.000000
v -0.010513 0.106073 -0.000000
v -0.018895 0.105623 -0.000000
v -0.018520 0.107588 -0.000000
v -0.007811 0.104295 0.006619
v -0.007592 0.106243 0.006220
v -0.013452 0.106010 -0.011899
v -0.013222 0.107959 -0.011512
v -0.018895 0.105623 -0.000000
v -0.018520 0.107588 0.000000
v -0.010888 0.104108 -0.000000
v -0.010513 0.106073 0.000000
v -0.007811 0.104295 -0.006619
v -0.007592 0.106243 -0.006220
v 0.016896 0.102072 -0.014274
v 0.016960 0.104032 -0.013879
v 0.014028 0.100255 -0.000000
v 0.013950 0.102253 0.000000
v 0.023276 0.100606 -0.000000
v 0.023198 0.102604 0.000000
v 0.010257 0.101089 -0.008320
v 0.010333 0.103045 -0.007912
v 0.014028 0.100255 -0.000000
v 0.013950 0.102253 -0.000000
v 0.016896 0.102072 0.014274
v 0.016960 0.104032 0.013879
v 0.023276 0.100606 -0.000000
v 0.023198 0.102604 -0.000000
v 0.010257 0.101089 0.008320
v 0.010333 0.103045 0.007912
v -0.007811 0.104295 0.006619
v -0.007592 0.106243 0.006220
v -0.000452 0.106934 0.016771
v -0.000587 0.108851 0.016216
v -0.000301 0.104800 0.009398
v -0.000436 0.106717 0.008843
v -0.013452 0.106010 0.011899
v -0.013222 0.107959 0.011512
v -0.007811 0.104295 -0.006619
v -0.007592 0.106243 -0.006220
v -0.000452 0.106934 -0.016771
v -0.000587 0.108851 -0.016216
v -0.013452 0.106010 -0.011899
v -0.013222 0.107959 -0.011512
v -0.000301 0.104800 -0.009398
v -0.000436 0.106717 -0.008843
v 0.007205 0.105358 0.006619
v 0.006714 0.107255 0.006220
v -0.000301 0.104800 0.009398
v -0.000437 0.106717 0.008843
v -0.000452 0.106934 0.016771
v -0.000588 0.108851 0.016216
v 0.012549 0.107851 0.011899
v 0.012046 0.109748 0.011512
v -0.000452 0.106934 -0.016771
v -0.000588 0.108851 -0.016216
v 0.007205 0.105358 -0.006619
v 0.006714 0.107255 -0.006220
v 0.012549 0.107851 -0.011899
v 0.012046 0.109748 -0.011512
v -0.000301 0.104800 -0.009398
v -0.000437 0.106717 -0.008843
v 0.010278 0.105606 -0.000000
v 0.009630 0.107498 -0.000000
v 0.012549 0.107851 0.011899
v 0.012046 0.109748 0.011512
v 0.017992 0.108234 -0.000000
v 0.017344 0.110126 -0.000000
v 0.007205 0.105358 0.006619
v 0.006714 0.107255 0.006220
v 0.012549 0.107851 -0.011899
v 0.012046 0.109748 -0.011512
v 0.010278 0.105606 -0.000000
v 0.009630 0.107498 0.000000
v 0.017992 0.108234 -0.000000
v 0.017344 0.110126 0.000000
v 0.007205 0.105358 -0.006619
v 0.006714 0.107255 -0.006220
v 0.001631 0.105579 -0.020129
v 0.002060 0.107448 -0.019562
v 0.010257 0.101089 -0.008320
v 0.010333 0.103045 -0.007912
v 0.016896 0.102072 -0.014274
v 0.016960 0.104032 -0.013879
v 0.001078 0.103168 -0.011804
v 0.001507 0.105037 -0.011237
v 0.010257 0.101089 0.008320
v 0.010333 0.103045 0.007912
v 0.001078 0.103168 0.011804
v 0.001507 0.105037 0.011237
v 0.001631 0.105579 0.020129
v 0.002060 0.107448 0.019562
v 0.016896 0.102072 0.014274
v 0.016960 0.104032 0.013879
v -0.013635 0.109078 -0.014274
v -0.012839 0.110870 -0.013879
v 0.001078 0.103168 -0.011804
v 0.001507 0.105037 -0.011237
v 0.001631 0.105579 -0.020129
v 0.002060 0.107448 -0.019562
v -0.008088 0.105299 -0.008320
v -0.007304 0.107093 -0.007912
v -0.013635 0.109078 0.014274
v -0.012839 0.110870 0.013879
v 0.001078 0.103168 0.011804
v 0.001507 0.105037 0.011237
v -0.008088 0.105299 0.008320
v -0.007304 0.107093 0.007912
v 0.001631 0.105579 0.020129
v 0.002060 0.107448 0.019562
v 0.011918 0.092695 -0.000000
v 0.011550 0.094661 -0.000000
v 0.014543 0.094721 0.012834
v 0.014320 0.096670 0.012445
v 0.020412 0.094272 -0.000000
v 0.020044 0.096238 -0.000000
v 0.008551 0.092920 0.007254
v 0.008340 0.094868 0.006852
v 0.014543 0.094721 -0.012834
v 0.014320 0.096670 -0.012445
v 0.011918 0.092695 -0.000000
v 0.011550 0.094661 0.000000
v 0.020412 0.094272 -0.000000
v 0.020044 0.096238 0.000000
v 0.008551 0.092920 -0.007254
v 0.008340 0.094868 -0.006852
v -0.020016 0.110540 -0.000000
v -0.021366 0.112015 -0.000000
v -0.013635 0.109078 -0.014274
v -0.014483 0.110403 -0.015509
v -0.018727 0.102767 -0.017549
v -0.019600 0.104099 -0.018759
v -0.026532 0.104558 -0.000000
v -0.027882 0.106033 -0.000000
v -0.013635 0.109078 -0.014274
v -0.012839 0.110870 -0.013879
v -0.020016 0.110540 -0.000000
v -0.019074 0.112304 0.000000
v -0.011846 0.106193 -0.000000
v -0.010904 0.107957 0.000000
v -0.008088 0.105299 -0.008320
v -0.007304 0.107093 -0.007912
v -0.018727 0.102767 0.017549
v -0.019600 0.104099 0.018759
v -0.020016 0.110540 -0.000000
v -0.021366 0.112015 0.000000
v -0.026532 0.104558 -0.000000
v -0.027882 0.106033 0.000000
v -0.013635 0.109078 0.014274
v -0.014483 0.110403 0.015509
v -0.013635 0.109078 0.014274
v -0.012839 0.110870 0.013879
v -0.011846 0.106193 -0.000000
v -0.010904 0.107957 -0.000000
v -0.020016 0.110540 -0.000000
v -0.019074 0.112304 -0.000000
v -0.008088 0.105299 0.008320
v -0.007304 0.107093 0.007912
v 0.008551 0.092920 0.007254
v 0.008340 0.094868 0.006852
v 0.000342 0.093518 0.010297
v 0.000488 0.095433 0.009738
v 0.000515 0.095791 0.018094
v 0.000661 0.097706 0.017535
v 0.014543 0.094721 0.012834
v 0.014320 0.096670 0.012444
v 0.000515 0.095791 -0.018094
v 0.000661 0.097706 -0.017535
v 0.008551 0.092920 -0.007254
v 0.008340 0.094868 -0.006852
v 0.014543 0.094721 -0.012834
v 0.014320 0.096670 -0.012445
v 0.000342 0.093518 -0.010297
v 0.000488 0.095433 -0.009738
v -0.007863 0.094168 0.007254
v -0.007360 0.096062 0.006852
v 0.000515 0.095791 0.018094
v 0.000661 0.097706 0.017535
v 0.000342 0.093518 0.010297
v 0.000488 0.095433 0.009738
v -0.013513 0.096854 0.012834
v -0.012998 0.098747 0.012445
v -0.007863 0.094168 -0.007254
v -0.007360 0.096062 -0.006852
v 0.000515 0.095791 -0.018094
v 0.000661 0.097706 -0.017535
v -0.013513 0.096854 -0.012834
v -0.012998 0.098747 -0.012445
v 0.000342 0.093518 -0.010297
v 0.000488 0.095433 -0.009738
v -0.013513 0.096854 0.012834
v -0.012998 0.098747 0.012445
v -0.011224 0.094455 -0.000000
v -0.010563 0.096343 -0.000000
v -0.019382 0.097298 -0.000000
v -0.018721 0.099186 -0.000000
v -0.007863 0.094168 0.007254
v -0.007360 0.096061 0.006852
v -0.013513 0.096854 -0.012834
v -0.012998 0.098747 -0.012445
v -0.019382 0.097298 -0.000000
v -0.018721 0.099186 0.000000
v -0.011224 0.094455 -0.000000
v -0.010563 0.096343 0.000000
v -0.007863 0.094168 -0.007254
v -0.007360 0.096061 -0.006852
v 0.022804 0.102161 -0.000000
v 0.024369 0.103406 0.000000
v 0.012549 0.107851 0.011899
v 0.013594 0.109026 0.013135
v 0.016090 0.101686 0.014764
v 0.017160 0.102864 0.015976
v 0.017992 0.108234 -0.000000
v 0.019557 0.109479 0.000000
v 0.012549 0.107851 -0.011899
v 0.013594 0.109026 -0.013135
v 0.022804 0.102161 -0.000000
v 0.024369 0.103406 -0.000000
v 0.016090 0.101686 -0.014764
v 0.017160 0.102864 -0.015976
v 0.017992 0.108234 -0.000000
v 0.019557 0.109479 -0.000000
v -0.013635 0.109078 -0.014274
v -0.014483 0.110403 -0.015509
v 0.001631 0.105579 -0.020129
v 0.001870 0.106623 -0.021818
v 0.000000 0.098470 -0.024769
v 0.000239 0.099514 -0.026458
v -0.018727 0.102767 -0.017549
v -0.019599 0.104099 -0.018760
v 0.000000 0.098470 0.024769
v 0.000239 0.099514 0.026458
v -0.013635 0.109078 0.014274
v -0.014483 0.110403 0.015509
v -0.018727 0.102767 0.017549
v -0.019599 0.104099 0.018760
v 0.001631 0.105579 0.020129
v 0.001870 0.106623 0.021818
v -0.013513 0.096854 0.012834
v -0.014551 0.098035 0.014070
v -0.019382 0.097298 -0.000000
v -0.020940 0.098553 0.000000
v -0.024533 0.090882 -0.000000
v -0.026091 0.092137 0.000000
v -0.017312 0.090332 0.015877
v -0.018375 0.091516 0.017089
v -0.013513 0.096854 -0.012834
v -0.014551 0.098035 -0.014070
v -0.024533 0.090882 -0.000000
v -0.026091 0.092137 -0.000000
v -0.019382 0.097298 -0.000000
v -0.020940 0.098553 -0.000000
v -0.017312 0.090332 -0.015877
v -0.018375 0.091516 -0.017089
v 0.012549 0.107851 0.011899
v 0.013594 0.109026 0.013135
v 0.000000 0.100547 0.020831
v -0.000075 0.101612 0.022522
v 0.016090 0.101686 0.014764
v 0.017159 0.102864 0.015976
v -0.000452 0.106934 0.016771
v -0.000527 0.107999 0.018462
v 0.012549 0.107851 -0.011899
v 0.013594 0.109026 -0.013135
v 0.000000 0.100547 -0.020831
v -0.000075 0.101612 -0.022522
v -0.000452 0.106934 -0.016771
v -0.000527 0.107999 -0.018462
v 0.016090 0.101686 -0.014764
v 0.017159 0.102864 -0.015976
v 0.000000 0.100547 0.020831
v -0.000076 0.101612 0.022522
v -0.013452 0.106010 0.011899
v -0.014652 0.107026 0.013135
v -0.016090 0.099408 0.014764
v -0.017314 0.100423 0.015976
v -0.000452 0.106934 0.016771
v -0.000528 0.107999 0.018462
v -0.013452 0.106010 -0.011899
v -0.014652 0.107026 -0.013135
v -0.000452 0.106934 -0.016771
v -0.000528 0.107999 -0.018462
v 0.000000 0.100547 -0.020831
v -0.000076 0.101612 -0.022522
v -0.016090 0.099408 -0.014764
v -0.017314 0.100423 -0.015976
v 0.000000 0.089016 0.022405
v 0.000081 0.090082 0.024096
v -0.013513 0.096854 0.012834
v -0.014551 0.098035 0.014070
v -0.017312 0.090332 0.015877
v -0.018375 0.091516 0.017089
v 0.000515 0.095791 0.018094
v 0.000596 0.096857 0.019785
v -0.013513 0.096854 -0.012834
v -0.014551 0.098035 -0.014070
v 0.000515 0.095791 -0.018094
v 0.000596 0.096857 -0.019785
v 0.000000 0.089016 -0.022405
v 0.000081 0.090082 -0.024096
v -0.017312 0.090332 -0.015877
v -0.018375 0.091516 -0.017089
v -0.018895 0.105623 -0.000000
v -0.020620 0.106635 0.000000
v -0.022804 0.098933 -0.000000
v -0.024529 0.099945 0.000000
v -0.013452 0.106010 0.011899
v -0.014652 0.107026 0.013135
v -0.016090 0.099408 0.014764
v -0.017315 0.100423 0.015976
v -0.013452 0.106010 -0.011899
v -0.014652 0.107026 -0.013135
v -0.022804 0.098933 -0.000000
v -0.024529 0.099945 -0.000000
v -0.018895 0.105623 -0.000000
v -0.020620 0.106635 -0.000000
v -0.016090 0.099408 -0.014764
v -0.017315 0.100423 -0.015976
v 0.000000 0.098470 -0.024769
v 0.000240 0.099514 -0.026458
v 0.016896 0.102072 -0.014274
v 0.018237 0.102895 -0.015509
v 0.018727 0.094172 -0.017549
v 0.020093 0.094990 -0.018760
v 0.001631 0.105579 -0.020129
v 0.001871 0.106623 -0.021818
v 0.000000 0.098470 0.024769
v 0.000240 0.099514 0.026458
v 0.018727 0.094172 0.017549
v 0.020093 0.094990 0.018760
v 0.016896 0.102072 0.014274
v 0.018237 0.102895 0.015509
v 0.001631 0.105579 0.020129
v 0.001871 0.106623 0.021818
v 0.014543 0.094721 -0.012834
v 0.015747 0.095732 -0.014070
v 0.000000 0.089016 -0.022405
v 0.000081 0.090082 -0.024096
v 0.000515 0.095791 -0.018094
v 0.000596 0.096857 -0.019785
v 0.017312 0.087699 -0.015877
v 0.018542 0.088709 -0.017089
v 0.000000 0.089016 0.022405
v 0.000081 0.090082 0.024096
v 0.017312 0.087699 0.015877
v 0.018541 0.088709 0.017089
v 0.014543 0.094721 0.012834
v 0.015747 0.095732 0.014070
v 0.000515 0.095791 0.018094
v 0.000596 0.096857 0.019785
v 0.024533 0.087150 -0.000000
v 0.026262 0.088155 0.000000
v 0.014543 0.094721 0.012834
v 0.015748 0.095732 0.014070
v 0.017312 0.087699 0.015877
v 0.018542 0.088709 0.017089
v 0.020412 0.094272 -0.000000
v 0.022141 0.095277 0.000000
v 0.014543 0.094721 -0.012834
v 0.015748 0.095732 -0.014070
v 0.024533 0.087150 -0.000000
v 0.026262 0.088154 -0.000000
v 0.017312 0.087699 -0.015877
v 0.018542 0.088709 -0.017089
v 0.020412 0.094272 -0.000000
v 0.022141 0.095277 -0.000000
v 0.026532 0.092381 -0.000000
v 0.028390 0.093120 -0.000000
v 0.016896 0.102072 -0.014274
v 0.018237 0.102895 -0.015509
v 0.023276 0.100606 -0.000000
v 0.025134 0.101345 -0.000000
v 0.018727 0.094172 -0.017549
v 0.020093 0.094990 -0.018759
v 0.026532 0.092381 -0.000000
v 0.028390 0.093120 0.000000
v 0.016896 0.102072 0.014274
v 0.018237 0.102895 0.015509
v 0.018727 0.094172 0.017549
v 0.020093 0.094990 0.018759
v 0.023276 0.100606 -0.000000
v 0.025134 0.101345 0.000000
v -0.011481 0.093352 -0.000127
v -0.013175 0.093338 -0.001191
v -0.012232 0.093352 0.007034
v -0.014154 0.093546 0.007553
v -0.009432 0.020614 0.002184
v -0.009888 0.020031 0.000326
v -0.015258 0.020614 0.006415
v -0.016943 0.020529 0.005341
v -0.011582 0.058080 0.000047
v -0.013285 0.058071 -0.001002
v -0.039581 -0.065960 0.054404
v -0.040186 -0.066821 0.052704
v -0.012332 0.058080 0.007208
v -0.014257 0.058203 0.007738
v -0.012650 0.087258 0.007758
v -0.014559 0.087342 0.008349
v -0.007466 0.093352 0.012931
v -0.008457 0.093624 0.014647
v -0.045044 -0.061980 0.058006
v -0.046773 -0.061981 0.057000
v -0.077085 -0.144280 0.113502
v -0.078855 -0.144258 0.112571
v -0.016009 0.020614 0.013576
v -0.017882 0.021189 0.013975
v -0.007884 0.087258 0.013656
v -0.008882 0.087371 0.015385
v -0.007566 0.058080 0.013105
v -0.008562 0.058256 0.014830
v -0.000394 0.087258 0.014834
v 0.000048 0.087342 0.016783
v 0.000024 0.093352 0.014110
v 0.000535 0.093545 0.016034
v 0.005433 0.087258 0.010604
v 0.007146 0.087261 0.011637
v 0.005851 0.093352 0.009880
v 0.007619 0.093337 0.010815
v -0.000076 0.058080 0.014284
v 0.000427 0.058203 0.016216
v 0.005751 0.058080 0.010053
v 0.007511 0.058071 0.011003
v 0.002074 0.020614 0.016422
v 0.003847 0.020529 0.017344
v -0.003753 0.020614 0.020652
v -0.003162 0.021189 0.022474
v -0.027712 -0.061980 0.068013
v -0.025976 -0.061981 0.069006
v -0.011243 0.020614 0.019473
v -0.012147 0.021467 0.021039
v -0.033176 -0.058001 0.071614
v -0.032554 -0.057124 0.073300
v -0.064852 -0.139397 0.126479
v -0.064307 -0.138684 0.128266
v -0.059753 -0.144280 0.123509
v -0.058061 -0.144258 0.124576
v -0.076153 -0.199105 0.146053
v -0.075694 -0.198838 0.147981
v -0.070077 -0.199105 0.141391
v -0.068391 -0.199072 0.142466
v -0.072041 -0.137375 0.124778
v -0.072909 -0.136380 0.126281
v -0.083747 -0.199105 0.145054
v -0.084732 -0.198759 0.146760
v -0.088409 -0.199105 0.138977
v -0.090309 -0.198838 0.139543
v -0.077108 -0.139397 0.119403
v -0.078928 -0.138684 0.119824
v -0.045432 -0.058001 0.064538
v -0.047203 -0.057124 0.064843
v -0.000024 0.093352 0.014110
v -0.000535 0.093546 0.016034
v -0.005851 0.093352 0.009880
v -0.007619 0.093338 0.010815
v -0.002074 0.020614 0.016422
v -0.003847 0.020529 0.017344
v -0.005751 0.058080 0.010053
v -0.007511 0.058071 0.011003
v -0.002824 0.020614 0.009260
v -0.004661 0.020031 0.008725
v 0.027325 -0.065960 0.061480
v 0.025550 -0.066821 0.061154
v 0.000076 0.058080 0.014284
v -0.000427 0.058203 0.016216
v 0.000394 0.087258 0.014834
v -0.000048 0.087342 0.016783
v 0.007466 0.093352 0.012931
v 0.008457 0.093624 0.014647
v 0.007884 0.087258 0.013656
v 0.008882 0.087371 0.015385
v 0.027712 -0.061980 0.068013
v 0.025976 -0.061981 0.069006
v 0.059753 -0.144280 0.123509
v 0.058062 -0.144258 0.124576
v 0.003753 0.020614 0.020652
v 0.003162 0.021189 0.022474
v 0.007566 0.058080 0.013105
v 0.008562 0.058256 0.014830
v 0.012650 0.087258 0.007758
v 0.014559 0.087342 0.008349
v 0.012232 0.093352 0.007034
v 0.014154 0.093546 0.007553
v 0.011900 0.087258 0.000597
v 0.013651 0.087261 -0.000370
v 0.011481 0.093352 -0.000127
v 0.013175 0.093338 -0.001190
v 0.012332 0.058080 0.007208
v 0.014257 0.058203 0.007738
v 0.011582 0.058080 0.000047
v 0.013285 0.058071 -0.001002
v 0.015258 0.020614 0.006415
v 0.016943 0.020529 0.005341
v 0.016009 0.020614 0.013576
v 0.017882 0.021189 0.013975
v 0.045044 -0.061980 0.058006
v 0.046772 -0.061981 0.056999
v 0.011243 0.020614 0.019473
v 0.012147 0.021467 0.021039
v 0.045432 -0.058001 0.064538
v 0.047203 -0.057124 0.064843
v 0.077108 -0.139397 0.119403
v 0.078928 -0.138684 0.119824
v 0.077085 -0.144280 0.113502
v 0.078855 -0.144258 0.112571
v 0.088409 -0.199105 0.138977
v 0.090309 -0.198838 0.139543
v 0.087410 -0.199105 0.131384
v 0.089184 -0.199072 0.130461
v 0.072041 -0.137375 0.124778
v 0.072908 -0.136380 0.126281
v 0.083747 -0.199105 0.145054
v 0.084732 -0.198759 0.146760
v 0.076153 -0.199105 0.146053
v 0.075694 -0.198838 0.147981
v 0.064852 -0.139397 0.126479
v 0.064307 -0.138684 0.128266
v 0.033176 -0.058001 0.071614
v 0.032554 -0.057124 0.073300
v -0.005851 0.093352 -0.009880
v -0.007619 0.093338 -0.010815
v -0.006128 0.087258 -0.003538
v -0.008054 0.087171 -0.003004
v -0.006601 0.093352 -0.002718
v -0.008494 0.093137 -0.002111
v -0.005751 0.058080 -0.010053
v -0.007511 0.058071 -0.011003
v -0.002824 0.020614 -0.009260
v -0.004661 0.020031 -0.008725
v -0.006501 0.058080 -0.002892
v -0.008405 0.057954 -0.002294
v -0.000024 0.093352 -0.014110
v -0.000535 0.093546 -0.016034
v -0.002074 0.020614 -0.016422
v -0.003847 0.020529 -0.017344
v 0.027325 -0.065960 -0.061480
v 0.025550 -0.066821 -0.061154
v 0.000076 0.058080 -0.014284
v -0.000427 0.058203 -0.016216
v 0.000394 0.087258 -0.014834
v -0.000048 0.087342 -0.016783
v 0.007466 0.093352 -0.012931
v 0.008457 0.093624 -0.014647
v 0.007884 0.087258 -0.013656
v 0.008882 0.087371 -0.015385
v 0.007566 0.058080 -0.013105
v 0.008562 0.058256 -0.014830
v 0.012650 0.087258 -0.007758
v 0.014559 0.087342 -0.008349
v 0.012232 0.093352 -0.007034
v 0.014154 0.093546 -0.007553
v 0.011900 0.087258 -0.000597
v 0.013651 0.087261 0.000370
v 0.011481 0.093352 0.000127
v 0.013175 0.093337 0.001190
v 0.012332 0.058080 -0.007208
v 0.014257 0.058203 -0.007738
v 0.011582 0.058080 -0.000047
v 0.013285 0.058071 0.001002
v 0.015258 0.020614 -0.006415
v 0.016943 0.020529 -0.005341
v 0.016009 0.020614 -0.013576
v 0.017882 0.021189 -0.013975
v 0.045044 -0.061980 -0.058006
v 0.046772 -0.061981 -0.056999
v 0.003753 0.020614 -0.020652
v 0.003162 0.021189 -0.022474
v 0.011243 0.020614 -0.019473
v 0.012147 0.021467 -0.021039
v 0.045432 -0.058001 -0.064538
v 0.047203 -0.057124 -0.064843
v 0.077108 -0.139397 -0.119403
v 0.078928 -0.138684 -0.119824
v 0.077085 -0.144280 -0.113502
v 0.078855 -0.144258 -0.112571
v 0.033176 -0.058001 -0.071614
v 0.032554 -0.057124 -0.073300
v 0.088409 -0.199105 -0.138977
v 0.090309 -0.198838 -0.139543
v 0.087410 -0.199105 -0.131384
v 0.089184 -0.199071 -0.130461
v 0.072041 -0.137375 -0.124778
v 0.072909 -0.136380 -0.126281
v 0.083747 -0.199105 -0.145054
v 0.084732 -0.198759 -0.146760
v 0.076153 -0.199105 -0.146053
v 0.075694 -0.198839 -0.147981
v 0.064852 -0.139397 -0.126479
v 0.064307 -0.138684 -0.128266
v 0.059753 -0.144280 -0.123509
v 0.058062 -0.144258 -0.124576
v 0.027712 -0.061980 -0.068013
v 0.025976 -0.061981 -0.069007
v -0.006128 0.087258 0.003538
v -0.006629 0.087171 0.005472
v -0.005655 0.093352 0.004358
v -0.006076 0.093137 0.006301
v -0.011481 0.093352 0.000127
v -0.013175 0.093338 0.001191
v -0.009432 0.020614 -0.002184
v -0.009888 0.020031 -0.000326
v -0.005755 0.058080 0.004184
v -0.006189 0.057954 0.006132
v -0.011582 0.058080 -0.000047
v -0.013285 0.058071 0.001002
v -0.012232 0.093352 -0.007034
v -0.014154 0.093546 -0.007553
v -0.015258 0.020614 -0.006415
v -0.016943 0.020529 -0.005341
v -0.039581 -0.065960 -0.054404
v -0.040186 -0.066821 -0.052704
v -0.012332 0.058080 -0.007208
v -0.014257 0.058203 -0.007738
v -0.012650 0.087258 -0.007758
v -0.014559 0.087342 -0.008349
v -0.007466 0.093352 -0.012931
v -0.008457 0.093624 -0.014647
v -0.007884 0.087258 -0.013656
v -0.008882 0.087371 -0.015385
v -0.007566 0.058080 -0.013105
v -0.008562 0.058256 -0.014830
v -0.000394 0.087258 -0.014834
v 0.000048 0.087342 -0.016783
v 0.000024 0.093352 -0.014110
v 0.000535 0.093546 -0.016034
v 0.005433 0.087258 -0.010604
v 0.007146 0.087261 -0.011637
v 0.005851 0.093352 -0.009879
v 0.007619 0.093337 -0.010814
v -0.000076 0.058080 -0.014284
v 0.000427 0.058203 -0.016216
v 0.005751 0.058080 -0.010053
v 0.007511 0.058071 -0.011003
v 0.002074 0.020614 -0.016422
v 0.003847 0.020529 -0.017344
v -0.003753 0.020614 -0.020652
v -0.003162 0.021189 -0.022474
v -0.027712 -0.061980 -0.068013
v -0.025976 -0.061981 -0.069006
v -0.016009 0.020614 -0.013576
v -0.017882 0.021189 -0.013975
v -0.011243 0.020614 -0.019473
v -0.012147 0.021467 -0.021039
v -0.033176 -0.058001 -0.071614
v -0.032554 -0.057124 -0.073300
v -0.064852 -0.139397 -0.126479
v -0.064307 -0.138684 -0.128266
v -0.059753 -0.144280 -0.123509
v -0.058061 -0.144258 -0.124576
v -0.076153 -0.199105 -0.146053
v -0.075694 -0.198838 -0.147981
v -0.070077 -0.199105 -0.141391
v -0.068391 -0.199072 -0.142466
v -0.072041 -0.137375 -0.124778
v -0.072909 -0.136380 -0.126281
v -0.083747 -0.199105 -0.145054
v -0.084732 -0.198759 -0.146760
v -0.088409 -0.199105 -0.138977
v -0.090309 -0.198838 -0.139543
v -0.077108 -0.139397 -0.119403
v -0.078928 -0.138684 -0.119824
v -0.077085 -0.144280 -0.113502
v -0.078855 -0.144258 -0.112571
v -0.045432 -0.058001 -0.064538
v -0.047203 -0.057124 -0.064843
v -0.045045 -0.061980 -0.058006
v -0.046774 -0.061981 -0.057000
v 0.008088 0.091640 -0.008320
v 0.006765 0.091942 -0.006851
v 0.014028 0.100255 -0.000000
v 0.012079 0.100702 -0.000000
v 0.010257 0.101089 -0.008320
v 0.008934 0.101393 -0.006851
v 0.011846 0.090747 -0.000000
v 0.009897 0.091194 -0.000000
v 0.008088 0.091640 0.008320
v 0.006765 0.091945 0.006851
v 0.010257 0.101089 0.008320
v 0.008934 0.101395 0.006851
v 0.001078 0.103168 -0.011804
v 0.001078 0.103168 -0.009804
v 0.010257 0.101089 -0.008320
v 0.008933 0.101391 -0.006851
v -0.001078 0.093771 -0.011804
v -0.001079 0.093769 -0.009804
v 0.001078 0.103168 0.011804
v 0.001078 0.103170 0.009804
v 0.010257 0.101089 0.008320
v 0.008934 0.101393 0.006851
v -0.001078 0.093771 0.011804
v -0.001078 0.093771 0.009804
v -0.007062 -0.272177 0.007062
v -0.008441 -0.272174 0.008511
v -0.009987 0.267185 -0.000000
v -0.011969 0.267186 0.000269
v -0.009987 -0.272177 0.000000
v -0.011987 -0.272176 -0.000000
v -0.007062 0.270716 0.006116
v -0.008295 0.270719 0.007691
v -0.009987 -0.272177 0.000000
v -0.011987 -0.272176 -0.000000
v -0.007062 0.263653 -0.006116
v -0.008554 0.263655 -0.007448
v -0.007062 -0.272177 -0.007062
v -0.008441 -0.272174 -0.008511
v -0.009987 0.267185 -0.000000
v -0.011969 0.267186 0.000269
v 0.009987 0.267185 -0.000000
v 0.011969 0.267186 0.000269
v 0.009987 -0.272177 0.000000
v 0.011987 -0.272176 -0.000000
v 0.007062 0.263653 -0.006116
v 0.008554 0.263655 -0.007448
v 0.007062 -0.272177 -0.007062
v 0.008441 -0.272174 -0.008511
v 0.007062 0.270716 0.006116
v 0.008295 0.270719 0.007691
v 0.007062 -0.272177 0.007062
v 0.008441 -0.272174 0.008511
v 0.009987 0.267185 -0.000000
v 0.011969 0.267186 0.000269
v 0.009987 -0.272177 0.000000
v 0.011987 -0.272176 -0.000000
v 0.000000 -0.272177 0.009987
v -0.000000 -0.272173 0.011987
v -0.007062 0.270716 0.006116
v -0.008295 0.270719 0.007691
v -0.007062 -0.272177 0.007062
v -0.008441 -0.272174 0.008511
v 0.000000 0.272178 0.008649
v -0.000000 0.272182 0.010649
v 0.007062 -0.272177 0.007062
v 0.008441 -0.272174 0.008511
v 0.007062 0.270716 0.006116
v 0.008295 0.270719 0.007691
v 0.000000 -0.272177 0.009987
v 0.000000 -0.272173 0.011987
v 0.000000 0.272178 0.008649
v 0.000000 0.272182 0.010649
v 0.000000 0.262191 -0.008649
v -0.000000 0.262195 -0.010649
v -0.007062 -0.272177 -0.007062
v -0.008440 -0.272175 -0.008511
v -0.007062 0.263653 -0.006116
v -0.008554 0.263655 -0.007448
v 0.000000 -0.272177 -0.009987
v 0.000000 -0.272173 -0.011987
v 0.000000 0.262191 -0.008649
v 0.000000 0.262195 -0.010649
v 0.007062 -0.272177 -0.007062
v 0.008440 -0.272175 -0.008511
v 0.007062 0.263653 -0.006116
v 0.008554 0.263655 -0.007448
v -0.010278 0.095488 -0.000000
v -0.008283 0.095629 -0.000000
v -0.010888 0.104108 -0.000000
v -0.008893 0.104247 -0.000000
v -0.007205 0.095736 0.006619
v -0.005852 0.095830 0.005149
v -0.007811 0.104295 0.006619
v -0.006458 0.104391 0.005149
v -0.007811 0.104295 0.006619
v -0.006458 0.104388 0.005149
v 0.000301 0.096294 0.009398
v 0.000301 0.096294 0.007398
v -0.000301 0.104800 0.009398
v -0.000301 0.104800 0.007398
v 0.007811 0.096799 0.006619
v 0.006458 0.096706 0.005149
v 0.007205 0.105358 0.006619
v 0.005852 0.105264 0.005149
v 0.010888 0.096986 -0.000000
v 0.008893 0.096848 -0.000000
v 0.007811 0.096799 0.006619
v 0.006458 0.096703 0.005149
v 0.010278 0.105606 -0.000000
v 0.008283 0.105465 -0.000000
v -0.007205 0.095736 -0.006619
v -0.005852 0.095833 -0.005149
v -0.007811 0.104295 -0.006619
v -0.006458 0.104394 -0.005149
v -0.010278 0.095488 -0.000000
v -0.008283 0.095633 0.000000
v 0.000301 0.096294 -0.009398
v 0.000301 0.096294 -0.007398
v -0.007811 0.104295 -0.006619
v -0.006458 0.104391 -0.005149
v -0.000301 0.104800 -0.009398
v -0.000301 0.104800 -0.007398
v 0.007811 0.096799 -0.006619
v 0.006458 0.096703 -0.005149
v 0.007205 0.105358 -0.006619
v 0.005852 0.105261 -0.005149
v 0.010888 0.096986 -0.000000
v 0.008893 0.096845 0.000000
v 0.010278 0.105606 -0.000000
v 0.008283 0.105461 0.000000
v 0.007811 0.096799 -0.006619
v 0.006458 0.096700 -0.005149
v 0.008551 0.092920 0.007254
v 0.007198 0.093023 0.005785
v -0.000342 0.084514 0.010297
v -0.000342 0.084514 0.008297
v 0.000342 0.093518 0.010297
v 0.000342 0.093520 0.008297
v 0.007863 0.083863 0.007254
v 0.006510 0.083966 0.005785
v 0.011918 0.092695 -0.000000
v 0.009924 0.092847 -0.000000
v 0.011224 0.083577 -0.000000
v 0.009230 0.083732 -0.000000
v 0.007863 0.083863 -0.007254
v 0.006510 0.083966 -0.005785
v 0.011918 0.092695 -0.000000
v 0.009924 0.092843 0.000000
v 0.008551 0.092920 -0.007254
v 0.007198 0.093023 -0.005785
v 0.011224 0.083577 -0.000000
v 0.009230 0.083729 0.000000
v -0.000342 0.084514 -0.010297
v -0.000342 0.084512 -0.008297
v 0.000342 0.093518 -0.010297
v 0.000342 0.093518 -0.008297
v -0.011918 0.085337 -0.000000
v -0.009924 0.085187 -0.000000
v -0.007863 0.094168 0.007254
v -0.006510 0.094065 0.005785
v -0.008551 0.085111 0.007254
v -0.007198 0.085008 0.005785
v -0.011224 0.094455 -0.000000
v -0.009230 0.094300 -0.000000
v 0.000342 0.093518 0.010297
v 0.000342 0.093518 0.008297
v -0.000342 0.084514 0.010297
v -0.000342 0.084512 0.008297
v -0.007863 0.094168 -0.007254
v -0.006510 0.094065 -0.005785
v -0.011224 0.094455 -0.000000
v -0.009230 0.094303 0.000000
v -0.008551 0.085111 -0.007254
v -0.007198 0.085008 -0.005785
v 0.000342 0.093518 -0.010297
v 0.000342 0.093520 -0.008297
v -0.000342 0.084514 -0.010297
v -0.000342 0.084514 -0.008297
v -0.016896 0.094867 -0.014274
v -0.018237 0.094044 -0.015509
v -0.023276 0.096333 -0.000000
v -0.025134 0.095594 -0.000000
v -0.026532 0.104558 -0.000000
v -0.028390 0.103819 -0.000000
v -0.018727 0.102767 -0.017549
v -0.020093 0.101949 -0.018759
v -0.026532 0.104558 -0.000000
v -0.028390 0.103819 0.000000
v -0.016896 0.094867 0.014274
v -0.018237 0.094044 0.015509
v -0.018727 0.102767 0.017549
v -0.020093 0.101949 0.018759
v -0.023276 0.096333 -0.000000
v -0.025134 0.095594 0.000000
v 0.000000 0.098470 -0.024769
v -0.000240 0.097426 -0.026458
v -0.016896 0.094867 -0.014274
v -0.018237 0.094044 -0.015509
v -0.018727 0.102767 -0.017549
v -0.020093 0.101949 -0.018760
v -0.001631 0.091360 -0.020129
v -0.001871 0.090316 -0.021818
v -0.016896 0.094867 0.014274
v -0.018237 0.094044 0.015509
v -0.001631 0.091360 0.020129
v -0.001871 0.090316 0.021818
v 0.000000 0.098470 0.024769
v -0.000240 0.097426 0.026458
v -0.018727 0.102767 0.017549
v -0.020093 0.101949 0.018759
v -0.001078 0.093771 -0.011804
v -0.001078 0.093771 -0.009804
v -0.008088 0.105299 -0.008320
v -0.006764 0.104997 -0.006851
v -0.010257 0.095850 -0.008320
v -0.008933 0.095548 -0.006851
v 0.001078 0.103168 -0.011804
v 0.001079 0.103170 -0.009804
v -0.011846 0.106193 -0.000000
v -0.009897 0.105746 0.000000
v -0.014028 0.096684 -0.000000
v -0.012078 0.096239 0.000000
v -0.010257 0.095850 -0.008320
v -0.008934 0.095546 -0.006851
v -0.014028 0.096684 -0.000000
v -0.012079 0.096237 -0.000000
v -0.008088 0.105299 0.008320
v -0.006765 0.104994 0.006851
v -0.010257 0.095850 0.008320
v -0.008934 0.095544 0.006851
v -0.011846 0.106193 -0.000000
v -0.009897 0.105743 -0.000000
v -0.001078 0.093771 0.011804
v -0.001078 0.093769 0.009804
v -0.010257 0.095850 0.008320
v -0.008934 0.095546 0.006851
v 0.001078 0.103168 0.011804
v 0.001078 0.103168 0.009804
v -0.024533 0.090882 -0.000000
v -0.026262 0.089877 0.000000
v -0.014543 0.083311 0.012834
v -0.015748 0.082300 0.014070
v -0.017312 0.090332 0.015877
v -0.018542 0.089322 0.017089
v -0.020412 0.083760 -0.000000
v -0.022141 0.082755 0.000000
v -0.024533 0.090882 -0.000000
v -0.026262 0.089877 -0.000000
v -0.017312 0.090332 -0.015877
v -0.018542 0.089322 -0.017089
v -0.014543 0.083311 -0.012834
v -0.015748 0.082301 -0.014070
v -0.020412 0.083760 -0.000000
v -0.022141 0.082755 -0.000000
v -0.014543 0.083311 0.012834
v -0.015747 0.082300 0.014070
v -0.000515 0.082241 0.018094
v -0.000596 0.081175 0.019785
v 0.000000 0.089016 0.022405
v -0.000081 0.087950 0.024096
v -0.017312 0.090332 0.015877
v -0.018541 0.089322 0.017089
v 0.000000 0.089016 -0.022405
v -0.000081 0.087950 -0.024096
v -0.014543 0.083311 -0.012834
v -0.015747 0.082300 -0.014070
v -0.017312 0.090332 -0.015877
v -0.018541 0.089322 -0.017089
v -0.000515 0.082241 -0.018094
v -0.000596 0.081175 -0.019785
v 0.013513 0.081177 0.012834
v 0.014551 0.079996 0.014070
v 0.000000 0.089016 0.022405
v -0.000081 0.087950 0.024096
v -0.000515 0.082241 0.018094
v -0.000596 0.081175 0.019785
v 0.017312 0.087699 0.015877
v 0.018375 0.086515 0.017089
v 0.000000 0.089016 -0.022405
v -0.000081 0.087950 -0.024096
v 0.017312 0.087699 -0.015877
v 0.018375 0.086515 -0.017089
v 0.013513 0.081177 -0.012834
v 0.014551 0.079996 -0.014070
v -0.000515 0.082241 -0.018094
v -0.000596 0.081175 -0.019785
v 0.022804 0.102161 -0.000000
v 0.024529 0.101149 0.000000
v 0.013452 0.095083 0.011899
v 0.014652 0.094067 0.013135
v 0.018895 0.095471 -0.000000
v 0.020620 0.094459 0.000000
v 0.016090 0.101686 0.014764
v 0.017315 0.100671 0.015976
v 0.013452 0.095083 -0.011899
v 0.014652 0.094067 -0.013135
v 0.022804 0.102161 -0.000000
v 0.024529 0.101149 -0.000000
v 0.018895 0.095471 -0.000000
v 0.020620 0.094459 -0.000000
v 0.016090 0.101686 -0.014764
v 0.017315 0.100671 -0.015976
v 0.013452 0.095083 0.011899
v 0.014652 0.094067 0.013135
v 0.000000 0.100547 0.020831
v 0.000076 0.099482 0.022522
v 0.000452 0.094160 0.016771
v 0.000528 0.093095 0.018462
v 0.016090 0.101686 0.014764
v 0.017315 0.100671 0.015976
v 0.000000 0.100547 -0.020831
v 0.000076 0.099482 -0.022522
v 0.016090 0.101686 -0.014764
v 0.017315 0.100671 -0.015976
v 0.013452 0.095083 -0.011899
v 0.014652 0.094067 -0.013135
v 0.000452 0.094160 -0.016771
v 0.000528 0.093095 -0.018462
v 0.071986 -0.149162 -0.110532
v 0.072623 -0.149838 -0.108761
v 0.081333 -0.199105 -0.126722
v 0.081908 -0.199355 -0.124823
v 0.087410 -0.199105 -0.131384
v 0.089184 -0.199072 -0.130461
v 0.077085 -0.144280 -0.113502
v 0.078855 -0.144258 -0.112570
v 0.073740 -0.199105 -0.127721
v 0.072757 -0.199477 -0.126019
v 0.039581 -0.065960 -0.054404
v 0.040186 -0.066821 -0.052704
v 0.064798 -0.151185 -0.112233
v 0.063920 -0.152143 -0.110713
v 0.015258 0.020614 -0.006415
v 0.016943 0.020529 -0.005341
v 0.059730 -0.149162 -0.117608
v 0.057878 -0.149838 -0.117274
v 0.069078 -0.199105 -0.133798
v 0.067146 -0.199355 -0.133347
v 0.070077 -0.199105 -0.141391
v 0.068391 -0.199072 -0.142466
v 0.009432 0.020614 -0.002184
v 0.009888 0.020031 -0.000326
v 0.032241 -0.067608 -0.055843
v 0.031435 -0.068791 -0.054447
v 0.011582 0.058080 -0.000047
v 0.013285 0.058071 0.001002
v 0.001942 0.020614 -0.003363
v 0.001014 0.019870 -0.001755
v 0.005755 0.058080 0.004184
v 0.006189 0.057954 0.006132
v -0.001735 0.058080 0.003005
v -0.002732 0.057914 0.004731
v 0.006128 0.087258 0.003538
v 0.006629 0.087171 0.005472
v 0.011900 0.087258 -0.000597
v 0.013651 0.087261 0.000370
v 0.011481 0.093352 0.000127
v 0.013175 0.093337 0.001191
v 0.005655 0.093352 0.004358
v 0.006076 0.093137 0.006301
v -0.001417 0.087258 0.002455
v -0.002415 0.087134 0.004184
v -0.001835 0.093352 0.003179
v -0.002824 0.093063 0.004893
v -0.059730 -0.149162 -0.117608
v -0.057878 -0.149838 -0.117274
v -0.070077 -0.199105 -0.141391
v -0.068391 -0.199072 -0.142466
v -0.059753 -0.144280 -0.123509
v -0.058061 -0.144258 -0.124576
v -0.069078 -0.199105 -0.133798
v -0.067146 -0.199355 -0.133347
v -0.073740 -0.199105 -0.127721
v -0.072757 -0.199477 -0.126019
v -0.027325 -0.065960 -0.061480
v -0.025550 -0.066821 -0.061154
v -0.064798 -0.151185 -0.112233
v -0.063920 -0.152143 -0.110713
v 0.002074 0.020614 -0.016422
v 0.003847 0.020529 -0.017344
v -0.071986 -0.149162 -0.110532
v -0.072623 -0.149838 -0.108761
v -0.081333 -0.199105 -0.126722
v -0.081908 -0.199355 -0.124823
v -0.087410 -0.199105 -0.131384
v -0.089184 -0.199072 -0.130461
v 0.002824 0.020614 -0.009260
v 0.004661 0.020031 -0.008725
v -0.032241 -0.067608 -0.055843
v -0.031435 -0.068791 -0.054447
v 0.005751 0.058080 -0.010053
v 0.007511 0.058071 -0.011003
v -0.001942 0.020614 -0.003363
v -0.001014 0.019870 -0.001755
v 0.006501 0.058080 -0.002892
v 0.008405 0.057954 -0.002294
v 0.001735 0.058080 0.003005
v 0.002732 0.057914 0.004731
v 0.006128 0.087258 -0.003538
v 0.008054 0.087171 -0.003004
v 0.005433 0.087258 -0.010604
v 0.007146 0.087261 -0.011637
v 0.005851 0.093352 -0.009879
v 0.007619 0.093337 -0.010814
v 0.006601 0.093352 -0.002718
v 0.008494 0.093137 -0.002111
v 0.001417 0.087258 0.002455
v 0.002415 0.087134 0.004184
v 0.001835 0.093352 0.003179
v 0.002824 0.093063 0.004893
v -0.059730 -0.149162 0.117608
v -0.057878 -0.149838 0.117274
v -0.070077 -0.199105 0.141391
v -0.068391 -0.199072 0.142466
v -0.069078 -0.199105 0.133798
v -0.067146 -0.199355 0.133347
v -0.059753 -0.144280 0.123509
v -0.058061 -0.144258 0.124576
v -0.073740 -0.199105 0.127721
v -0.072757 -0.199477 0.126019
v -0.027325 -0.065960 0.061480
v -0.025550 -0.066821 0.061154
v -0.064798 -0.151185 0.112233
v -0.063920 -0.152143 0.110713
v 0.002074 0.020614 0.016422
v 0.003847 0.020529 0.017344
v -0.071986 -0.149162 0.110532
v -0.072623 -0.149838 0.108761
v -0.081333 -0.199105 0.126722
v -0.081908 -0.199355 0.124823
v -0.087409 -0.199105 0.131384
v -0.089183 -0.199072 0.130461
v 0.002824 0.020614 0.009260
v 0.004661 0.020031 0.008725
v -0.032241 -0.067608 0.055843
v -0.031435 -0.068791 0.054447
v 0.005751 0.058080 0.010053
v 0.007511 0.058071 0.011003
v -0.001942 0.020614 0.003363
v -0.001014 0.019870 0.001755
v 0.006501 0.058080 0.002892
v 0.008405 0.057954 0.002294
v 0.001735 0.058080 -0.003005
v 0.002732 0.057914 -0.004731
v 0.006128 0.087258 0.003538
v 0.008054 0.087171 0.003004
v 0.005433 0.087258 0.010604
v 0.007146 0.087261 0.011637
v 0.005851 0.093352 0.009880
v 0.007619 0.093337 0.010815
v 0.006601 0.093352 0.002718
v 0.008494 0.093137 0.002111
v 0.001417 0.087258 -0.002455
v 0.002415 0.087134 -0.004184
v 0.001835 0.093352 -0.003179
v 0.002824 0.093063 -0.004893
v -0.005655 0.093352 -0.004358
v -0.006076 0.093137 -0.006301
v -0.005755 0.058080 -0.004184
v -0.006189 0.057954 -0.006132
v -0.006128 0.087258 -0.003538
v -0.006629 0.087171 -0.005472
v 0.077085 -0.144280 0.113502
v 0.078855 -0.144258 0.112570
v 0.087410 -0.199105 0.131384
v 0.089184 -0.199072 0.130461
v 0.071986 -0.149162 0.110532
v 0.072623 -0.149838 0.108761
v 0.081333 -0.199105 0.126722
v 0.081908 -0.199355 0.124823
v 0.073740 -0.199105 0.127721
v 0.072757 -0.199477 0.126019
v 0.039581 -0.065960 0.054404
v 0.040186 -0.066821 0.052704
v 0.064798 -0.151185 0.112233
v 0.063920 -0.152143 0.110713
v 0.015258 0.020614 0.006415
v 0.016943 0.020529 0.005341
v 0.059730 -0.149162 0.117608
v 0.057878 -0.149838 0.117274
v 0.069078 -0.199105 0.133798
v 0.067146 -0.199355 0.133347
v 0.070077 -0.199105 0.141391
v 0.068391 -0.199072 0.142466
v 0.009432 0.020614 0.002184
v 0.009888 0.020031 0.000326
v 0.032241 -0.067608 0.055843
v 0.031435 -0.068791 0.054447
v 0.011582 0.058080 0.000047
v 0.013285 0.058071 -0.001002
v 0.001942 0.020614 0.003363
v 0.001014 0.019870 0.001755
v 0.005755 0.058080 -0.004184
v 0.006189 0.057954 -0.006132
v -0.001735 0.058080 -0.003005
v -0.002732 0.057914 -0.004731
v 0.006128 0.087258 -0.003538
v 0.006629 0.087171 -0.005472
v 0.011900 0.087258 0.000597
v 0.013651 0.087261 -0.000370
v 0.011481 0.093352 -0.000127
v 0.013175 0.093337 -0.001191
v 0.005655 0.093352 -0.004358
v 0.006076 0.093137 -0.006301
v -0.001417 0.087258 -0.002455
v -0.002415 0.087134 -0.004184
v -0.001835 0.093352 -0.003179
v -0.002824 0.093063 -0.004893
v -0.006601 0.093352 0.002718
v -0.008494 0.093137 0.002111
v -0.006501 0.058080 0.002892
v -0.008405 0.057954 0.002294
v -0.006128 0.087258 0.003538
v -0.008054 0.087171 0.003004
v 0.024533 0.087150 -0.000000
v 0.026091 0.085895 0.000000
v 0.013513 0.081177 0.012834
v 0.014551 0.079996 0.014070
v 0.019382 0.080733 -0.000000
v 0.020940 0.079478 0.000000
v 0.017312 0.087699 0.015877
v 0.018375 0.086515 0.017089
v 0.013513 0.081177 -0.012834
v 0.014551 0.079996 -0.014070
v 0.024533 0.087150 -0.000000
v 0.026091 0.085895 -0.000000
v 0.019382 0.080733 -0.000000
v 0.020940 0.079479 -0.000000
v 0.017312 0.087699 -0.015877
v 0.018375 0.086515 -0.017089
v 0.000000 0.098470 -0.024769
v -0.000239 0.097426 -0.026458
v 0.018727 0.094172 -0.017549
v 0.019600 0.092840 -0.018760
v 0.013635 0.087861 -0.014274
v 0.014483 0.086536 -0.015509
v -0.001631 0.091360 -0.020129
v -0.001870 0.090316 -0.021818
v 0.013635 0.087861 0.014274
v 0.014483 0.086536 0.015509
v 0.000000 0.098470 0.024769
v -0.000239 0.097426 0.026458
v -0.001631 0.091360 0.020129
v -0.001870 0.090316 0.021818
v 0.018727 0.094172 0.017549
v 0.019600 0.092840 0.018759
v 0.000000 0.100547 0.020831
v 0.000075 0.099482 0.022522
v -0.012549 0.093243 0.011899
v -0.013594 0.092068 0.013135
v 0.000452 0.094160 0.016771
v 0.000527 0.093095 0.018462
v -0.016090 0.099408 0.014764
v -0.017159 0.098230 0.015976
v 0.000000 0.100547 -0.020831
v 0.000075 0.099482 -0.022522
v -0.012549 0.093243 -0.011899
v -0.013594 0.092068 -0.013135
v -0.016090 0.099408 -0.014764
v -0.017159 0.098230 -0.015976
v 0.000452 0.094160 -0.016771
v 0.000527 0.093095 -0.018462
v -0.022804 0.098933 -0.000000
v -0.024369 0.097688 0.000000
v -0.012549 0.093243 0.011899
v -0.013594 0.092068 0.013135
v -0.016090 0.099408 0.014764
v -0.017160 0.098230 0.015976
v -0.017992 0.092860 -0.000000
v -0.019557 0.091615 0.000000
v -0.022804 0.098933 -0.000000
v -0.024369 0.097688 -0.000000
v -0.016090 0.099408 -0.014764
v -0.017160 0.098230 -0.015976
v -0.012549 0.093243 -0.011899
v -0.013594 0.092068 -0.013135
v -0.017992 0.092860 -0.000000
v -0.019557 0.091615 -0.000000
v -0.131717 -0.149162 0.007076
v -0.130502 -0.149838 0.008513
v -0.157487 -0.199105 0.010007
v -0.157574 -0.199072 0.012005
v -0.150411 -0.199105 0.007076
v -0.149054 -0.199355 0.008524
v -0.136838 -0.144280 0.010007
v -0.136916 -0.144258 0.012005
v -0.129595 -0.151185 0.000000
v -0.127840 -0.152143 0.000000
v -0.147480 -0.199105 0.000000
v -0.145515 -0.199477 -0.000000
v -0.150411 -0.199105 -0.007076
v -0.149054 -0.199355 -0.008524
v -0.066906 -0.065960 0.007076
v -0.065736 -0.066821 0.008450
v -0.013185 0.020614 0.010007
v -0.013097 0.020529 0.012003
v -0.006608 0.020614 0.007076
v -0.005227 0.020031 0.008399
v -0.131717 -0.149162 -0.007076
v -0.130502 -0.149838 -0.008513
v -0.157487 -0.199105 -0.010007
v -0.157575 -0.199072 -0.012005
v -0.003883 0.020614 -0.000000
v -0.002026 0.019870 -0.000000
v -0.005831 0.058080 0.010007
v -0.005773 0.058071 0.012006
v -0.066906 -0.065960 -0.007076
v -0.065736 -0.066821 -0.008450
v -0.136838 -0.144280 -0.010007
v -0.136916 -0.144258 -0.012005
v -0.164563 -0.199105 -0.007076
v -0.166003 -0.198838 -0.008438
v -0.141960 -0.139397 -0.007076
v -0.143235 -0.138684 -0.008442
v -0.167494 -0.199105 0.000000
v -0.169464 -0.198759 0.000000
v -0.072757 -0.061980 -0.010007
v -0.072750 -0.061981 -0.012007
v -0.006608 0.020614 -0.007076
v -0.005227 0.020031 -0.008400
v -0.013185 0.020614 -0.010007
v -0.013097 0.020529 -0.012003
v -0.019762 0.020614 -0.007076
v -0.021044 0.021189 -0.008499
v -0.144081 -0.137375 0.000000
v -0.145816 -0.136381 0.000000
v -0.141960 -0.139397 0.007076
v -0.143235 -0.138684 0.008442
v -0.164563 -0.199105 0.007076
v -0.166003 -0.198838 0.008438
v -0.136838 -0.144280 0.010007
v -0.136916 -0.144258 0.012005
v -0.157487 -0.199105 0.010007
v -0.157575 -0.199072 0.012005
v -0.072757 -0.061980 0.010007
v -0.072749 -0.061981 0.012007
v -0.081031 -0.056352 0.000000
v -0.082618 -0.055135 0.000000
v -0.019762 0.020614 0.007076
v -0.021044 0.021189 0.008499
v -0.013185 0.020614 0.010007
v -0.013097 0.020529 0.012003
v -0.022486 0.020614 -0.000000
v -0.024295 0.021468 -0.000000
v -0.012408 0.058080 0.007076
v -0.013829 0.058203 0.008478
v -0.005831 0.058080 0.010007
v -0.005774 0.058071 0.012006
v -0.006467 0.087258 0.010007
v -0.006505 0.087261 0.012007
v -0.015133 0.058080 -0.000000
v -0.017125 0.058256 -0.000000
v -0.013044 0.087258 0.007076
v -0.014510 0.087342 0.008433
v -0.012207 0.093352 0.007076
v -0.013618 0.093546 0.008480
v -0.005630 0.093352 0.010007
v -0.005556 0.093337 0.012006
v -0.015768 0.087258 -0.000000
v -0.017765 0.087371 -0.000000
v -0.014932 0.093352 -0.000000
v -0.016913 0.093624 -0.000000
v -0.012408 0.058080 -0.007076
v -0.013829 0.058203 -0.008478
v -0.013044 0.087258 -0.007076
v -0.014510 0.087342 -0.008433
v -0.012207 0.093352 -0.007076
v -0.013618 0.093546 -0.008481
v -0.005630 0.093352 -0.010007
v -0.005556 0.093338 -0.012006
v -0.005831 0.058080 -0.010007
v -0.005774 0.058071 -0.012006
v 0.000000 0.087258 -0.007076
v 0.001425 0.087171 -0.008477
v 0.000947 0.093352 -0.007076
v 0.002420 0.093137 -0.008412
v 0.000746 0.058080 -0.007076
v 0.002216 0.057954 -0.008427
v 0.003470 0.058080 -0.000000
v 0.005463 0.057914 -0.000001
v 0.002834 0.087258 -0.000000
v 0.004830 0.087134 -0.000000
v 0.003671 0.093352 -0.000000
v 0.005650 0.093062 -0.000000
v 0.000746 0.058080 0.007076
v 0.002216 0.057954 0.008426
v 0.000000 0.087258 0.007076
v 0.001425 0.087171 0.008477
v 0.000947 0.093352 0.007076
v 0.002420 0.093137 0.008412
v -0.006467 0.087258 0.010007
v -0.006505 0.087261 0.012007
v -0.005630 0.093352 0.010007
v -0.005556 0.093337 0.012006
v 0.131717 -0.149162 0.007076
v 0.130502 -0.149838 0.008513
v 0.150411 -0.199105 0.007076
v 0.149054 -0.199355 0.008524
v 0.157487 -0.199105 0.010007
v 0.157574 -0.199072 0.012005
v 0.136838 -0.144280 0.010007
v 0.136916 -0.144258 0.012005
v 0.129595 -0.151185 0.000000
v 0.127840 -0.152144 0.000000
v 0.147480 -0.199105 0.000000
v 0.145515 -0.199477 0.000000
v 0.150411 -0.199105 -0.007076
v 0.149054 -0.199355 -0.008524
v 0.066906 -0.065960 0.007076
v 0.065736 -0.066821 0.008450
v 0.013185 0.020614 0.010007
v 0.013097 0.020529 0.012003
v 0.131717 -0.149162 -0.007076
v 0.130502 -0.149838 -0.008513
v 0.157487 -0.199105 -0.010007
v 0.157575 -0.199072 -0.012005
v 0.066906 -0.065960 -0.007076
v 0.065736 -0.066821 -0.008450
v 0.136838 -0.144280 -0.010007
v 0.136916 -0.144258 -0.012005
v 0.164563 -0.199105 -0.007076
v 0.166003 -0.198838 -0.008438
v 0.003883 0.020614 -0.000000
v 0.002026 0.019871 -0.000000
v 0.006608 0.020614 0.007076
v 0.005227 0.020030 0.008399
v 0.005831 0.058080 0.010007
v 0.005773 0.058071 0.012006
v 0.141960 -0.139397 -0.007076
v 0.143235 -0.138684 -0.008442
v 0.167494 -0.199105 0.000000
v 0.169464 -0.198759 -0.000000
v 0.072757 -0.061980 -0.010007
v 0.072750 -0.061981 -0.012007
v 0.006608 0.020614 -0.007076
v 0.005227 0.020031 -0.008400
v 0.013185 0.020614 -0.010007
v 0.013097 0.020529 -0.012003
v 0.019762 0.020614 -0.007076
v 0.021044 0.021189 -0.008499
v 0.144081 -0.137375 0.000000
v 0.145816 -0.136380 0.000000
v 0.141960 -0.139397 0.007076
v 0.143235 -0.138684 0.008442
v 0.164563 -0.199105 0.007076
v 0.166003 -0.198838 0.008438
v 0.136838 -0.144280 0.010007
v 0.136916 -0.144258 0.012005
v 0.157487 -0.199105 0.010007
v 0.157575 -0.199071 0.012005
v 0.072757 -0.061980 0.010007
v 0.072749 -0.061981 0.012007
v 0.081031 -0.056352 0.000000
v 0.082618 -0.055136 0.000000
v 0.019762 0.020614 0.007076
v 0.021044 0.021189 0.008499
v 0.013185 0.020614 0.010007
v 0.013097 0.020529 0.012003
v 0.022486 0.020614 -0.000000
v 0.024295 0.021468 -0.000000
v 0.012408 0.058080 0.007076
v 0.013829 0.058203 0.008478
v 0.005831 0.058080 0.010007
v 0.005774 0.058071 0.012006
v 0.006467 0.087258 0.010007
v 0.006505 0.087261 0.012007
v 0.015133 0.058080 -0.000000
v 0.017125 0.058256 -0.000000
v 0.013044 0.087258 0.007076
v 0.014510 0.087342 0.008433
v 0.012207 0.093352 0.007076
v 0.013618 0.093546 0.008480
v 0.005630 0.093352 0.010007
v 0.005556 0.093337 0.012006
v 0.015768 0.087258 -0.000000
v 0.017765 0.087371 -0.000000
v 0.014932 0.093352 -0.000000
v 0.016913 0.093624 -0.000000
v 0.012408 0.058080 -0.007076
v 0.013829 0.058203 -0.008478
v 0.013044 0.087258 -0.007076
v 0.014510 0.087342 -0.008433
v 0.012207 0.093352 -0.007076
v 0.013618 0.093546 -0.008481
v 0.005630 0.093352 -0.010007
v 0.005556 0.093338 -0.012006
v 0.005831 0.058080 -0.010007
v 0.005774 0.058071 -0.012006
v 0.000000 0.087258 -0.007076
v -0.001425 0.087171 -0.008477
v -0.000947 0.093352 -0.007076
v -0.002420 0.093137 -0.008412
v -0.000746 0.058080 -0.007076
v -0.002216 0.057954 -0.008427
v -0.003470 0.058080 -0.000000
v -0.005463 0.057914 -0.000001
v -0.002834 0.087258 -0.000000
v -0.004830 0.087134 -0.000000
v -0.003671 0.093352 -0.000000
v -0.005650 0.093062 -0.000000
v -0.000746 0.058080 0.007076
v -0.002216 0.057954 0.008426
v 0.000000 0.087258 0.007076
v -0.001425 0.087171 0.008477
v -0.000947 0.093352 0.007076
v -0.002420 0.093137 0.008412
v 0.006467 0.087258 0.010007
v 0.006505 0.087261 0.012007
v 0.005630 0.093352 0.010007
v 0.005556 0.093337 0.012006
v 0.018727 0.094172 -0.017549
v 0.019600 0.092840 -0.018759
v 0.020016 0.086399 -0.000000
v 0.021366 0.084924 -0.000000
v 0.013635 0.087861 -0.014274
v 0.014483 0.086536 -0.015509
v 0.026532 0.092381 -0.000000
v 0.027882 0.090906 -0.000000
v 0.018727 0.094172 0.017549
v 0.019600 0.092840 0.018759
v 0.020016 0.086399 -0.000000
v 0.021366 0.084924 0.000000
v 0.026532 0.092381 -0.000000
v 0.027882 0.090906 0.000000
v 0.013635 0.087861 0.014274
v 0.014483 0.086536 0.015509
v 0.013513 0.081177 0.012834
v 0.012998 0.079284 0.012445
v 0.011224 0.083577 -0.000000
v 0.010563 0.081689 -0.000000
v 0.019382 0.080733 -0.000000
v 0.018721 0.078845 -0.000000
v 0.007863 0.083863 0.007254
v 0.007360 0.081970 0.006852
v 0.013513 0.081177 -0.012834
v 0.012998 0.079284 -0.012445
v 0.011224 0.083577 -0.000000
v 0.010563 0.081689 0.000000
v 0.007863 0.083863 -0.007254
v 0.007360 0.081969 -0.006852
v 0.019382 0.080733 -0.000000
v 0.018721 0.078845 0.000000
v 0.007863 0.083863 0.007254
v 0.007360 0.081969 0.006852
v -0.000515 0.082241 0.018094
v -0.000661 0.080326 0.017535
v -0.000342 0.084514 0.010297
v -0.000488 0.082599 0.009738
v 0.013513 0.081177 0.012834
v 0.012998 0.079284 0.012444
v -0.000515 0.082241 -0.018094
v -0.000661 0.080326 -0.017535
v 0.013513 0.081177 -0.012834
v 0.012998 0.079284 -0.012445
v 0.007863 0.083863 -0.007254
v 0.007360 0.081969 -0.006852
v -0.000342 0.084514 -0.010297
v -0.000488 0.082599 -0.009738
v -0.000515 0.082241 0.018094
v -0.000660 0.080326 0.017535
v -0.008551 0.085111 0.007254
v -0.008340 0.083163 0.006852
v -0.000342 0.084514 0.010297
v -0.000487 0.082599 0.009738
v -0.014543 0.083311 0.012834
v -0.014320 0.081362 0.012445
v -0.000515 0.082241 -0.018094
v -0.000660 0.080326 -0.017535
v -0.008551 0.085111 -0.007254
v -0.008340 0.083163 -0.006852
v -0.014543 0.083311 -0.012834
v -0.014320 0.081362 -0.012445
v -0.000342 0.084514 -0.010297
v -0.000487 0.082599 -0.009738
v 0.013635 0.087861 -0.014274
v 0.012839 0.086069 -0.013879
v 0.011846 0.090747 -0.000000
v 0.010904 0.088983 0.000000
v 0.008088 0.091640 -0.008320
v 0.007304 0.089846 -0.007912
v 0.020016 0.086399 -0.000000
v 0.019074 0.084635 0.000000
v 0.013635 0.087861 0.014274
v 0.012839 0.086069 0.013879
v 0.011846 0.090747 -0.000000
v 0.010904 0.088983 -0.000000
v 0.020016 0.086399 -0.000000
v 0.019074 0.084635 -0.000000
v 0.008088 0.091640 0.008320
v 0.007304 0.089846 0.007912
v -0.014543 0.083311 0.012834
v -0.014320 0.081362 0.012445
v -0.020412 0.083760 -0.000000
v -0.020044 0.081794 -0.000000
v -0.011918 0.085337 -0.000000
v -0.011550 0.083371 -0.000000
v -0.008551 0.085111 0.007254
v -0.008340 0.083163 0.006852
v -0.011918 0.085337 -0.000000
v -0.011550 0.083371 0.000000
v -0.014543 0.083311 -0.012834
v -0.014320 0.081362 -0.012445
v -0.008551 0.085111 -0.007254
v -0.008340 0.083163 -0.006852
v -0.020412 0.083760 -0.000000
v -0.020044 0.081794 0.000000
v 0.013635 0.087861 -0.014274
v 0.012839 0.086069 -0.013879
v -0.001078 0.093771 -0.011804
v -0.001507 0.091902 -0.011237
v -0.001631 0.091360 -0.020129
v -0.002060 0.089491 -0.019562
v 0.008088 0.091640 -0.008320
v 0.007304 0.089846 -0.007912
v -0.001078 0.093771 0.011804
v -0.001507 0.091902 0.011237
v 0.008088 0.091640 0.008320
v 0.007304 0.089846 0.007912
v 0.013635 0.087861 0.014274
v 0.012839 0.086069 0.013879
v -0.001631 0.091360 0.020129
v -0.002060 0.089491 0.019562
v -0.001631 0.091360 -0.020129
v -0.002060 0.089491 -0.019562
v -0.010257 0.095850 -0.008320
v -0.010333 0.093894 -0.007912
v -0.016896 0.094867 -0.014274
v -0.016960 0.092907 -0.013879
v -0.001078 0.093771 -0.011804
v -0.001507 0.091902 -0.011237
v -0.001631 0.091360 0.020129
v -0.002060 0.089491 0.019562
v -0.010257 0.095850 0.008320
v -0.010333 0.093894 0.007912
v -0.001078 0.093771 0.011804
v -0.001507 0.091902 0.011237
v -0.016896 0.094867 0.014274
v -0.016960 0.092907 0.013879
v -0.012549 0.093243 0.011899
v -0.012046 0.091346 0.011512
v -0.017992 0.092860 -0.000000
v -0.017344 0.090968 -0.000000
v -0.010278 0.095488 -0.000000
v -0.009630 0.093596 -0.000000
v -0.007205 0.095736 0.006619
v -0.006714 0.093839 0.006220
v -0.010278 0.095488 -0.000000
v -0.009630 0.093596 0.000000
v -0.012549 0.093243 -0.011899
v -0.012046 0.091346 -0.011512
v -0.007205 0.095736 -0.006619
v -0.006714 0.093839 -0.006220
v -0.017992 0.092860 -0.000000
v -0.017344 0.090968 0.000000
v 0.000452 0.094160 0.016771
v 0.000588 0.092243 0.016216
v -0.007205 0.095736 0.006619
v -0.006714 0.093839 0.006220
v 0.000301 0.096294 0.009398
v 0.000437 0.094377 0.008843
v -0.012549 0.093243 0.011899
v -0.012046 0.091346 0.011512
v 0.000452 0.094160 -0.016771
v 0.000588 0.092243 -0.016216
v -0.007205 0.095736 -0.006619
v -0.006714 0.093839 -0.006220
v -0.012549 0.093243 -0.011899
v -0.012046 0.091346 -0.011512
v 0.000301 0.096294 -0.009398
v 0.000437 0.094377 -0.008843
v 0.007811 0.096799 0.006619
v 0.007592 0.094851 0.006220
v 0.000452 0.094160 0.016771
v 0.000587 0.092243 0.016216
v 0.000301 0.096294 0.009398
v 0.000436 0.094377 0.008843
v 0.013452 0.095083 0.011899
v 0.013222 0.093134 0.011512
v 0.000452 0.094160 -0.016771
v 0.000587 0.092243 -0.016216
v 0.013452 0.095083 -0.011899
v 0.013222 0.093134 -0.011512
v 0.007811 0.096799 -0.006619
v 0.007592 0.094851 -0.006220
v 0.000301 0.096294 -0.009398
v 0.000436 0.094377 -0.008843
v -0.081333 -0.199105 0.126722
v -0.081908 -0.199355 0.124823
v -0.087409 -0.271500 0.131384
v -0.089141 -0.271500 0.130384
v -0.087409 -0.199105 0.131384
v -0.089183 -0.199072 0.130461
v -0.081333 -0.271500 0.126722
v -0.081851 -0.271500 0.124790
v -0.073740 -0.199105 0.127721
v -0.072757 -0.199477 0.126019
v -0.073740 -0.271500 0.127721
v -0.072740 -0.271500 0.125989
v -0.081333 -0.199105 0.126722
v -0.081908 -0.199355 0.124823
v -0.069078 -0.199105 0.133798
v -0.067146 -0.199355 0.133347
v -0.073740 -0.271500 0.127721
v -0.072740 -0.271500 0.125989
v -0.073740 -0.199105 0.127721
v -0.072757 -0.199477 0.126019
v -0.069078 -0.271500 0.133798
v -0.067146 -0.271500 0.133280
v -0.070077 -0.199105 0.141391
v -0.068391 -0.199072 0.142466
v -0.070077 -0.271500 0.141391
v -0.068345 -0.271500 0.142391
v -0.069078 -0.199105 0.133798
v -0.067146 -0.199355 0.133347
v 0.069078 -0.271500 -0.133798
v 0.067146 -0.271500 -0.133280
v 0.069078 -0.199105 -0.133798
v 0.067146 -0.199355 -0.133347
v 0.070077 -0.271500 -0.141391
v 0.068345 -0.271500 -0.142391
v 0.070077 -0.199105 -0.141391
v 0.068391 -0.199072 -0.142466
v 0.069078 -0.199105 -0.133798
v 0.067146 -0.199355 -0.133347
v 0.073740 -0.199105 -0.127721
v 0.072757 -0.199477 -0.126019
v 0.073740 -0.271500 -0.127721
v 0.072740 -0.271500 -0.125989
v 0.081333 -0.199105 -0.126722
v 0.081908 -0.199355 -0.124823
v 0.073740 -0.271500 -0.127721
v 0.072740 -0.271500 -0.125989
v 0.081333 -0.271500 -0.126722
v 0.081851 -0.271500 -0.124790
v 0.073740 -0.199105 -0.127721
v 0.072757 -0.199477 -0.126019
v 0.087410 -0.199105 -0.131384
v 0.089184 -0.199072 -0.130461
v 0.081333 -0.199105 -0.126722
v 0.081909 -0.199355 -0.124823
v 0.087410 -0.271500 -0.131384
v 0.089142 -0.271500 -0.130384
v 0.069078 -0.199105 0.133798
v 0.067146 -0.199355 0.133347
v 0.069078 -0.271500 0.133798
v 0.067146 -0.271500 0.133280
v 0.070077 -0.271500 0.141391
v 0.068345 -0.271500 0.142391
v 0.070077 -0.199105 0.141391
v 0.068391 -0.199072 0.142466
v 0.073740 -0.199105 0.127721
v 0.072757 -0.199477 0.126019
v 0.069078 -0.199105 0.133798
v 0.067146 -0.199355 0.133347
v 0.073740 -0.271500 0.127721
v 0.072740 -0.271500 0.125989
v 0.081333 -0.199105 0.126722
v 0.081908 -0.199355 0.124823
v 0.073740 -0.271500 0.127721
v 0.072740 -0.271500 0.125989
v 0.073740 -0.199105 0.127721
v 0.072757 -0.199477 0.126019
v 0.081333 -0.271500 0.126722
v 0.081851 -0.271500 0.124790
v 0.087410 -0.199105 0.131384
v 0.089184 -0.199072 0.130461
v 0.087410 -0.271500 0.131384
v 0.089142 -0.271500 0.130384
v 0.081333 -0.199105 0.126722
v 0.081909 -0.199355 0.124823
v -0.081333 -0.271500 -0.126722
v -0.081851 -0.271500 -0.124790
v -0.081333 -0.199105 -0.126722
v -0.081909 -0.199355 -0.124823
v -0.087410 -0.271500 -0.131384
v -0.089142 -0.271500 -0.130384
v -0.087410 -0.199105 -0.131384
v -0.089184 -0.199072 -0.130461
v -0.073740 -0.199105 -0.127721
v -0.072757 -0.199477 -0.126019
v -0.081333 -0.199105 -0.126722
v -0.081908 -0.199355 -0.124823
v -0.073740 -0.271500 -0.127721
v -0.072740 -0.271500 -0.125989
v -0.069078 -0.199105 -0.133798
v -0.067146 -0.199355 -0.133347
v -0.073740 -0.271500 -0.127721
v -0.072740 -0.271500 -0.125989
v -0.069078 -0.271500 -0.133798
v -0.067146 -0.271500 -0.133280
v -0.073740 -0.199105 -0.127721
v -0.072757 -0.199477 -0.126019
v -0.070077 -0.199105 -0.141391
v -0.068391 -0.199072 -0.142466
v -0.069078 -0.199105 -0.133798
v -0.067146 -0.199355 -0.133347
v -0.070077 -0.271500 -0.141391
v -0.068345 -0.271500 -0.142391
v 0.013452 0.095083 0.011899
v 0.013222 0.093134 0.011512
v 0.010888 0.096986 -0.000000
v 0.010513 0.095021 -0.000000
v 0.018895 0.095471 -0.000000
v 0.018520 0.093506 -0.000000
v 0.007811 0.096799 0.006619
v 0.007592 0.094851 0.006220
v 0.013452 0.095083 -0.011899
v 0.013222 0.093134 -0.011512
v 0.010888 0.096986 -0.000000
v 0.010513 0.095021 0.000000
v 0.007811 0.096799 -0.006619
v 0.007592 0.094851 -0.006220
v 0.018895 0.095471 -0.000000
v 0.018520 0.093506 0.000000
v -0.014028 0.096684 -0.000000
v -0.013950 0.094686 0.000000
v -0.016896 0.094867 -0.014274
v -0.016960 0.092907 -0.013879
v -0.010257 0.095850 -0.008320
v -0.010333 0.093894 -0.007912
v -0.023276 0.096333 -0.000000
v -0.023198 0.094335 0.000000
v -0.016896 0.094867 0.014274
v -0.016960 0.092907 0.013879
v -0.023276 0.096333 -0.000000
v -0.023198 0.094335 -0.000000
v -0.014028 0.096684 -0.000000
v -0.013950 0.094686 -0.000000
v -0.010257 0.095850 0.008320
v -0.010333 0.093894 0.007912
v -0.150411 -0.199105 -0.007076
v -0.149054 -0.199355 -0.008524
v -0.157487 -0.199105 -0.010007
v -0.157574 -0.199072 -0.012005
v -0.150411 -0.271500 -0.007076
v -0.148997 -0.271500 -0.008490
v -0.147480 -0.199105 0.000000
v -0.145515 -0.199477 -0.000000
v -0.150411 -0.199105 -0.007076
v -0.149054 -0.199355 -0.008524
v -0.147480 -0.271500 0.000000
v -0.145480 -0.271500 0.000000
v -0.150411 -0.199105 0.007076
v -0.149054 -0.199355 0.008524
v -0.147480 -0.199105 0.000000
v -0.145515 -0.199477 -0.000000
v -0.150411 -0.271500 0.007076
v -0.148997 -0.271500 0.008490
v -0.150411 -0.199105 0.007076
v -0.149054 -0.199354 0.008524
v -0.157487 -0.199105 0.010007
v -0.157574 -0.199072 0.012005
v -0.157487 -0.271500 0.010007
v -0.157487 -0.271500 0.012007
v 0.157487 -0.199105 -0.010007
v 0.157574 -0.199072 -0.012005
v 0.150411 -0.199105 -0.007076
v 0.149054 -0.199355 -0.008524
v 0.150411 -0.271500 -0.007076
v 0.148997 -0.271500 -0.008490
v 0.150411 -0.199105 -0.007076
v 0.149054 -0.199355 -0.008524
v 0.147480 -0.199105 0.000000
v 0.145515 -0.199477 0.000000
v 0.147480 -0.271500 0.000000
v 0.145480 -0.271500 0.000000
v 0.147480 -0.199105 0.000000
v 0.145515 -0.199477 0.000000
v 0.150411 -0.199105 0.007076
v 0.149054 -0.199355 0.008524
v 0.150411 -0.271500 0.007076
v 0.148997 -0.271500 0.008490
v 0.157487 -0.199105 0.010007
v 0.157574 -0.199072 0.012005
v 0.150411 -0.199105 0.007076
v 0.149054 -0.199355 0.008524
v 0.157487 -0.271500 0.010007
v 0.157487 -0.271500 0.012007
v 0.000000 0.272503 0.007212
v 0.006297 0.271199 0.004953
v 0.008905 0.268051 -0.000500
v 0.006297 0.264902 -0.005953
v 0.000000 0.263598 -0.008212
v -0.006297 0.264902 -0.005953
v -0.008905 0.268051 -0.000500
v -0.006297 0.271199 0.004953
v 0.007170 0.057184 -0.014291
v 0.010608 0.022024 -0.020245
v 0.004351 0.021885 -0.021240
v 0.000911 0.057158 -0.015261
v -0.002372 0.021226 0.002236
v -0.008573 0.021306 0.001244
v -0.005078 0.057033 -0.004835
v 0.001147 0.057013 -0.003857
v -0.084848 -0.199932 -0.145114
v -0.084856 -0.270500 -0.145127
v -0.088766 -0.270500 -0.140029
v -0.088750 -0.199972 -0.140054
v -0.013672 0.057158 -0.006842
v -0.020570 0.021885 -0.006852
v -0.022837 0.022024 -0.000935
v -0.015962 0.057184 -0.000935
v -0.001769 0.094953 -0.010457
v -0.000059 0.102407 -0.010457
v -0.006737 0.103961 -0.007933
v -0.008457 0.096467 -0.007933
v -0.158411 -0.270500 0.010624
v -0.158455 -0.200088 0.010623
v -0.164359 -0.199972 0.008140
v -0.164346 -0.270500 0.008166
v -0.000751 0.021226 0.003171
v 0.002767 0.057013 -0.002921
v 0.006727 0.057033 0.001980
v 0.003209 0.021306 0.008046
v 0.083255 -0.270500 -0.146050
v 0.076886 -0.270500 -0.146888
v 0.076915 -0.199972 -0.146887
v 0.083248 -0.199932 -0.146037
v -0.168096 -0.199932 0.000924
v -0.168111 -0.270500 0.000924
v -0.165653 -0.270500 0.006859
v -0.165666 -0.199972 0.006833
v -0.008704 0.059168 0.013209
v -0.009001 0.086314 0.013724
v -0.012965 0.086300 0.008813
v -0.012677 0.059141 0.008270
v -0.004810 0.092346 0.010596
v -0.005484 0.087202 0.011007
v -0.004800 0.057989 0.011007
v -0.012017 0.021568 0.010592
v -0.006650 0.021319 0.008151
v 0.000479 0.058102 0.007751
v -0.000289 0.087279 0.007776
v 0.000606 0.092246 0.008155
v -0.149350 -0.200230 0.006876
v -0.149321 -0.270500 0.006859
v -0.146863 -0.270500 0.000924
v -0.146880 -0.200291 0.000924
v 0.089228 -0.199972 -0.138269
v 0.088427 -0.200088 -0.131914
v 0.088407 -0.270500 -0.131876
v 0.089244 -0.270500 -0.138244
v 0.072640 -0.200291 0.127664
v 0.072631 -0.270500 0.127648
v 0.068721 -0.270500 0.132746
v 0.068720 -0.200230 0.132779
v -0.012793 0.058055 0.006605
v -0.013104 0.087243 0.007186
v -0.013156 0.092450 0.006410
v -0.012435 0.092345 0.000341
v -0.012933 0.058175 0.000388
v -0.016109 0.021568 0.006719
v -0.016742 0.021899 0.012596
v 0.015791 0.059168 0.000933
v 0.016385 0.086314 0.000933
v 0.014115 0.086300 0.006821
v 0.013500 0.059141 0.006844
v -0.088407 -0.270500 -0.131876
v -0.088427 -0.200088 -0.131914
v -0.089228 -0.199972 -0.138269
v -0.089244 -0.270500 -0.138244
v 0.008060 0.092670 0.006679
v 0.009783 0.100177 0.006679
v 0.012419 0.099595 0.000907
v 0.010685 0.092043 0.000907
v 0.013277 0.087317 0.000980
v 0.012502 0.092346 0.000462
v 0.013156 0.092450 0.006410
v 0.013104 0.087243 0.007186
v 0.012793 0.058055 0.006605
v 0.016742 0.021899 0.012596
v 0.016109 0.021568 0.006719
v 0.012934 0.058162 0.000390
v -0.083248 -0.199932 0.146037
v -0.083255 -0.270500 0.146051
v -0.076886 -0.270500 0.146889
v -0.076915 -0.199972 0.146887
v -0.068720 -0.200230 0.132779
v -0.068721 -0.270500 0.132746
v -0.072631 -0.270500 0.127648
v -0.072640 -0.200291 0.127664
v 0.005484 0.087202 0.011007
v 0.004810 0.092346 0.010596
v -0.000606 0.092246 0.008155
v 0.000289 0.087279 0.007776
v -0.000479 0.058102 0.007751
v 0.006650 0.021319 0.008151
v 0.012017 0.021568 0.010592
v 0.004800 0.057989 0.011007
v 0.005078 0.057033 0.004835
v -0.001147 0.057013 0.003857
v 0.002372 0.021226 -0.002236
v 0.008573 0.021306 -0.001244
v 0.001026 0.092450 -0.014598
v 0.005851 0.092346 -0.011058
v 0.005789 0.087317 -0.011988
v 0.006130 0.058162 -0.011396
v 0.002236 0.021568 -0.017310
v -0.002537 0.021899 -0.020797
v 0.000677 0.058055 -0.014382
v 0.000328 0.087243 -0.014941
v -0.070004 -0.270500 0.142500
v -0.070027 -0.200088 0.142537
v -0.075130 -0.199972 0.146408
v -0.075101 -0.270500 0.146410
v -0.011316 0.105322 -0.000994
v -0.008894 0.105470 -0.006168
v -0.013024 0.106725 -0.010044
v -0.017180 0.106434 -0.000993
v 0.012024 0.108498 -0.010044
v 0.008112 0.106674 -0.006168
v 0.010530 0.106868 -0.000993
v 0.016179 0.108796 -0.000993
v -0.000845 0.090478 0.022346
v -0.000461 0.095539 0.019128
v -0.013550 0.096544 0.014200
v -0.016398 0.091678 0.016460
v -0.014633 0.095544 0.000993
v -0.011505 0.094852 0.007860
v -0.016577 0.094101 0.012421
v -0.021701 0.095273 0.000993
v 0.022722 0.100737 0.000936
v 0.016773 0.100334 0.014067
v 0.014823 0.095479 0.011974
v 0.019849 0.095823 0.000935
v 0.000493 0.107667 -0.015102
v 0.000602 0.106127 -0.009772
v 0.006672 0.106577 -0.007538
v 0.010526 0.108380 -0.011357
v 0.013962 0.107652 -0.011974
v 0.018986 0.108020 -0.000935
v 0.022522 0.103560 -0.000936
v 0.016576 0.103121 -0.014067
v 0.012350 0.093909 0.000993
v 0.009639 0.094090 0.006800
v 0.014116 0.095436 0.010980
v 0.018700 0.095090 0.000993
v -0.010530 0.094226 0.000993
v -0.008112 0.094420 0.006168
v -0.012024 0.092596 0.010044
v -0.016179 0.092298 0.000993
v 0.013024 0.094368 -0.010044
v 0.017180 0.094659 -0.000993
v 0.011316 0.095772 -0.000993
v 0.008894 0.095624 -0.006168
v 0.002747 0.105996 0.018456
v 0.015107 0.103162 0.013731
v 0.010102 0.102417 0.009232
v 0.002330 0.104177 0.012169
v -0.002747 0.090943 0.018456
v -0.015107 0.093777 0.013731
v -0.010102 0.094522 0.009232
v -0.002330 0.092762 0.012169
v -0.011549 0.109279 0.013731
v 0.000809 0.106441 0.018456
v 0.000392 0.104622 0.012169
v -0.007370 0.106427 0.009232
v 0.011549 0.087660 -0.013731
v 0.007370 0.090512 -0.009232
v -0.000392 0.092317 -0.012169
v -0.000809 0.090498 -0.018456
v 0.014116 0.095436 -0.010980
v 0.009639 0.094090 -0.006800
v 0.012350 0.093909 -0.000993
v 0.018700 0.095090 -0.000993
v -0.007455 0.105577 0.007538
v -0.011524 0.106819 0.011357
v -0.001491 0.107527 0.015102
v -0.001382 0.105986 0.009772
v -0.011893 0.107483 -0.000993
v -0.008776 0.106741 -0.007860
v -0.013014 0.109628 -0.012421
v -0.018137 0.110807 -0.000993
v -0.013014 0.109628 0.012421
v -0.008776 0.106741 0.007860
v -0.011893 0.107483 0.000993
v -0.018137 0.110807 0.000993
v 0.018983 0.092679 -0.016850
v 0.026033 0.091043 -0.000936
v 0.021031 0.086453 -0.000936
v 0.015062 0.087836 -0.014349
v 0.014532 0.094409 0.014200
v 0.001441 0.095394 0.019128
v 0.001056 0.090334 0.022346
v 0.016612 0.089168 0.016460
v 0.001557 0.096376 -0.016424
v 0.001429 0.094700 -0.010668
v 0.008202 0.094206 -0.008170
v 0.012616 0.095537 -0.012292
v -0.007323 0.095387 0.008170
v -0.011485 0.097370 0.012292
v -0.000426 0.096526 0.016424
v -0.000554 0.094851 0.010668
v -0.007323 0.095387 -0.008170
v -0.000554 0.094851 -0.010668
v -0.000426 0.096526 -0.016424
v -0.011485 0.097370 -0.012292
v -0.011549 0.109279 -0.013731
v -0.007370 0.106427 -0.009232
v 0.000392 0.104622 -0.012169
v 0.000809 0.106441 -0.018456
v -0.010530 0.094226 -0.000993
v -0.016179 0.092298 -0.000993
v -0.012024 0.092596 -0.010044
v -0.008112 0.094420 -0.006168
v -0.012983 0.097496 0.010980
v -0.008762 0.095489 0.006799
v -0.011468 0.095720 0.000993
v -0.017566 0.097848 0.000993
v -0.022722 0.100357 0.000936
v -0.016773 0.100760 0.014067
v -0.014823 0.105614 0.011974
v -0.019849 0.105271 0.000935
v -0.007455 0.105577 -0.007538
v -0.001382 0.105986 -0.009772
v -0.001491 0.107527 -0.015102
v -0.011524 0.106819 -0.011357
v -0.000617 0.100043 0.024709
v 0.000629 0.105477 0.021164
v -0.013717 0.108779 0.015640
v -0.017620 0.103962 0.018131
v 0.001241 0.099616 -0.024709
v 0.002488 0.105050 -0.021164
v 0.016840 0.101767 -0.015640
v 0.018252 0.095730 -0.018131
v -0.014928 0.096663 -0.012909
v -0.017790 0.091770 -0.015180
v -0.024242 0.092279 -0.000936
v -0.020377 0.097091 -0.000935
v 0.007323 0.082644 0.008170
v 0.011485 0.080661 0.012292
v 0.000426 0.081505 0.016424
v 0.000554 0.083181 0.010668
v 0.012584 0.107540 -0.013264
v 0.015185 0.103036 -0.015348
v 0.000852 0.102005 -0.020773
v 0.000522 0.106676 -0.017805
v -0.000852 0.099089 -0.020773
v -0.000522 0.094418 -0.017805
v -0.012584 0.093554 -0.013264
v -0.015185 0.098058 -0.015348
v -0.001049 0.101870 -0.020773
v -0.015384 0.100873 -0.015348
v -0.013443 0.105697 -0.013264
v -0.001380 0.106542 -0.017805
v -0.024242 0.092279 0.000936
v -0.017790 0.091770 0.015180
v -0.014928 0.096663 0.012909
v -0.020377 0.097091 0.000935
v -0.014633 0.095544 -0.000993
v -0.021701 0.095273 -0.000993
v -0.016577 0.094101 -0.012421
v -0.011505 0.094852 -0.007860
v 0.013550 0.081487 -0.014200
v 0.000461 0.082493 -0.019128
v 0.000845 0.087554 -0.022346
v 0.016398 0.086353 -0.016460
v -0.014823 0.105614 -0.011974
v -0.016773 0.100760 -0.014067
v -0.022722 0.100357 -0.000936
v -0.019849 0.105271 -0.000935
v -0.011468 0.095720 -0.000993
v -0.008762 0.095489 -0.006800
v -0.012983 0.097496 -0.010980
v -0.017566 0.097848 -0.000993
v 0.016840 0.101767 0.015640
v 0.002488 0.105050 0.021164
v 0.001241 0.099616 0.024709
v 0.018252 0.095730 0.018131
v 0.013014 0.087311 0.012421
v 0.008776 0.090198 0.007860
v 0.011893 0.089457 0.000993
v 0.018137 0.086132 0.000993
v 0.026666 0.093803 -0.000936
v 0.019608 0.095404 -0.016850
v 0.018191 0.101472 -0.014349
v 0.024166 0.100115 -0.000936
v 0.014532 0.094409 -0.014200
v 0.016612 0.089168 -0.016460
v 0.001056 0.090334 -0.022346
v 0.001441 0.095394 -0.019128
v 0.015913 0.094318 -0.012909
v 0.021364 0.093916 -0.000935
v 0.024457 0.088575 -0.000936
v 0.018002 0.089048 -0.015180
v 0.014928 0.081368 -0.012909
v 0.017790 0.086261 -0.015180
v 0.024242 0.085753 -0.000936
v 0.020377 0.080941 -0.000935
v 0.026666 0.093803 0.000936
v 0.024166 0.100115 0.000936
v 0.018191 0.101472 0.014349
v 0.019608 0.095404 0.016850
v -0.026666 0.103136 -0.000936
v -0.019608 0.101535 -0.016850
v -0.018191 0.095467 -0.014349
v -0.024166 0.096824 -0.000936
v 0.015699 0.092496 0.000934
v 0.013408 0.092457 0.006844
v 0.014001 0.088292 0.006820
v 0.016271 0.088306 0.000934
v -0.082414 -0.200230 0.126381
v -0.082385 -0.270500 0.126365
v -0.087482 -0.270500 0.130275
v -0.087503 -0.200088 0.130314
v -0.010944 0.019360 0.002524
v -0.031180 -0.038673 0.037524
v -0.015454 0.019609 0.005746
v 0.164346 -0.270500 -0.008166
v 0.158411 -0.270500 -0.010624
v 0.158455 -0.200088 -0.010623
v 0.164359 -0.199972 -0.008140
v 0.006727 0.057033 -0.001980
v 0.002767 0.057013 0.002921
v -0.000751 0.021226 -0.003171
v 0.003209 0.021306 -0.008046
v -0.076993 -0.144117 -0.112113
v -0.072665 -0.148068 -0.109501
v -0.040508 -0.065841 -0.054112
v -0.023171 -0.001531 -0.018889
v -0.045509 -0.062581 -0.056810
v -0.016570 0.019612 0.007654
v -0.036419 -0.035326 0.042030
v -0.017164 0.019942 0.013157
v -0.012907 0.088292 0.008714
v -0.008944 0.088306 0.013624
v -0.008659 0.092496 0.013128
v -0.012632 0.092457 0.008190
v 0.005664 0.104244 0.006230
v 0.006128 0.097687 0.006230
v 0.001166 0.097354 0.008052
v 0.000705 0.103872 0.008052
v 0.007682 0.084876 -0.005613
v 0.009883 0.084686 -0.000907
v 0.010424 0.091800 -0.000907
v 0.008220 0.091946 -0.005613
v 0.005364 0.021306 0.006802
v -0.001648 0.057033 0.006816
v -0.003913 0.057013 0.000935
v 0.003122 0.021226 0.000935
v -0.000705 0.097222 -0.008052
v -0.001166 0.103740 -0.008052
v -0.006128 0.103408 -0.006230
v -0.005664 0.096852 -0.006230
v -0.068243 -0.270500 0.134531
v -0.068242 -0.200230 0.134564
v -0.069103 -0.200088 0.140937
v -0.069080 -0.270500 0.140899
v -0.012129 0.092450 -0.008189
v -0.006512 0.092345 -0.010599
v -0.006802 0.058175 -0.011007
v -0.013873 0.021568 -0.010592
v -0.019279 0.021899 -0.008201
v -0.012116 0.058055 -0.007777
v -0.012776 0.087243 -0.007755
v -0.002813 0.019942 0.021443
v -0.018190 -0.035328 0.052556
v 0.001657 0.019612 0.018177
v -0.045920 -0.058169 -0.064002
v -0.077707 -0.138888 -0.118306
v -0.077664 -0.142836 -0.113276
v -0.046029 -0.061435 -0.058334
v -0.024585 -0.000165 -0.026241
v -0.010926 0.020221 0.020957
v -0.025984 -0.036474 0.058627
v -0.004776 0.020082 0.021935
v 0.003482 0.086196 0.000928
v 0.001110 0.086215 0.006848
v 0.001815 0.059017 0.006818
v 0.004085 0.058997 0.000933
v -0.163931 -0.197982 -0.008162
v -0.142260 -0.140726 -0.008169
v -0.137972 -0.144589 -0.010596
v -0.158135 -0.198098 -0.010601
v -0.073323 -0.138090 0.125130
v -0.077528 -0.139719 0.120633
v -0.088566 -0.198028 0.139752
v -0.084675 -0.197988 0.144796
v 0.078162 -0.144589 -0.114190
v 0.088249 -0.198098 -0.131648
v 0.089033 -0.197982 -0.137887
v 0.078205 -0.140726 -0.119117
v -0.148993 -0.198285 -0.006868
v -0.131184 -0.150715 -0.006860
v -0.129351 -0.152345 -0.000934
v -0.146531 -0.198346 -0.000932
v 0.033826 -0.057293 0.072380
v 0.065211 -0.137986 0.126618
v 0.071230 -0.136349 0.125223
v 0.018224 0.001331 0.033360
v -0.016609 0.020082 0.015103
v -0.037781 -0.036474 0.051816
v -0.012687 0.020221 0.019941
v -0.076915 -0.199972 -0.146887
v -0.076886 -0.270500 -0.146888
v -0.083255 -0.270500 -0.146050
v -0.083248 -0.199932 -0.146037
v -0.012229 0.022024 0.019309
v -0.008791 0.057184 0.013355
v -0.012761 0.057158 0.008420
v -0.016219 0.021885 0.014388
v -0.003285 0.019360 0.010739
v 0.016908 -0.038678 0.045767
v -0.002752 0.019609 0.016257
v -0.007488 0.087317 0.011007
v -0.006651 0.092346 0.010596
v -0.012129 0.092450 0.008188
v -0.012776 0.087243 0.007755
v -0.012116 0.058055 0.007777
v -0.019279 0.021899 0.008201
v -0.013873 0.021568 0.010592
v -0.006804 0.058162 0.011007
v 0.008704 0.059168 0.013209
v 0.012677 0.059141 0.008270
v 0.012965 0.086300 0.008813
v 0.009001 0.086314 0.013724
v 0.135601 -0.144105 0.010621
v 0.025325 0.002739 0.010694
v 0.067116 -0.065841 0.008025
v 0.131164 -0.148068 0.008179
v 0.018190 -0.035328 0.052556
v 0.002813 0.019942 0.021443
v -0.001657 0.019612 0.018177
v 0.007087 0.059168 0.014142
v 0.007384 0.086314 0.014657
v 0.001150 0.086300 0.015634
v 0.000823 0.059141 0.015113
v 0.089228 -0.199972 0.138269
v 0.089244 -0.270500 0.138244
v 0.088407 -0.270500 0.131876
v 0.088427 -0.200088 0.131914
v 0.010608 0.022024 0.020245
v 0.007170 0.057184 0.014291
v 0.000911 0.057158 0.015261
v 0.004351 0.021885 0.021240
v -0.006727 0.057033 -0.001980
v -0.003209 0.021306 -0.008046
v 0.000751 0.021226 -0.003171
v -0.002767 0.057013 0.002921
v 0.070027 -0.200088 0.142537
v 0.070004 -0.270500 0.142500
v 0.075101 -0.270500 0.146410
v 0.075130 -0.199972 0.146408
v -0.070004 -0.270500 -0.142500
v -0.075101 -0.270500 -0.146410
v -0.075130 -0.199972 -0.146408
v -0.070027 -0.200088 -0.142537
v 0.017164 0.019942 0.013157
v 0.036419 -0.035326 0.042030
v 0.016570 0.019612 0.007654
v 0.063602 -0.138888 -0.126449
v 0.059267 -0.142836 -0.123898
v 0.027504 -0.061435 -0.069029
v 0.010433 -0.000164 -0.034411
v 0.032468 -0.058169 -0.071769
v 0.012687 0.020221 0.019941
v 0.037781 -0.036474 0.051816
v 0.016609 0.020082 0.015103
v 0.077049 -0.137986 -0.119784
v 0.072832 -0.136349 -0.124298
v 0.019779 0.001331 -0.032463
v 0.045771 -0.057293 -0.065484
v -0.089033 -0.197982 -0.137887
v -0.088248 -0.198099 -0.131648
v -0.078162 -0.144589 -0.114190
v -0.078205 -0.140726 -0.119117
v 0.088566 -0.198028 -0.139752
v 0.084675 -0.197988 -0.144796
v 0.073323 -0.138090 -0.125130
v 0.077528 -0.139719 -0.120633
v 0.076745 -0.198028 -0.146576
v 0.065708 -0.139719 -0.127458
v 0.071705 -0.138090 -0.126064
v 0.083060 -0.197988 -0.145729
v -0.059810 -0.144589 -0.124786
v -0.069887 -0.198099 -0.142249
v -0.074897 -0.197982 -0.146049
v -0.064056 -0.140726 -0.127286
v 0.065211 -0.137986 -0.126618
v 0.033826 -0.057293 -0.072380
v 0.018224 0.001331 -0.033360
v 0.071230 -0.136349 -0.125223
v -0.141315 -0.138882 -0.008143
v -0.033600 0.002074 -0.008131
v -0.073533 -0.061435 -0.010695
v -0.136932 -0.142836 -0.010622
v 0.025984 -0.036474 0.058627
v 0.010926 0.020221 0.020957
v 0.004776 0.020082 0.021935
v 0.008791 0.057184 0.013355
v 0.012229 0.022024 0.019309
v 0.016219 0.021885 0.014388
v 0.012761 0.057158 0.008420
v 0.088766 -0.270500 0.140029
v 0.088750 -0.199972 0.140054
v 0.084848 -0.199932 0.145114
v 0.084856 -0.270500 0.145127
v -0.002752 0.019609 -0.016257
v 0.016908 -0.038678 -0.045767
v -0.003285 0.019360 -0.010739
v 0.007040 0.092496 -0.014063
v 0.007326 0.088306 -0.014558
v 0.001094 0.088292 -0.015535
v 0.000778 0.092457 -0.015034
v 0.002372 0.021226 0.002236
v -0.001147 0.057013 -0.003857
v 0.005078 0.057033 -0.004835
v 0.008573 0.021306 0.001244
v -0.000328 0.087243 0.014941
v -0.001026 0.092450 0.014599
v -0.005923 0.092345 0.010940
v -0.006131 0.058175 0.011394
v -0.002236 0.021568 0.017310
v 0.002537 0.021899 0.020797
v -0.000677 0.058055 0.014382
v -0.013156 0.092450 -0.006410
v -0.013104 0.087243 -0.007186
v -0.012793 0.058055 -0.006605
v -0.016742 0.021899 -0.012596
v -0.016109 0.021568 -0.006719
v -0.012933 0.058175 -0.000388
v -0.012435 0.092345 -0.000341
v -0.007040 0.092496 -0.014063
v -0.000778 0.092457 -0.015034
v -0.001094 0.088292 -0.015535
v -0.007326 0.088306 -0.014558
v -0.003209 0.021306 0.008046
v -0.006727 0.057033 0.001980
v -0.002767 0.057013 -0.002921
v 0.000751 0.021226 0.003171
v 0.036419 -0.035326 -0.042030
v 0.017164 0.019942 -0.013157
v 0.016570 0.019612 -0.007654
v 0.016219 0.021885 -0.014388
v 0.012229 0.022024 -0.019309
v 0.008791 0.057184 -0.013355
v 0.012761 0.057158 -0.008420
v -0.077707 -0.138888 0.118306
v -0.045920 -0.058169 0.064002
v -0.024585 -0.000165 0.026241
v -0.046028 -0.061435 0.058334
v -0.077664 -0.142836 0.113276
v 0.037781 -0.036474 -0.051816
v 0.012687 0.020221 -0.019941
v 0.016609 0.020082 -0.015103
v -0.077049 -0.137986 -0.119784
v -0.045771 -0.057293 -0.065484
v -0.019779 0.001331 -0.032463
v -0.072832 -0.136349 -0.124298
v 0.010926 0.020221 -0.020957
v 0.025984 -0.036474 -0.058627
v 0.004776 0.020082 -0.021935
v -0.065211 -0.137986 -0.126618
v -0.071230 -0.136349 -0.125223
v -0.018224 0.001331 -0.033360
v -0.033826 -0.057293 -0.072380
v 0.089033 -0.197982 0.137887
v 0.088249 -0.198098 0.131648
v 0.078162 -0.144589 0.114190
v 0.078205 -0.140726 0.119117
v -0.076745 -0.198028 -0.146576
v -0.083060 -0.197988 -0.145729
v -0.071705 -0.138090 -0.126064
v -0.065708 -0.139719 -0.127458
v -0.071705 -0.138090 0.126065
v -0.083060 -0.197988 0.145729
v -0.076745 -0.198028 0.146576
v -0.065708 -0.139719 0.127458
v 0.059810 -0.144589 0.124786
v 0.069886 -0.198099 0.142249
v 0.074897 -0.197982 0.146049
v 0.064056 -0.140726 0.127286
v -0.059267 -0.142836 0.123898
v -0.027504 -0.061435 0.069028
v -0.010433 -0.000164 0.034411
v -0.032468 -0.058169 0.071769
v -0.063602 -0.138888 0.126449
v 0.002813 0.019942 -0.021443
v 0.018190 -0.035328 -0.052557
v -0.001657 0.019612 -0.018177
v 0.026609 -0.065841 0.062137
v 0.058498 -0.148068 0.117680
v 0.058596 -0.144117 0.122735
v 0.026444 -0.062581 0.067816
v 0.004773 -0.001531 0.029511
v -0.015962 0.057184 0.000935
v -0.022837 0.022024 0.000935
v -0.020570 0.021885 0.006852
v -0.013672 0.057158 0.006841
v -0.012965 0.086300 -0.008813
v -0.009001 0.086314 -0.013724
v -0.008704 0.059168 -0.013209
v -0.012677 0.059141 -0.008270
v -0.031180 -0.038673 -0.037524
v -0.010944 0.019360 -0.002524
v -0.015454 0.019609 -0.005745
v -0.006836 0.092345 -0.009358
v -0.007131 0.057975 -0.009663
v -0.003164 0.021568 -0.015703
v -0.003734 0.021319 -0.009834
v -0.006952 0.058102 -0.003461
v -0.006590 0.087279 -0.004139
v -0.007365 0.092246 -0.003553
v 0.075130 -0.199972 -0.146408
v 0.075101 -0.270500 -0.146410
v 0.070004 -0.270500 -0.142500
v 0.070027 -0.200088 -0.142537
v -0.008791 0.057184 -0.013355
v -0.012229 0.022024 -0.019309
v -0.016219 0.021885 -0.014388
v -0.012761 0.057158 -0.008420
v 0.022837 0.022024 0.000935
v 0.015962 0.057184 0.000935
v 0.013672 0.057158 0.006841
v 0.020570 0.021885 0.006852
v -0.015699 0.092496 0.000934
v -0.016271 0.088306 0.000934
v -0.014001 0.088292 0.006820
v -0.013408 0.092457 0.006844
v -0.013408 0.092457 -0.006844
v -0.014001 0.088292 -0.006820
v -0.016271 0.088306 -0.000934
v -0.015699 0.092496 -0.000934
v -0.001026 0.092450 -0.014599
v -0.000328 0.087243 -0.014941
v -0.000677 0.058055 -0.014382
v 0.002537 0.021899 -0.020797
v -0.002236 0.021568 -0.017310
v -0.006131 0.058175 -0.011394
v -0.005923 0.092345 -0.010940
v -0.018190 -0.035328 -0.052556
v -0.002813 0.019942 -0.021443
v 0.001657 0.019612 -0.018177
v 0.141315 -0.138882 -0.008143
v 0.136932 -0.142836 -0.010622
v 0.073533 -0.061435 -0.010695
v 0.033600 0.002074 -0.008131
v -0.025984 -0.036474 -0.058627
v -0.010926 0.020221 -0.020957
v -0.004776 0.020082 -0.021935
v -0.018224 0.001331 0.033360
v -0.071230 -0.136349 0.125223
v -0.065211 -0.137986 0.126618
v -0.033826 -0.057293 0.072380
v -0.074897 -0.197982 0.146049
v -0.069887 -0.198099 0.142249
v -0.059810 -0.144589 0.124786
v -0.064056 -0.140726 0.127286
v 0.071705 -0.138090 0.126064
v 0.065707 -0.139719 0.127458
v 0.076745 -0.198028 0.146576
v 0.083060 -0.197988 0.145729
v 0.073323 -0.138090 0.125130
v 0.084675 -0.197988 0.144796
v 0.088566 -0.198028 0.139752
v 0.077528 -0.139719 0.120634
v 0.074897 -0.197982 -0.146049
v 0.069886 -0.198099 -0.142249
v 0.059810 -0.144589 -0.124786
v 0.064056 -0.140726 -0.127286
v -0.045771 -0.057293 0.065484
v -0.077049 -0.137986 0.119784
v -0.072832 -0.136349 0.124298
v -0.019779 0.001331 0.032463
v -0.012687 0.020221 -0.019941
v -0.037781 -0.036474 -0.051816
v -0.016609 0.020082 -0.015103
v 0.063602 -0.138888 0.126449
v 0.032468 -0.058169 0.071769
v 0.010433 -0.000164 0.034411
v 0.027504 -0.061435 0.069028
v 0.059267 -0.142836 0.123898
v -0.017164 0.019942 -0.013157
v -0.036420 -0.035327 -0.042030
v -0.016570 0.019612 -0.007654
v 0.081727 -0.055866 -0.000988
v 0.144057 -0.136352 -0.000925
v 0.142267 -0.137981 -0.006834
v 0.036888 -0.000241 -0.006825
v 0.006737 0.092979 0.007933
v 0.000059 0.094533 0.010457
v 0.001769 0.101987 0.010457
v 0.008457 0.100473 0.007933
v 0.006771 0.092346 -0.009463
v 0.007365 0.092246 -0.003553
v 0.006590 0.087279 -0.004139
v 0.006952 0.058102 -0.003461
v 0.003734 0.021319 -0.009834
v 0.003164 0.021568 -0.015703
v 0.007132 0.057989 -0.009660
v 0.006790 0.087202 -0.010253
v 0.001769 0.101986 -0.010457
v 0.000059 0.094532 -0.010457
v 0.006737 0.092978 -0.007933
v 0.008457 0.100472 -0.007933
v 0.010604 -0.271177 0.000924
v 0.010546 0.266579 0.001037
v 0.008110 0.269070 0.006004
v 0.008134 -0.271176 0.006861
v 0.008134 -0.271176 -0.006861
v 0.008240 0.263047 -0.005881
v 0.010546 0.265537 -0.000768
v 0.010604 -0.271177 -0.000924
v -0.130217 -0.148975 0.006870
v -0.128403 -0.150592 0.000925
v -0.020805 -0.004215 0.000999
v -0.066692 -0.066148 0.006866
v -0.010604 -0.271177 -0.000924
v -0.010546 0.265537 -0.000768
v -0.008240 0.263047 -0.005881
v -0.008134 -0.271176 -0.006861
v 0.006737 0.269894 0.007243
v 0.000941 0.270967 0.009314
v 0.000924 -0.271175 0.010602
v 0.006828 -0.271176 0.008167
v 0.006866 0.262440 -0.007122
v 0.006827 -0.271176 -0.008167
v 0.000924 -0.271175 -0.010602
v 0.000942 0.261369 -0.009314
v -0.031607 -0.067767 -0.056018
v -0.063390 -0.150610 -0.111642
v -0.059158 -0.148975 -0.116206
v -0.026035 -0.066984 -0.060620
v -0.004782 -0.002527 -0.021909
v -0.000942 0.261369 -0.009314
v -0.000924 -0.271175 -0.010602
v -0.006827 -0.271176 -0.008167
v -0.006866 0.262440 -0.007122
v 0.006128 0.097686 -0.006230
v 0.005664 0.104242 -0.006230
v 0.000705 0.103872 -0.008052
v 0.001166 0.097354 -0.008052
v -0.009398 0.103206 0.000907
v -0.007485 0.103320 0.004978
v -0.007020 0.096747 0.004978
v -0.008930 0.096590 0.000906
v -0.001094 0.088292 0.015535
v -0.000778 0.092457 0.015034
v -0.007040 0.092496 0.014063
v -0.007326 0.088306 0.014558
v -0.000823 0.059141 0.015113
v -0.001150 0.086300 0.015634
v -0.007384 0.086314 0.014657
v -0.007087 0.059168 0.014142
v -0.009398 0.103206 -0.000907
v -0.008930 0.096592 -0.000906
v -0.007020 0.096748 -0.004978
v -0.007485 0.103321 -0.004978
v 0.007020 0.104347 0.004978
v 0.008930 0.104504 0.000906
v 0.009398 0.097889 0.000907
v 0.007485 0.097774 0.004978
v 0.006863 0.092042 0.006866
v 0.006327 0.084986 0.006866
v 0.000669 0.085437 0.008950
v 0.001202 0.092454 0.008950
v -0.165666 -0.199972 -0.006833
v -0.165653 -0.270500 -0.006859
v -0.168111 -0.270500 -0.000924
v -0.168096 -0.199932 -0.000924
v 0.012907 0.088292 0.008714
v 0.012632 0.092457 0.008190
v 0.008659 0.092496 0.013128
v 0.008944 0.088306 0.013624
v -0.007170 0.057184 0.014291
v -0.010608 0.022024 0.020245
v -0.004351 0.021885 0.021240
v -0.000911 0.057158 0.015261
v -0.080600 -0.270500 0.125887
v -0.080629 -0.200230 0.125903
v -0.074240 -0.200291 0.126740
v -0.074232 -0.270500 0.126725
v 0.069103 -0.200088 -0.140937
v 0.069080 -0.270500 -0.140899
v 0.068243 -0.270500 -0.134531
v 0.068242 -0.200230 -0.134564
v 0.080629 -0.200230 -0.125903
v 0.074240 -0.200291 -0.126740
v 0.074232 -0.270500 -0.126724
v 0.080600 -0.270500 -0.125886
v 0.006863 0.092042 -0.006866
v 0.001202 0.092453 -0.008950
v 0.000669 0.085436 -0.008950
v 0.006327 0.084986 -0.006866
v -0.000669 0.092595 0.008950
v -0.001202 0.085578 0.008950
v -0.006863 0.085989 0.006866
v -0.006327 0.093045 0.006866
v -0.026666 0.103136 0.000936
v -0.024166 0.096824 0.000936
v -0.018191 0.095467 0.014349
v -0.019608 0.101535 0.016850
v 0.001557 0.096376 0.016424
v 0.012616 0.095537 0.012292
v 0.008202 0.094206 0.008170
v 0.001429 0.094700 0.010668
v -0.001241 0.097324 0.024709
v -0.018252 0.101209 0.018131
v -0.016840 0.095172 0.015640
v -0.002488 0.091889 0.021163
v -0.000617 0.100043 -0.024709
v -0.017620 0.103962 -0.018131
v -0.013717 0.108779 -0.015640
v 0.000629 0.105477 -0.021164
v 0.083255 -0.270500 0.146051
v 0.083248 -0.199932 0.146037
v 0.076915 -0.199972 0.146887
v 0.076886 -0.270500 0.146889
v 0.082385 -0.270500 0.126365
v 0.082414 -0.200230 0.126381
v 0.087504 -0.200088 0.130314
v 0.087483 -0.270500 0.130275
v -0.156607 -0.200088 0.010623
v -0.156563 -0.270500 0.010624
v -0.150628 -0.270500 0.008166
v -0.150656 -0.200230 0.008183
v -0.015913 0.083714 -0.012909
v -0.021364 0.084116 -0.000935
v -0.024457 0.089457 -0.000936
v -0.018001 0.088983 -0.015180
v 0.007455 0.095517 0.007538
v 0.011524 0.094274 0.011357
v 0.001491 0.093567 0.015102
v 0.001382 0.095108 0.009772
v 0.016577 0.102838 -0.012421
v 0.011505 0.102087 -0.007860
v 0.014633 0.101395 -0.000993
v 0.021701 0.101666 -0.000993
v 0.018983 0.092679 0.016850
v 0.015062 0.087836 0.014349
v 0.021031 0.086453 0.000936
v 0.026033 0.091043 0.000936
v -0.000845 0.090478 -0.022346
v -0.016398 0.091678 -0.016460
v -0.013550 0.096544 -0.014200
v -0.000461 0.095539 -0.019128
v 0.014633 0.101395 0.000993
v 0.011505 0.102087 0.007860
v 0.016577 0.102838 0.012421
v 0.021701 0.101666 0.000993
v 0.014823 0.095479 -0.011974
v 0.016773 0.100334 -0.014067
v 0.022722 0.100737 -0.000936
v 0.019849 0.095823 -0.000935
v 0.022522 0.103560 0.000936
v 0.018986 0.108020 0.000935
v 0.013962 0.107652 0.011974
v 0.016576 0.103121 0.014067
v 0.013443 0.095396 -0.013264
v 0.001380 0.094552 -0.017805
v 0.001049 0.099224 -0.020773
v 0.015384 0.100221 -0.015348
v -0.001557 0.081656 0.016424
v -0.012616 0.082495 0.012292
v -0.008202 0.083825 0.008170
v -0.001429 0.083332 0.010668
v -0.058995 -0.149821 -0.118594
v -0.068064 -0.198240 -0.134299
v -0.068909 -0.198099 -0.140557
v -0.059093 -0.145956 -0.123543
v -0.059650 -0.150715 -0.117038
v -0.063867 -0.152345 -0.112489
v -0.072458 -0.198346 -0.127365
v -0.068549 -0.198285 -0.132465
v 0.013717 0.088160 0.015640
v 0.017620 0.092977 0.018131
v 0.000617 0.096897 0.024709
v -0.000629 0.091462 0.021163
v 0.076998 -0.144105 0.112123
v 0.072665 -0.148068 0.109501
v 0.040508 -0.065841 0.054112
v 0.021924 0.002739 0.016585
v -0.087270 -0.198099 0.129956
v -0.077445 -0.145956 0.112948
v -0.073207 -0.149821 0.110388
v -0.082274 -0.198240 0.126095
v 0.087271 -0.198099 0.129956
v 0.082274 -0.198240 0.126095
v 0.073207 -0.149821 0.110388
v 0.077445 -0.145956 0.112948
v 0.031180 -0.038673 -0.037524
v 0.015454 0.019609 -0.005745
v 0.010944 0.019360 -0.002524
v -0.063390 -0.150610 0.111643
v -0.031607 -0.067767 0.056018
v -0.004782 -0.002527 0.021909
v -0.026035 -0.066984 0.060620
v -0.059158 -0.148975 0.116206
v -0.008659 0.092496 -0.013128
v -0.008944 0.088306 -0.013624
v -0.012907 0.088292 -0.008714
v -0.012632 0.092457 -0.008190
v -0.008134 -0.271176 0.006861
v -0.008110 0.269070 0.006004
v -0.010546 0.266579 0.001037
v -0.010604 -0.271177 0.000924
v 0.024733 -0.044574 -0.040932
v 0.008881 0.019481 -0.001924
v 0.002776 0.019400 -0.002901
v -0.002773 0.019481 -0.008652
v 0.023082 -0.044574 -0.041885
v 0.001125 0.019400 -0.003854
v -0.084856 -0.270500 0.145127
v -0.084848 -0.199932 0.145114
v -0.088750 -0.199972 0.140054
v -0.088766 -0.270500 0.140029
v 0.077664 -0.142836 0.113276
v 0.046028 -0.061435 0.058333
v 0.024585 -0.000165 0.026241
v 0.045920 -0.058169 0.064002
v 0.077707 -0.138888 0.118306
v -0.058602 -0.144105 -0.122745
v -0.003401 0.002740 -0.027279
v -0.026609 -0.065841 -0.062137
v -0.058498 -0.148068 -0.117680
v 0.004165 0.092215 0.000934
v 0.001889 0.092255 0.006809
v 0.001239 0.088204 0.006846
v 0.003596 0.088188 0.000929
v -0.000993 0.088188 -0.003579
v -0.001273 0.092215 -0.004074
v 0.004953 0.092255 -0.005041
v 0.005310 0.088204 -0.004496
v 0.164359 -0.199972 0.008140
v 0.158455 -0.200088 0.010623
v 0.158411 -0.270500 0.010624
v 0.164346 -0.270500 0.008166
v -0.004997 0.059017 -0.004980
v -0.005376 0.086215 -0.004385
v 0.000937 0.086196 -0.003480
v 0.001235 0.058997 -0.004005
v -0.071533 -0.150715 -0.110178
v -0.080443 -0.198285 -0.125598
v -0.074073 -0.198346 -0.126433
v -0.065485 -0.152345 -0.111554
v -0.072458 -0.198346 0.127365
v -0.063867 -0.152345 0.112489
v -0.059650 -0.150715 0.117038
v -0.068549 -0.198285 0.132465
v -0.058602 -0.144105 0.122745
v -0.058498 -0.148068 0.117680
v -0.026609 -0.065841 0.062137
v -0.003401 0.002740 0.027279
v -0.080443 -0.198285 0.125598
v -0.071533 -0.150715 0.110178
v -0.065485 -0.152345 0.111555
v -0.074073 -0.198346 0.126433
v 0.068909 -0.198099 0.140557
v 0.059093 -0.145956 0.123544
v 0.058995 -0.149821 0.118594
v 0.068064 -0.198240 0.134299
v -0.016908 -0.038678 -0.045767
v 0.002752 0.019609 -0.016257
v 0.003285 0.019360 -0.010739
v -0.064991 -0.150610 -0.110718
v -0.032710 -0.067767 -0.055381
v -0.016583 -0.002526 -0.015095
v -0.039481 -0.066984 -0.052856
v -0.071058 -0.148975 -0.109336
v 0.012129 0.092450 0.008188
v 0.006651 0.092346 0.010596
v 0.007488 0.087317 0.011007
v 0.006804 0.058162 0.011007
v 0.013873 0.021568 0.010592
v 0.019279 0.021899 0.008201
v 0.012116 0.058055 0.007777
v 0.012776 0.087243 0.007755
v -0.032710 -0.067767 0.055381
v -0.064991 -0.150610 0.110718
v -0.071058 -0.148975 0.109336
v -0.039481 -0.066984 0.052856
v -0.016583 -0.002526 0.015095
v -0.023082 -0.044574 -0.041885
v 0.002773 0.019481 -0.008652
v -0.001125 0.019400 -0.003854
v -0.024733 -0.044574 -0.040932
v -0.002776 0.019400 -0.002901
v -0.008881 0.019481 -0.001924
v 0.001150 0.086300 -0.015634
v 0.007384 0.086314 -0.014657
v 0.007087 0.059168 -0.014142
v 0.000823 0.059141 -0.015113
v 0.006812 0.059017 0.001837
v 0.002851 0.058997 -0.003071
v 0.002545 0.086196 -0.002552
v 0.006486 0.086215 0.002463
v -0.002603 0.088188 -0.002650
v -0.006549 0.088204 0.002351
v -0.006841 0.092255 0.001769
v -0.002891 0.092215 -0.003139
v 0.000993 0.088188 -0.003579
v -0.005310 0.088204 -0.004496
v -0.004953 0.092255 -0.005041
v 0.001273 0.092215 -0.004074
v 0.168111 -0.270500 -0.000924
v 0.165653 -0.270500 -0.006859
v 0.165666 -0.199972 -0.006833
v 0.168096 -0.199932 -0.000924
v -0.000937 0.086196 0.003480
v -0.001235 0.058997 0.004005
v 0.004997 0.059017 0.004980
v 0.005376 0.086215 0.004385
v 0.058995 -0.149821 -0.118594
v 0.059093 -0.145956 -0.123544
v 0.068909 -0.198099 -0.140557
v 0.068064 -0.198240 -0.134299
v 0.068549 -0.198285 0.132465
v 0.059650 -0.150715 0.117038
v 0.063867 -0.152345 0.112489
v 0.072458 -0.198346 0.127365
v 0.058596 -0.144117 -0.122734
v 0.058498 -0.148068 -0.117680
v 0.026609 -0.065841 -0.062137
v 0.004773 -0.001531 -0.029511
v 0.026444 -0.062581 -0.067817
v 0.074073 -0.198346 0.126433
v 0.065485 -0.152345 0.111555
v 0.071533 -0.150715 0.110178
v 0.080443 -0.198285 0.125598
v 0.002752 0.019609 0.016257
v -0.016908 -0.038678 0.045767
v 0.003285 0.019360 0.010739
v 0.031607 -0.067767 0.056018
v 0.063389 -0.150610 0.111643
v 0.059158 -0.148975 0.116206
v 0.026035 -0.066984 0.060620
v 0.004782 -0.002527 0.021909
v 0.064991 -0.150610 0.110718
v 0.032710 -0.067767 0.055381
v 0.016583 -0.002526 0.015095
v 0.039481 -0.066984 0.052856
v 0.071058 -0.148975 0.109336
v 0.002773 0.019481 0.008652
v -0.023082 -0.044574 0.041885
v -0.001125 0.019400 0.003854
v -0.002776 0.019400 0.002901
v -0.024733 -0.044574 0.040932
v -0.008881 0.019481 0.001924
v 0.012965 0.086300 -0.008813
v 0.012677 0.059141 -0.008270
v 0.008704 0.059168 -0.013209
v 0.009001 0.086314 -0.013724
v -0.006812 0.059017 0.001837
v -0.006486 0.086215 0.002463
v -0.002545 0.086196 -0.002552
v -0.002851 0.058997 -0.003071
v 0.006841 0.092255 -0.001769
v 0.002891 0.092215 0.003139
v 0.002603 0.088188 0.002650
v 0.006549 0.088204 -0.002351
v 0.004953 0.092255 0.005041
v -0.001273 0.092215 0.004074
v -0.000993 0.088188 0.003579
v 0.005310 0.088204 0.004496
v -0.005078 0.057033 0.004835
v -0.008573 0.021306 -0.001244
v -0.002372 0.021226 -0.002236
v 0.001147 0.057013 0.003857
v 0.004997 0.059017 -0.004980
v -0.001235 0.058997 -0.004005
v -0.000937 0.086196 -0.003480
v 0.005376 0.086215 -0.004385
v -0.073207 -0.149821 -0.110388
v -0.077445 -0.145956 -0.112948
v -0.087271 -0.198099 -0.129956
v -0.082274 -0.198240 -0.126095
v 0.071533 -0.150715 -0.110178
v 0.065485 -0.152345 -0.111554
v 0.074073 -0.198346 -0.126433
v 0.080443 -0.198285 -0.125598
v -0.135601 -0.144106 0.010621
v -0.131164 -0.148068 0.008179
v -0.067116 -0.065841 0.008025
v -0.025325 0.002739 0.010694
v 0.059650 -0.150715 -0.117038
v 0.068549 -0.198285 -0.132465
v 0.072458 -0.198346 -0.127365
v 0.063867 -0.152345 -0.112489
v 0.087271 -0.198099 -0.129956
v 0.077445 -0.145956 -0.112948
v 0.073207 -0.149821 -0.110388
v 0.082274 -0.198240 -0.126095
v 0.015454 0.019609 0.005745
v 0.031180 -0.038673 0.037524
v 0.010944 0.019360 0.002524
v 0.032710 -0.067767 -0.055381
v 0.064991 -0.150610 -0.110718
v 0.071058 -0.148975 -0.109336
v 0.039481 -0.066984 -0.052856
v 0.016583 -0.002526 -0.015095
v 0.008659 0.092496 -0.013128
v 0.012632 0.092457 -0.008190
v 0.012907 0.088292 -0.008714
v 0.008944 0.088306 -0.013624
v 0.063389 -0.150610 -0.111642
v 0.031607 -0.067767 -0.056018
v 0.004782 -0.002527 -0.021909
v 0.026035 -0.066984 -0.060620
v 0.059159 -0.148975 -0.116206
v 0.008881 0.019481 0.001924
v 0.024733 -0.044574 0.040932
v 0.002776 0.019400 0.002901
v 0.001125 0.019400 0.003854
v 0.023082 -0.044574 0.041885
v -0.002773 0.019481 0.008652
v -0.006879 0.087279 0.003637
v -0.006760 0.092246 0.004602
v -0.011522 0.092345 0.001242
v -0.011934 0.057975 0.001343
v -0.015181 0.021568 -0.005111
v -0.010384 0.021319 -0.001682
v -0.006473 0.058102 0.004290
v 0.019779 0.001331 0.032463
v 0.072832 -0.136349 0.124298
v 0.077049 -0.137986 0.119784
v 0.045771 -0.057293 0.065484
v 0.000937 0.086196 0.003480
v -0.005376 0.086215 0.004385
v -0.004997 0.059017 0.004980
v 0.001235 0.058997 0.004005
v -0.005310 0.088204 0.004496
v 0.000993 0.088188 0.003579
v 0.001273 0.092215 0.004074
v -0.004953 0.092255 0.005041
v -0.006841 0.092255 -0.001769
v -0.006549 0.088204 -0.002351
v -0.002603 0.088188 0.002650
v -0.002891 0.092215 0.003139
v 0.088766 -0.270500 -0.140029
v 0.084856 -0.270500 -0.145127
v 0.084848 -0.199932 -0.145114
v 0.088750 -0.199972 -0.140054
v -0.002545 0.086196 0.002552
v -0.006486 0.086215 -0.002463
v -0.006812 0.059017 -0.001837
v -0.002851 0.058997 0.003071
v -0.136538 -0.145956 0.010596
v -0.156181 -0.198099 0.010601
v -0.150338 -0.198240 0.008204
v -0.132203 -0.149821 0.008205
v 0.012584 0.107540 0.013264
v 0.000522 0.106676 0.017805
v 0.000852 0.102005 0.020773
v 0.015185 0.103037 0.015348
v 0.024242 0.085753 0.000936
v 0.017790 0.086261 0.015180
v 0.014928 0.081368 0.012909
v 0.020377 0.080940 0.000935
v -0.001241 0.097324 -0.024709
v -0.002488 0.091889 -0.021164
v -0.016840 0.095172 -0.015640
v -0.018252 0.101209 -0.018131
v 0.013717 0.088160 -0.015640
v -0.000629 0.091462 -0.021163
v 0.000617 0.096897 -0.024709
v 0.017620 0.092977 -0.018131
v -0.001557 0.081656 -0.016424
v -0.001429 0.083332 -0.010668
v -0.008202 0.083825 -0.008170
v -0.012616 0.082495 -0.012292
v -0.000852 0.099089 0.020773
v -0.015185 0.098057 0.015348
v -0.012584 0.093554 0.013264
v -0.000522 0.094418 0.017805
v -0.013962 0.093442 -0.011974
v -0.018986 0.093074 -0.000935
v -0.022522 0.097534 -0.000936
v -0.016576 0.097973 -0.014067
v 0.000493 0.107667 0.015102
v 0.010526 0.108380 0.011357
v 0.006672 0.106577 0.007538
v 0.000602 0.106127 0.009772
v 0.132203 -0.149821 -0.008205
v 0.136538 -0.145956 -0.010596
v 0.156181 -0.198098 -0.010601
v 0.150338 -0.198240 -0.008204
v 0.129351 -0.152345 -0.000934
v 0.131184 -0.150715 -0.006860
v 0.148993 -0.198285 -0.006868
v 0.146531 -0.198346 -0.000932
v -0.148993 -0.198285 0.006868
v -0.146531 -0.198346 0.000932
v -0.129351 -0.152345 0.000935
v -0.131184 -0.150715 0.006860
v -0.135589 -0.144117 -0.010622
v -0.071953 -0.062581 -0.011007
v -0.027944 -0.001532 -0.010622
v -0.067116 -0.065841 -0.008025
v -0.131164 -0.148068 -0.008179
v -0.012703 0.019609 0.010511
v -0.048088 -0.038675 0.008240
v -0.007658 0.019360 0.008215
v 0.156181 -0.198099 0.010601
v 0.136538 -0.145956 0.010596
v 0.132203 -0.149821 0.008205
v 0.150338 -0.198240 0.008204
v 0.130217 -0.148975 0.006870
v 0.066692 -0.066148 0.006866
v 0.020805 -0.004215 0.000999
v 0.128404 -0.150592 0.000925
v -0.049563 -0.042858 0.006810
v -0.003939 0.019404 0.001038
v -0.006134 0.019484 0.006784
v -0.163931 -0.197982 0.008162
v -0.158135 -0.198099 0.010601
v -0.137972 -0.144589 0.010596
v -0.142260 -0.140726 0.008169
v -0.165312 -0.198028 0.006824
v -0.143236 -0.139719 0.006825
v -0.145027 -0.138090 0.000934
v -0.167735 -0.197988 0.000933
v -0.003939 0.019404 -0.001038
v -0.049563 -0.042858 -0.006810
v -0.006134 0.019484 -0.006784
v -0.040508 -0.065841 0.054112
v -0.072665 -0.148068 0.109501
v -0.076993 -0.144117 0.112113
v -0.045508 -0.062581 0.056810
v -0.023171 -0.001533 0.018890
v -0.007658 0.019360 -0.008215
v -0.048088 -0.038675 -0.008240
v -0.012703 0.019609 -0.010511
v -0.014914 0.019612 -0.010524
v -0.054610 -0.035328 -0.010525
v -0.019977 0.019942 -0.008286
v -0.141315 -0.138882 0.008143
v -0.136932 -0.142836 0.010622
v -0.073532 -0.061435 0.010695
v -0.033600 0.002074 0.008131
v 0.143236 -0.139719 0.006825
v 0.165312 -0.198028 0.006824
v 0.167735 -0.197988 0.000933
v 0.145027 -0.138090 0.000934
v 0.137972 -0.144589 -0.010596
v 0.142260 -0.140726 -0.008169
v 0.163931 -0.197982 -0.008162
v 0.158135 -0.198098 -0.010601
v -0.081727 -0.055866 0.000988
v -0.144057 -0.136352 0.000925
v -0.142267 -0.137981 0.006834
v -0.036888 -0.000241 0.006825
v -0.027504 -0.061435 -0.069028
v -0.059267 -0.142836 -0.123898
v -0.063602 -0.138888 -0.126449
v -0.032468 -0.058169 -0.071769
v -0.010433 -0.000164 -0.034411
v 0.144057 -0.136352 0.000925
v 0.081727 -0.055866 0.000988
v 0.036888 -0.000241 0.006825
v 0.142267 -0.137981 0.006834
v -0.019977 0.019942 0.008286
v -0.054610 -0.035328 0.010525
v -0.014914 0.019612 0.010524
v -0.021428 0.020086 -0.006737
v -0.065478 -0.034737 -0.000956
v -0.023643 0.020225 -0.000956
v -0.023643 0.020225 0.000956
v -0.065478 -0.034737 0.000956
v -0.021428 0.020086 0.006737
v -0.006836 0.092345 0.009358
v -0.007365 0.092246 0.003553
v -0.006590 0.087279 0.004139
v -0.006952 0.058102 0.003461
v -0.003734 0.021319 0.009834
v -0.003164 0.021568 0.015703
v -0.007131 0.057975 0.009663
v -0.088427 -0.200088 0.131914
v -0.088406 -0.270500 0.131876
v -0.089244 -0.270500 0.138244
v -0.089228 -0.199972 0.138269
v -0.014115 0.086300 -0.006821
v -0.013500 0.059141 -0.006844
v -0.015791 0.059168 -0.000933
v -0.016385 0.086314 -0.000933
v -0.016385 0.086314 0.000933
v -0.015791 0.059168 0.000933
v -0.013500 0.059141 0.006844
v -0.014115 0.086300 0.006821
v -0.001150 0.086300 -0.015634
v -0.000823 0.059141 -0.015113
v -0.007087 0.059168 -0.014142
v -0.007384 0.086314 -0.014657
v 0.011581 0.092346 0.001132
v 0.006760 0.092246 0.004602
v 0.006879 0.087279 0.003637
v 0.006473 0.058102 0.004290
v 0.010384 0.021319 -0.001682
v 0.015181 0.021568 -0.005111
v 0.011932 0.057989 0.001346
v 0.012274 0.087202 0.000753
v 0.008060 0.092669 -0.006679
v 0.010685 0.092043 -0.000907
v 0.012419 0.099595 -0.000907
v 0.009783 0.100175 -0.006679
v 0.003913 0.057013 0.000935
v 0.001648 0.057033 0.006816
v -0.005364 0.021306 0.006802
v -0.003122 0.021226 0.000935
v -0.004351 0.021885 -0.021240
v -0.010608 0.022024 -0.020245
v -0.007170 0.057184 -0.014291
v -0.000911 0.057158 -0.015261
v 0.006512 0.092345 -0.010599
v 0.012129 0.092450 -0.008189
v 0.012776 0.087243 -0.007755
v 0.012116 0.058055 -0.007777
v 0.019279 0.021899 -0.008201
v 0.013873 0.021568 -0.010592
v 0.006802 0.058175 -0.011007
v 0.165653 -0.270500 0.006859
v 0.168111 -0.270500 0.000924
v 0.168096 -0.199932 0.000924
v 0.165666 -0.199972 0.006833
v -0.004085 0.058997 -0.000934
v -0.003482 0.086196 -0.000928
v -0.001110 0.086215 -0.006848
v -0.001815 0.059017 -0.006818
v 0.001648 0.057034 -0.006816
v 0.003913 0.057013 -0.000936
v -0.003122 0.021226 -0.000935
v -0.005364 0.021306 -0.006802
v -0.003596 0.088188 -0.000930
v -0.004165 0.092215 -0.000934
v -0.001889 0.092255 -0.006809
v -0.001239 0.088204 -0.006847
v -0.001815 0.059017 0.006818
v -0.001110 0.086215 0.006848
v -0.003482 0.086196 0.000928
v -0.004085 0.058997 0.000933
v -0.001239 0.088204 0.006846
v -0.001889 0.092255 0.006809
v -0.004165 0.092215 0.000934
v -0.003596 0.088188 0.000929
v -0.058995 -0.149821 0.118594
v -0.059093 -0.145956 0.123544
v -0.068909 -0.198099 0.140557
v -0.068064 -0.198240 0.134299
v 0.129351 -0.152345 0.000935
v 0.146531 -0.198346 0.000932
v 0.148993 -0.198285 0.006868
v 0.131184 -0.150715 0.006860
v 0.071953 -0.062581 -0.011007
v 0.135589 -0.144117 -0.010622
v 0.131164 -0.148068 -0.008179
v 0.067116 -0.065841 -0.008025
v 0.027944 -0.001532 -0.010622
v -0.156181 -0.198098 -0.010601
v -0.136538 -0.145956 -0.010596
v -0.132203 -0.149821 -0.008205
v -0.150338 -0.198240 -0.008204
v 0.137972 -0.144589 0.010596
v 0.158135 -0.198098 0.010601
v 0.163931 -0.197982 0.008162
v 0.142260 -0.140726 0.008169
v 0.066692 -0.066148 -0.006866
v 0.130217 -0.148975 -0.006870
v 0.128404 -0.150592 -0.000925
v 0.020805 -0.004215 -0.000999
v -0.130217 -0.148975 -0.006870
v -0.066692 -0.066148 -0.006866
v -0.020805 -0.004215 -0.000999
v -0.128403 -0.150592 -0.000925
v 0.048088 -0.038675 0.008240
v 0.012703 0.019609 0.010511
v 0.007658 0.019360 0.008215
v 0.003939 0.019404 0.001038
v 0.049563 -0.042858 0.006810
v 0.006134 0.019484 0.006784
v -0.011522 0.092345 -0.001242
v -0.006760 0.092246 -0.004602
v -0.006879 0.087279 -0.003637
v -0.006473 0.058102 -0.004290
v -0.010384 0.021319 0.001682
v -0.015181 0.021568 0.005111
v -0.011934 0.057975 -0.001343
v -0.167735 -0.197988 -0.000932
v -0.145027 -0.138090 -0.000934
v -0.143236 -0.139719 -0.006825
v -0.165312 -0.198028 -0.006824
v 0.049563 -0.042858 -0.006810
v 0.003939 0.019404 -0.001038
v 0.006134 0.019484 -0.006784
v 0.076998 -0.144105 -0.112123
v 0.021924 0.002739 -0.016585
v 0.040508 -0.065841 -0.054112
v 0.072665 -0.148068 -0.109501
v 0.048088 -0.038675 -0.008240
v 0.007658 0.019360 -0.008215
v 0.012703 0.019609 -0.010511
v 0.054610 -0.035328 -0.010525
v 0.014914 0.019612 -0.010524
v 0.019977 0.019942 -0.008286
v 0.141315 -0.138882 0.008143
v 0.033600 0.002074 0.008131
v 0.073532 -0.061435 0.010695
v 0.136932 -0.142836 0.010622
v -0.088566 -0.198028 -0.139752
v -0.077528 -0.139719 -0.120633
v -0.073323 -0.138090 -0.125130
v -0.084675 -0.197988 -0.144796
v -0.078162 -0.144589 0.114190
v -0.088248 -0.198099 0.131648
v -0.089033 -0.197982 0.137887
v -0.078205 -0.140726 0.119117
v -0.144057 -0.136352 -0.000925
v -0.081727 -0.055866 -0.000988
v -0.036888 -0.000241 -0.006825
v -0.142267 -0.137981 -0.006834
v 0.046028 -0.061435 -0.058333
v 0.077664 -0.142836 -0.113276
v 0.077707 -0.138888 -0.118306
v 0.045920 -0.058169 -0.064002
v 0.024585 -0.000165 -0.026241
v 0.001889 0.092255 -0.006809
v 0.004165 0.092215 -0.000934
v 0.003596 0.088188 -0.000930
v 0.001239 0.088204 -0.006847
v 0.054610 -0.035328 0.010525
v 0.019977 0.019942 0.008286
v 0.014914 0.019612 0.010524
v 0.065478 -0.034737 -0.000956
v 0.021428 0.020086 -0.006737
v 0.023643 0.020225 -0.000956
v 0.065478 -0.034737 0.000956
v 0.023643 0.020225 0.000956
v 0.021428 0.020086 0.006737
v -0.004685 0.092345 -0.010599
v 0.000606 0.092246 -0.008155
v -0.000290 0.087279 -0.007776
v 0.000478 0.058102 -0.007751
v -0.006650 0.021319 -0.008151
v -0.012017 0.021568 -0.010592
v -0.004803 0.057975 -0.011007
v 0.020570 0.021885 -0.006852
v 0.013672 0.057158 -0.006842
v 0.015962 0.057184 -0.000935
v 0.022837 0.022024 -0.000935
v 0.013500 0.059141 -0.006844
v 0.014115 0.086300 -0.006821
v 0.016385 0.086314 -0.000933
v 0.015791 0.059168 -0.000933
v 0.006879 0.087279 -0.003637
v 0.006760 0.092246 -0.004602
v 0.011581 0.092346 -0.001132
v 0.012274 0.087202 -0.000753
v 0.011932 0.057989 -0.001346
v 0.015181 0.021568 0.005111
v 0.010384 0.021319 0.001682
v 0.006473 0.058102 -0.004290
v -0.001166 0.103740 0.008052
v -0.000705 0.097222 0.008052
v -0.005664 0.096850 0.006230
v -0.006128 0.103407 0.006230
v 0.003122 0.021226 -0.000935
v -0.003913 0.057013 -0.000936
v -0.001648 0.057034 -0.006816
v 0.005364 0.021306 -0.006802
v 0.013408 0.092457 -0.006844
v 0.015699 0.092496 -0.000934
v 0.016271 0.088306 -0.000934
v 0.014001 0.088292 -0.006820
v 0.010424 0.091802 0.000907
v 0.009883 0.084687 0.000907
v 0.007682 0.084876 0.005613
v 0.008220 0.091946 0.005613
v 0.013277 0.087317 -0.000980
v 0.012934 0.058162 -0.000390
v 0.016109 0.021568 -0.006719
v 0.016742 0.021899 -0.012596
v 0.012793 0.058055 -0.006605
v 0.013104 0.087243 -0.007186
v 0.013156 0.092450 -0.006410
v 0.012502 0.092346 -0.000462
v 0.007020 0.104346 -0.004978
v 0.007485 0.097773 -0.004978
v 0.009398 0.097887 -0.000906
v 0.008930 0.104502 -0.000906
v 0.002545 0.086196 0.002552
v 0.002851 0.058997 0.003071
v 0.006812 0.059017 -0.001837
v 0.006486 0.086215 -0.002463
v -0.158455 -0.200088 -0.010623
v -0.158411 -0.270500 -0.010624
v -0.164346 -0.270500 -0.008166
v -0.164359 -0.199972 -0.008140
v 0.002603 0.088188 -0.002650
v 0.002891 0.092215 -0.003139
v 0.006841 0.092255 0.001769
v 0.006549 0.088204 0.002351
v 0.001110 0.086215 -0.006848
v 0.003482 0.086196 -0.000928
v 0.004085 0.058997 -0.000934
v 0.001815 0.059017 -0.006818
v -0.000924 -0.271175 0.010602
v -0.000941 0.270967 0.009314
v -0.006737 0.269894 0.007243
v -0.006828 -0.271176 0.008167
v -0.018983 0.104260 -0.016850
v -0.026033 0.105896 -0.000936
v -0.021031 0.110486 -0.000936
v -0.015062 0.109103 -0.014349
v -0.018983 0.104260 0.016850
v -0.015062 0.109103 0.014349
v -0.021031 0.110486 0.000936
v -0.026033 0.105896 0.000936
v 0.012983 0.080535 -0.010980
v 0.017566 0.080183 -0.000993
v 0.011468 0.082312 -0.000993
v 0.008762 0.082542 -0.006799
v -0.000493 0.093427 -0.015102
v -0.000602 0.094967 -0.009772
v -0.006672 0.094517 -0.007538
v -0.010526 0.092714 -0.011357
v 0.007323 0.082644 -0.008170
v 0.000554 0.083181 -0.010668
v 0.000426 0.081505 -0.016424
v 0.011485 0.080661 -0.012292
v 0.024457 0.088575 0.000936
v 0.021364 0.093916 0.000935
v 0.015913 0.094318 0.012909
v 0.018002 0.089048 0.015180
v -0.012350 0.084123 0.000993
v -0.009640 0.083941 0.006800
v -0.014116 0.082596 0.010980
v -0.018700 0.082942 0.000993
v 0.013443 0.095396 0.013264
v 0.015384 0.100221 0.015348
v 0.001049 0.099224 0.020773
v 0.001380 0.094552 0.017805
v 0.002747 0.105996 -0.018456
v 0.002330 0.104177 -0.012169
v 0.010102 0.102417 -0.009232
v 0.015107 0.103162 -0.013731
v 0.013014 0.087311 -0.012421
v 0.018137 0.086132 -0.000993
v 0.011893 0.089457 -0.000993
v 0.008776 0.090198 -0.007860
v -0.012350 0.084123 -0.000993
v -0.018700 0.082942 -0.000993
v -0.014116 0.082596 -0.010980
v -0.009640 0.083941 -0.006800
v -0.024457 0.089457 0.000936
v -0.021364 0.084116 0.000935
v -0.015913 0.083714 0.012909
v -0.018001 0.088983 0.015180
v 0.011549 0.087660 0.013731
v -0.000809 0.090498 0.018456
v -0.000392 0.092317 0.012169
v 0.007370 0.090512 0.009232
v -0.001049 0.101870 0.020773
v -0.001380 0.106542 0.017805
v -0.013443 0.105697 0.013264
v -0.015384 0.100873 0.015348
v 0.013550 0.081487 0.014200
v 0.016398 0.086353 0.016460
v 0.000845 0.087554 0.022346
v 0.000461 0.082493 0.019128
v -0.002747 0.090943 -0.018456
v -0.002330 0.092762 -0.012169
v -0.010102 0.094522 -0.009232
v -0.015107 0.093777 -0.013731
v -0.013024 0.106725 0.010044
v -0.008894 0.105470 0.006168
v -0.011316 0.105322 0.000993
v -0.017180 0.106434 0.000993
v 0.010530 0.106868 0.000993
v 0.008112 0.106674 0.006168
v 0.012024 0.108498 0.010044
v 0.016179 0.108796 0.000993
v -0.022522 0.097534 0.000936
v -0.018986 0.093074 0.000935
v -0.013962 0.093442 0.011974
v -0.016576 0.097973 0.014067
v -0.000493 0.093427 0.015102
v -0.010526 0.092714 0.011357
v -0.006672 0.094517 0.007538
v -0.000602 0.094967 0.009772
v 0.007455 0.095517 -0.007538
v 0.001382 0.095108 -0.009772
v 0.001491 0.093567 -0.015102
v 0.011524 0.094274 -0.011357
v 0.012983 0.080535 0.010980
v 0.008762 0.082542 0.006799
v 0.011468 0.082312 0.000993
v 0.017566 0.080183 0.000993
v 0.006590 0.087279 0.004139
v 0.007365 0.092246 0.003553
v 0.006771 0.092346 0.009464
v 0.006790 0.087202 0.010253
v 0.007132 0.057989 0.009660
v 0.003164 0.021568 0.015703
v 0.003734 0.021319 0.009834
v 0.006952 0.058102 0.003461
v -0.006863 0.085989 -0.006866
v -0.001202 0.085579 -0.008950
v -0.000669 0.092596 -0.008950
v -0.006327 0.093045 -0.006866
v 0.005789 0.087317 0.011988
v 0.005851 0.092346 0.011058
v 0.001026 0.092450 0.014599
v 0.000328 0.087243 0.014941
v 0.000677 0.058055 0.014382
v -0.002537 0.021899 0.020797
v 0.002236 0.021568 0.017310
v 0.006130 0.058162 0.011396
v -0.008220 0.086085 -0.005613
v -0.007682 0.093155 -0.005613
v -0.009883 0.093346 -0.000907
v -0.010424 0.086231 -0.000907
v -0.082414 -0.200230 -0.126381
v -0.087504 -0.200088 -0.130314
v -0.087483 -0.270500 -0.130275
v -0.082385 -0.270500 -0.126365
v -0.006737 0.103960 0.007933
v -0.000059 0.102406 0.010457
v -0.001769 0.094952 0.010457
v -0.008457 0.096466 0.007933
v -0.010424 0.086231 0.000907
v -0.009883 0.093345 0.000907
v -0.007682 0.093155 0.005613
v -0.008220 0.086085 0.005613
v -0.009783 0.096764 -0.006679
v -0.008060 0.104271 -0.006679
v -0.010685 0.104897 -0.000907
v -0.012418 0.097345 -0.000907
v 0.080629 -0.200230 0.125903
v 0.080600 -0.270500 0.125887
v 0.074232 -0.270500 0.126725
v 0.074240 -0.200291 0.126740
v 0.072631 -0.270500 -0.127648
v 0.072640 -0.200291 -0.127664
v 0.068720 -0.200230 -0.132779
v 0.068721 -0.270500 -0.132746
v -0.068243 -0.270500 -0.134531
v -0.069080 -0.270500 -0.140899
v -0.069103 -0.200088 -0.140937
v -0.068242 -0.200230 -0.134564
v 0.069080 -0.270500 0.140899
v 0.069103 -0.200088 0.140937
v 0.068242 -0.200230 0.134564
v 0.068243 -0.270500 0.134531
v 0.087483 -0.270500 -0.130275
v 0.087504 -0.200088 -0.130314
v 0.082414 -0.200230 -0.126381
v 0.082385 -0.270500 -0.126365
v 0.156563 -0.270500 -0.010624
v 0.150628 -0.270500 -0.008166
v 0.150656 -0.200230 -0.008183
v 0.156607 -0.200088 -0.010623
v 0.000289 0.087279 -0.007776
v -0.000606 0.092246 -0.008155
v 0.004685 0.092345 -0.010599
v 0.004803 0.057975 -0.011007
v 0.012017 0.021568 -0.010592
v 0.006650 0.021319 -0.008151
v -0.000478 0.058102 -0.007751
v -0.074232 -0.270500 -0.126724
v -0.074240 -0.200291 -0.126740
v -0.080629 -0.200230 -0.125903
v -0.080600 -0.270500 -0.125886
v 0.143236 -0.139719 -0.006825
v 0.145027 -0.138090 -0.000934
v 0.167735 -0.197988 -0.000933
v 0.165312 -0.198028 -0.006824
v 0.013024 0.094368 0.010044
v 0.008894 0.095624 0.006168
v 0.011316 0.095772 0.000993
v 0.017180 0.094659 0.000993
v -0.001056 0.087698 -0.022346
v -0.001441 0.082638 -0.019128
v -0.014532 0.083623 -0.014200
v -0.016612 0.088863 -0.016460
v -0.001056 0.087698 0.022346
v -0.016612 0.088863 0.016460
v -0.014532 0.083623 0.014200
v -0.001441 0.082638 0.019128
v 0.150628 -0.270500 0.008166
v 0.156563 -0.270500 0.010624
v 0.156607 -0.200088 0.010623
v 0.150656 -0.200230 0.008183
v 0.146863 -0.270500 -0.000924
v 0.146880 -0.200291 -0.000924
v 0.149350 -0.200230 -0.006876
v 0.149321 -0.270500 -0.006859
v -0.146880 -0.200291 -0.000924
v -0.146863 -0.270500 -0.000924
v -0.149321 -0.270500 -0.006859
v -0.149350 -0.200230 -0.006876
v -0.150656 -0.200230 -0.008183
v -0.150628 -0.270500 -0.008166
v -0.156563 -0.270500 -0.010624
v -0.156607 -0.200088 -0.010623
v -0.012419 0.097344 0.000907
v -0.010686 0.104896 0.000907
v -0.008060 0.104269 0.006679
v -0.009783 0.096762 0.006679
v 0.149321 -0.270500 0.006859
v 0.149350 -0.200230 0.006876
v 0.146880 -0.200291 0.000924
v 0.146863 -0.270500 0.000924
v 0.007326 0.088306 0.014558
v 0.007040 0.092496 0.014063
v 0.000778 0.092457 0.015034
v 0.001094 0.088292 0.015535
v -0.068720 -0.200230 -0.132779
v -0.072640 -0.200291 -0.127664
v -0.072631 -0.270500 -0.127648
v -0.068721 -0.270500 -0.132746
vn -0.0000 -0.5000 -0.8660
vn -0.7071 -0.3536 -0.6124
vn -0.4798 -0.8761 -0.0483
vn -0.0000 -0.9754 -0.2204
vn -0.0000 0.2968 -0.9549
vn -0.4799 0.3962 -0.7828
vn -1.0000 -0.0000 -0.0000
vn -0.6786 -0.6361 0.3673
vn -0.6786 0.6361 -0.3673
vn -0.7071 0.3536 0.6124
vn -0.4798 -0.3962 0.7828
vn -0.4798 0.8760 0.0482
vn -0.0000 0.5000 0.8660
vn -0.0000 -0.2968 0.9550
vn -0.0000 0.9754 0.2204
vn 0.7071 0.3536 0.6124
vn 0.4798 -0.3962 0.7828
vn 0.4798 0.8760 0.0482
vn 1.0000 -0.0000 -0.0000
vn 0.6786 -0.6361 0.3673
vn 0.6786 0.6361 -0.3673
vn 0.7071 -0.3536 -0.6124
vn 0.4798 -0.8761 -0.0483
vn 0.4799 0.3962 -0.7828
vn -0.6419 -0.6844 -0.3458
vn -0.7490 0.6591 -0.0673
vn -0.4499 -0.4364 0.7792
vn -0.4977 -0.0947 0.8621
vn 0.4984 0.0810 -0.8632
vn 0.4533 0.4218 -0.7852
vn 0.6541 0.7425 0.1443
vn 0.2849 -0.3272 0.9010
vn -0.3537 0.2843 -0.8911
vn 0.7609 -0.6261 -0.1702
vn 0.0511 -0.0458 0.9976
vn -0.4788 0.0758 -0.8747
vn -0.6080 0.6577 -0.4447
vn 0.7584 0.6077 -0.2355
vn 0.2107 0.3125 0.9262
vn -0.4567 0.4071 0.7910
vn 0.4687 -0.3481 -0.8119
vn -0.2208 -0.2556 -0.9412
vn 0.6840 -0.7287 0.0329
vn 0.0684 0.0739 0.9949
vn -0.3833 -0.0498 -0.9223
vn -0.7074 -0.6802 -0.1919
vn -0.4979 0.0917 0.8624
vn 0.4985 -0.0778 -0.8634
vn -0.2990 -0.9327 0.2018
vn -0.3192 0.5587 0.7655
vn 0.4551 0.1683 0.8744
vn 0.5223 -0.2100 0.8265
vn -0.7848 -0.1677 -0.5967
vn -0.7658 0.3201 -0.5577
vn 0.6600 0.5571 -0.5041
vn 0.9621 0.1675 0.2151
vn -0.7333 0.3205 -0.5997
vn 0.6118 -0.6010 -0.5143
vn 0.9379 -0.2298 0.2598
vn -0.7542 -0.2045 -0.6240
vn -0.5321 -0.6186 0.5781
vn -0.2362 0.7391 0.6308
vn 0.6591 -0.3322 0.6747
vn 0.8284 -0.0543 0.5576
vn -0.5124 0.0506 -0.8573
vn -0.6029 0.2627 -0.7533
vn 0.3128 0.6611 -0.6820
vn 0.8915 -0.4530 0.0044
vn -0.9191 0.3941 0.0031
vn 0.0215 -0.6844 -0.7288
vn 0.9955 -0.0948 -0.0000
vn -0.9967 0.0810 -0.0000
vn -0.2106 0.9755 0.0641
vn -0.8420 -0.4682 -0.2680
vn -0.6639 -0.4605 -0.5892
vn -0.3974 0.7039 -0.5888
vn -0.2989 0.4584 0.8370
vn -0.4683 -0.2814 0.8376
vn 0.1715 -0.6918 -0.7014
vn -0.1185 -0.6070 -0.7858
vn 0.7473 -0.5593 0.3588
vn 0.4558 0.5472 -0.7020
vn 0.1587 0.5978 -0.7858
vn 0.9165 0.1782 0.3580
vn -0.3886 0.9191 -0.0653
vn -0.6802 -0.5752 -0.4544
vn -0.0546 -0.2202 -0.9739
vn -0.0408 0.1673 -0.9851
vn -0.3930 0.3207 0.8618
vn -0.4237 -0.3068 0.8523
vn 0.8071 -0.5847 0.0826
vn 0.6730 -0.1702 -0.7198
vn -0.3895 -0.2036 0.8982
vn 0.8213 0.5585 0.1162
vn 0.7293 0.1702 -0.6627
vn -0.3445 0.3197 0.8827
vn 0.6891 0.6577 0.3041
vn 0.5199 -0.6802 0.5167
vn -0.3712 -0.7324 -0.5708
vn -0.8960 0.0687 0.4387
vn 0.9909 -0.0551 -0.1229
vn -0.1717 0.5849 -0.7927
vn -0.9070 0.3151 0.2794
vn 0.9134 -0.2891 -0.2865
vn -0.9149 0.3462 -0.2075
vn 0.7665 0.5571 0.3195
vn 0.2948 0.1676 0.9408
vn -0.5297 0.1684 0.8313
vn 0.1001 0.3201 -0.9421
vn 0.1527 0.3205 -0.9349
vn 0.7513 -0.6010 0.2727
vn 0.2440 -0.2298 0.9422
vn 0.1633 -0.2045 -0.9651
vn -0.7897 -0.6045 0.1047
vn -0.4546 -0.2100 0.8656
vn 0.1244 -0.1677 -0.9780
vn 0.0252 -0.9326 0.3599
vn 0.5033 0.5587 0.6592
vn 0.9848 0.1684 0.0431
vn 0.9769 -0.2101 -0.0390
vn -0.9091 -0.1677 0.3813
vn -0.8659 0.3201 0.3843
vn -0.1064 0.5570 -0.8236
vn 0.6674 0.1675 -0.7256
vn -0.8860 0.3205 0.3352
vn -0.1394 -0.6010 -0.7870
vn 0.6940 -0.2298 -0.6823
vn -0.9175 -0.2045 0.3411
vn -0.5538 0.6862 -0.4716
vn -0.5816 -0.6835 -0.4411
vn 0.4990 -0.0615 -0.8644
vn 0.4977 -0.0947 -0.8621
vn -0.4984 0.0810 0.8632
vn -0.4993 0.0519 0.8649
vn 0.3092 -0.6826 0.6622
vn 0.9018 -0.0460 -0.4298
vn -0.9913 0.0192 0.1304
vn 0.3122 0.6841 0.6592
vn 0.8847 -0.0934 -0.4568
vn -0.9990 0.0299 0.0321
vn 0.3205 -0.9471 -0.0169
vn 0.8270 -0.0507 -0.5599
vn 0.2764 -0.0425 -0.9601
vn 0.0670 -0.2011 -0.9773
vn 0.3377 -0.3564 0.8712
vn 0.4049 0.0016 0.9143
vn 0.8474 -0.0713 -0.5262
vn 0.3190 -0.0259 -0.9474
vn 0.4429 -0.0395 0.8957
vn 0.8190 0.4292 -0.3808
vn -0.3635 0.1527 -0.9190
vn 0.3441 -0.2159 0.9138
vn -0.5064 0.7301 0.4588
vn -0.6652 0.3200 -0.6746
vn 0.6937 -0.3053 0.6523
vn -0.8841 0.0714 0.4618
vn -0.8263 0.0626 -0.5597
vn 0.6002 -0.0600 0.7976
vn -0.9096 0.0292 0.4145
vn -0.8536 0.0479 -0.5188
vn 0.5329 -0.0826 0.8421
vn -0.6644 -0.6264 0.4076
vn -0.6592 -0.3723 -0.6533
vn 0.6060 -0.5594 0.5656
vn 0.1772 -0.9420 -0.2849
vn 0.1171 0.5585 -0.8212
vn -0.6622 0.1705 -0.7297
vn -0.6308 -0.0939 -0.7702
vn 0.8428 -0.4162 0.3412
vn 0.8825 0.3196 0.3451
vn -0.5034 0.5591 0.6588
vn -0.9848 0.1682 0.0428
vn 0.8661 0.3201 0.3840
vn -0.5839 -0.4857 0.6505
vn -0.9828 -0.1147 0.1449
vn 0.8012 -0.4655 0.3760
vn -0.0275 -0.3132 0.9493
vn -0.0535 -0.5751 -0.8163
vn -0.8162 -0.2201 -0.5342
vn -0.9598 -0.1702 0.2231
vn 0.9726 -0.2037 0.1119
vn 0.9499 -0.3068 0.0592
vn -0.1122 0.5553 -0.8241
vn -0.8328 0.1673 -0.5278
vn 0.9428 0.3207 0.0906
vn -0.3099 0.5586 0.7694
vn -0.9385 0.1703 0.3003
vn 0.9367 0.3197 0.1430
vn -0.2514 -0.9363 0.2453
vn -0.3187 0.5590 0.7654
vn 0.4555 0.1682 0.8742
vn 0.3660 -0.1147 0.9235
vn -0.7262 -0.4655 -0.5059
vn -0.7656 0.3201 -0.5580
vn 0.6525 0.5586 -0.5121
vn 0.9630 0.1706 0.2085
vn -0.7401 0.3196 -0.5917
vn 0.7272 -0.4992 -0.4712
vn 0.9825 -0.0939 0.1611
vn -0.7169 -0.4162 -0.5593
vn 0.0853 -0.1013 -0.9912
vn 0.0717 -0.0633 -0.9954
vn -0.0709 -0.7327 -0.6769
vn 0.8191 -0.5278 -0.2248
vn -0.9013 -0.3734 0.2196
vn -0.3524 -0.6419 0.6810
vn 0.7427 -0.4842 0.4625
vn -0.7793 -0.4150 -0.4696
vn -0.4269 0.0783 0.9009
vn 0.8843 -0.0016 0.4670
vn -0.8296 -0.0283 -0.5576
vn -0.2397 0.7727 0.5877
vn 0.8397 0.0584 0.5399
vn -0.8147 -0.0358 -0.5788
vn 0.0606 0.5705 -0.8191
vn 0.9372 -0.2779 -0.2107
vn -0.9575 0.2497 0.1442
vn -0.1315 0.6862 0.7154
vn -0.0912 -0.6835 0.7242
vn -0.9981 -0.0615 -0.0000
vn -0.9955 -0.0948 -0.0000
vn 0.9967 0.0810 -0.0000
vn 0.9987 0.0519 -0.0000
vn 0.4160 -0.6861 -0.5969
vn -0.8230 -0.0409 -0.5665
vn 0.6047 0.0153 0.7963
vn 0.4186 0.6850 -0.5963
vn -0.8376 -0.0991 -0.5371
vn 0.5247 0.0238 0.8510
vn -0.1378 0.9191 -0.3691
vn 0.0535 -0.5752 -0.8163
vn 0.8162 -0.2201 -0.5342
vn 0.8328 0.1673 -0.5278
vn -0.9428 0.3207 0.0906
vn -0.9499 -0.3068 0.0592
vn 0.3318 -0.5848 0.7402
vn 0.9598 -0.1703 0.2230
vn -0.9726 -0.2037 0.1119
vn 0.3100 0.5586 0.7694
vn 0.9385 0.1703 0.3003
vn -0.9367 0.3197 0.1430
vn 0.4432 0.8383 -0.3174
vn 0.5680 -0.7763 -0.2735
vn 0.6299 -0.7756 0.0415
vn 0.9051 0.4233 0.0405
vn -0.1948 0.4266 -0.8832
vn -0.3620 -0.2980 -0.8833
vn -0.2740 -0.6336 0.7235
vn 0.7811 -0.6244 -0.0000
vn -0.9647 -0.2634 -0.0000
vn 0.0300 0.6896 0.7235
vn 0.9752 0.2212 -0.0000
vn -0.7532 0.6577 -0.0000
vn 0.3579 0.5367 0.7641
vn -0.0335 -0.3998 0.9160
vn -0.8302 -0.1668 0.5319
vn -0.6564 0.0236 0.7540
vn 0.9964 0.0270 -0.0803
vn 0.9507 -0.2380 -0.1990
vn 0.0804 -0.7314 -0.6772
vn -0.8170 -0.5321 -0.2225
vn 0.9047 -0.3685 0.2137
vn -0.0725 -0.0576 -0.9957
vn -0.8973 -0.0315 -0.4403
vn 0.9940 0.0268 0.1063
vn -0.0906 -0.0415 -0.9950
vn -0.8741 -0.0690 -0.4808
vn 0.9951 0.0908 0.0403
vn -0.0918 0.5732 -0.8143
vn -0.9379 -0.2755 -0.2110
vn 0.9491 0.2841 0.1361
vn -0.2210 0.5893 0.7771
vn -0.9872 -0.0955 0.1275
vn 0.9482 0.1553 -0.2770
vn -0.0798 0.0704 0.9943
vn -0.6850 0.0318 0.7278
vn 0.9905 0.0252 -0.1355
vn 0.3243 -0.9327 0.1581
vn 0.8225 0.5587 -0.1064
vn 0.5297 0.1684 -0.8313
vn 0.4546 -0.2100 -0.8656
vn -0.1244 -0.1677 0.9780
vn -0.1001 0.3201 0.9421
vn -0.7665 0.5571 -0.3195
vn -0.2948 0.1676 -0.9408
vn -0.1527 0.3205 0.9349
vn -0.7513 -0.6010 -0.2727
vn -0.2440 -0.2298 -0.9422
vn -0.1633 -0.2045 0.9651
vn -0.1581 -0.9420 -0.2960
vn -0.6525 0.5586 -0.5121
vn -0.9630 0.1706 0.2085
vn -0.9825 -0.0939 0.1611
vn 0.7169 -0.4162 -0.5593
vn 0.7401 0.3196 -0.5917
vn 0.3187 0.5591 0.7654
vn -0.4555 0.1682 0.8742
vn 0.7656 0.3201 -0.5580
vn 0.2713 -0.4856 0.8310
vn -0.3660 -0.1147 0.9235
vn 0.7262 -0.4655 -0.5059
vn -0.8783 0.4721 -0.0753
vn -0.6065 -0.6285 -0.4871
vn -0.0670 -0.2011 -0.9773
vn -0.2764 -0.0425 -0.9601
vn -0.4049 0.0017 0.9143
vn -0.3377 -0.3564 0.8712
vn 0.6645 -0.6264 0.4075
vn 0.6592 -0.3723 -0.6533
vn -0.6060 -0.5593 0.5656
vn 0.8978 0.0817 0.4328
vn 0.8535 0.0473 -0.5190
vn -0.5539 -0.0272 0.8321
vn 0.8790 0.0732 0.4712
vn 0.8264 0.0627 -0.5596
vn -0.6099 -0.0582 0.7903
vn 0.5092 0.7445 0.4318
vn 0.6651 0.3200 -0.6747
vn -0.7005 -0.2681 0.6614
vn -0.8191 0.4291 -0.3808
vn 0.3635 0.1528 -0.9190
vn -0.3441 -0.2159 0.9138
vn -0.8474 -0.0712 -0.5262
vn -0.3190 -0.0258 -0.9474
vn -0.4429 -0.0395 0.8957
vn -0.6819 -0.7306 -0.0354
vn 0.7074 -0.6802 0.1919
vn 0.4979 0.0917 -0.8624
vn -0.0684 0.0652 -0.9955
vn 0.3859 -0.0535 0.9210
vn -0.4985 -0.0778 0.8634
vn 0.6080 0.6577 0.4447
vn 0.4567 0.4071 -0.7910
vn -0.4687 -0.3481 0.8119
vn -0.7604 0.6054 0.2352
vn -0.2113 0.3152 -0.9252
vn 0.2180 -0.2580 0.9412
vn 0.6327 -0.7272 0.2663
vn -0.8101 -0.3997 -0.4290
vn -0.8757 -0.1667 0.4531
vn -0.2158 -0.5320 0.8188
vn 0.2672 -0.3685 -0.8904
vn 0.6476 -0.2381 -0.7239
vn -0.8732 0.0584 -0.4839
vn -0.9812 0.0236 0.1916
vn 0.5677 0.0271 -0.8228
vn -0.9010 0.0704 -0.4280
vn -0.9728 0.0319 0.2294
vn 0.6125 0.0252 -0.7901
vn -0.7835 0.5893 -0.1971
vn -0.6039 -0.0955 0.7913
vn 0.7139 0.1553 -0.6828
vn 0.6807 0.5686 0.4619
vn -0.2862 -0.2753 0.9178
vn 0.3561 0.2479 -0.9010
vn 0.8170 -0.1073 0.5666
vn -0.0206 -0.0681 0.9975
vn 0.4554 0.0218 -0.8900
vn 0.8387 -0.0598 0.5413
vn -0.0671 -0.0316 0.9972
vn 0.3811 0.0250 -0.9242
vn -0.2508 0.9191 0.3039
vn -0.7336 -0.5752 0.3618
vn -0.8707 -0.2202 -0.4397
vn -0.8735 0.1673 -0.4572
vn 0.5499 0.3207 0.7712
vn 0.5262 -0.3068 0.7931
vn 0.4751 -0.5847 -0.6576
vn -0.2868 -0.1702 -0.9427
vn 0.5832 -0.2037 0.7864
vn 0.5113 0.5585 -0.6532
vn -0.2092 0.1702 -0.9629
vn 0.5922 0.3197 0.7397
vn -0.5089 0.0175 -0.8606
vn -0.9946 0.0632 0.0825
vn -0.7831 -0.6218 -0.0080
vn -0.5285 -0.5835 -0.6166
vn -0.2021 0.8071 -0.5547
vn -0.5409 0.7942 0.2768
vn 0.1589 -0.2899 0.9438
vn 0.0044 -0.9158 0.4016
vn 0.1918 0.7369 0.6482
vn 0.7991 -0.2519 -0.5459
vn 0.3005 -0.9019 -0.3102
vn 0.5610 0.7888 -0.2511
vn -0.2468 -0.2335 0.9405
vn 0.9757 0.2029 0.0824
vn 0.8629 -0.5053 -0.0080
vn 0.1246 -0.9073 0.4015
vn -0.2936 0.7026 0.6482
vn 0.4237 0.8624 0.2769
vn 0.6025 0.2167 -0.7682
vn 0.6054 -0.5032 -0.6167
vn 0.0864 0.8275 -0.5547
vn -0.7556 -0.3619 -0.5460
vn -0.1704 -0.9353 -0.3102
vn -0.6665 0.7019 -0.2511
vn -0.3214 0.7813 -0.5351
vn -0.7763 -0.6283 -0.0517
vn -0.2358 -0.6854 -0.6889
vn -0.1234 -0.3314 -0.9354
vn -0.2835 0.7880 0.5465
vn -0.4254 0.2069 0.8811
vn 0.5065 -0.7477 0.4294
vn 0.5286 -0.7514 -0.3949
vn -0.2585 0.1959 0.9459
vn 0.9664 0.2412 -0.0891
vn 0.6472 -0.4290 -0.6301
vn -0.0781 0.7683 0.6353
vn -0.5054 0.0598 0.8608
vn -0.9927 0.0880 -0.0830
vn -0.6821 0.7312 0.0089
vn -0.4376 0.6536 0.6176
vn -0.3204 -0.7683 0.5541
vn -0.6535 -0.7023 -0.2823
vn 0.2029 0.2682 -0.9417
vn 0.1435 0.9053 -0.3998
vn 0.0803 -0.7542 -0.6518
vn 0.8270 0.1323 0.5464
vn 0.4326 0.8461 0.3115
vn 0.4376 -0.8634 0.2510
vn -0.4590 -0.3024 0.8354
vn -0.0381 -0.3580 -0.9330
vn -0.6043 0.3205 -0.7294
vn -0.9405 0.3375 0.0389
vn 0.5912 -0.7375 0.3265
vn 0.6582 -0.7365 0.1562
vn 0.4279 0.6973 -0.5750
vn -0.4103 0.6698 -0.6188
vn 0.9284 -0.1514 0.3394
vn -0.1650 0.6789 0.7154
vn -0.7459 0.6536 0.1282
vn 0.8815 -0.1587 0.4447
vn 0.5020 -0.1852 0.8448
vn 0.7405 0.2175 -0.6359
vn 0.6197 -0.5102 -0.5964
vn 0.3972 -0.8908 0.2208
vn 0.2283 0.7398 0.6329
vn 0.4658 0.8734 -0.1418
vn -0.1213 0.1919 -0.9739
vn 0.0093 -0.5345 -0.8451
vn -0.3392 0.8076 -0.4824
vn -0.9145 -0.3743 0.1534
vn -0.3120 -0.9473 -0.0726
vn -0.6623 0.7017 0.2626
vn 0.6907 -0.2954 0.6601
vn -0.0678 -0.6954 -0.7154
vn -0.6464 -0.7522 -0.1282
vn -0.3120 -0.7210 0.6188
vn 0.8977 0.2808 -0.3394
vn 0.8504 0.2813 -0.4446
vn -0.7592 0.2429 -0.6039
vn -0.8836 -0.4666 -0.0389
vn 0.4815 0.8134 -0.3265
vn -0.0881 0.3490 0.9330
vn -0.5531 -0.4024 0.7295
vn 0.5479 0.8218 -0.1562
vn 0.5091 0.0151 0.8606
vn 0.9948 0.0591 -0.0829
vn 0.7810 -0.6245 0.0081
vn 0.5269 -0.5846 0.6170
vn 0.2051 0.8065 0.5545
vn 0.5439 0.7915 -0.2788
vn -0.1608 -0.2911 -0.9431
vn -0.0087 -0.9160 -0.4011
vn -0.1893 0.7365 -0.6494
vn -0.7996 -0.2497 0.5461
vn -0.3041 -0.9006 0.3106
vn -0.5583 0.7908 0.2511
vn -0.5014 -0.0890 0.8606
vn -0.9757 -0.2030 -0.0824
vn -0.8629 0.5053 0.0080
vn -0.6054 0.5032 0.6167
vn -0.0864 -0.8275 0.5547
vn -0.4237 -0.8624 -0.2769
vn 0.1165 0.3095 -0.9437
vn -0.1246 0.9073 -0.4016
vn 0.2937 -0.7026 -0.6482
vn 0.7556 0.3619 0.5460
vn 0.1704 0.9353 0.3102
vn 0.6665 -0.7019 0.2511
vn -0.0689 0.1618 0.9844
vn -0.7990 0.2519 -0.5459
vn -0.3005 0.9019 -0.3102
vn -0.0043 0.9159 0.4014
vn -0.1918 -0.7370 0.6481
vn -0.5610 -0.7888 -0.2511
vn 0.6270 -0.1298 -0.7681
vn 0.5285 0.5834 -0.6167
vn 0.2021 -0.8071 -0.5547
vn 0.9946 -0.0636 0.0825
vn 0.7832 0.6218 -0.0080
vn 0.5409 -0.7942 0.2768
vn 0.6073 -0.3156 -0.7291
vn -0.9840 -0.0976 -0.1493
vn -0.5727 -0.8161 0.0774
vn 0.1208 -0.9688 -0.2163
vn 0.4335 0.6370 -0.6375
vn -0.4318 0.8621 -0.2652
vn -0.0549 0.2230 0.9733
vn -0.1425 -0.5082 0.8494
vn -0.0901 0.8731 0.4791
vn 0.7716 -0.0036 0.6361
vn 0.4464 -0.6634 0.6005
vn 0.7011 0.6999 0.1362
vn -0.6073 0.3156 -0.7291
vn 0.9840 0.0976 -0.1493
vn 0.5727 0.8161 0.0774
vn -0.1208 0.9688 -0.2163
vn -0.4335 -0.6370 -0.6375
vn 0.4318 -0.8621 -0.2652
vn 0.0549 -0.2230 0.9733
vn 0.1425 0.5082 0.8494
vn 0.0901 -0.8731 0.4791
vn -0.7716 0.0036 0.6361
vn -0.4464 0.6634 0.6005
vn -0.7011 -0.6999 0.1362
vn 0.9241 -0.3772 -0.0622
vn -0.6315 -0.1714 -0.7562
vn -0.5311 -0.8192 -0.2164
vn 0.1596 -0.9841 0.0774
vn 0.7644 0.5876 -0.2652
vn -0.1123 0.7622 -0.6375
vn -0.6961 0.3330 0.6360
vn -0.6910 -0.4024 0.6004
vn -0.3258 0.9356 0.1362
vn 0.1466 0.1768 0.9733
vn -0.0934 -0.5195 0.8493
vn 0.4618 0.7465 0.4792
vn -0.8581 0.4246 0.2888
vn -0.1466 -0.1767 -0.9733
vn 0.0934 0.5195 -0.8493
vn -0.1596 0.9841 -0.0774
vn -0.7644 -0.5876 0.2652
vn -0.4618 -0.7464 -0.4792
vn 0.6961 -0.3331 -0.6360
vn 0.6910 0.4024 -0.6004
vn 0.3258 -0.9356 -0.1362
vn 0.6315 0.1714 0.7562
vn 0.5311 0.8192 0.2164
vn 0.1124 -0.7622 0.6375
vn -0.2793 -0.1966 0.9398
vn 0.9948 0.0590 0.0829
vn 0.7810 -0.6245 -0.0081
vn -0.0087 -0.9160 0.4010
vn -0.1893 0.7365 0.6494
vn 0.5439 0.7915 0.2788
vn 0.6285 0.1277 -0.7673
vn 0.5269 -0.5846 -0.6170
vn 0.2051 0.8065 -0.5545
vn -0.7996 -0.2497 -0.5461
vn -0.3041 -0.9006 -0.3106
vn -0.5583 0.7908 -0.2511
vn 0.1972 0.3232 0.9255
vn 0.9581 -0.2417 -0.1534
vn 0.4424 -0.8939 0.0725
vn 0.0661 -0.5305 0.8451
vn 0.2221 0.8473 0.4824
vn 0.5569 0.7880 -0.2626
vn -0.5542 -0.3417 -0.7590
vn -0.2678 -0.9378 -0.2207
vn -0.3302 0.7002 -0.6330
vn -0.7639 0.1110 0.6357
vn -0.5417 -0.5925 0.5963
vn -0.5841 0.7992 0.1417
vn -0.4808 0.1664 -0.8609
vn -0.9318 0.3533 0.0831
vn -0.9326 -0.3607 -0.0089
vn -0.6787 -0.3975 -0.6176
vn 0.0466 0.8311 -0.5541
vn -0.2819 0.9170 0.2823
vn 0.0657 -0.3298 0.9418
vn -0.2655 -0.8773 0.3999
vn 0.4011 0.6437 0.6518
vn 0.6866 -0.4796 -0.5464
vn 0.0205 -0.9500 -0.3114
vn 0.7702 0.5863 -0.2511
vn 0.2089 -0.2745 -0.9386
vn -0.9318 0.3533 -0.0831
vn -0.9326 -0.3607 0.0089
vn -0.2655 -0.8773 -0.3999
vn 0.4011 0.6437 -0.6518
vn -0.2819 0.9170 -0.2823
vn -0.5628 0.3112 0.7658
vn -0.6787 -0.3975 0.6176
vn 0.0466 0.8311 0.5541
vn 0.6866 -0.4796 0.5464
vn 0.0205 -0.9500 0.3115
vn 0.7702 0.5863 0.2511
vn 0.1945 -0.3827 0.9032
vn -0.7880 -0.1217 -0.6036
vn -0.7995 0.5994 -0.0389
vn -0.4831 0.4844 0.7293
vn 0.4125 -0.8977 -0.1549
vn 0.3478 -0.8790 -0.3262
vn 0.0424 0.6969 -0.7159
vn -0.5200 0.8444 -0.1290
vn 0.7956 -0.4112 -0.4450
vn 0.6146 0.5415 0.5737
vn -0.1946 0.7617 0.6181
vn 0.8428 -0.4180 -0.3391
vn -0.6973 -0.3437 0.6290
vn 0.6724 -0.7384 -0.0517
vn 0.1295 -0.7132 -0.6889
vn -0.6362 -0.6628 -0.3950
vn 0.2852 0.1546 0.9459
vn 0.4517 0.1402 0.8811
vn 0.6435 0.3204 -0.6951
vn 0.0719 -0.3462 -0.9354
vn 0.3994 0.7361 0.5465
vn -0.9188 0.3845 -0.0891
vn -0.7047 -0.3261 -0.6301
vn 0.1934 0.7477 0.6353
vn 0.4688 -0.2582 0.8447
vn 0.7641 0.1086 -0.6358
vn 0.5392 -0.5934 -0.5976
vn 0.2632 -0.9395 0.2193
vn 0.3338 0.6972 0.6344
vn 0.5887 0.7962 -0.1400
vn -0.0902 0.2093 -0.9737
vn -0.0675 -0.5280 -0.8466
vn -0.2179 0.8490 -0.4814
vn -0.9592 -0.2387 0.1518
vn -0.4461 -0.8919 -0.0744
vn -0.5535 0.7901 0.2633
vn 0.2418 0.2933 0.9249
vn 0.9120 -0.3810 -0.1518
vn 0.3062 -0.9491 0.0743
vn -0.0132 -0.5321 0.8465
vn 0.3438 0.8063 0.4814
vn 0.6666 0.6973 -0.2633
vn -0.5984 -0.2593 -0.7581
vn -0.4022 -0.8889 -0.2193
vn -0.2245 0.7397 -0.6344
vn -0.7389 0.2229 0.6359
vn -0.6228 -0.5050 0.5976
vn -0.4615 0.8760 0.1400
vn 0.2347 0.0631 -0.9700
vn -0.7389 0.2230 -0.6359
vn -0.6228 -0.5050 -0.5976
vn -0.0132 -0.5322 -0.8465
vn 0.3438 0.8063 -0.4814
vn -0.4615 0.8760 -0.1400
vn -0.5984 -0.2593 0.7581
vn -0.4022 -0.8889 0.2193
vn -0.2245 0.7397 0.6344
vn 0.9120 -0.3810 0.1518
vn 0.3062 -0.9491 -0.0743
vn 0.6666 0.6973 0.2633
vn 0.8581 -0.4246 0.2888
vn 0.1466 0.1767 -0.9733
vn -0.0934 -0.5195 -0.8493
vn 0.1596 -0.9841 -0.0774
vn 0.7644 0.5876 0.2652
vn 0.4618 0.7465 -0.4792
vn -0.6961 0.3331 -0.6360
vn -0.6910 -0.4024 -0.6004
vn -0.3258 0.9356 -0.1362
vn -0.6315 -0.1714 0.7562
vn -0.5311 -0.8192 0.2164
vn -0.1124 0.7622 0.6375
vn -0.4788 -0.3364 -0.8109
vn 0.7556 0.3619 -0.5460
vn 0.1704 0.9353 -0.3102
vn -0.6054 0.5032 -0.6167
vn -0.0864 -0.8275 -0.5547
vn 0.6665 -0.7019 -0.2511
vn 0.1165 0.3095 0.9438
vn -0.1246 0.9073 0.4015
vn 0.2936 -0.7026 0.6482
vn -0.9757 -0.2029 0.0824
vn -0.8629 0.5053 -0.0080
vn -0.4237 -0.8624 0.2769
vn 0.2464 -0.2366 -0.9399
vn -0.9745 0.2085 -0.0830
vn -0.8664 -0.4992 0.0081
vn -0.1300 -0.9068 -0.4011
vn 0.2985 0.6994 -0.6494
vn -0.4179 0.8646 -0.2788
vn -0.6019 0.2210 0.7674
vn -0.6093 -0.4983 0.6168
vn -0.0808 0.8283 0.5544
vn 0.7527 -0.3677 0.5461
vn 0.1644 -0.9362 0.3106
vn 0.6714 0.6972 0.2511
vn 0.4590 0.3024 0.8354
vn 0.0381 0.3580 -0.9329
vn 0.6043 -0.3205 -0.7294
vn 0.9405 -0.3375 0.0388
vn -0.5912 0.7375 0.3265
vn -0.6582 0.7365 0.1562
vn -0.4280 -0.6974 -0.5749
vn 0.4103 -0.6699 -0.6188
vn -0.9284 0.1515 0.3394
vn 0.1651 -0.6789 0.7154
vn 0.7459 -0.6536 0.1282
vn -0.8816 0.1587 0.4446
vn 0.2240 0.0958 -0.9699
vn -0.7639 0.1111 -0.6357
vn -0.5417 -0.5925 -0.5963
vn 0.0661 -0.5305 -0.8451
vn 0.2221 0.8473 -0.4824
vn -0.5841 0.7992 -0.1417
vn -0.5542 -0.3417 0.7590
vn -0.2678 -0.9378 0.2207
vn -0.3302 0.7002 0.6330
vn 0.9581 -0.2417 0.1534
vn 0.4424 -0.8939 -0.0725
vn 0.5569 0.7880 0.2626
vn -0.2016 0.8198 -0.5360
vn -0.8614 -0.5054 -0.0503
vn -0.3361 -0.6435 -0.6877
vn -0.1721 -0.3102 -0.9350
vn -0.1625 0.8223 0.5454
vn -0.3896 0.2691 0.8808
vn 0.3885 -0.8147 0.4304
vn 0.4097 -0.8228 -0.3937
vn -0.2257 0.2333 0.9459
vn 0.9916 0.0936 -0.0895
vn 0.5753 -0.5220 -0.6297
vn 0.0381 0.7720 0.6345
vn 0.5389 0.6498 0.5360
vn 0.5549 -0.8304 0.0502
vn 0.0219 -0.7257 0.6877
vn 0.0196 -0.3541 0.9350
vn 0.5048 0.6692 -0.5453
vn 0.4680 0.0723 -0.8808
vn -0.7049 -0.5638 -0.4304
vn -0.7275 -0.5619 0.3938
vn 0.3048 0.1116 -0.9458
vn -0.8515 0.5166 0.0895
vn -0.7454 -0.2189 0.6297
vn 0.3022 0.7114 -0.6345
vn -0.7277 -0.6823 0.0704
vn 0.0901 0.3484 0.9330
vn 0.5507 -0.4058 0.7294
vn 0.3074 -0.7231 0.6186
vn -0.8961 0.2860 -0.3394
vn -0.5431 0.8251 -0.1559
vn 0.7606 0.2385 -0.6038
vn 0.8807 -0.4720 -0.0388
vn -0.4765 0.8163 -0.3264
vn 0.0635 -0.6957 -0.7156
vn 0.6417 -0.7561 -0.1285
vn -0.8486 0.2864 -0.4448
vn -0.2419 -0.2932 0.9249
vn -0.9120 0.3810 -0.1518
vn -0.3061 0.9491 0.0743
vn 0.0132 0.5322 0.8465
vn -0.3438 -0.8063 0.4814
vn -0.6666 -0.6973 -0.2633
vn 0.5984 0.2594 -0.7580
vn 0.4023 0.8889 -0.2194
vn 0.2245 -0.7397 -0.6344
vn 0.7389 -0.2228 0.6359
vn 0.6228 0.5050 0.5976
vn 0.4615 -0.8760 0.1400
vn -0.0388 -0.7644 -0.6436
vn -0.9651 0.2463 0.0890
vn -0.6497 -0.4251 0.6303
vn -0.5328 -0.7482 0.3954
vn 0.2598 0.1942 -0.9459
vn 0.0824 0.7677 -0.6355
vn 0.5899 0.4112 0.6950
vn 0.1216 -0.3317 0.9355
vn 0.2876 0.7863 -0.5468
vn 0.7729 -0.6324 0.0521
vn 0.2320 -0.6864 0.6893
vn 0.4264 0.2044 -0.8811
vn -0.3254 -0.7798 0.5348
vn -0.7729 0.6323 0.0521
vn -0.2320 0.6864 0.6893
vn -0.1216 0.3317 0.9355
vn -0.2876 -0.7863 -0.5468
vn -0.4264 -0.2044 -0.8811
vn 0.5108 0.7450 -0.4290
vn 0.5328 0.7482 0.3954
vn -0.2598 -0.1942 -0.9459
vn 0.9651 -0.2463 0.0890
vn 0.6497 0.4251 0.6303
vn -0.0824 -0.7677 -0.6355
vn -0.8528 0.2769 0.4429
vn 0.9207 0.3799 0.0890
vn 0.7031 -0.3293 0.6302
vn -0.0736 -0.3455 0.9355
vn -0.3956 0.7379 -0.5468
vn -0.1896 0.7484 -0.6355
vn 0.6107 -0.6656 -0.4290
vn 0.6329 -0.6657 0.3953
vn -0.2845 0.1556 -0.9459
vn -0.6761 -0.7349 0.0521
vn -0.1331 -0.7122 0.6892
vn -0.4510 0.1423 -0.8811
vn 0.4986 0.2321 0.8352
vn 0.0901 0.3484 -0.9330
vn 0.5507 -0.4058 -0.7294
vn 0.8807 -0.4720 0.0388
vn -0.4765 0.8163 0.3264
vn -0.5431 0.8251 0.1559
vn -0.5258 -0.6273 -0.5745
vn 0.3074 -0.7231 -0.6186
vn -0.8961 0.2860 0.3393
vn 0.0636 -0.6957 0.7156
vn 0.6417 -0.7561 0.1285
vn -0.8486 0.2864 0.4448
vn -0.5568 -0.1886 -0.8090
vn 0.8270 0.1323 -0.5464
vn 0.4326 0.8461 -0.3115
vn -0.4376 0.6535 -0.6176
vn -0.3204 -0.7683 -0.5541
vn 0.4376 -0.8634 -0.2510
vn 0.2029 0.2682 0.9417
vn 0.1435 0.9053 0.3998
vn 0.0803 -0.7542 0.6517
vn -0.9926 0.0881 0.0830
vn -0.6821 0.7312 -0.0089
vn -0.6535 -0.7023 0.2823
vn -0.6373 0.4452 -0.6290
vn 0.7763 0.6283 0.0516
vn 0.2359 0.6854 0.6889
vn -0.5286 0.7514 0.3950
vn 0.2585 -0.1959 -0.9459
vn 0.4254 -0.2069 -0.8810
vn 0.5877 -0.4141 0.6951
vn 0.1234 0.3313 0.9354
vn 0.2835 -0.7880 -0.5465
vn -0.9664 -0.2411 0.0891
vn -0.6472 0.4290 0.6301
vn 0.0781 -0.7683 -0.6353
vn -0.6197 -0.7816 0.0707
vn 0.0381 0.3580 0.9329
vn 0.6043 -0.3205 0.7294
vn 0.4103 -0.6699 0.6188
vn -0.9284 0.1515 -0.3394
vn -0.6582 0.7364 -0.1562
vn 0.7174 0.3473 -0.6039
vn 0.9405 -0.3375 -0.0389
vn -0.5912 0.7375 -0.3265
vn 0.1651 -0.6789 -0.7154
vn 0.7459 -0.6536 -0.1282
vn -0.8816 0.1587 -0.4446
vn -0.5007 0.0921 -0.8607
vn -0.9745 0.2086 0.0830
vn -0.8664 -0.4992 -0.0081
vn -0.6093 -0.4983 -0.6168
vn -0.0808 0.8283 -0.5544
vn -0.4179 0.8646 0.2788
vn 0.1149 -0.3121 0.9431
vn -0.1300 -0.9068 0.4011
vn 0.2985 0.6994 0.6494
vn 0.7527 -0.3677 -0.5461
vn 0.1644 -0.9362 -0.3106
vn 0.6715 0.6972 -0.2511
vn -0.7402 -0.2361 0.6296
vn 0.5549 -0.8304 -0.0502
vn 0.0219 -0.7257 -0.6877
vn -0.7275 -0.5619 -0.3938
vn 0.3048 0.1116 0.9458
vn 0.4680 0.0723 0.8808
vn 0.6839 0.2204 -0.6955
vn 0.0196 -0.3541 -0.9350
vn 0.5048 0.6692 0.5453
vn -0.8515 0.5166 -0.0895
vn -0.7454 -0.2189 -0.6297
vn 0.3022 0.7114 0.6345
vn -0.2089 0.2745 -0.9386
vn 0.9317 -0.3535 -0.0831
vn 0.9326 0.3607 0.0089
vn 0.2655 0.8773 -0.3998
vn -0.4011 -0.6437 -0.6518
vn 0.2820 -0.9170 -0.2823
vn 0.5629 -0.3113 0.7657
vn 0.6787 0.3974 0.6176
vn -0.0466 -0.8312 0.5541
vn -0.6866 0.4797 0.5464
vn -0.0205 0.9500 0.3115
vn -0.7703 -0.5862 0.2511
vn -0.4079 0.3698 -0.8348
vn 0.0169 0.3589 0.9332
vn -0.6460 -0.2253 0.7294
vn -0.9808 -0.1908 -0.0390
vn 0.6962 0.6394 -0.3263
vn 0.7626 0.6281 -0.1548
vn 0.3171 -0.7552 0.5737
vn -0.5072 -0.6006 0.6180
vn 0.9407 0.0088 -0.3391
vn -0.2657 -0.6457 -0.7159
vn -0.8361 -0.5332 -0.1290
vn 0.8952 0.0233 -0.4450
vn -0.1499 -0.7502 -0.6440
vn -0.9188 0.3845 0.0892
vn -0.7046 -0.3262 0.6302
vn -0.6362 -0.6628 0.3950
vn 0.2852 0.1546 -0.9459
vn 0.1934 0.7476 -0.6353
vn 0.6435 0.3204 0.6951
vn 0.0720 -0.3462 0.9354
vn 0.3994 0.7361 -0.5465
vn 0.6723 -0.7384 0.0517
vn 0.1295 -0.7132 0.6889
vn 0.4517 0.1402 -0.8811
vn 0.6405 -0.3930 0.6598
vn -0.1680 -0.6780 -0.7156
vn -0.7487 -0.6504 -0.1284
vn -0.4133 -0.6682 0.6186
vn 0.9290 0.1472 -0.3394
vn 0.8822 0.1548 -0.4448
vn -0.7158 0.3509 -0.6038
vn -0.9420 -0.3333 -0.0388
vn 0.5945 0.7348 -0.3264
vn -0.0363 0.3580 0.9330
vn -0.6057 -0.3178 0.7295
vn 0.6616 0.7335 -0.1558
vn 0.7277 0.6823 0.0704
vn -0.0901 -0.3483 0.9330
vn -0.5507 0.4058 0.7294
vn -0.3074 0.7230 0.6186
vn 0.8961 -0.2860 -0.3394
vn 0.5431 -0.8251 -0.1558
vn -0.7606 -0.2386 -0.6038
vn -0.8808 0.4720 -0.0388
vn 0.4765 -0.8163 -0.3264
vn -0.0636 0.6956 -0.7156
vn -0.6417 0.7561 -0.1285
vn 0.8486 -0.2864 -0.4447
vn -0.3891 0.8664 0.3129
vn -0.2657 -0.6457 0.7159
vn -0.8361 -0.5331 0.1290
vn -0.9809 -0.1908 0.0390
vn 0.6962 0.6394 0.3263
vn 0.8952 0.0232 0.4450
vn 0.3170 -0.7553 -0.5737
vn -0.5072 -0.6006 -0.6181
vn 0.9407 0.0087 0.3391
vn 0.0169 0.3589 -0.9332
vn -0.6460 -0.2253 -0.7293
vn 0.7626 0.6281 0.1549
vn 0.4079 -0.3698 -0.8348
vn -0.0169 -0.3589 0.9332
vn 0.6460 0.2253 0.7294
vn 0.9808 0.1908 -0.0389
vn -0.6962 -0.6394 -0.3263
vn -0.7626 -0.6281 -0.1548
vn -0.3171 0.7552 0.5737
vn 0.5072 0.6006 0.6180
vn -0.9407 -0.0088 -0.3391
vn 0.2657 0.6457 -0.7159
vn 0.8361 0.5332 -0.1290
vn -0.8952 -0.0233 -0.4450
vn -0.0198 -0.6776 0.7352
vn 0.5003 -0.6287 -0.5953
vn -0.6012 -0.5320 -0.5962
vn -0.8191 -0.5737 -0.0000
vn 0.9518 -0.3067 -0.0000
vn 0.6374 -0.3684 0.6767
vn 0.3375 0.7183 -0.6083
vn -0.1621 0.6807 0.7144
vn -0.3683 -0.9107 0.1868
vn -0.5036 0.5568 0.6606
vn 0.2155 0.1674 0.9621
vn 0.1342 -0.1711 0.9761
vn -0.6038 -0.4205 -0.6771
vn -0.6003 0.3206 -0.7327
vn 0.7622 0.5577 -0.3288
vn 0.8772 0.1716 0.4485
vn -0.5627 0.3194 -0.7625
vn 0.7898 -0.5442 -0.2829
vn 0.8684 -0.1204 0.4810
vn -0.5932 -0.3026 -0.7460
vn -0.7872 -0.4683 0.4013
vn -0.7404 0.1670 -0.6510
vn 0.5203 0.3090 0.7961
vn -0.3788 -0.4064 -0.8315
vn 0.4824 -0.8614 -0.1591
vn -0.8286 0.3464 -0.4398
vn 0.6576 0.5553 0.5091
vn 0.0408 0.1673 0.9851
vn -0.7293 0.1702 0.6627
vn 0.3445 0.3197 -0.8827
vn 0.3930 0.3207 -0.8618
vn 0.6802 -0.5752 0.4544
vn 0.0546 -0.2202 0.9739
vn 0.4237 -0.3068 -0.8523
vn -0.8071 -0.5847 -0.0826
vn -0.6730 -0.1702 0.7198
vn 0.3895 -0.2036 -0.8982
vn -0.3716 -0.7306 0.5728
vn 0.5199 -0.6802 -0.5167
vn -0.4979 0.0917 -0.8624
vn -0.8963 0.0652 -0.4386
vn 0.9905 -0.0536 0.1263
vn 0.4985 -0.0778 0.8634
vn 0.6891 0.6577 -0.3041
vn -0.4567 0.4071 -0.7910
vn 0.4687 -0.3481 0.8119
vn -0.1766 0.6054 0.7761
vn -0.9069 0.3152 -0.2796
vn 0.9241 -0.2581 0.2820
vn 0.5501 0.0554 0.8333
vn -0.3564 0.9195 0.1656
vn 0.3225 0.3105 -0.8942
vn 0.8693 -0.0030 -0.4942
vn -0.9000 0.0270 0.4351
vn -0.3687 -0.3398 0.8652
vn -0.7616 0.5240 -0.3813
vn 0.5648 0.2669 -0.7809
vn -0.4057 -0.3713 0.8352
vn -0.5133 -0.5436 0.6641
vn 0.8495 0.0355 -0.5263
vn -0.8230 -0.0456 0.5661
vn 0.4893 -0.5925 0.6400
vn 0.9063 -0.0887 -0.4132
vn -0.8830 0.0129 0.4692
vn -0.4242 -0.3352 0.8412
vn -0.7949 0.6054 0.0394
vn 0.9034 -0.0819 0.4208
vn -0.8822 0.0053 -0.4709
vn -0.1663 -0.8641 -0.4751
vn 0.3570 0.7149 0.6012
vn -0.5377 0.6807 -0.4975
vn -0.6268 -0.6776 -0.3847
vn 0.4095 -0.5737 -0.7093
vn -0.4759 -0.3066 0.8243
vn 0.2673 -0.6286 0.7304
vn -0.2588 -0.9410 0.2179
vn -0.3660 0.6112 0.7018
vn -0.0651 0.6151 0.7858
vn 0.0230 -0.6180 0.7858
vn -0.8237 -0.4378 -0.3603
vn -0.8773 0.3180 -0.3594
vn 0.6726 0.7328 -0.1026
vn -0.0305 0.4311 0.9018
vn -0.0326 0.4601 -0.8873
vn 0.7692 -0.6307 -0.1030
vn 0.0305 -0.4311 0.9018
vn 0.0326 -0.4601 -0.8873
vn 0.5059 0.6414 0.5768
vn 0.3741 0.5904 -0.7152
vn 0.5803 0.5980 -0.5528
vn 0.6446 0.3848 -0.6607
vn -0.5603 0.5095 0.6531
vn -0.8197 0.4338 -0.3740
vn 0.2809 -0.6395 -0.7156
vn 0.4822 -0.6789 -0.5536
vn -0.8753 -0.3058 -0.3746
vn 0.4033 -0.7106 0.5765
vn 0.5790 -0.4776 -0.6608
vn -0.6308 -0.4191 0.6530
vn -0.5796 0.6070 -0.5437
vn -0.3087 -0.7324 -0.6069
vn 0.1876 -0.6804 0.7084
vn 0.9958 0.0920 -0.0000
vn -0.9969 -0.0781 -0.0003
vn -0.0824 0.6599 0.7468
vn 0.8999 0.4360 0.0030
vn -0.9473 -0.3203 -0.0033
vn -0.7692 0.6307 0.1027
vn -0.6727 -0.7328 0.1028
vn 0.0305 -0.4311 -0.9018
vn -0.0305 0.4311 -0.9018
vn -0.0326 0.4601 0.8873
vn 0.0326 -0.4601 0.8873
vn 0.3659 -0.6117 -0.7014
vn 0.0642 -0.6151 -0.7858
vn 0.8773 -0.3173 0.3602
vn 0.2761 0.6569 -0.7016
vn -0.0221 0.6181 -0.7858
vn 0.8237 0.4385 0.3596
vn 0.0382 0.9195 0.3913
vn -0.3275 -0.5246 0.7858
vn -0.9124 -0.1712 0.3718
vn -0.9409 0.1674 0.2945
vn 0.9347 0.3206 0.1536
vn 0.8883 -0.4205 0.1844
vn -0.1500 -0.5441 -0.8255
vn -0.8508 -0.1203 -0.5115
vn 0.9427 -0.3026 0.1407
vn -0.0964 0.5576 -0.8245
vn -0.8270 0.1716 -0.5353
vn 0.9417 0.3194 0.1061
vn 0.5516 -0.7274 -0.4082
vn -0.7661 -0.6417 0.0352
vn -0.0293 -0.4843 0.8744
vn 0.6042 -0.5278 0.5969
vn -0.6408 -0.3733 -0.6709
vn 0.0170 -0.4151 -0.9096
vn -0.9937 0.0783 0.0808
vn 0.0377 -0.0016 0.9993
vn 0.0681 -0.0283 -0.9973
vn -0.6288 0.7728 0.0863
vn -0.0478 0.0584 0.9971
vn 0.0939 -0.0358 -0.9949
vn 0.7182 0.5980 -0.3558
vn 0.9068 -0.0478 -0.4188
vn 0.8885 -0.0542 -0.4557
vn 0.8272 -0.0316 0.5610
vn -0.6095 0.0314 -0.7921
vn 0.5031 -0.8545 -0.1295
vn 0.2585 0.2870 0.9224
vn -0.8886 0.0130 -0.4586
vn -0.3077 -0.3111 -0.8992
vn 0.3626 0.2659 0.8932
vn 0.4852 0.3214 0.8132
vn -0.8452 -0.0146 0.5342
vn -0.6039 -0.0955 -0.7913
vn 0.7139 0.1553 0.6828
vn -0.1234 -0.5183 0.8463
vn 0.0788 0.1369 0.9874
vn 0.9238 -0.3396 0.1768
vn 0.8893 -0.4206 0.1795
vn -0.9003 0.4093 -0.1482
vn -0.9063 0.3608 -0.2200
vn -0.0028 0.9884 -0.1519
vn -0.1774 0.5497 -0.8163
vn -0.8540 -0.3923 0.3418
vn 0.9387 -0.2858 0.1929
vn -0.9543 0.2666 -0.1353
vn 0.5627 -0.6676 0.4876
vn -0.2529 0.8153 0.5208
vn -0.2657 -0.4737 -0.8397
vn 0.4499 -0.4364 -0.7792
vn -0.4533 0.4218 0.7852
vn 0.3216 0.4080 0.8545
vn -0.8388 -0.4295 0.3346
vn -0.1236 -0.6852 0.7178
vn 0.4151 -0.6625 -0.6236
vn -0.9979 0.0651 -0.0000
vn 0.9985 -0.0555 -0.0000
vn 0.4280 0.6863 -0.5880
vn -0.0840 0.6834 0.7252
vn -0.9958 0.0914 -0.0001
vn 0.9970 -0.0775 -0.0004
vn 0.6503 0.6611 -0.3741
vn 0.1490 -0.8852 -0.4408
vn 0.6234 -0.3427 0.7028
vn 0.6783 0.1453 0.7203
vn -0.6223 0.5373 -0.5692
vn -0.6389 0.3618 -0.6789
vn -0.9573 -0.2252 0.1813
vn 0.0031 -0.0094 1.0000
vn -0.0732 0.0360 -0.9967
vn -0.5512 0.8053 0.2185
vn -0.0275 0.4495 0.8928
vn -0.0639 0.4668 -0.8820
vn -0.7164 -0.6832 -0.1411
vn 0.2109 -0.4143 0.8854
vn 0.9228 -0.3408 -0.1800
vn 0.4423 -0.4742 -0.7613
vn -0.4288 0.5138 0.7430
vn -0.9025 0.3767 0.2086
vn 0.5403 0.7101 0.4515
vn 0.9629 0.1453 -0.2272
vn -0.8042 0.5373 0.2542
vn -0.3793 0.5944 -0.7091
vn 0.5000 0.0124 -0.8660
vn -0.4149 0.5580 0.7187
vn 0.2955 -0.5811 -0.7583
vn -0.2339 0.6814 -0.6935
vn -0.8466 0.1705 -0.5042
vn -0.9407 -0.1725 -0.2920
vn 0.9772 0.1635 0.1354
vn 0.8880 0.4504 0.0928
vn -0.0720 0.5083 0.8582
vn -0.9629 0.1453 0.2272
vn 0.8041 0.5373 -0.2542
vn 0.3229 -0.8843 0.3373
vn -0.9281 -0.3226 0.1860
vn 0.9021 0.3761 -0.2115
vn 0.6485 0.4581 0.6079
vn 0.1197 -0.8485 0.5155
vn -0.6051 0.3973 0.6899
vn -0.5053 0.7150 0.4832
vn 0.6199 0.3402 -0.7071
vn 0.5821 -0.2815 -0.7628
vn -0.3936 -0.5348 -0.7478
vn -0.8930 0.4500 -0.0046
vn 0.8679 -0.4967 -0.0037
vn 0.2081 0.6467 -0.7338
vn -0.5994 0.8004 -0.0000
vn 0.9619 0.2736 -0.0000
vn 0.9637 0.2492 -0.0955
vn 0.4574 0.8303 -0.3186
vn 0.3024 -0.3229 -0.8968
vn 0.3222 -0.4897 -0.8101
vn -0.3220 0.4093 0.8537
vn -0.2702 0.3766 0.8861
vn -0.8772 0.4778 -0.0467
vn -0.4432 -0.4730 -0.7615
vn 0.4267 0.5130 0.7449
vn -0.1720 0.1814 0.9683
vn -0.4499 -0.4364 -0.7792
vn 0.4533 0.4218 0.7852
vn 0.1597 -0.4206 0.8931
vn -0.3259 0.8138 0.4812
vn 0.8599 -0.4738 -0.1898
vn -0.8997 0.4109 0.1473
vn -0.7036 -0.6676 -0.2435
vn -0.4008 -0.9134 -0.0715
vn -0.7665 0.5571 0.3195
vn -0.2948 0.1676 0.9408
vn -0.2440 -0.2298 0.9422
vn -0.1633 -0.2044 -0.9652
vn -0.1527 0.3205 -0.9349
vn 0.8225 0.5587 0.1064
vn 0.5297 0.1684 0.8313
vn -0.1001 0.3201 -0.9421
vn 0.7897 -0.6045 0.1047
vn 0.4546 -0.2101 0.8656
vn -0.1244 -0.1677 -0.9780
vn -0.4328 0.6591 -0.6150
vn -0.6204 -0.6844 -0.3830
vn 0.2331 -0.6261 0.7441
vn 0.4521 0.7425 0.4944
vn -0.0034 -0.4648 0.8854
vn -0.9342 0.1668 0.3154
vn 0.9496 0.3091 -0.0525
vn 0.9111 0.3108 0.2709
vn -0.9216 -0.2745 -0.2742
vn -0.9095 -0.4063 -0.0877
vn 0.0726 -0.8625 -0.5008
vn 0.8847 0.0593 -0.4624
vn -0.9090 -0.0358 0.4154
vn -0.8406 0.5368 -0.0722
vn -0.7765 -0.3997 -0.4871
vn -0.0454 -0.1667 -0.9850
vn -0.3246 0.0237 -0.9456
vn -0.4288 0.0270 0.9030
vn -0.3032 -0.2381 0.9227
vn 0.5463 -0.7314 0.4082
vn 0.6012 -0.5320 -0.5962
vn -0.6374 -0.3684 0.6767
vn 0.8985 -0.0577 0.4352
vn 0.8300 -0.0316 -0.5569
vn -0.5891 0.0269 0.8076
vn 0.9070 -0.0414 0.4191
vn 0.8535 -0.0690 -0.5166
vn -0.5324 0.0909 0.8416
vn 0.7506 0.5729 0.3292
vn 0.6705 -0.2827 -0.6859
vn -0.5872 0.2969 0.7530
vn -0.5625 0.5893 -0.5800
vn 0.3833 -0.0955 -0.9187
vn -0.2342 0.1553 0.9597
vn -0.8211 0.0703 -0.5664
vn -0.2876 0.0318 -0.9572
vn -0.3780 0.0252 0.9255
vn 0.5538 0.6862 -0.4716
vn -0.3342 0.6621 0.6708
vn -0.4977 -0.0947 -0.8621
vn 0.4984 0.0810 0.8632
vn -0.3090 -0.6861 0.6587
vn 0.5816 -0.6835 -0.4411
vn -0.4990 -0.0615 -0.8644
vn 0.4993 0.0519 0.8649
vn -0.8667 0.4945 -0.0657
vn -0.4847 -0.4147 0.7701
vn 0.2459 0.2067 -0.9470
vn -0.3308 -0.1567 0.9306
vn 0.6643 0.5837 0.4670
vn 0.6853 0.4647 -0.5608
vn -0.6502 -0.4318 0.6251
vn 0.0880 0.9264 0.3662
vn 0.6014 0.3738 -0.7061
vn -0.5831 -0.2951 0.7569
vn -0.3718 0.6024 0.7063
vn -0.4992 -0.8576 -0.1238
vn 0.2848 -0.3273 -0.9010
vn 0.8164 -0.0814 -0.5718
vn -0.8493 0.0055 0.5279
vn -0.3466 0.2441 0.9057
vn 0.5048 -0.3352 0.7955
vn -0.6853 0.6862 0.2438
vn -0.6728 -0.6835 0.2831
vn 0.7281 -0.6826 0.0634
vn 0.0787 -0.0460 -0.9958
vn -0.3826 0.0192 0.9237
vn 0.7270 0.6841 0.0593
vn 0.0467 -0.0934 -0.9945
vn -0.4717 0.0298 0.8813
vn 0.0559 -0.9402 -0.3359
vn -0.3100 0.5586 -0.7694
vn -0.9385 0.1703 -0.3003
vn -0.9598 -0.1703 -0.2230
vn 0.9726 -0.2037 -0.1119
vn 0.9367 0.3197 -0.1430
vn -0.1122 0.5553 0.8241
vn -0.8328 0.1673 0.5278
vn 0.9428 0.3207 -0.0906
vn -0.0535 -0.5752 0.8163
vn -0.8162 -0.2201 0.5342
vn 0.9499 -0.3068 -0.0592
vn -0.7490 0.6591 0.0673
vn -0.6419 -0.6844 0.3458
vn 0.7609 -0.6261 0.1702
vn 0.6742 0.7222 -0.1549
vn 0.3706 -0.7286 0.5760
vn 0.1689 0.5842 0.7938
vn 0.9076 0.3124 -0.2803
vn 0.8988 0.0746 -0.4319
vn -0.9914 -0.0529 0.1198
vn -0.9134 -0.2917 0.2838
vn -0.6891 0.6577 -0.3041
vn -0.5199 -0.6802 -0.5167
vn 0.2747 -0.8946 0.3525
vn 0.7697 0.5553 0.3149
vn 0.8735 0.1673 -0.4572
vn 0.8707 -0.2202 -0.4397
vn -0.5262 -0.3068 0.7931
vn -0.5499 0.3207 0.7712
vn -0.5113 0.5585 -0.6532
vn 0.2092 0.1702 -0.9629
vn -0.5922 0.3196 0.7397
vn -0.4751 -0.5847 -0.6576
vn 0.2868 -0.1702 -0.9427
vn -0.5832 -0.2037 0.7864
vn -0.6919 0.3434 -0.6351
vn 0.5113 0.5585 0.6532
vn -0.2092 0.1702 0.9629
vn -0.8735 0.1673 0.4572
vn 0.5499 0.3207 -0.7712
vn 0.5922 0.3196 -0.7397
vn 0.4751 -0.5847 0.6576
vn -0.2868 -0.1702 0.9427
vn 0.5832 -0.2037 -0.7864
vn -0.7336 -0.5752 -0.3618
vn -0.8707 -0.2202 0.4397
vn 0.5262 -0.3068 -0.7931
vn 0.1786 -0.8622 -0.4741
vn 0.9281 0.2870 0.2372
vn -0.8413 0.0131 0.5403
vn 0.9468 0.3214 -0.0135
vn 0.0401 -0.0146 0.9991
vn -0.8095 0.1427 0.5694
vn 0.1300 0.9883 -0.0795
vn 0.8623 -0.0042 0.5064
vn 0.3138 -0.3337 0.8889
vn -0.2624 0.3708 -0.8909
vn -0.8271 0.0269 -0.5614
vn 0.6157 0.5587 -0.5556
vn 0.8109 -0.0885 0.5784
vn -0.8479 0.0129 -0.5300
vn -0.7403 -0.4125 -0.5309
vn -0.7489 -0.5718 0.3349
vn 0.3468 -0.4326 0.8322
vn -0.3539 0.3485 -0.8680
vn 0.7036 -0.6676 -0.2435
vn 0.3246 0.8154 0.4794
vn -0.8600 -0.4737 -0.1898
vn 0.9007 0.4080 0.1489
vn -0.1679 -0.4051 0.8987
vn -0.4917 0.8396 -0.2307
vn 0.3981 0.4780 0.7829
vn -0.4380 -0.4731 0.7644
vn 0.4315 0.5129 -0.7421
vn 0.9245 0.1814 -0.3353
vn -0.5464 0.3179 -0.7748
vn -0.8932 -0.4349 0.1139
vn 0.8969 0.4341 -0.0842
vn -0.0071 0.4551 0.8904
vn -0.0864 0.8053 -0.5866
vn 0.7595 0.4495 -0.4702
vn 0.9629 0.1453 0.2272
vn -0.8041 0.5373 -0.2542
vn -0.7958 0.4668 0.3857
vn -0.3195 -0.2309 -0.9190
vn -0.3228 -0.8843 0.3373
vn -0.4783 0.6641 -0.5747
vn 0.3793 0.5944 0.7091
vn -0.5000 0.0124 0.8660
vn 0.4149 0.5580 -0.7187
vn 0.7132 -0.6858 0.1450
vn -0.2011 -0.4209 -0.8845
vn 0.5345 0.8304 0.1572
vn 0.8666 -0.4209 -0.2680
vn 0.2847 0.1453 0.9476
vn -0.1819 0.5373 -0.8235
vn -0.4821 -0.6859 -0.5451
vn -0.8038 0.5944 0.0261
vn -0.5090 -0.5811 -0.6350
vn -0.7176 0.6814 -0.1441
vn -0.8599 0.1705 0.4811
vn -0.7232 -0.1725 0.6688
vn 0.6058 0.1635 -0.7786
vn 0.5244 0.4504 -0.7226
vn 0.7073 0.5083 0.4914
vn -0.2847 0.1453 0.9475
vn 0.1819 0.5373 -0.8235
vn 0.4536 -0.8843 -0.1109
vn -0.3030 -0.3226 0.8967
vn 0.2680 0.3760 -0.8870
vn 0.4632 0.8321 0.3051
vn 0.9443 0.3178 0.0857
vn -0.1719 0.1814 -0.9683
vn -0.8771 0.4780 0.0466
vn 0.8755 0.1670 -0.4535
vn -0.2737 -0.2352 -0.9326
vn -0.7866 0.5646 0.2501
vn 0.0783 -0.0773 0.9939
vn -0.0300 0.0169 -0.9994
vn -0.1273 0.9892 0.0726
vn 0.2518 0.8175 0.5180
vn -0.5627 -0.6676 0.4876
vn 0.8615 -0.4051 0.3060
vn 0.6204 -0.6844 -0.3830
vn 0.4328 0.6591 -0.6150
vn -0.4732 0.7213 0.5058
vn -0.2524 -0.6429 0.7232
vn -0.1621 0.9195 0.3580
vn -0.6118 -0.6010 0.5143
vn -0.9379 -0.2298 -0.2598
vn -0.9621 0.1675 -0.2151
vn 0.7333 0.3205 0.5997
vn 0.7542 -0.2045 0.6240
vn 0.3042 -0.6046 -0.7362
vn -0.5223 -0.2100 -0.8265
vn 0.7848 -0.1677 0.5967
vn 0.3192 0.5587 -0.7655
vn -0.4551 0.1683 -0.8744
vn 0.7658 0.3201 0.5577
vn 0.0734 -0.8654 0.4957
vn -0.9342 0.1654 -0.3161
vn 0.9496 0.3090 0.0525
vn 0.8791 0.0503 0.4740
vn -0.9019 -0.0452 -0.4296
vn -0.9102 -0.4047 0.0881
vn -0.0439 -0.4731 -0.8799
vn -0.6466 -0.6776 -0.3505
vn -0.6997 0.6807 -0.2168
vn -0.4990 -0.0615 0.8644
vn -0.4095 -0.5737 0.7093
vn 0.4759 -0.3066 -0.8243
vn 0.4993 0.0519 -0.8649
vn 0.6931 0.7208 -0.0080
vn 0.0586 -0.0387 0.9975
vn -0.3957 0.0134 -0.9183
vn 0.7662 -0.6286 -0.1337
vn 0.2147 -0.5278 0.8218
vn -0.2604 -0.3734 -0.8904
vn 0.6080 0.6577 -0.4447
vn 0.7074 -0.6802 -0.1919
vn 0.4979 0.0917 0.8624
vn 0.4567 0.4071 0.7910
vn -0.4687 -0.3481 -0.8119
vn -0.4985 -0.0778 -0.8634
vn -0.6799 -0.7324 0.0361
vn -0.0681 0.0687 0.9953
vn 0.3890 -0.0551 -0.9196
vn -0.7724 0.5849 -0.2478
vn -0.2116 0.3150 0.9252
vn 0.2087 -0.2891 -0.9343
vn -0.8305 -0.0470 -0.5551
vn -0.6216 -0.7327 -0.2770
vn 0.2147 -0.5278 -0.8218
vn -0.2604 -0.3734 0.8904
vn 0.4136 -0.6418 0.6458
vn 0.7719 -0.4843 -0.4119
vn -0.7962 -0.4150 0.4402
vn 0.5668 0.0785 0.8201
vn 0.8467 -0.0016 -0.5321
vn -0.8977 -0.0281 0.4397
vn 0.3703 0.7666 0.5246
vn -0.6597 0.5743 -0.4848
vn -0.8310 -0.0702 -0.5518
vn -0.0792 -0.7395 0.6685
vn 0.0717 -0.0633 0.9954
vn 0.8995 -0.0317 0.4357
vn 0.8191 -0.5278 0.2248
vn -0.9013 -0.3734 -0.2196
vn -0.9940 0.0205 -0.1073
vn 0.0907 -0.0479 0.9947
vn 0.8769 -0.0688 0.4758
vn -0.9956 0.0841 -0.0404
vn 0.0746 0.6071 0.7911
vn -0.2458 0.7787 -0.5772
vn -0.4285 0.1195 -0.8956
vn 0.8842 -0.0016 -0.4670
vn -0.8252 0.0135 0.5647
vn -0.3524 -0.6419 -0.6811
vn 0.7427 -0.4842 -0.4625
vn -0.7793 -0.4150 0.4696
vn 0.6466 -0.6776 -0.3505
vn -0.7657 -0.6288 -0.1357
vn 0.4095 -0.5737 0.7093
vn -0.4759 -0.3066 -0.8243
vn -0.6897 0.7241 -0.0065
vn 0.6997 0.6807 -0.2168
vn 0.4990 -0.0615 0.8644
vn -0.4993 0.0519 -0.8649
vn 0.2007 0.6039 -0.7714
vn 0.3705 -0.7287 -0.5759
vn 0.8958 0.0739 0.4383
vn -0.9904 -0.0498 -0.1292
vn -0.5199 -0.6802 0.5167
vn -0.6891 0.6577 0.3041
vn 0.5303 0.8345 0.1496
vn 0.1401 -0.8580 0.4942
vn -0.9221 -0.3294 0.2029
vn -0.8413 0.0131 -0.5403
vn 0.9468 0.3214 0.0135
vn 0.9584 0.2420 -0.1514
vn 0.0401 -0.0146 -0.9991
vn -0.9872 -0.0955 -0.1275
vn 0.9482 0.1553 0.2770
vn -0.4648 0.7112 -0.5274
vn 0.4328 0.6591 0.6150
vn 0.6204 -0.6844 0.3830
vn -0.2524 -0.6429 -0.7231
vn -0.8894 -0.0401 0.4554
vn 0.9993 0.0341 -0.0156
vn 0.0962 0.1264 -0.9873
vn -0.0585 -0.4889 -0.8704
vn -0.8301 -0.4122 -0.3755
vn -0.1734 0.5587 0.8110
vn -0.0037 0.9882 0.1532
vn 0.8697 -0.0042 0.4936
vn -0.9000 0.0277 -0.4349
vn 0.3227 0.8175 -0.4770
vn 0.7036 -0.6676 0.2435
vn -0.1679 -0.4051 -0.8987
vn 0.4958 0.8321 -0.2487
vn 0.5465 0.3179 -0.7748
vn -0.9245 0.1814 -0.3353
vn 0.4499 -0.4364 0.7792
vn -0.4533 0.4218 -0.7852
vn -0.3973 0.4820 0.7810
vn 0.4380 -0.4731 0.7644
vn -0.4267 0.5126 -0.7451
vn -0.5627 -0.6676 -0.4876
vn 0.3266 0.8108 -0.4857
vn 0.8625 -0.3851 -0.3284
vn -0.4457 0.8396 0.3104
vn 0.8771 0.4784 0.0422
vn 0.1719 0.1814 -0.9683
vn -0.9443 0.3178 0.0857
vn -0.3479 -0.4350 0.8305
vn 0.3756 0.4340 -0.8189
vn 0.0071 0.4551 -0.8904
vn -0.2340 0.6815 0.6935
vn -0.8466 0.1705 0.5041
vn -0.9629 0.1453 -0.2273
vn 0.8041 0.5373 0.2543
vn 0.8880 0.4504 -0.0927
vn -0.0576 -0.1831 0.9814
vn -0.9407 -0.1724 0.2920
vn 0.9772 0.1635 -0.1353
vn 0.3138 -0.8894 -0.3325
vn -0.9281 -0.3226 -0.1860
vn 0.9047 0.3646 0.2205
vn -0.7368 0.6641 0.1269
vn 0.8038 0.5944 0.0261
vn 0.5000 0.0124 0.8660
vn -0.4149 0.5580 -0.7187
vn 0.4784 -0.6867 -0.5473
vn -0.8666 -0.4209 -0.2680
vn 0.4797 -0.6837 0.5500
vn 0.8038 0.5944 -0.0261
vn -0.6611 0.7101 -0.2422
vn -0.2847 0.1453 -0.9476
vn 0.1818 0.5373 0.8235
vn -0.8705 -0.4250 0.2482
vn -0.3055 -0.3408 -0.8891
vn 0.2626 0.3607 0.8950
vn 0.6362 -0.2325 0.7356
vn 0.4648 0.8053 0.3681
vn 0.7870 0.4495 -0.4226
vn 0.8629 -0.0044 -0.5054
vn -0.8267 0.0271 0.5619
vn -0.7320 0.4668 0.4963
vn -0.7072 0.5083 -0.4914
vn 0.2847 0.1453 -0.9475
vn -0.1819 0.5373 0.8235
vn -0.4512 -0.8877 0.0915
vn 0.0833 0.9702 -0.2275
vn -0.8914 0.4173 0.1770
vn -0.7232 -0.1725 -0.6688
vn 0.6058 0.1634 0.7786
vn 0.7228 -0.3903 0.5703
vn 0.7848 -0.4881 -0.3818
vn 0.8066 0.1270 -0.5773
vn -0.5282 -0.8450 0.0836
vn -0.3632 0.6055 -0.7081
vn 0.5087 -0.3111 -0.8028
vn -0.0143 0.4995 0.8662
vn -0.3189 0.9189 0.2323
vn 0.9356 0.3105 0.1679
vn -0.9358 -0.3364 -0.1057
vn -0.4452 0.0553 -0.8937
vn -0.3047 -0.6019 -0.7381
vn -0.8278 -0.5441 0.1370
vn 0.0215 -0.6844 0.7288
vn 0.3128 0.6611 0.6820
vn -0.2013 0.7225 -0.6614
vn -0.5001 -0.6430 -0.5801
vn 0.3021 -0.6792 -0.6689
vn -0.5816 -0.6835 0.4411
vn -0.5538 0.6862 0.4716
vn 0.4978 -0.0947 0.8621
vn -0.4984 0.0810 -0.8632
vn 0.3343 0.6659 -0.6670
vn -0.7094 0.1462 0.6894
vn -0.7774 -0.4511 -0.4384
vn 0.2104 0.3127 -0.9263
vn -0.2166 -0.2871 0.9331
vn 0.4703 -0.8678 0.1606
vn -0.2887 -0.7024 0.6506
vn -0.3929 -0.0770 0.9164
vn 0.8467 -0.0016 0.5321
vn 0.7719 -0.4843 0.4119
vn -0.7962 -0.4150 -0.4402
vn -0.8999 0.0141 -0.4359
vn -0.4210 0.5409 0.7281
vn -0.1595 0.7456 -0.6470
vn 0.0315 0.0791 -0.9964
vn 0.0957 0.0222 -0.9952
vn 0.8731 0.0480 -0.4852
vn -0.9951 -0.0899 0.0405
vn -0.0225 -0.6310 -0.7754
vn 0.8945 -0.3761 -0.2417
vn -0.7965 -0.5557 0.2380
vn -0.3188 -0.9403 0.1195
vn -0.5113 0.5585 0.6532
vn 0.2092 0.1702 0.9629
vn 0.2868 -0.1702 0.9427
vn -0.5832 -0.2037 -0.7864
vn -0.5922 0.3197 -0.7397
vn 0.7697 0.5553 -0.3149
vn 0.8735 0.1673 0.4572
vn -0.5499 0.3207 -0.7712
vn 0.7336 -0.5752 -0.3618
vn 0.8707 -0.2202 0.4397
vn -0.5262 -0.3068 -0.7931
vn -0.6204 -0.6844 0.3830
vn -0.4328 0.6591 0.6150
vn 0.4398 0.7206 -0.5360
vn 0.2532 -0.6389 -0.7265
vn -0.3164 0.6562 0.6851
vn -0.0215 -0.6844 0.7288
vn -0.8903 -0.4554 -0.0029
vn 0.9196 0.3929 -0.0000
vn 0.5314 -0.6267 -0.5699
vn 0.2375 0.7402 -0.6290
vn -0.6580 -0.3345 -0.6746
vn 0.6019 0.2607 0.7548
vn 0.0198 -0.6776 0.7352
vn 0.1621 0.6807 0.7144
vn 0.9981 -0.0615 -0.0000
vn 0.8191 -0.5737 -0.0000
vn -0.9518 -0.3067 -0.0000
vn -0.9987 0.0519 -0.0000
vn -0.3375 0.7184 -0.6083
vn -0.5003 -0.6287 -0.5953
vn -0.5026 -0.6363 0.5852
vn -0.3535 0.7208 0.5962
vn 0.1620 0.6807 -0.7144
vn 0.0198 -0.6776 -0.7352
vn -0.6185 -0.7395 0.2656
vn -0.8389 -0.0541 0.5415
vn -0.8310 -0.0702 0.5518
vn -0.6791 0.5704 0.4619
vn 0.3760 0.7789 -0.5018
vn 0.5668 0.0785 -0.8201
vn 0.4136 -0.6418 -0.6458
vn 0.3946 0.8346 -0.3843
vn 0.4925 -0.8654 0.0926
vn -0.8886 0.0130 0.4586
vn 0.4852 0.3214 -0.8132
vn -0.8452 -0.0145 -0.5342
vn -0.8806 0.1473 -0.4504
vn 0.1405 0.9875 0.0712
vn -0.0121 0.0006 0.9999
vn -0.6372 -0.3371 0.6931
vn 0.6341 0.3692 -0.6795
vn 0.0808 0.0260 -0.9964
vn 0.7997 0.5449 0.2523
vn -0.0783 -0.0773 0.9939
vn 0.0446 -0.0009 -0.9990
vn 0.2820 -0.2108 -0.9360
vn -0.6563 -0.2937 0.6950
vn 0.5899 0.2805 -0.7572
vn -0.2518 0.8175 -0.5180
vn 0.5627 -0.6676 -0.4876
vn -0.8635 -0.3830 -0.3281
vn 0.1719 0.1814 0.9683
vn 0.8771 0.4784 -0.0422
vn -0.4574 0.8302 -0.3187
vn -0.9703 0.2406 -0.0258
vn 0.7747 0.4551 -0.4390
vn -0.7176 0.6814 0.1441
vn -0.8599 0.1705 -0.4811
vn 0.5244 0.4503 0.7227
vn -0.8787 -0.1830 0.4408
vn 0.4512 -0.8877 0.0914
vn -0.4834 -0.6837 0.5466
vn 0.8705 -0.4249 0.2484
vn 0.6611 0.7101 -0.2422
vn -0.8038 0.5944 -0.0261
vn -0.5000 0.0124 -0.8660
vn 0.4149 0.5580 0.7187
vn 0.7130 -0.6869 -0.1407
vn 0.3793 0.5944 -0.7091
vn -0.5403 0.7101 0.4514
vn -0.2109 -0.4142 0.8854
vn -0.7747 0.4551 0.4390
vn 0.4648 0.8053 -0.3681
vn 0.7870 0.4495 0.4226
vn -0.7320 0.4668 -0.4963
vn 0.6355 -0.2319 -0.7364
vn -0.4536 -0.8843 -0.1109
vn 0.4872 0.3066 0.8177
vn 0.4934 0.8389 0.2297
vn -0.3973 0.4819 -0.7810
vn -0.9245 0.1814 0.3353
vn -0.7036 -0.6676 0.2435
vn -0.2572 0.8108 -0.5258
vn 0.1294 -0.4268 -0.8950
vn -0.8073 0.1416 -0.5729
vn -0.7489 -0.5718 -0.3349
vn -0.7494 -0.3860 0.5379
vn 0.6158 0.5591 0.5552
vn 0.1309 0.9883 0.0786
vn -0.1421 -0.8534 0.5015
vn -0.7976 0.6023 -0.0314
vn -0.4402 -0.3107 -0.8424
vn -0.1333 -0.1543 -0.9790
vn -0.4292 0.5088 -0.7462
vn -0.8817 -0.4717 -0.0010
vn -0.7752 -0.6317 -0.0015
vn 0.8185 0.5745 -0.0000
vn 0.8574 0.5147 0.0011
vn -0.0670 0.8114 0.5806
vn 0.9271 0.3749 0.0061
vn -0.7454 0.5297 0.4047
vn 0.8401 0.4712 0.2686
vn 0.6645 0.4603 0.5887
vn 0.1178 0.6072 0.7858
vn -0.7470 0.5601 -0.3581
vn 0.4688 0.2822 -0.8370
vn 0.5536 -0.7884 0.2680
vn 0.3968 -0.7038 0.5893
vn 0.2987 -0.4575 -0.8375
vn -0.4560 -0.5475 0.7017
vn -0.1580 -0.5980 0.7858
vn -0.9164 -0.1775 -0.3586
vn 0.1926 -0.4297 0.8822
vn 0.0208 -0.6263 -0.7793
vn -0.8954 -0.3724 -0.2442
vn -0.8129 -0.2010 0.5466
vn 0.9233 -0.3564 -0.1431
vn 0.7928 -0.5593 0.2421
vn -0.0740 0.0818 -0.9939
vn -0.8761 0.0473 -0.4797
vn 0.9976 -0.0271 0.0636
vn -0.0360 0.0666 -0.9971
vn 0.1457 0.7304 -0.6673
vn 0.0797 0.4291 0.8997
vn -0.9776 0.1528 0.1446
vn 0.9634 -0.2160 -0.1589
vn -0.0321 -0.0712 0.9969
vn -0.6611 -0.0258 0.7499
vn 0.9971 -0.0395 -0.0644
vn -0.0716 -0.0507 0.9961
vn -0.6934 -0.0425 0.7193
vn 0.9943 0.0017 -0.1064
vn 0.2106 -0.9755 0.0641
vn 0.8420 0.4682 -0.2680
vn 0.6639 0.4605 -0.5892
vn 0.3974 -0.7039 -0.5888
vn 0.2989 -0.4584 0.8370
vn 0.4683 0.2814 0.8376
vn -0.1715 0.6918 -0.7014
vn 0.1185 0.6070 -0.7858
vn -0.7473 0.5593 0.3588
vn -0.4558 -0.5472 -0.7020
vn -0.1587 -0.5978 -0.7858
vn -0.9165 -0.1782 0.3580
vn -0.0736 0.9306 0.3586
vn -0.5140 -0.4773 0.7127
vn -0.9813 -0.1703 0.0901
vn -0.9906 0.1354 0.0207
vn 0.8611 0.3204 0.3948
vn 0.7404 -0.2898 0.6064
vn 0.1856 -0.5625 -0.8057
vn -0.6809 -0.1128 -0.7237
vn 0.7670 -0.2977 0.5684
vn 0.1605 0.5506 -0.8192
vn -0.6505 0.1827 -0.7372
vn 0.8752 0.3141 0.3680
vn 0.2375 0.9164 0.3223
vn 0.1605 -0.4655 0.8704
vn -0.5931 -0.1259 0.7952
vn -0.6654 0.1742 0.7259
vn 0.8861 0.3170 -0.3383
vn 0.9390 -0.2884 -0.1872
vn -0.4400 -0.4552 -0.7740
vn -0.9935 -0.0866 0.0738
vn 0.9482 -0.2766 -0.1563
vn -0.5159 0.5432 -0.6624
vn -0.9877 0.1484 -0.0496
vn 0.8816 0.3156 -0.3510
vn 0.6559 0.3738 -0.6558
vn 0.3530 0.5997 0.7182
vn -0.6835 0.3295 -0.6513
vn 0.5533 -0.3304 0.7646
vn -0.2654 -0.4661 0.8440
vn -0.8985 0.4391 -0.0002
vn 0.9478 -0.3188 0.0001
vn 0.1332 -0.2823 -0.9501
vn -0.6793 0.4740 -0.5603
vn 0.5060 -0.5865 0.6325
vn 0.0500 0.9301 -0.3640
vn 0.4400 -0.4552 -0.7741
vn 0.9935 -0.0866 0.0738
vn 0.9877 0.1484 -0.0496
vn -0.8816 0.3155 -0.3510
vn -0.9482 -0.2766 -0.1563
vn -0.1605 -0.4655 0.8704
vn 0.5931 -0.1259 0.7952
vn -0.9391 -0.2883 -0.1872
vn -0.1283 0.5481 0.8265
vn 0.6654 0.1742 0.7259
vn -0.8861 0.3170 -0.3383
vn -0.8342 -0.3645 0.4138
vn 0.6332 -0.6322 -0.4466
vn 0.0625 -0.1949 -0.9788
vn -0.7318 -0.2207 -0.6448
vn 0.1702 -0.3259 0.9300
vn 0.3270 -0.3351 0.8836
vn 0.6728 0.5699 -0.4718
vn 0.0545 0.1923 -0.9798
vn 0.3980 0.3241 0.8582
vn -0.8252 0.5609 0.0662
vn -0.7187 0.1551 -0.6778
vn 0.3093 0.3285 0.8924
vn -0.2057 -0.9648 -0.1640
vn -0.8197 0.5644 -0.0980
vn -0.7310 0.1633 0.6625
vn -0.6725 -0.1428 0.7262
vn 0.4254 -0.3007 -0.8535
vn 0.3392 0.3253 -0.8827
vn 0.6730 0.5700 0.4713
vn 0.0546 0.1927 0.9797
vn 0.3981 0.3242 -0.8581
vn 0.6867 -0.5224 0.5055
vn 0.1062 -0.1442 0.9838
vn 0.4268 -0.3118 -0.8489
vn 0.6523 0.1934 -0.7329
vn 0.7105 0.6892 -0.1423
vn -0.4504 0.4628 -0.7635
vn -0.4185 0.5732 -0.7045
vn 0.3865 -0.6343 0.6695
vn 0.4393 -0.4974 0.7481
vn -0.0228 0.1509 0.9883
vn -0.9294 0.3274 -0.1706
vn 0.9305 -0.3494 0.1097
vn -0.3035 -0.4916 0.8162
vn -0.9604 0.2472 0.1284
vn 0.8941 -0.4472 0.0241
vn 0.5080 -0.7151 0.4802
vn -0.4748 -0.8764 0.0803
vn -0.6730 0.5700 0.4713
vn -0.0546 0.1927 0.9797
vn -0.1063 -0.1442 0.9838
vn -0.4268 -0.3118 -0.8489
vn -0.3982 0.3241 -0.8582
vn 0.8197 0.5644 -0.0980
vn 0.7310 0.1632 0.6625
vn -0.3392 0.3253 -0.8827
vn 0.8493 -0.5158 -0.1125
vn 0.6725 -0.1428 0.7262
vn -0.4255 -0.3006 -0.8536
vn -0.3888 0.8951 -0.2181
vn -0.2761 -0.6569 -0.7016
vn 0.0221 -0.6181 -0.7858
vn -0.0642 0.6151 -0.7858
vn -0.8773 0.3173 0.3602
vn -0.8237 -0.4385 0.3596
vn 0.7692 -0.6307 0.1027
vn 0.6727 0.7328 0.1028
vn 0.3461 -0.2812 0.8950
vn -0.6783 -0.6832 -0.2704
vn -0.7423 -0.6688 0.0410
vn -0.4854 -0.6766 0.5537
vn 0.8740 -0.3106 0.3737
vn 0.3087 -0.3511 -0.8840
vn -0.7701 0.5760 -0.2740
vn -0.8290 0.5576 0.0423
vn 0.2572 0.3898 -0.8843
vn -0.3715 0.5923 0.7150
vn -0.5768 0.6014 0.5528
vn 0.8223 0.4295 0.3732
vn -0.6999 0.7142 0.0009
vn -0.7657 -0.6288 0.1357
vn -0.2157 -0.5321 -0.8188
vn -0.0643 -0.0511 -0.9966
vn 0.3938 0.0136 0.9191
vn 0.2672 -0.3686 0.8904
vn 0.6466 -0.6776 0.3505
vn 0.6997 0.6807 0.2169
vn -0.7325 0.6777 0.0646
vn -0.7224 -0.6867 0.0817
vn -0.0703 -0.0915 -0.9933
vn 0.4922 0.0511 0.8690
vn 0.6728 -0.6835 0.2831
vn 0.6853 0.6862 0.2438
vn 0.1262 -0.9286 -0.3489
vn -0.3720 0.5915 -0.7154
vn -0.5759 0.6015 -0.5537
vn -0.4864 -0.6767 -0.5527
vn 0.8746 -0.3091 -0.3735
vn 0.8214 0.4306 -0.3739
vn -0.7680 0.5806 0.2703
vn -0.8292 0.5575 -0.0411
vn 0.2560 0.3912 0.8840
vn -0.6811 -0.6791 0.2737
vn -0.7423 -0.6688 -0.0423
vn 0.3097 -0.3499 0.8841
vn 0.4982 -0.3073 -0.8108
vn 0.3715 -0.5923 0.7150
vn 0.5768 -0.6014 0.5528
vn 0.8290 -0.5576 0.0423
vn -0.2572 -0.3898 -0.8843
vn -0.8223 -0.4295 0.3732
vn 0.2849 0.6380 0.7154
vn 0.4854 0.6766 0.5536
vn -0.8739 0.3105 0.3740
vn 0.6784 0.6832 -0.2702
vn 0.7423 0.6688 0.0410
vn -0.3087 0.3513 -0.8839
vn -0.6553 -0.6366 0.4065
vn -0.5514 0.7284 0.4066
vn 0.6446 0.3846 0.6607
vn 0.5789 -0.4777 0.6607
vn -0.6308 -0.4190 -0.6531
vn -0.5602 0.5097 -0.6530
vn 0.7603 0.5917 0.2680
vn 0.5885 0.5540 0.5889
vn 0.4220 0.3487 -0.8368
vn 0.6652 -0.6971 0.2675
vn 0.4973 -0.6365 0.5895
vn 0.3641 -0.4077 -0.8374
vn -0.2623 -0.9134 0.3113
vn -0.1064 0.5570 0.8236
vn 0.6674 0.1675 0.7256
vn 0.6940 -0.2298 0.6823
vn -0.9175 -0.2044 -0.3411
vn -0.8860 0.3205 -0.3352
vn 0.5033 0.5587 -0.6592
vn 0.9848 0.1684 -0.0431
vn -0.8659 0.3201 -0.3843
vn 0.4853 -0.6046 -0.6316
vn 0.9769 -0.2101 0.0390
vn -0.9091 -0.1677 -0.3813
vn -0.3471 0.7277 0.5916
vn -0.2653 -0.6288 0.7309
vn 0.6268 -0.6776 -0.3847
vn -0.4095 -0.5737 -0.7093
vn 0.4759 -0.3066 0.8243
vn 0.5377 0.6807 -0.4975
vn 0.6419 -0.6844 0.3458
vn 0.7490 0.6591 0.0673
vn -0.6863 0.7186 -0.1121
vn -0.7830 -0.6010 0.1604
vn 0.3904 0.9196 -0.0443
vn 0.7717 -0.4992 0.3941
vn 0.3517 -0.0939 0.9314
vn 0.3009 0.1706 0.9383
vn 0.1424 0.3196 -0.9368
vn 0.1259 -0.4162 -0.9005
vn -0.8553 -0.4856 0.1806
vn -0.6168 -0.1147 0.7787
vn 0.0750 -0.4655 -0.8819
vn -0.8222 0.5591 0.1067
vn -0.5294 0.1682 0.8316
vn 0.1005 0.3201 -0.9420
vn -0.1205 -0.9406 0.3173
vn 0.0964 0.5576 0.8245
vn 0.8270 0.1716 0.5353
vn 0.8508 -0.1203 0.5115
vn -0.9427 -0.3026 -0.1407
vn -0.9417 0.3194 -0.1061
vn 0.3202 0.5568 -0.7664
vn 0.9409 0.1674 -0.2945
vn -0.9347 0.3206 -0.1536
vn 0.3275 -0.5246 -0.7858
vn 0.9124 -0.1712 -0.3718
vn -0.8883 -0.4205 -0.1844
vn -0.9508 -0.3008 -0.0741
vn 0.8553 -0.4856 -0.1806
vn 0.6168 -0.1147 -0.7787
vn -0.3517 -0.0939 -0.9314
vn -0.1259 -0.4162 0.9005
vn -0.0750 -0.4655 0.8819
vn 0.8222 0.5591 -0.1067
vn 0.5294 0.1682 -0.8316
vn -0.1005 0.3201 0.9420
vn -0.7697 0.5586 -0.3091
vn -0.3009 0.1706 -0.9383
vn -0.1424 0.3196 0.9368
vn -0.6552 -0.6367 -0.4066
vn 0.6623 -0.6996 -0.2680
vn 0.4979 -0.6366 -0.5889
vn 0.3644 -0.4085 0.8369
vn 0.7629 0.5885 -0.2675
vn 0.5878 0.5541 -0.5895
vn 0.4216 0.3480 0.8374
vn -0.5515 0.7284 -0.4065
vn -0.4912 -0.8686 -0.0648
vn -0.6653 0.6970 0.2675
vn -0.4973 0.6365 0.5895
vn -0.5884 -0.5540 0.5889
vn -0.4220 -0.3487 -0.8368
vn -0.3641 0.4077 -0.8374
vn 0.6553 0.6367 0.4065
vn -0.5790 0.4777 0.6608
vn 0.6308 0.4190 -0.6530
vn 0.5514 -0.7284 0.4066
vn -0.6446 -0.3846 0.6607
vn 0.5602 -0.5097 -0.6530
vn 0.3891 -0.8664 0.3129
vn 0.2657 0.6457 0.7159
vn 0.8361 0.5331 0.1290
vn 0.9809 0.1908 0.0390
vn -0.6962 -0.6394 0.3263
vn -0.8952 -0.0232 0.4450
vn -0.3170 0.7552 -0.5737
vn 0.5072 0.6006 -0.6181
vn -0.9407 -0.0087 0.3391
vn -0.0169 -0.3589 -0.9332
vn 0.6460 0.2253 -0.7293
vn -0.7626 -0.6281 0.1549
vn 0.6465 -0.2193 -0.7308
vn -0.9592 -0.2387 -0.1518
vn -0.4461 -0.8919 0.0744
vn 0.2632 -0.9395 -0.2193
vn 0.3338 0.6972 -0.6344
vn -0.5535 0.7901 -0.2633
vn -0.0902 0.2093 0.9737
vn -0.0675 -0.5280 0.8466
vn -0.2179 0.8490 0.4814
vn 0.7641 0.1087 0.6358
vn 0.5392 -0.5934 0.5976
vn 0.5887 0.7962 0.1400
vn -0.8850 -0.1419 -0.4434
vn 0.8516 -0.5165 -0.0895
vn 0.7454 0.2189 -0.6297
vn -0.0197 0.3541 -0.9350
vn -0.5048 -0.6692 0.5453
vn -0.3022 -0.7115 0.6344
vn 0.7049 0.5638 0.4304
vn 0.7275 0.5619 -0.3938
vn -0.3048 -0.1116 0.9459
vn -0.5549 0.8304 -0.0503
vn -0.0219 0.7256 -0.6878
vn -0.4680 -0.0723 0.8808
vn -0.7347 0.5135 0.4433
vn 0.9916 0.0936 0.0895
vn 0.5753 -0.5220 0.6297
vn -0.1721 -0.3102 0.9350
vn -0.1625 0.8223 -0.5454
vn 0.0382 0.7720 -0.6344
vn 0.3885 -0.8147 -0.4304
vn 0.4098 -0.8228 0.3937
vn -0.2257 0.2333 -0.9459
vn -0.8614 -0.5055 0.0503
vn -0.3361 -0.6435 0.6877
vn -0.3896 0.2691 -0.8808
vn -0.3660 0.9200 0.1403
vn -0.7897 -0.6045 -0.1047
vn -0.4546 -0.2101 -0.8656
vn -0.5297 0.1684 -0.8313
vn 0.1001 0.3201 0.9421
vn 0.1244 -0.1677 0.9780
vn 0.7513 -0.6010 -0.2727
vn 0.2440 -0.2298 -0.9422
vn 0.1633 -0.2044 0.9652
vn 0.7665 0.5571 -0.3195
vn 0.2948 0.1676 -0.9408
vn 0.1527 0.3205 0.9349
vn 0.3580 0.9195 0.1625
vn 0.5168 -0.5246 0.6765
vn -0.1341 -0.1712 0.9761
vn -0.2154 0.1674 0.9621
vn 0.6004 0.3206 -0.7327
vn 0.6039 -0.4205 -0.6771
vn -0.7899 -0.5441 -0.2828
vn -0.8684 -0.1203 0.4811
vn 0.5932 -0.3026 -0.7460
vn -0.7622 0.5576 -0.3287
vn -0.8771 0.1716 0.4486
vn 0.5627 0.3194 -0.7625
vn 0.3351 -0.9406 -0.0543
vn 0.6659 0.5577 -0.4956
vn 0.0502 0.1716 -0.9839
vn 0.0177 -0.1204 -0.9926
vn 0.3495 -0.3026 0.8867
vn 0.3790 0.3194 0.8685
vn -0.8239 0.5568 0.1058
vn -0.7254 0.1674 -0.6677
vn 0.3343 0.3206 0.8863
vn -0.8443 -0.5246 0.1092
vn -0.7782 -0.1711 -0.6043
vn 0.2845 -0.4205 0.8615
vn -0.6405 0.3930 0.6598
vn 0.1680 0.6780 -0.7156
vn 0.7487 0.6504 -0.1285
vn 0.4132 0.6682 0.6186
vn -0.9290 -0.1472 -0.3394
vn -0.8822 -0.1548 -0.4448
vn 0.7158 -0.3509 -0.6038
vn 0.9420 0.3334 -0.0388
vn -0.5945 -0.7348 -0.3264
vn 0.0363 -0.3579 0.9330
vn 0.6057 0.3179 0.7294
vn -0.6616 -0.7335 -0.1559
vn -0.1975 -0.3232 0.9255
vn -0.9581 0.2418 -0.1534
vn -0.4422 0.8940 0.0725
vn -0.0661 0.5304 0.8451
vn -0.2221 -0.8473 0.4824
vn -0.5569 -0.7880 -0.2626
vn 0.5542 0.3418 -0.7589
vn 0.2679 0.9378 -0.2207
vn 0.3302 -0.7003 -0.6329
vn 0.7638 -0.1112 0.6358
vn 0.5417 0.5924 0.5963
vn 0.5841 -0.7992 0.1417
vn -0.3077 -0.1560 0.9386
vn 0.9927 -0.0880 0.0830
vn 0.6821 -0.7312 -0.0089
vn -0.1435 -0.9053 0.3998
vn -0.0803 0.7542 0.6517
vn 0.6535 0.7023 0.2823
vn 0.6422 0.0348 -0.7657
vn 0.4376 -0.6536 -0.6176
vn 0.3204 0.7683 -0.5541
vn -0.8270 -0.1323 -0.5464
vn -0.4326 -0.8461 -0.3115
vn -0.4376 0.8634 -0.2511
vn -0.3045 -0.7075 -0.6377
vn 0.6146 0.5415 -0.5737
vn -0.1946 0.7617 -0.6181
vn -0.4831 0.4844 -0.7293
vn 0.4125 -0.8977 0.1549
vn 0.8428 -0.4180 0.3391
vn 0.0424 0.6969 0.7159
vn -0.5200 0.8444 0.1290
vn 0.7956 -0.4112 0.4450
vn -0.7880 -0.1217 0.6036
vn -0.7995 0.5994 0.0389
vn 0.3478 -0.8790 0.3262
vn -0.8032 0.3983 0.4429
vn 0.9664 0.2412 0.0891
vn 0.6473 -0.4289 0.6301
vn -0.1234 -0.3314 0.9354
vn -0.2835 0.7880 -0.5465
vn -0.0780 0.7684 -0.6353
vn 0.5066 -0.7477 -0.4294
vn 0.5286 -0.7514 0.3949
vn -0.2585 0.1959 -0.9459
vn -0.7763 -0.6283 0.0517
vn -0.2358 -0.6854 0.6889
vn -0.4254 0.2069 -0.8811
vn 0.5054 -0.0598 0.8608
vn 0.9927 -0.0880 -0.0830
vn 0.6821 -0.7312 0.0089
vn 0.4376 -0.6536 0.6176
vn 0.3204 0.7683 0.5541
vn 0.6535 0.7023 -0.2823
vn -0.2029 -0.2682 -0.9417
vn -0.1435 -0.9053 -0.3998
vn -0.0803 0.7542 -0.6518
vn -0.8270 -0.1323 0.5464
vn -0.4326 -0.8461 0.3115
vn -0.4376 0.8634 0.2511
vn 0.6197 0.7817 0.0707
vn -0.0381 -0.3580 0.9330
vn -0.6043 0.3205 0.7294
vn -0.4103 0.6699 0.6188
vn 0.9284 -0.1515 -0.3394
vn 0.6582 -0.7364 -0.1562
vn -0.7174 -0.3473 -0.6039
vn -0.9405 0.3375 -0.0389
vn 0.5912 -0.7375 -0.3265
vn -0.1650 0.6789 -0.7154
vn -0.7459 0.6536 -0.1282
vn 0.8815 -0.1587 -0.4447
vn -0.6231 0.7168 0.3131
vn -0.0678 -0.6954 0.7154
vn -0.6464 -0.7522 0.1282
vn -0.8836 -0.4666 0.0389
vn 0.4814 0.8134 0.3265
vn 0.8504 0.2813 0.4446
vn 0.5219 -0.6302 -0.5749
vn -0.3120 -0.7210 -0.6188
vn 0.8977 0.2808 0.3394
vn -0.0881 0.3490 -0.9330
vn -0.5531 -0.4024 -0.7295
vn 0.5479 0.8218 0.1562
vn -0.6958 0.3472 -0.6288
vn 0.6762 0.7349 0.0521
vn 0.1331 0.7122 0.6893
vn -0.6329 0.6657 0.3954
vn 0.2846 -0.1556 -0.9459
vn 0.4510 -0.1423 -0.8811
vn 0.6419 -0.3240 0.6950
vn 0.0737 0.3455 0.9355
vn 0.3955 -0.7379 -0.5468
vn -0.9208 -0.3798 0.0890
vn -0.7031 0.3294 0.6302
vn 0.1897 -0.7484 -0.6355
vn -0.6464 0.2192 -0.7308
vn 0.9592 0.2387 -0.1518
vn 0.4461 0.8919 0.0743
vn -0.2633 0.9394 -0.2194
vn -0.3338 -0.6972 -0.6344
vn 0.5535 -0.7901 -0.2633
vn 0.0902 -0.2091 0.9737
vn 0.0674 0.5281 0.8465
vn 0.2179 -0.8489 0.4815
vn -0.7642 -0.1084 0.6358
vn -0.5392 0.5934 0.5976
vn -0.5886 -0.7962 0.1399
vn -0.0623 -0.2674 -0.9616
vn 0.2499 0.7431 -0.6208
vn -0.6711 0.7150 -0.1960
vn 0.9223 0.3402 0.1833
vn -0.0341 0.3145 0.9486
vn -0.8513 0.1185 0.5112
vn 0.9664 0.1993 -0.1624
vn -0.1830 -0.8010 0.5700
vn -0.9431 0.2067 0.2605
vn 0.9713 -0.1567 -0.1790
vn -0.4496 -0.8189 0.3567
vn 0.4469 -0.5426 -0.7112
vn 0.7395 0.6468 -0.1867
vn -0.2997 0.8004 -0.5191
vn 0.4810 0.2736 0.8330
vn -0.0981 0.5926 0.7995
vn 0.0799 0.7601 0.6449
vn -0.9916 -0.0935 -0.0895
vn -0.5753 0.5220 -0.6297
vn -0.4097 0.8228 -0.3938
vn 0.2257 -0.2333 0.9459
vn -0.0381 -0.7720 0.6345
vn 0.5194 -0.4965 -0.6955
vn 0.1721 0.3101 -0.9350
vn 0.1625 -0.8223 0.5454
vn 0.8614 0.5054 -0.0503
vn 0.3361 0.6435 -0.6877
vn 0.3896 -0.2691 0.8808
vn -0.6981 -0.3202 -0.6404
vn 0.3447 0.9234 -0.1687
vn -0.3167 0.3002 0.8998
vn -0.6972 0.2067 0.6865
vn 0.6406 -0.1567 -0.7517
vn 0.3555 -0.3369 -0.8718
vn 0.7454 0.5524 0.3731
vn -0.5929 0.2498 0.7656
vn 0.4029 -0.3439 -0.8482
vn 0.4247 -0.4148 -0.8047
vn -0.6143 0.1526 0.7742
vn 0.6192 -0.2159 -0.7549
vn 0.4734 0.5392 -0.6965
vn 0.2009 -0.9495 -0.2409
vn 0.7595 0.4495 0.4702
vn -0.7958 0.4668 -0.3858
vn -0.8042 -0.2724 0.5282
vn 0.3129 0.3164 0.8955
vn -0.3770 -0.3349 -0.8635
vn -0.6626 0.7430 0.0940
vn 0.1658 0.7150 0.6792
vn -0.3024 0.3402 -0.8904
vn -0.7467 0.1023 -0.6573
vn 0.6626 0.7431 0.0939
vn -0.1658 0.7150 0.6792
vn -0.8683 0.1185 0.4817
vn 0.6239 0.1992 -0.7557
vn 0.3025 0.3402 -0.8904
vn 0.8140 -0.2667 0.5161
vn -0.5851 -0.8010 -0.1266
vn 0.6955 0.1323 0.7063
vn -0.7329 -0.6746 -0.0880
vn -0.6143 0.1526 -0.7742
vn -0.4983 0.3182 -0.8065
vn 0.3592 -0.4159 0.8354
vn 0.6192 -0.2160 0.7549
vn 0.7684 -0.4789 -0.4245
vn 0.7081 0.6910 0.1452
vn 0.6404 0.1912 0.7439
vn -0.4133 0.5644 0.7146
vn -0.4492 0.4580 0.7671
vn 0.4331 -0.4996 -0.7502
vn 0.3923 -0.6451 -0.6558
vn 0.4861 -0.7250 -0.4879
vn -0.2485 -0.3938 -0.8849
vn -0.9603 0.2475 -0.1287
vn 0.9363 -0.3434 -0.0736
vn -0.0407 0.1587 -0.9865
vn -0.9294 0.3274 0.1704
vn 0.9333 -0.3352 -0.1285
vn -0.6268 -0.6776 0.3847
vn -0.5377 0.6807 0.4975
vn 0.3572 0.7217 -0.5929
vn 0.2673 -0.6286 -0.7304
vn -0.2517 0.9160 -0.3124
vn -0.1856 -0.5625 -0.8057
vn 0.6809 -0.1128 -0.7237
vn 0.6505 0.1827 -0.7372
vn -0.8752 0.3141 0.3680
vn -0.7670 -0.2977 0.5684
vn 0.5140 -0.4773 0.7127
vn 0.9813 -0.1703 0.0901
vn -0.7404 -0.2898 0.6064
vn 0.5564 0.5383 0.6330
vn 0.9906 0.1354 0.0207
vn -0.8610 0.3205 0.3948
vn 0.1265 -0.1454 0.9813
vn -0.5981 -0.7107 -0.3703
vn 0.4078 0.5810 -0.7044
vn -0.3864 -0.6344 0.6695
vn 0.7807 -0.6249 -0.0025
vn 0.6202 -0.7091 0.3355
vn -0.9128 -0.1635 0.3744
vn -0.3882 -0.6249 -0.6774
vn -0.3045 0.9200 -0.2468
vn -0.3042 -0.6045 -0.7362
vn 0.5223 -0.2101 -0.8265
vn 0.4551 0.1683 -0.8744
vn -0.7658 0.3201 0.5578
vn -0.7848 -0.1677 0.5967
vn 0.6118 -0.6010 0.5143
vn 0.9379 -0.2298 -0.2598
vn -0.7542 -0.2044 0.6240
vn 0.6600 0.5571 0.5040
vn 0.9621 0.1675 -0.2151
vn -0.7333 0.3205 0.5997
vn -0.1553 0.9702 -0.1859
vn -0.2922 0.4174 0.8605
vn 0.8406 -0.3844 -0.3815
vn 0.0618 -0.4880 -0.8706
vn -0.0808 0.1254 -0.9888
vn 0.3765 0.4945 0.7834
vn 0.9093 -0.4146 0.0346
vn 0.0459 0.5532 -0.8318
vn 0.3184 0.9235 -0.2141
vn -0.1987 -0.6797 0.7061
vn 0.3138 -0.7312 -0.6058
vn -0.9407 -0.3392 -0.0000
vn 0.8324 -0.5541 -0.0000
vn 0.4684 0.6490 -0.5995
vn -0.0469 0.6813 0.7305
vn 0.6561 0.6813 -0.3246
vn 0.7108 -0.6797 -0.1810
vn 0.4703 -0.3393 0.8147
vn 0.4989 0.0650 0.8642
vn -0.4992 -0.0554 -0.8647
vn -0.4162 -0.5540 -0.7210
vn -0.6814 -0.7313 0.0312
vn -0.2362 -0.3724 0.8975
vn 0.1868 -0.5593 -0.8076
vn -0.7542 0.6422 -0.1369
vn -0.0545 0.0318 0.9980
vn 0.4776 -0.0693 -0.8758
vn -0.8359 -0.3130 0.4508
vn 0.6802 -0.5752 -0.4544
vn 0.0546 -0.2202 -0.9739
vn -0.6730 -0.1702 -0.7198
vn 0.3895 -0.2037 0.8982
vn 0.4237 -0.3068 0.8523
vn 0.6576 0.5553 -0.5091
vn 0.0408 0.1673 -0.9851
vn 0.3930 0.3208 0.8618
vn -0.8213 0.5585 0.1162
vn -0.7293 0.1702 -0.6627
vn 0.3445 0.3197 0.8827
vn 0.7261 0.6821 -0.0869
vn 0.7308 -0.6783 -0.0766
vn 0.0361 0.0853 0.9957
vn -0.4625 -0.0181 -0.8864
vn -0.6835 -0.6852 -0.2518
vn -0.4989 0.0650 0.8642
vn 0.4992 -0.0554 -0.8647
vn -0.6703 0.6832 -0.2898
vn 0.5453 -0.8145 -0.1980
vn 0.7415 0.5925 0.3148
vn 0.1658 0.7150 -0.6792
vn -0.3025 0.3402 0.8904
vn -0.5315 0.6467 0.5471
vn -0.8452 -0.5328 0.0423
vn 0.7132 0.5565 0.4262
vn 0.4561 -0.5417 0.7060
vn -0.2997 0.8004 0.5191
vn 0.4810 0.2736 -0.8330
vn -0.4549 -0.8134 -0.3626
vn -0.0981 0.5926 -0.7995
vn -0.6711 0.7150 0.1960
vn 0.9223 0.3402 -0.1832
vn 0.2056 -0.3202 -0.9248
vn 0.3030 0.9259 0.2256
vn -0.9431 0.2067 -0.2606
vn 0.9713 -0.1567 0.1790
vn 0.0233 0.4435 0.8960
vn 0.9093 -0.4146 -0.0346
vn -0.9776 0.1528 -0.1446
vn 0.9634 -0.2159 0.1589
vn 0.8507 0.4581 -0.2576
vn 0.5423 -0.8150 0.2042
vn -0.8395 -0.5418 -0.0419
vn -0.5315 0.6467 -0.5471
vn -0.3665 0.5392 -0.7582
vn -0.1070 -0.9497 -0.2942
vn 0.0520 -0.2806 0.9584
vn -0.2499 0.7431 0.6208
vn 0.6711 0.7150 0.1960
vn -0.9223 0.3402 -0.1833
vn 0.9594 0.1349 -0.2476
vn -0.4429 -0.6744 0.5908
vn 0.0167 -0.4789 -0.8777
vn -0.4730 0.6895 0.5485
vn -0.9633 0.1769 0.2018
vn 0.1851 -0.6979 0.6918
vn 0.8693 -0.4666 0.1630
vn 0.8653 0.1631 0.4739
vn -0.5469 -0.7272 0.4147
vn 0.7765 -0.3997 -0.4871
vn 0.0454 -0.1667 -0.9850
vn 0.3032 -0.2381 0.9227
vn 0.8556 0.0584 -0.5144
vn 0.3246 0.0236 -0.9456
vn 0.4288 0.0270 0.9030
vn 0.8211 0.0704 -0.5664
vn 0.2876 0.0319 -0.9572
vn 0.3780 0.0251 0.9255
vn 0.5625 0.5893 -0.5800
vn -0.3833 -0.0955 -0.9187
vn 0.2342 0.1553 0.9597
vn -0.7167 0.5987 0.3576
vn -0.8905 -0.0696 0.4495
vn -0.8985 -0.0577 0.4352
vn -0.9670 0.1737 -0.1862
vn -0.4695 0.6917 -0.5488
vn 0.8705 0.1633 -0.4643
vn 0.8693 -0.4666 -0.1629
vn 0.1591 -0.7151 -0.6807
vn 0.9128 -0.1635 0.3744
vn -0.6198 -0.7108 0.3327
vn 0.3882 -0.6249 -0.6774
vn -0.1330 -0.1633 0.9776
vn -0.7807 -0.6249 -0.0025
vn 0.5862 -0.7041 -0.4008
vn 0.7161 -0.6943 -0.0716
vn -0.6728 -0.6835 -0.2831
vn -0.6853 0.6862 -0.2438
vn 0.7270 0.6841 -0.0593
vn -0.2872 0.6891 -0.6653
vn 0.5861 0.6832 0.4356
vn 0.5598 -0.6852 0.4660
vn -0.3141 -0.6968 -0.6448
vn -0.8808 0.0792 0.4668
vn 0.9981 -0.0575 -0.0204
vn -0.6092 0.6813 0.4059
vn 0.2843 0.6532 -0.7018
vn 0.8914 0.0255 0.4525
vn -0.9993 -0.0253 -0.0273
vn 0.3712 -0.7248 -0.5804
vn 0.8945 -0.3761 0.2417
vn -0.7965 -0.5557 -0.2380
vn -0.5121 -0.6797 0.5251
vn -0.6561 0.6813 -0.3246
vn 0.7525 0.6430 -0.1422
vn 0.6882 -0.7249 0.0312
vn 0.2379 -0.3761 0.8955
vn -0.1921 -0.5558 -0.8088
vn -0.7108 -0.6797 -0.1810
vn -0.4703 -0.3393 0.8147
vn 0.4162 -0.5540 -0.7210
vn -0.2776 0.3463 -0.8961
vn 0.1064 0.5570 0.8236
vn -0.6674 0.1675 0.7256
vn -0.9848 0.1684 -0.0431
vn 0.8659 0.3201 -0.3843
vn 0.8860 0.3205 -0.3352
vn 0.1394 -0.6010 0.7870
vn -0.6940 -0.2298 0.6823
vn 0.9175 -0.2045 -0.3411
vn -0.4853 -0.6046 -0.6315
vn -0.9769 -0.2101 0.0390
vn 0.9091 -0.1677 -0.3813
vn 0.6835 -0.6852 0.2518
vn 0.6703 0.6832 0.2898
vn 0.4989 0.0650 -0.8642
vn -0.4992 -0.0554 0.8647
vn -0.7195 0.6898 0.0812
vn -0.7320 -0.6776 0.0711
vn -0.0366 0.0793 -0.9962
vn 0.4595 -0.0245 0.8878
vn 0.0562 -0.2764 -0.9594
vn -0.1082 -0.9498 0.2936
vn 0.9318 0.3193 -0.1726
vn -0.9342 -0.3396 0.1091
vn -0.3412 0.4912 0.8015
vn -0.2499 0.7431 -0.6208
vn 0.6711 0.7150 -0.1960
vn -0.9223 0.3402 0.1832
vn 0.2023 0.4581 -0.8656
vn 0.4415 -0.8158 -0.3736
vn -0.4493 -0.5327 0.7172
vn 0.4355 0.4645 0.7711
vn -0.4396 -0.4971 -0.7480
vn -0.7395 0.6468 0.1867
vn 0.2997 0.8004 0.5191
vn -0.4810 0.2736 -0.8330
vn -0.4460 0.0564 0.8933
vn -0.3189 0.9189 -0.2323
vn -0.0486 0.5242 -0.8502
vn -0.8312 -0.5445 -0.1128
vn -0.3053 -0.6016 0.7382
vn 0.7257 0.5565 -0.4045
vn 0.8457 -0.5327 -0.0305
vn -0.5293 -0.8240 0.2021
vn -0.7415 0.5925 -0.3148
vn -0.1960 -0.9734 -0.1183
vn 0.9594 0.1339 0.2480
vn 0.0416 -0.4715 0.8809
vn -0.6523 0.1933 0.7329
vn -0.7022 0.6971 0.1446
vn 0.4184 0.5732 0.7045
vn -0.3865 -0.6344 -0.6694
vn 0.0262 0.1690 -0.9853
vn 0.2936 -0.4665 -0.8343
vn -0.4886 -0.7063 -0.5123
vn 0.4661 0.6978 -0.5440
vn 0.9633 0.1769 -0.2018
vn -0.1795 -0.7251 -0.6649
vn -0.8570 -0.4935 -0.1483
vn -0.8673 0.1509 -0.4744
vn -0.6202 -0.7104 -0.3327
vn 0.9133 -0.1630 -0.3733
vn 0.3882 -0.6249 0.6774
vn -0.7807 -0.6249 0.0025
vn -0.1323 -0.1635 -0.9776
vn 0.6005 -0.7095 0.3688
vn -0.2963 -0.6941 -0.6561
vn -0.3342 0.6621 -0.6708
vn -0.9005 -0.0493 0.4321
vn 0.9929 0.0136 -0.1180
vn 0.5538 0.6862 0.4716
vn 0.5816 -0.6835 0.4411
vn 0.2878 0.6821 -0.6722
vn 0.3326 -0.6583 -0.6753
vn -0.5598 -0.6852 0.4660
vn -0.5861 0.6832 0.4356
vn -0.3723 -0.7338 0.5683
vn 0.5121 -0.6797 -0.5251
vn -0.4703 -0.3393 -0.8147
vn 0.4163 -0.5540 0.7210
vn 0.6092 0.6813 -0.4059
vn -0.4989 0.0650 -0.8642
vn 0.4992 -0.0554 0.8647
vn -0.2724 0.6175 0.7379
vn -0.6783 -0.7338 -0.0384
vn 0.7108 -0.6797 0.1810
vn 0.4703 -0.3393 -0.8147
vn -0.2362 -0.3724 -0.8975
vn 0.1868 -0.5594 0.8076
vn -0.4162 -0.5540 0.7210
vn 0.6561 0.6813 0.3246
vn -0.7542 0.6422 0.1369
vn 0.6841 -0.7286 -0.0329
vn 0.7764 0.5949 0.2082
vn 0.0754 0.0746 -0.9944
vn -0.3920 -0.0528 0.9184
vn -0.6080 0.6577 0.4447
vn -0.7074 -0.6802 0.1919
vn -0.7198 0.6891 -0.0840
vn 0.6703 0.6832 -0.2898
vn 0.6835 -0.6852 -0.2518
vn -0.7320 -0.6776 -0.0711
vn -0.8048 -0.2808 -0.5230
vn 0.2006 -0.9500 0.2395
vn 0.5235 0.4912 0.6962
vn -0.6626 0.7431 -0.0939
vn -0.5498 -0.8094 -0.2064
vn 0.8457 -0.5327 0.0305
vn 0.4500 0.4645 -0.7627
vn -0.3289 0.3042 -0.8940
vn 0.3602 -0.3464 0.8662
vn -0.4280 -0.4971 0.7548
vn 0.5314 0.6467 0.5471
vn 0.2997 0.8004 -0.5191
vn -0.4810 0.2736 0.8330
vn -0.7414 0.5926 0.3148
vn -0.1658 0.7150 -0.6792
vn 0.3024 0.3402 0.8904
vn 0.9037 -0.3202 -0.2844
vn 0.0060 0.9103 0.4138
vn -0.2459 0.2067 -0.9470
vn 0.3307 -0.1567 0.9306
vn -0.6643 0.5837 0.4670
vn 0.4847 -0.4147 0.7701
vn 0.4480 -0.8150 0.3675
vn 0.0981 0.5926 0.7995
vn -0.7395 0.6468 -0.1867
vn -0.4493 -0.5327 -0.7172
vn -0.2823 0.8482 0.4481
vn -0.5851 -0.8010 0.1265
vn -0.6972 0.2067 -0.6865
vn -0.8683 0.1185 -0.4817
vn 0.6238 0.1992 0.7557
vn 0.6406 -0.1567 0.7517
vn 0.8036 -0.2648 -0.5330
vn 0.6626 0.7431 -0.0940
vn -0.2006 -0.9734 0.1104
vn 0.7514 0.1835 -0.6338
vn 0.7837 -0.4715 0.4044
vn 0.9671 0.1746 0.1849
vn 0.4764 0.6971 0.5359
vn -0.8747 0.1587 0.4580
vn -0.8570 -0.4935 0.1483
vn -0.1619 -0.7151 0.6800
vn 0.6268 -0.6776 0.3847
vn -0.2653 -0.6288 -0.7309
vn -0.8170 -0.5320 0.2225
vn 0.9047 -0.3685 -0.2137
vn -0.3581 0.7183 -0.5965
vn 0.5377 0.6807 0.4975
vn -0.7041 0.6978 -0.1316
vn -0.6399 0.1899 -0.7446
vn -0.4847 -0.7270 0.4864
vn 0.2952 -0.4654 0.8344
vn 0.0262 0.1690 0.9853
vn -0.5983 -0.7104 0.3707
vn 0.1265 -0.1454 -0.9813
vn 0.7807 -0.6249 0.0025
vn -0.3882 -0.6249 0.6774
vn -0.9130 -0.1454 -0.3812
vn 0.6303 -0.7186 -0.2937
vn -0.7984 0.0693 -0.5982
vn -0.6828 -0.6310 -0.3682
vn 0.2379 -0.3761 -0.8955
vn 0.0402 0.0865 -0.9954
vn -0.4855 -0.0402 0.8733
vn -0.1921 -0.5559 0.8088
vn 0.4500 -0.6925 0.5638
vn 0.5916 -0.1200 0.7972
vn 0.4209 0.5409 0.7282
vn -0.6282 0.7438 -0.2282
vn -0.8471 0.0791 -0.5256
vn 0.9245 0.1814 0.3353
vn 0.3980 0.4779 -0.7830
vn -0.4934 0.8389 0.2296
vn -0.5074 0.2406 0.8274
vn -0.6835 -0.6852 0.2518
vn 0.7510 -0.6584 0.0495
vn 0.7260 0.6822 0.0869
vn -0.6703 0.6832 0.2898
vn 0.7655 0.6372 0.0898
vn -0.6561 0.6813 0.3246
vn -0.7108 -0.6797 0.1809
vn 0.6882 -0.7248 -0.0312
vn 0.3827 -0.7241 0.5737
vn 0.2843 0.6532 0.7018
vn -0.6092 0.6813 -0.4059
vn -0.5121 -0.6797 -0.5251
vn -0.5024 0.3449 -0.7929
vn 0.3192 0.5587 0.7655
vn -0.4551 0.1683 0.8744
vn -0.9621 0.1676 0.2151
vn 0.7333 0.3205 -0.5997
vn 0.7658 0.3201 -0.5578
vn 0.3042 -0.6045 0.7362
vn -0.5223 -0.2101 0.8265
vn 0.7848 -0.1677 -0.5967
vn -0.6118 -0.6010 -0.5143
vn -0.9379 -0.2298 0.2598
vn 0.7542 -0.2044 -0.6240
vn -0.5598 -0.6852 -0.4660
vn 0.3326 -0.6583 0.6753
vn 0.2877 0.6822 0.6722
vn -0.5861 0.6832 -0.4356
vn -0.1157 -0.9931 -0.0208
vn 0.8045 0.3146 -0.5039
vn 0.0170 0.1184 -0.9928
vn 0.3425 0.1992 0.9182
vn -0.4127 0.7430 0.5269
vn -0.5053 0.7150 -0.4832
vn 0.6199 0.3402 0.7071
vn -0.8279 -0.2875 0.4815
vn -0.6399 -0.4418 0.6288
vn 0.7729 -0.6324 -0.0521
vn 0.2321 -0.6864 -0.6893
vn -0.5328 -0.7482 -0.3954
vn 0.2598 0.1942 0.9459
vn 0.4264 0.2044 0.8811
vn 0.5898 0.4112 -0.6950
vn 0.1216 -0.3317 -0.9355
vn 0.2876 0.7863 0.5468
vn -0.9651 0.2463 -0.0890
vn -0.6497 -0.4251 -0.6302
vn 0.0824 0.7677 0.6355
vn -0.4986 -0.2321 0.8352
vn -0.0901 -0.3483 -0.9330
vn -0.5507 0.4058 -0.7294
vn -0.8808 0.4720 0.0388
vn 0.4765 -0.8163 0.3264
vn 0.5431 -0.8251 0.1558
vn 0.5258 0.6273 -0.5745
vn -0.3074 0.7230 -0.6186
vn 0.8961 -0.2860 0.3394
vn -0.0635 0.6957 0.7156
vn -0.6417 0.7561 0.1284
vn 0.8486 -0.2865 0.4447
vn -0.5389 -0.6498 0.5360
vn -0.5549 0.8304 0.0503
vn -0.0219 0.7256 0.6877
vn -0.0197 0.3541 0.9350
vn -0.5048 -0.6692 -0.5453
vn -0.4680 -0.0723 -0.8808
vn 0.7049 0.5638 -0.4304
vn 0.7275 0.5619 0.3938
vn -0.3048 -0.1116 -0.9458
vn 0.8516 -0.5166 0.0895
vn 0.7453 0.2189 0.6297
vn -0.3022 -0.7114 -0.6345
vn -0.5631 0.5353 -0.6296
vn 0.8614 0.5055 0.0503
vn 0.3360 0.6435 0.6878
vn -0.4098 0.8228 0.3937
vn 0.2257 -0.2332 -0.9459
vn 0.3896 -0.2691 -0.8808
vn 0.5194 -0.4965 0.6955
vn 0.1721 0.3101 0.9350
vn 0.1625 -0.8223 -0.5454
vn -0.9916 -0.0935 0.0895
vn -0.5753 0.5220 0.6297
vn -0.0381 -0.7720 -0.6345
vn -0.4689 0.2581 0.8447
vn -0.7642 -0.1084 -0.6358
vn -0.5392 0.5934 -0.5976
vn -0.2632 0.9395 0.2194
vn -0.3338 -0.6972 0.6344
vn -0.5886 -0.7962 -0.1399
vn 0.0902 -0.2091 -0.9737
vn 0.0674 0.5281 -0.8465
vn 0.2179 -0.8489 -0.4815
vn 0.9592 0.2387 0.1518
vn 0.4461 0.8919 -0.0743
vn 0.5535 -0.7901 0.2633
vn -0.8053 -0.3942 -0.4429
vn 0.9651 -0.2463 -0.0890
vn 0.6497 0.4251 -0.6302
vn -0.1216 0.3317 -0.9355
vn -0.2876 -0.7863 0.5468
vn -0.0824 -0.7677 0.6355
vn 0.5108 0.7450 0.4290
vn 0.5328 0.7482 -0.3954
vn -0.2598 -0.1942 0.9459
vn -0.7729 0.6324 -0.0521
vn -0.2321 0.6864 -0.6893
vn -0.4264 -0.2044 0.8811
vn -0.6907 0.2954 0.6601
vn 0.0678 0.6954 -0.7154
vn 0.6464 0.7522 -0.1282
vn 0.3120 0.7210 0.6188
vn -0.8977 -0.2808 -0.3394
vn -0.8504 -0.2813 -0.4446
vn 0.7592 -0.2429 -0.6039
vn 0.8836 0.4666 -0.0389
vn -0.4815 -0.8134 -0.3265
vn 0.0881 -0.3490 0.9330
vn 0.5531 0.4024 0.7295
vn -0.5479 -0.8218 -0.1562
vn 0.6709 -0.1215 -0.7315
vn -0.9145 -0.3743 -0.1534
vn -0.3120 -0.9473 0.0726
vn 0.3973 -0.8908 -0.2208
vn 0.2283 0.7397 -0.6330
vn -0.6623 0.7017 -0.2626
vn -0.1213 0.1919 0.9739
vn 0.0093 -0.5345 0.8451
vn -0.3392 0.8076 0.4824
vn 0.7405 0.2175 0.6359
vn 0.6197 -0.5102 0.5963
vn 0.4658 0.8734 0.1418
vn 0.8792 -0.2124 -0.4264
vn -0.3141 -0.9480 0.0508
vn 0.6917 0.3336 0.6406
vn -0.5425 -0.3266 -0.7740
vn -0.8647 0.4912 0.1052
vn 0.0275 0.4496 0.8928
vn 0.0639 0.4668 -0.8820
vn 0.4127 0.7430 -0.5268
vn 0.5053 0.7150 0.4832
vn -0.6199 0.3402 -0.7071
vn 0.3941 -0.5368 -0.7460
vn -0.0850 -0.7799 0.6201
vn 0.8916 0.4528 -0.0030
vn -0.8670 -0.4982 0.0002
vn -0.6433 0.5926 0.4847
vn -0.2081 0.6467 -0.7338
vn 0.5994 0.8004 -0.0000
vn -0.9619 0.2736 -0.0000
vn 0.5711 0.6378 -0.5168
vn 0.2081 0.6467 0.7338
vn -0.3936 -0.5348 0.7478
vn 0.1133 -0.8436 -0.5248
vn 0.9962 0.0549 0.0673
vn 0.7881 -0.6067 0.1039
vn 0.3213 -0.5331 -0.7827
vn -0.6378 0.6038 -0.4782
vn -0.7006 0.4734 0.5338
vn 0.6701 -0.4042 -0.6226
vn 0.0148 0.9061 -0.4229
vn 0.0045 -0.9734 -0.2289
vn 0.1477 0.2094 0.9666
vn -0.7529 -0.4784 0.4520
vn -0.5293 0.8482 -0.0204
vn -0.4022 -0.8010 -0.4434
vn -0.0171 0.1184 -0.9928
vn -0.3425 0.1993 0.9181
vn 0.8815 -0.2706 0.3870
vn 0.4127 0.7430 0.5268
vn 0.5053 0.7150 -0.4832
vn -0.6199 0.3402 0.7071
vn -0.6604 0.3684 -0.6543
vn -0.1332 -0.2823 -0.9500
vn 0.2617 -0.4659 0.8453
vn -0.3582 0.6011 0.7144
vn 0.9420 -0.3049 -0.1403
vn -0.4988 -0.5807 0.6433
vn 0.0524 -0.7553 -0.6532
vn 0.7676 0.4551 0.4514
vn -0.4836 0.6815 -0.5493
vn -0.0133 0.1705 -0.9853
vn 0.6783 0.1453 -0.7203
vn -0.6223 0.5373 0.5692
vn -0.3637 0.4504 0.8154
vn -0.8283 -0.1854 -0.5288
vn 0.2054 -0.1676 -0.9642
vn -0.3814 0.1706 0.9085
vn 0.1441 -0.8811 0.4505
vn 0.6234 -0.3426 -0.7028
vn -0.6331 0.3755 0.6769
vn -0.1311 0.8304 -0.5416
vn -0.6571 -0.4326 -0.6173
vn -0.2348 -0.6846 0.6901
vn 0.8818 -0.4716 -0.0010
vn -0.8573 0.5148 -0.0009
vn 0.4245 0.5944 0.6830
vn 0.9999 0.0123 -0.0000
vn -0.8299 0.5579 -0.0000
vn -0.5004 -0.5775 -0.6450
vn 0.9538 -0.2941 -0.0607
vn 0.0456 -0.7742 0.6312
vn -0.6581 0.3189 0.6821
vn 0.6991 -0.2654 -0.6639
vn -0.7572 0.4996 0.4208
vn -0.3536 0.9223 -0.1556
vn 0.5509 0.0565 -0.8327
vn 0.4867 -0.6015 -0.6335
vn -0.5173 -0.5331 -0.6695
vn -0.7587 -0.4455 -0.4753
vn 0.1259 0.2234 -0.9666
vn 0.3789 -0.8614 0.3383
vn -0.9406 -0.3352 0.0533
vn -0.4340 0.6079 -0.6649
vn 0.3338 -0.8472 -0.4133
vn 0.8820 0.1574 0.4442
vn -0.1709 0.8919 -0.4187
vn -0.6210 0.4328 -0.6534
vn -0.0780 0.0351 -0.9963
vn -0.4786 0.3343 0.8119
vn -0.2437 -0.2031 0.9483
vn 0.6656 -0.4198 -0.6171
vn 0.1208 0.7101 -0.6936
vn -0.6783 0.1453 -0.7203
vn -0.6298 -0.3265 -0.7048
vn 0.6343 0.3686 0.6795
vn 0.6223 0.5373 0.5692
vn -0.4245 0.5944 0.6830
vn -0.9999 0.0123 -0.0000
vn 0.8299 0.5579 -0.0000
vn 0.2342 -0.6856 0.6893
vn 0.9536 -0.2346 0.1889
vn -0.1490 -0.8852 -0.4407
vn -0.7792 0.5082 -0.3668
vn -0.6783 0.1453 0.7203
vn 0.6223 0.5373 -0.5692
vn 0.5512 0.8053 0.2185
vn 0.1333 -0.1543 0.9790
vn 0.4280 0.5087 0.7470
vn 0.7752 -0.6317 0.0014
vn -0.8185 0.5745 -0.0000
vn 0.0566 0.8153 -0.5763
vn -0.9151 0.4026 0.0214
vn -0.6749 0.0997 -0.7312
vn -0.4593 0.8857 0.0672
vn 0.8157 0.1369 0.5620
vn 0.7489 -0.5718 0.3349
vn 0.7411 -0.4135 -0.5289
vn -0.4296 0.5074 0.7470
vn -0.1355 -0.1540 0.9787
vn 0.9336 0.3580 0.0148
vn -0.0566 0.8153 -0.5763
vn 0.3220 -0.8613 0.3931
vn -0.6553 0.3120 0.6879
vn -0.8853 -0.0145 -0.4649
vn -0.6051 -0.4873 0.6296
vn -0.3899 0.6755 -0.6258
vn -0.2324 -0.6018 -0.7641
vn -0.2261 -0.6011 0.7665
vn -0.3899 0.6755 0.6258
vn -0.5916 -0.5027 -0.6303
vn -0.2721 -0.6784 -0.6825
vn -0.0225 -0.6310 0.7754
vn 0.0957 0.0222 0.9952
vn 0.0301 0.0661 0.9974
vn -0.1257 0.7562 0.6421
vn -0.4210 0.5617 -0.7122
vn -0.3929 -0.0770 -0.9164
vn -0.1680 -0.8946 0.4142
vn 0.1121 0.5554 0.8240
vn 0.8327 0.1673 0.5279
vn 0.8161 -0.2202 0.5343
vn -0.9499 -0.3068 -0.0592
vn -0.9428 0.3207 -0.0906
vn 0.3101 0.5585 -0.7694
vn 0.9386 0.1702 -0.3002
vn -0.9367 0.3196 -0.1430
vn 0.3320 -0.5847 -0.7402
vn 0.9599 -0.1702 -0.2229
vn -0.9726 -0.2037 -0.1119
vn -0.4304 -0.6796 0.5941
vn -0.4105 0.6658 0.6230
vn 0.1315 0.6862 -0.7154
vn 0.0912 -0.6835 -0.7242
vn 0.0912 -0.6835 0.7242
vn 0.1315 0.6862 0.7154
vn -0.4139 0.6621 -0.6248
vn -0.4160 -0.6861 -0.5969
vn -0.7302 -0.6795 -0.0707
vn -0.7120 0.7014 -0.0328
vn 0.6853 0.6862 -0.2438
vn 0.6728 -0.6835 -0.2831
vn -0.6676 -0.4298 0.6079
vn 0.6853 -0.6263 -0.3717
vn -0.8799 -0.2010 -0.4306
vn 0.5855 -0.3563 0.7282
vn 0.8332 0.0447 -0.5512
vn 0.8455 0.0666 -0.5298
vn 0.6507 0.7304 -0.2075
vn -0.7392 0.4293 0.5189
vn -0.8794 -0.0712 0.4707
vn -0.9800 -0.0258 -0.1975
vn 0.5542 -0.0395 0.8315
vn -0.8985 -0.0507 0.4361
vn -0.9696 -0.0426 -0.2408
vn 0.5892 0.0017 0.8080
vn 0.5383 0.2277 0.8114
vn 0.0298 0.6897 -0.7235
vn 0.9051 0.4232 -0.0416
vn -0.1957 0.4260 0.8833
vn -0.2738 -0.6337 -0.7235
vn 0.5651 -0.7793 0.2706
vn 0.6299 -0.7756 -0.0403
vn -0.3614 -0.2991 0.8831
vn -0.1872 -0.6802 0.7087
vn 0.3031 -0.7290 -0.6138
vn 0.5824 0.6061 -0.5416
vn 0.0844 0.6571 0.7490
vn -0.6675 0.7275 0.1584
vn 0.7490 0.6591 -0.0673
vn 0.6419 -0.6844 -0.3458
vn -0.7830 -0.6010 -0.1604
vn 0.7708 -0.6367 0.0210
vn -0.5507 -0.7327 -0.3998
vn -0.6042 -0.5278 0.5969
vn 0.0293 -0.4843 0.8744
vn -0.0170 -0.4151 -0.9096
vn 0.6408 -0.3733 -0.6709
vn -0.8979 -0.0633 -0.4356
vn -0.8271 -0.0317 0.5611
vn 0.5900 0.0205 -0.8072
vn -0.9068 -0.0478 -0.4188
vn -0.8505 -0.0688 0.5215
vn 0.5327 0.0841 -0.8421
vn -0.7235 0.6061 -0.3304
vn 0.6457 0.7598 0.0756
vn 0.0477 0.0584 0.9971
vn -0.0772 -0.0585 -0.9953
vn 0.9899 0.1195 0.0767
vn -0.0377 -0.0016 0.9993
vn -0.0765 0.0135 -0.9970
vn 0.4353 0.3448 -0.8316
vn -0.5033 0.5587 0.6592
vn -0.9848 0.1684 0.0431
vn -0.6674 0.1675 -0.7256
vn 0.8860 0.3205 0.3352
vn 0.8659 0.3201 0.3843
vn -0.4853 -0.6046 0.6316
vn -0.9769 -0.2101 -0.0390
vn 0.9091 -0.1677 0.3813
vn 0.1394 -0.6010 -0.7870
vn -0.6940 -0.2298 -0.6823
vn 0.9175 -0.2044 0.3411
vn 0.0839 0.6833 -0.7253
vn 0.1237 -0.6852 -0.7178
vn 0.9979 0.0651 -0.0000
vn -0.9985 -0.0555 -0.0000
vn -0.3986 -0.7008 0.5916
vn 0.8445 0.0853 0.5287
vn -0.5110 -0.0605 -0.8574
vn -0.4340 0.6906 0.5785
vn 0.8228 0.0609 0.5651
vn -0.5968 -0.0628 -0.7999
vn 0.3097 -0.7344 0.6040
vn -0.1876 -0.6804 -0.7084
vn -0.8297 0.0696 0.5538
vn 0.5988 -0.0527 -0.7992
vn 0.0842 0.6568 -0.7493
vn 0.6031 0.5854 0.5418
vn 0.0469 0.6813 -0.7305
vn 0.1987 -0.6797 -0.7061
vn 0.9407 -0.3392 -0.0000
vn -0.8324 -0.5541 -0.0000
vn -0.3170 -0.7247 0.6118
vn 0.6566 -0.3760 0.6538
vn -0.6043 -0.5558 -0.5708
vn -0.5060 0.6132 0.6065
vn -0.4327 0.6830 -0.5884
vn -0.4014 -0.6968 -0.5944
vn 0.1236 -0.6852 0.7178
vn 0.0841 0.6830 0.7256
vn -0.4697 0.6280 -0.6205
vn -0.3138 -0.7311 -0.6058
vn 0.1987 -0.6797 0.7061
vn 0.0469 0.6813 0.7305
vn -0.0444 -0.2632 0.9637
vn -0.1830 -0.8010 -0.5701
vn -0.0341 0.3145 -0.9486
vn -0.8513 0.1185 -0.5111
vn 0.9664 0.1992 0.1625
vn 0.2499 0.7431 0.6208
vn 0.3941 -0.5353 0.7471
vn -0.2081 0.6467 0.7338
vn -0.6433 0.5926 -0.4847
vn -0.0898 -0.7865 -0.6110
vn -0.7934 -0.5975 0.1165
vn -0.9962 0.0626 0.0607
vn 0.0975 0.9279 -0.3598
vn 0.8066 0.3827 -0.4504
vn 0.7005 0.4737 0.5338
vn -0.5082 -0.6307 -0.5864
vn -0.3021 -0.5289 -0.7931
vn 0.8399 0.5392 0.0618
vn 0.3021 -0.9517 0.0546
vn -0.8207 -0.2931 -0.4904
vn -0.4127 0.7430 -0.5268
vn 0.8122 -0.5697 -0.1258
vn 0.4836 0.6815 -0.5493
vn 0.0133 0.1705 -0.9853
vn -0.2054 -0.1676 -0.9642
vn 0.3814 0.1706 0.9085
vn 0.3637 0.4504 0.8154
vn -0.7792 0.5083 0.3668
vn -0.1441 -0.8811 0.4505
vn -0.0813 -0.1275 0.9885
vn -0.5840 0.3726 0.7211
vn -0.3567 0.5947 -0.7205
vn 0.2668 -0.4624 -0.8456
vn 0.6094 0.2977 0.7348
vn 0.1117 -0.3055 0.9456
vn -0.2657 -0.4658 -0.8440
vn 0.3530 0.5997 -0.7182
vn -0.2901 0.1069 0.9510
vn -0.2901 -0.6745 -0.6789
vn 0.7666 -0.4520 0.4561
vn 0.5040 -0.5771 0.6426
vn -0.9551 -0.2942 0.0348
vn -0.0218 -0.7521 -0.6587
vn 0.4549 -0.6783 -0.5770
vn -0.6829 -0.6310 0.3682
vn -0.8369 0.0441 0.5455
vn -0.8486 0.0661 0.5248
vn -0.6529 0.7283 0.2080
vn 0.4308 0.5443 -0.7198
vn 0.5971 -0.0768 -0.7985
vn 0.3044 0.7691 -0.5621
vn -0.2348 -0.6846 -0.6901
vn -0.6501 -0.4298 0.6266
vn -0.1208 0.7101 0.6936
vn -0.9590 -0.2772 -0.0587
vn 0.5019 -0.5815 -0.6403
vn -0.0124 -0.7652 0.6437
vn 0.6580 0.3189 0.6821
vn -0.6922 -0.3091 -0.6522
vn -0.4902 0.4945 0.7178
vn 0.4247 -0.4148 0.8047
vn 0.7454 0.5524 -0.3731
vn 0.3468 0.9259 0.1496
vn -0.1324 0.2316 -0.9638
vn 0.7593 -0.4453 -0.4746
vn -0.4010 -0.8541 0.3311
vn 0.4333 0.6086 -0.6648
vn 0.9417 -0.3315 0.0580
vn -0.3605 -0.8384 -0.4088
vn -0.8723 0.1595 0.4622
vn 0.2746 -0.2371 0.9319
vn 0.6210 0.4328 -0.6534
vn 0.0780 0.0351 -0.9963
vn 0.4786 0.3343 0.8119
vn 0.1709 0.8919 -0.4187
vn 0.4034 0.8304 -0.3843
vn 0.2012 -0.4209 -0.8845
vn -0.7162 -0.6829 0.1439
vn -0.3793 0.5944 0.7091
vn -0.3201 -0.2317 0.9186
vn -0.0864 0.8053 0.5866
vn 0.0720 0.5082 -0.8582
vn -0.3138 -0.8894 -0.3325
vn 0.4284 0.5075 -0.7476
vn 0.1355 -0.1540 -0.9787
vn -0.9328 0.3601 -0.0145
vn 0.0670 0.8114 0.5806
vn 0.2958 0.0999 -0.9500
vn -0.2878 0.8858 -0.3642
vn -0.0787 0.1369 0.9874
vn 0.0844 -0.5719 0.8159
vn 0.8407 -0.3844 0.3815
vn 0.3148 -0.7308 0.6057
vn -0.1987 -0.6797 -0.7061
vn -0.6566 -0.3760 0.6538
vn 0.6044 -0.5558 -0.5708
vn -0.0469 0.6813 -0.7305
vn 0.4656 0.6532 0.5971
vn -0.8375 0.0255 0.5458
vn 0.5232 -0.0253 -0.8518
vn 0.1580 0.8220 0.5472
vn -0.3321 -0.8470 0.4151
vn 0.8853 -0.0145 -0.4649
vn 0.3879 0.6771 -0.6254
vn 0.6118 -0.5190 0.5969
vn 0.2324 -0.6018 -0.7641
vn 0.3879 0.6771 0.6253
vn 0.2324 -0.6018 0.7641
vn 0.6295 -0.4965 -0.5976
vn 0.7271 -0.6784 0.1057
vn -0.6604 -0.6310 -0.4071
vn -0.9098 0.0223 -0.4145
vn -0.8786 0.0659 -0.4729
vn -0.4812 0.7445 -0.4627
vn 0.8388 0.5443 0.0132
vn 0.9900 -0.0768 0.1180
vn 0.2055 0.7210 0.6617
vn 0.5026 -0.6389 0.5824
vn -0.0215 -0.6844 -0.7288
vn -0.3127 0.6611 -0.6820
vn 0.3786 0.6824 0.6253
vn 0.4189 -0.6826 0.5988
vn -0.0912 -0.6835 -0.7242
vn -0.1315 0.6862 -0.7154
vn 0.8105 0.0317 0.5849
vn 0.6853 -0.6263 0.3717
vn -0.7250 -0.6285 -0.2816
vn -0.8799 -0.2010 0.4306
vn 0.5855 -0.3563 -0.7282
vn -0.8985 -0.0506 -0.4361
vn -0.9696 -0.0425 0.2408
vn 0.5892 0.0016 -0.8080
vn -0.8794 -0.0713 -0.4707
vn -0.9800 -0.0259 0.1975
vn 0.5542 -0.0395 -0.8315
vn -0.7392 0.4293 -0.5189
vn 0.6392 0.7457 0.1883
vn 0.8475 0.0732 0.5257
vn -0.6726 -0.7328 -0.1026
vn -0.7692 0.6307 -0.1030
vn 0.2760 0.6575 0.7011
vn -0.0230 0.6180 0.7858
vn 0.8237 0.4378 -0.3603
vn 0.3660 -0.6112 0.7018
vn 0.0651 -0.6151 0.7857
vn 0.8773 -0.3180 -0.3594
vn -0.0778 0.6580 -0.7490
vn 0.1876 -0.6800 -0.7088
vn -0.3141 -0.7287 0.6085
vn -0.5839 0.5770 0.5711
vn 0.5052 -0.6232 0.5970
vn -0.0198 -0.6776 -0.7352
vn -0.1620 0.6807 -0.7144
vn 0.3349 0.7217 0.6058
vn -0.1311 -0.9277 0.3494
vn 0.3743 0.5898 0.7156
vn 0.5794 0.5982 0.5536
vn 0.4831 -0.6790 0.5528
vn -0.8759 -0.3048 0.3739
vn -0.8190 0.4346 0.3747
vn 0.5061 0.6415 -0.5765
vn 0.4031 -0.7105 -0.5768
vn 0.4237 -0.4258 -0.7995
vn -0.0798 0.0704 -0.9943
vn -0.6850 0.0318 -0.7278
vn -0.6564 0.0235 -0.7540
vn 0.9964 0.0271 0.0803
vn 0.9905 0.0252 0.1355
vn -0.2210 0.5893 -0.7771
vn -0.0918 0.5732 0.8143
vn -0.0906 -0.0415 0.9950
vn -0.0725 -0.0576 0.9957
vn 0.0803 -0.7314 0.6772
vn -0.0335 -0.3998 -0.9160
vn -0.8302 -0.1668 -0.5320
vn 0.9507 -0.2381 0.1990
vn 0.3081 -0.8962 0.3191
vn 0.6811 0.6791 0.2739
vn 0.7422 0.6688 -0.0423
vn 0.8292 -0.5575 -0.0411
vn -0.2560 -0.3912 0.8840
vn -0.3097 0.3498 0.8842
vn 0.2842 0.6387 -0.7151
vn 0.4863 0.6767 -0.5528
vn -0.8747 0.3092 -0.3733
vn 0.3720 -0.5915 -0.7154
vn 0.5759 -0.6015 -0.5537
vn -0.8214 -0.4306 -0.3739
vn 0.5598 -0.6852 -0.4660
vn 0.5861 0.6832 -0.4356
vn -0.2894 0.6898 0.6637
vn -0.3141 -0.6968 0.6448
vn -0.4426 -0.8946 0.0616
vn -0.6576 0.5553 0.5091
vn -0.0408 0.1673 0.9851
vn -0.0546 -0.2202 0.9739
vn -0.4237 -0.3068 -0.8523
vn -0.3929 0.3208 -0.8618
vn 0.8213 0.5585 -0.1162
vn 0.7293 0.1702 0.6627
vn -0.3445 0.3196 -0.8827
vn 0.8071 -0.5846 -0.0826
vn 0.6730 -0.1702 0.7198
vn -0.3895 -0.2037 -0.8982
vn 0.6092 0.6813 0.4059
vn 0.5121 -0.6797 0.5251
vn -0.3676 -0.7312 -0.5746
vn -0.8953 -0.3724 0.2442
vn 0.7928 -0.5593 -0.2420
vn -0.2724 0.6175 -0.7379
vn 0.4334 -0.6686 0.6043
vn -0.1237 -0.6852 -0.7178
vn -0.0842 0.6830 -0.7255
vn 0.4340 0.6906 0.5785
vn -0.4139 0.9082 -0.0622
vn -0.6332 -0.6322 -0.4466
vn -0.0625 -0.1949 -0.9788
vn -0.0545 0.1923 -0.9798
vn -0.3980 0.3241 0.8582
vn -0.3270 -0.3350 0.8836
vn 0.8124 -0.5671 0.1357
vn 0.7318 -0.2207 -0.6448
vn -0.1702 -0.3259 0.9300
vn 0.8252 0.5609 0.0662
vn 0.7187 0.1551 -0.6778
vn -0.3093 0.3285 0.8924
vn -0.1945 0.3827 0.9032
vn 0.7879 0.1217 -0.6036
vn 0.7995 -0.5994 -0.0389
vn 0.4831 -0.4844 0.7293
vn -0.4125 0.8977 -0.1549
vn -0.3478 0.8790 -0.3262
vn -0.0424 -0.6969 -0.7159
vn 0.5200 -0.8444 -0.1291
vn -0.7956 0.4112 -0.4450
vn -0.6146 -0.5415 0.5737
vn 0.1946 -0.7617 0.6181
vn -0.8428 0.4180 -0.3391
vn 0.3045 0.7075 -0.6377
vn -0.6146 -0.5415 -0.5737
vn 0.1946 -0.7617 -0.6181
vn 0.4831 -0.4844 -0.7293
vn -0.4125 0.8977 0.1549
vn -0.8428 0.4180 0.3391
vn -0.0424 -0.6969 0.7159
vn 0.5200 -0.8444 0.1291
vn -0.7956 0.4112 0.4450
vn 0.7879 0.1218 0.6036
vn 0.7995 -0.5994 0.0389
vn -0.3478 0.8790 0.3262
vn -0.0443 0.1713 0.9842
vn -0.7527 0.3678 -0.5461
vn -0.1644 0.9362 -0.3106
vn 0.1300 0.9068 0.4010
vn -0.2985 -0.6994 0.6494
vn -0.6715 -0.6972 -0.2511
vn 0.6020 -0.2211 -0.7673
vn 0.6093 0.4981 -0.6169
vn 0.0808 -0.8283 -0.5544
vn 0.9744 -0.2088 0.0829
vn 0.8665 0.4992 -0.0081
vn 0.4180 -0.8646 0.2789
vn -0.5020 0.1852 0.8448
vn -0.7405 -0.2175 -0.6359
vn -0.6197 0.5102 -0.5964
vn -0.3972 0.8908 0.2208
vn -0.2283 -0.7398 0.6329
vn -0.4658 -0.8734 -0.1418
vn 0.1213 -0.1919 -0.9739
vn -0.0093 0.5345 -0.8451
vn 0.3392 -0.8076 -0.4824
vn 0.9145 0.3743 0.1534
vn 0.3120 0.9473 -0.0726
vn 0.6623 -0.7017 0.2626
vn -0.2346 -0.0632 -0.9700
vn 0.7389 -0.2229 -0.6359
vn 0.6228 0.5049 -0.5976
vn 0.0132 0.5322 -0.8465
vn -0.3438 -0.8063 -0.4814
vn 0.4615 -0.8760 -0.1400
vn 0.5984 0.2594 0.7580
vn 0.4023 0.8888 0.2194
vn 0.2245 -0.7397 0.6344
vn -0.9120 0.3810 0.1518
vn -0.3061 0.9491 -0.0743
vn -0.6666 -0.6973 0.2633
vn -0.5125 0.7996 0.3130
vn -0.1681 -0.6780 0.7156
vn -0.7487 -0.6503 0.1284
vn -0.9420 -0.3333 0.0388
vn 0.5945 0.7349 0.3264
vn 0.8822 0.1548 0.4448
vn 0.4248 -0.6996 -0.5746
vn -0.4133 -0.6682 -0.6186
vn 0.9290 0.1473 0.3394
vn -0.0363 0.3580 -0.9330
vn -0.6057 -0.3178 -0.7295
vn 0.6616 0.7335 0.1558
vn -0.5089 -0.0152 0.8607
vn -0.9948 -0.0589 -0.0830
vn -0.7809 0.6246 0.0081
vn -0.5269 0.5846 0.6170
vn -0.2051 -0.8065 0.5545
vn -0.5439 -0.7914 -0.2788
vn 0.1608 0.2911 -0.9431
vn 0.0087 0.9160 -0.4011
vn 0.1893 -0.7365 -0.6494
vn 0.7996 0.2497 0.5461
vn 0.3042 0.9006 0.3106
vn 0.5583 -0.7907 0.2511
vn -0.1460 0.7513 0.6436
vn -0.9208 -0.3798 -0.0890
vn -0.7031 0.3294 -0.6303
vn -0.6329 0.6657 -0.3954
vn 0.2846 -0.1557 0.9459
vn 0.1897 -0.7484 0.6355
vn 0.6419 -0.3240 -0.6950
vn 0.0737 0.3455 -0.9355
vn 0.3955 -0.7379 0.5468
vn 0.6762 0.7349 -0.0521
vn 0.1331 0.7122 -0.6893
vn 0.4510 -0.1423 0.8811
vn 0.4232 -0.3285 0.8444
vn 0.7716 -0.0037 -0.6361
vn 0.4464 -0.6634 -0.6005
vn 0.1208 -0.9688 0.2163
vn 0.4335 0.6370 0.6375
vn 0.7011 0.6999 -0.1362
vn -0.0549 0.2231 -0.9733
vn -0.1425 -0.5082 -0.8494
vn -0.0901 0.8731 -0.4791
vn -0.9840 -0.0976 0.1493
vn -0.5727 -0.8161 -0.0774
vn -0.4318 0.8621 0.2652
vn -0.0168 0.1780 0.9839
vn -0.6866 0.4797 -0.5464
vn -0.0205 0.9500 -0.3114
vn 0.2655 0.8773 0.3998
vn -0.4011 -0.6437 0.6518
vn -0.7702 -0.5862 -0.2511
vn 0.5629 -0.3113 -0.7657
vn 0.6787 0.3974 -0.6176
vn -0.0466 -0.8312 -0.5541
vn 0.9317 -0.3535 0.0831
vn 0.9326 0.3607 -0.0089
vn 0.2820 -0.9170 0.2823
vn -0.5228 -0.2650 -0.8102
vn 0.7996 0.2497 -0.5461
vn 0.3042 0.9006 -0.3106
vn -0.5269 0.5846 -0.6170
vn -0.2051 -0.8065 -0.5545
vn 0.5583 -0.7907 -0.2511
vn 0.1608 0.2911 0.9431
vn 0.0087 0.9160 0.4011
vn 0.1893 -0.7365 0.6494
vn -0.9948 -0.0588 0.0830
vn -0.7809 0.6246 -0.0081
vn -0.5439 -0.7915 0.2788
vn 0.5125 -0.7996 0.3130
vn 0.1680 0.6780 0.7156
vn 0.7487 0.6504 0.1285
vn 0.9420 0.3333 0.0388
vn -0.5945 -0.7349 0.3264
vn -0.8822 -0.1548 0.4448
vn -0.4248 0.6996 -0.5745
vn 0.4132 0.6682 -0.6186
vn -0.9290 -0.1473 0.3394
vn 0.0363 -0.3579 -0.9330
vn 0.6057 0.3179 -0.7294
vn -0.6616 -0.7335 0.1559
vn -0.9241 0.3772 -0.0622
vn 0.6315 0.1714 -0.7562
vn 0.5311 0.8192 -0.2164
vn -0.1596 0.9841 0.0774
vn -0.7644 -0.5876 -0.2652
vn 0.1123 -0.7622 -0.6375
vn 0.6961 -0.3330 0.6360
vn 0.6910 0.4024 0.6004
vn 0.3258 -0.9356 0.1362
vn -0.1466 -0.1768 0.9733
vn 0.0934 0.5195 0.8493
vn -0.4618 -0.7465 0.4792
vn -0.4320 0.7262 -0.5348
vn -0.6761 -0.7349 -0.0521
vn -0.1331 -0.7122 -0.6892
vn -0.0737 -0.3455 -0.9355
vn -0.3956 0.7379 0.5468
vn -0.4510 0.1423 0.8811
vn 0.6106 -0.6656 0.4290
vn 0.6329 -0.6657 -0.3953
vn -0.2845 0.1556 0.9459
vn 0.9207 0.3799 -0.0890
vn 0.7031 -0.3293 -0.6302
vn -0.1896 0.7484 0.6355
vn -0.0346 0.7643 0.6439
vn -0.9664 -0.2411 -0.0891
vn -0.6472 0.4290 -0.6301
vn -0.5286 0.7514 -0.3950
vn 0.2585 -0.1960 0.9459
vn 0.0781 -0.7683 0.6353
vn 0.5877 -0.4141 -0.6951
vn 0.1234 0.3313 -0.9354
vn 0.2835 -0.7880 0.5465
vn 0.7763 0.6283 -0.0516
vn 0.2359 0.6854 -0.6889
vn 0.4254 -0.2069 0.8810
vn -0.4232 0.3285 0.8444
vn -0.7716 0.0037 -0.6361
vn -0.4464 0.6634 -0.6005
vn -0.1208 0.9688 0.2163
vn -0.4335 -0.6370 0.6375
vn -0.7011 -0.6999 -0.1362
vn 0.0549 -0.2231 -0.9733
vn 0.1425 0.5082 -0.8494
vn 0.0901 -0.8731 -0.4791
vn 0.9840 0.0976 0.1493
vn 0.5727 0.8161 -0.0774
vn 0.4318 -0.8621 0.2652
vn 0.2772 -0.1964 -0.9405
vn -0.9946 0.0632 -0.0825
vn -0.7831 -0.6218 0.0080
vn 0.0044 -0.9158 -0.4016
vn 0.1917 0.7370 -0.6482
vn -0.5409 0.7942 -0.2768
vn -0.6269 0.1296 0.7682
vn -0.5285 -0.5835 0.6166
vn -0.2021 0.8071 0.5547
vn 0.7991 -0.2519 0.5459
vn 0.3005 -0.9019 0.3102
vn 0.5610 0.7888 0.2511
vn 0.5014 0.0890 0.8606
vn 0.9757 0.2030 -0.0824
vn 0.8629 -0.5053 0.0080
vn 0.6054 -0.5032 0.6167
vn 0.0864 0.8275 0.5547
vn 0.4237 0.8624 -0.2769
vn -0.1165 -0.3095 -0.9438
vn 0.1246 -0.9073 -0.4016
vn -0.2937 0.7026 -0.6482
vn -0.7556 -0.3619 0.5460
vn -0.1704 -0.9353 0.3102
vn -0.6665 0.7019 0.2511
vn 0.6231 -0.7168 0.3131
vn 0.0678 0.6954 0.7154
vn 0.6464 0.7522 0.1282
vn 0.8836 0.4666 0.0389
vn -0.4814 -0.8134 0.3265
vn -0.8504 -0.2813 0.4446
vn -0.5219 0.6302 -0.5749
vn 0.3120 0.7210 -0.6188
vn -0.8977 -0.2808 0.3394
vn 0.0881 -0.3490 -0.9330
vn 0.5531 0.4024 -0.7295
vn -0.5479 -0.8218 0.1562
vn -0.6709 0.1215 -0.7315
vn 0.9145 0.3743 -0.1534
vn 0.3120 0.9473 0.0726
vn -0.3973 0.8908 -0.2208
vn -0.2283 -0.7397 -0.6330
vn 0.6623 -0.7017 -0.2626
vn 0.1213 -0.1919 0.9739
vn -0.0093 0.5345 0.8451
vn 0.3392 -0.8076 0.4824
vn -0.7405 -0.2175 0.6359
vn -0.6197 0.5102 0.5963
vn -0.4658 -0.8734 0.1418
vn -0.2237 -0.0958 -0.9699
vn 0.7638 -0.1113 -0.6358
vn 0.5417 0.5924 -0.5963
vn -0.0661 0.5304 -0.8451
vn -0.2221 -0.8473 -0.4824
vn 0.5842 -0.7992 -0.1418
vn 0.5542 0.3418 0.7589
vn 0.2679 0.9378 0.2207
vn 0.3302 -0.7003 0.6329
vn -0.9581 0.2418 0.1534
vn -0.4422 0.8940 -0.0725
vn -0.5569 -0.7880 0.2626
vn -0.2464 0.2366 -0.9398
vn 0.9744 -0.2088 -0.0830
vn 0.8664 0.4992 0.0081
vn 0.1300 0.9068 -0.4010
vn -0.2985 -0.6994 -0.6494
vn 0.4180 -0.8646 -0.2789
vn 0.6020 -0.2212 0.7673
vn 0.6093 0.4981 0.6169
vn 0.0808 -0.8283 0.5544
vn -0.7527 0.3678 0.5461
vn -0.1644 0.9362 0.3106
vn -0.6715 -0.6972 0.2511
vn -0.0626 0.0407 0.9972
vn 0.0208 -0.6264 0.7792
vn -0.1186 -0.6284 -0.7688
vn -0.8129 -0.2010 -0.5467
vn 0.9233 -0.3563 0.1431
vn -0.0715 -0.0506 -0.9962
vn -0.6933 -0.0425 -0.7194
vn 0.9943 0.0017 0.1065
vn -0.0321 -0.0713 -0.9969
vn -0.6610 -0.0259 -0.7499
vn 0.9971 -0.0395 0.0644
vn 0.0797 0.4291 -0.8997
vn 0.1565 0.7457 0.6477
vn -0.0314 0.0732 0.9968
vn 0.6552 0.6367 -0.4066
vn -0.6623 0.6997 -0.2680
vn -0.4980 0.6366 -0.5889
vn -0.5790 0.4776 -0.6608
vn 0.6308 0.4191 0.6530
vn -0.3645 0.4085 0.8368
vn -0.7629 -0.5886 -0.2675
vn -0.5878 -0.5541 -0.5895
vn -0.4215 -0.3480 0.8374
vn 0.5516 -0.7284 -0.4065
vn -0.6446 -0.3848 -0.6607
vn 0.5603 -0.5095 0.6531
vn -0.4829 0.5367 0.6920
vn -0.8101 -0.3997 0.4289
vn -0.8757 -0.1667 -0.4532
vn -0.9812 0.0237 -0.1917
vn 0.5676 0.0269 0.8229
vn 0.6475 -0.2382 0.7239
vn 0.6267 -0.7314 -0.2690
vn 0.8387 -0.0598 -0.5412
vn 0.8170 -0.1073 -0.5666
vn 0.6455 0.6088 -0.4611
vn -0.7835 0.5893 0.1971
vn -0.9011 0.0703 0.4280
vn -0.9728 0.0318 -0.2294
vn 0.6124 0.0253 0.7901
vn -0.4032 0.7106 0.5766
vn -0.5059 -0.6414 0.5768
vn -0.3741 -0.5905 -0.7151
vn -0.5803 -0.5980 -0.5528
vn 0.8197 -0.4338 -0.3740
vn -0.2807 0.6398 -0.7154
vn -0.4821 0.6789 -0.5537
vn 0.8754 0.3058 -0.3744
vn -0.7855 -0.3427 -0.5153
vn 0.7899 -0.5441 0.2828
vn 0.8684 -0.1203 -0.4811
vn 0.1341 -0.1712 -0.9761
vn -0.6039 -0.4205 0.6771
vn -0.5932 -0.3026 0.7460
vn 0.7622 0.5576 0.3287
vn 0.8771 0.1716 -0.4486
vn -0.5627 0.3194 0.7625
vn -0.5037 0.5568 -0.6605
vn 0.2154 0.1674 -0.9621
vn -0.6004 0.3206 0.7327
vn 0.7454 -0.5297 0.4047
vn -0.8401 -0.4712 0.2686
vn -0.6645 -0.4603 0.5887
vn -0.1178 -0.6072 0.7858
vn 0.7470 -0.5601 -0.3581
vn -0.4688 -0.2822 -0.8370
vn -0.5536 0.7884 0.2680
vn -0.3968 0.7038 0.5893
vn -0.2987 0.4575 -0.8375
vn 0.4560 0.5475 0.7017
vn 0.1580 0.5980 0.7858
vn 0.9164 0.1775 -0.3586
vn 0.1311 0.9277 0.3496
vn -0.3743 -0.5898 0.7156
vn -0.5794 -0.5982 0.5536
vn -0.4831 0.6790 0.5528
vn 0.8759 0.3047 0.3742
vn 0.8190 -0.4346 0.3747
vn -0.5061 -0.6415 -0.5765
vn -0.4032 0.7106 -0.5766
vn -0.0329 0.9476 0.3177
vn -0.8498 -0.4507 0.2735
vn -0.9051 -0.4232 -0.0415
vn -0.6300 0.7755 -0.0404
vn 0.3614 0.2994 0.8831
vn 0.1957 -0.4259 0.8833
vn -0.4571 -0.5283 -0.7155
vn -0.6632 -0.5045 -0.5529
vn 0.7457 -0.5508 -0.3749
vn -0.1814 0.6743 -0.7159
vn -0.3762 0.7430 -0.5536
vn 0.9108 0.1716 -0.3755
vn -0.3354 -0.9420 -0.0110
vn -0.7697 0.5586 0.3091
vn -0.3009 0.1706 0.9383
vn -0.3517 -0.0939 0.9314
vn -0.1259 -0.4162 -0.9005
vn -0.1424 0.3196 -0.9368
vn 0.8222 0.5591 0.1067
vn 0.5294 0.1682 0.8316
vn -0.1005 0.3201 -0.9420
vn 0.8553 -0.4856 0.1806
vn 0.6168 -0.1147 0.7787
vn -0.0750 -0.4655 -0.8819
vn -0.3042 0.9201 -0.2467
vn -0.2713 -0.4856 -0.8310
vn 0.3660 -0.1147 -0.9235
vn 0.4555 0.1682 -0.8742
vn -0.7656 0.3201 0.5580
vn -0.7262 -0.4655 0.5059
vn 0.7272 -0.4992 0.4712
vn 0.9825 -0.0939 -0.1611
vn -0.7169 -0.4162 0.5593
vn 0.6525 0.5586 0.5121
vn 0.9630 0.1706 -0.2085
vn -0.7401 0.3196 0.5917
vn -0.0391 0.3446 -0.9379
vn -0.0964 0.5576 0.8245
vn -0.8270 0.1716 0.5353
vn -0.9409 0.1674 -0.2945
vn 0.9347 0.3206 -0.1536
vn 0.9417 0.3194 -0.1061
vn -0.1500 -0.5441 0.8255
vn -0.8508 -0.1203 0.5115
vn 0.9427 -0.3026 -0.1407
vn -0.3275 -0.5246 -0.7858
vn -0.9124 -0.1712 -0.3718
vn 0.8883 -0.4205 -0.1844
vn -0.1454 0.9193 -0.3658
vn 0.1500 -0.5441 -0.8255
vn 0.8508 -0.1203 -0.5115
vn 0.8270 0.1716 -0.5353
vn -0.9417 0.3194 0.1061
vn -0.9427 -0.3026 0.1407
vn 0.3275 -0.5246 0.7858
vn 0.9124 -0.1712 0.3718
vn -0.8883 -0.4205 0.1844
vn 0.3202 0.5568 0.7664
vn 0.9409 0.1674 0.2945
vn -0.9347 0.3206 0.1536
vn -0.2441 0.9193 0.3089
vn -0.7899 -0.5441 0.2828
vn -0.8684 -0.1203 -0.4811
vn -0.8771 0.1716 -0.4486
vn 0.5627 0.3194 0.7625
vn 0.5932 -0.3026 0.7460
vn 0.5168 -0.5246 -0.6765
vn -0.1341 -0.1712 -0.9761
vn 0.6039 -0.4205 0.6771
vn 0.5037 0.5568 -0.6605
vn -0.2154 0.1674 -0.9621
vn 0.6004 0.3206 0.7327
vn -0.8976 0.3460 0.2732
vn 0.8239 0.5568 -0.1058
vn 0.7254 0.1674 0.6677
vn -0.0502 0.1716 0.9839
vn -0.3790 0.3194 -0.8685
vn -0.3343 0.3205 -0.8863
vn 0.8444 -0.5245 -0.1092
vn 0.7782 -0.1711 0.6043
vn -0.2845 -0.4205 -0.8615
vn -0.6400 -0.5442 0.5425
vn -0.0177 -0.1204 0.9926
vn -0.3495 -0.3026 -0.8867
vn 0.8921 0.0390 -0.4501
vn 0.6604 -0.6311 -0.4070
vn -0.7132 -0.6926 0.1078
vn -0.9862 -0.1201 0.1138
vn -0.8259 0.5638 0.0108
vn 0.4917 0.7570 -0.4304
vn 0.8786 0.0659 -0.4729
vn -0.3657 0.9201 0.1401
vn -0.8553 -0.4856 -0.1806
vn -0.6168 -0.1147 -0.7787
vn -0.5294 0.1682 -0.8316
vn 0.1005 0.3201 0.9420
vn 0.0750 -0.4655 0.8819
vn 0.7717 -0.4992 -0.3941
vn 0.3517 -0.0939 -0.9314
vn 0.1259 -0.4162 0.9005
vn 0.7697 0.5586 -0.3091
vn 0.3009 0.1706 -0.9383
vn 0.1424 0.3196 0.9368
vn 0.6524 -0.4197 0.6310
vn 0.2337 -0.6842 -0.6908
vn -0.4245 0.5944 -0.6830
vn 0.1208 0.7101 0.6936
vn -0.2771 0.1964 -0.9406
vn 0.9946 -0.0635 -0.0825
vn 0.7832 0.6218 0.0080
vn -0.0043 0.9159 -0.4015
vn -0.1918 -0.7370 -0.6481
vn 0.5409 -0.7942 -0.2768
vn 0.6270 -0.1298 0.7681
vn 0.5285 0.5834 0.6167
vn 0.2021 -0.8071 0.5547
vn -0.7990 0.2519 0.5459
vn -0.3005 0.9019 0.3102
vn -0.5610 -0.7888 0.2511
vn -0.4358 -0.7237 0.5351
vn -0.6724 0.7384 0.0517
vn -0.1295 0.7132 0.6889
vn -0.0719 0.3462 0.9354
vn -0.3994 -0.7361 -0.5465
vn -0.4517 -0.1402 -0.8811
vn 0.6138 0.6625 -0.4294
vn 0.6362 0.6628 0.3949
vn -0.2851 -0.1546 -0.9459
vn 0.9188 -0.3845 0.0891
vn 0.7046 0.3262 0.6302
vn -0.1933 -0.7477 -0.6353
vn -0.8542 -0.2723 -0.4429
vn 0.9188 -0.3845 -0.0891
vn 0.7047 0.3262 -0.6301
vn -0.0719 0.3462 -0.9354
vn -0.3994 -0.7361 0.5465
vn -0.1933 -0.7477 0.6353
vn 0.6138 0.6625 0.4294
vn 0.6362 0.6628 -0.3949
vn -0.2851 -0.1546 0.9459
vn -0.6724 0.7384 -0.0517
vn -0.1295 0.7132 -0.6889
vn -0.4517 -0.1402 0.8811
vn 0.8319 0.3446 0.4350
vn -0.6659 0.5577 -0.4956
vn -0.0502 0.1716 -0.9839
vn 0.7254 0.1674 -0.6677
vn -0.3343 0.3206 0.8863
vn -0.3790 0.3194 0.8685
vn -0.6399 -0.5442 -0.5425
vn -0.0177 -0.1204 -0.9926
vn -0.3495 -0.3026 0.8867
vn 0.8443 -0.5245 0.1092
vn 0.7782 -0.1711 -0.6043
vn -0.2845 -0.4205 0.8615
vn 0.0615 0.9201 -0.3869
vn 0.5839 -0.4857 -0.6505
vn 0.9828 -0.1147 -0.1449
vn 0.9848 0.1682 -0.0428
vn -0.8661 0.3201 -0.3840
vn -0.8012 -0.4655 -0.3760
vn -0.0444 -0.4991 0.8654
vn 0.6308 -0.0939 0.7702
vn -0.8428 -0.4162 -0.3412
vn -0.1171 0.5585 0.8212
vn 0.6622 0.1705 0.7297
vn -0.8825 0.3196 -0.3451
vn -0.0868 -0.9362 -0.3405
vn -0.5034 0.5591 -0.6588
vn -0.9848 0.1682 -0.0427
vn -0.9828 -0.1148 -0.1450
vn 0.8012 -0.4655 -0.3760
vn 0.8661 0.3201 -0.3840
vn 0.1171 0.5585 0.8212
vn -0.6622 0.1705 0.7297
vn 0.8825 0.3196 -0.3451
vn 0.0444 -0.4992 0.8654
vn -0.6308 -0.0939 0.7702
vn 0.8428 -0.4162 -0.3412
vn -0.3459 -0.9107 -0.2256
vn -0.8239 0.5567 -0.1058
vn -0.7254 0.1673 0.6677
vn -0.7782 -0.1711 0.6043
vn 0.2845 -0.4205 -0.8615
vn 0.3343 0.3206 -0.8863
vn 0.6659 0.5576 0.4956
vn 0.0502 0.1716 0.9839
vn 0.3790 0.3194 -0.8686
vn 0.6399 -0.5442 0.5425
vn 0.0177 -0.1204 0.9926
vn 0.3495 -0.3026 -0.8867
vn 0.2682 0.8973 0.3505
vn -0.4574 -0.5276 0.7158
vn -0.6624 -0.5046 0.5537
vn -0.3768 0.7431 0.5529
vn 0.9112 0.1705 0.3750
vn 0.7448 -0.5517 0.3755
vn -0.8487 -0.4544 -0.2706
vn -0.9052 -0.4231 0.0406
vn 0.1947 -0.4269 -0.8831
vn -0.5680 0.7763 -0.2735
vn -0.6299 0.7756 0.0415
vn 0.3620 0.2980 -0.8833
vn -0.2335 0.9196 -0.3159
vn -0.0444 -0.4992 -0.8654
vn 0.6308 -0.0939 -0.7702
vn 0.6622 0.1705 -0.7297
vn -0.8825 0.3196 0.3451
vn -0.8428 -0.4162 0.3412
vn 0.5840 -0.4857 0.6505
vn 0.9828 -0.1148 0.1450
vn -0.8012 -0.4655 0.3760
vn 0.5034 0.5591 0.6588
vn 0.9848 0.1682 0.0427
vn -0.8661 0.3201 0.3840
vn -0.6997 0.6807 0.2168
vn -0.6466 -0.6776 0.3505
vn 0.7662 -0.6286 0.1337
vn 0.6921 0.7217 -0.0129
vn -0.5396 -0.3008 0.7864
vn 0.2713 -0.4856 -0.8310
vn -0.3660 -0.1147 -0.9235
vn -0.9825 -0.0939 -0.1611
vn 0.7169 -0.4162 0.5593
vn 0.7262 -0.4655 0.5059
vn 0.3187 0.5590 -0.7654
vn -0.4555 0.1682 -0.8742
vn 0.7656 0.3201 0.5580
vn -0.6525 0.5586 0.5121
vn -0.9630 0.1706 -0.2085
vn 0.7401 0.3196 0.5917
vt 0.750000 0.490000
vt 0.580294 0.419706
vt 0.510000 0.250000
vt 0.580294 0.080294
vt 0.750000 0.010000
vt 0.919706 0.080294
vt 0.990000 0.250000
vt 0.919706 0.419706
vt 0.750000 1.000000
vt 0.625000 1.000000
vt 0.250000 1.000000
vt 0.375000 1.000000
vt 0.750000 0.500000
vt 0.625000 0.500000
vt 0.750000 0.200000
vt 0.750000 0.000000
vt 0.875000 0.000000
vt 0.875000 0.200000
vt 1.000000 0.500000
vt 1.000000 1.000000
vt 0.875000 1.000000
vt 0.875000 0.500000
vt 0.125000 1.000000
vt 0.000000 1.000000
vt 0.125000 0.500000
vt 0.250000 0.500000
vt 0.375000 0.500000
vt 0.500000 1.000000
vt 0.500000 0.500000
vt 0.375000 0.200000
vt 0.375000 0.000000
vt 0.500000 0.000000
vt 0.500000 0.200000
vt 0.375000 0.800000
vt 0.500000 0.800000
vt 0.125000 0.800000
vt 0.000000 0.800000
vt 0.750000 0.600000
vt 0.750000 0.800000
vt 0.625000 0.800000
vt 0.625000 0.600000
vt 0.000000 0.200000
vt 0.125000 0.200000
vt 0.125000 0.400000
vt 0.000000 0.400000
vt 1.000000 0.600000
vt 0.875000 0.600000
vt 0.875000 0.400000
vt 1.000000 0.400000
vt 0.250000 0.800000
vt 0.000000 0.600000
vt 0.125000 0.600000
vt 0.875000 0.800000
vt 1.000000 0.800000
vt 0.625000 0.200000
vt 0.625000 0.400000
vt 0.500000 0.400000
vt 0.250000 0.400000
vt 0.250000 0.200000
vt 0.750000 0.400000
vt 0.500000 0.600000
vt 0.375000 0.400000
vt 0.250000 0.600000
vt 0.375000 0.600000
vt 1.000000 0.200000
vt 0.000000 0.000000
vt 0.125000 0.000000
vt 0.250000 0.000000
vt 0.000000 0.500000
vt 0.625000 0.000000
vt 1.000000 0.000000
s 1
f 3051/2/477 3052/3/478 1027/3/479 1031/2/480
f 3052/3/478 3051/2/477 1032/2/481 1028/3/482
f 3052/3/478 3053/4/483 1029/4/484 1027/3/479
f 3053/4/483 3052/3/478 1028/3/482 1030/4/485
f 3053/4/483 3054/5/486 1025/5/487 1029/4/484
f 3054/5/486 3053/4/483 1030/4/485 1026/5/488
f 3054/5/486 3055/6/489 1033/6/490 1025/5/487
f 3055/6/489 3054/5/486 1026/5/488 1034/6/491
f 3055/6/489 3056/7/492 1035/7/493 1033/6/490
f 3056/7/492 3055/6/489 1034/6/491 1036/7/494
f 3056/7/492 3057/8/495 1039/8/496 1035/7/493
f 3057/8/495 3056/7/492 1036/7/494 1040/8/497
f 3057/8/495 3058/9/498 1037/9/499 1039/8/496
f 3058/9/498 3057/8/495 1040/8/497 1038/9/500
f 3058/9/498 3051/2/477 1031/2/480 1037/9/499
f 3051/2/477 3058/9/498 1038/9/500 1032/2/481
f 3059/10/501 3060/10/502 1773/10/503 1751/10/504
f 3060/10/502 3059/10/501 1752/10/505 1774/10/506
f 3060/10/502 3061/11/507 1771/11/508 1773/10/503
f 3061/11/507 3060/10/502 1774/10/506 1772/11/509
f 3061/11/507 3062/11/510 1743/11/511 1771/11/508
f 3062/11/510 3061/11/507 1772/11/509 1744/11/512
f 3062/11/510 3059/10/501 1751/10/504 1743/11/511
f 3059/10/501 3062/11/510 1744/11/512 1752/10/505
f 3063/12/513 3064/13/514 1593/13/515 2311/12/516
f 3064/13/514 3063/12/513 2312/12/517 1594/13/518
f 3064/13/514 3065/13/519 2331/13/520 1593/13/515
f 3065/13/519 3064/13/514 1594/13/518 2332/13/521
f 3065/13/519 3066/12/522 2315/12/523 2331/13/520
f 3066/12/522 3065/13/519 2332/13/521 2316/12/524
f 3066/12/522 3063/12/513 2311/12/516 2315/12/523
f 3063/12/513 3066/12/522 2316/12/524 2312/12/517
f 3067/10/525 3068/14/526 1195/14/527 1197/10/528
f 3068/14/526 3067/10/525 1198/10/529 1196/14/530
f 3068/14/526 3069/15/531 1191/15/532 1195/14/527
f 3069/15/531 3068/14/526 1196/14/530 1192/15/533
f 3069/15/531 3070/11/534 1193/11/535 1191/15/532
f 3070/11/534 3069/15/531 1192/15/533 1194/11/536
f 3070/11/534 3067/10/525 1197/10/528 1193/11/535
f 3067/10/525 3070/11/534 1194/11/536 1198/10/529
f 3071/11/537 3072/11/538 2495/11/539 2535/11/540
f 3072/11/538 3071/11/537 2536/11/541 2496/11/542
f 3072/11/538 3073/10/543 2515/10/544 2495/11/539
f 3073/10/543 3072/11/538 2496/11/542 2516/10/545
f 3073/10/543 3074/10/546 2523/10/547 2515/10/544
f 3074/10/546 3073/10/543 2516/10/545 2524/10/548
f 3074/10/546 3071/11/537 2535/11/540 2523/10/547
f 3071/11/537 3074/10/546 2524/10/548 2536/11/541
f 3075/16/549 3076/17/550 2089/17/551 2083/16/552
f 3076/17/550 3075/16/549 2084/16/553 2090/17/554
f 3076/17/550 3077/18/555 2085/18/556 2089/17/551
f 3077/18/555 3076/17/550 2090/17/554 2086/18/557
f 3077/18/555 3078/19/558 2087/19/559 2085/18/556
f 3078/19/558 3077/18/555 2086/18/557 2088/19/560
f 3078/19/558 3075/16/549 2083/16/552 2087/19/559
f 3075/16/549 3078/19/558 2088/19/560 2084/16/553
f 3079/20/561 3080/21/562 1047/21/563 1045/20/564
f 3080/21/562 3079/20/561 1046/20/565 1048/21/566
f 3080/21/562 3081/22/567 1041/22/568 1047/21/563
f 3081/22/567 3080/21/562 1048/21/566 1042/22/569
f 3081/22/567 3082/23/570 1043/23/571 1041/22/568
f 3082/23/570 3081/22/567 1042/22/569 1044/23/572
f 3082/23/570 3079/20/561 1045/20/564 1043/23/571
f 3079/20/561 3082/23/570 1044/23/572 1046/20/565
f 3083/12/573 3084/12/574 2315/12/523 2311/12/516
f 3084/12/574 3083/12/573 2312/12/517 2316/12/524
f 3084/12/574 3085/24/575 2313/24/576 2315/12/523
f 3085/24/575 3084/12/574 2316/12/524 2314/24/577
f 3085/24/575 3086/24/578 2305/24/579 2313/24/576
f 3086/24/578 3085/24/575 2314/24/577 2306/24/580
f 3086/24/578 3083/12/573 2311/12/516 2305/24/579
f 3083/12/573 3086/24/578 2306/24/580 2312/12/517
f 3087/14/581 3088/15/582 1141/15/583 1137/14/584
f 3088/15/582 3087/14/581 1138/14/585 1142/15/586
f 3088/15/582 3089/11/587 1139/11/588 1141/15/583
f 3089/11/587 3088/15/582 1142/15/586 1140/11/589
f 3089/11/587 3090/10/590 1135/10/591 1139/11/588
f 3090/10/590 3089/11/587 1140/11/589 1136/10/592
f 3090/10/590 3087/14/581 1137/14/584 1135/10/591
f 3087/14/581 3090/10/590 1136/10/592 1138/14/585
f 3091/10/593 3092/14/594 1053/14/595 1049/10/596
f 3092/14/594 3091/10/593 1050/10/597 1054/14/598
f 3092/14/594 3093/23/599 1043/23/600 1053/14/595
f 3093/23/599 3092/14/594 1054/14/598 1044/23/601
f 3093/23/599 3094/22/602 1051/22/603 1043/23/600
f 3094/22/602 3093/23/599 1044/23/601 1052/22/604
f 3094/22/602 3091/10/593 1049/10/596 1051/22/603
f 3091/10/593 3094/22/602 1052/22/604 1050/10/597
f 3095/10/605 3096/10/606 1613/10/607 1615/10/608
f 3096/10/606 3095/10/605 1616/10/609 1614/10/610
f 3096/10/606 3097/11/611 1603/11/612 1613/10/607
f 3097/11/611 3096/10/606 1614/10/610 1604/11/613
f 3097/11/611 3098/11/614 1601/11/615 1603/11/612
f 3098/11/614 3097/11/611 1604/11/613 1602/11/616
f 3098/11/614 3095/10/605 1615/10/608 1601/11/615
f 3095/10/605 3098/11/614 1602/11/616 1616/10/609
f 3099/25/617 3100/25/618 2563/25/619 2565/25/620
f 3100/25/618 3099/25/617 2566/25/621 2564/25/622
f 3100/25/618 3101/25/623 2477/25/624 2563/25/619
f 3101/25/623 3100/25/618 2564/25/622 2478/25/625
f 3101/25/623 3102/25/626 2467/25/627 2477/25/624
f 3102/25/626 3101/25/623 2478/25/625 2468/25/628
f 3102/25/626 3103/24/629 2469/24/630 2467/25/627
f 3103/24/629 3102/25/626 2468/25/628 2470/24/631
f 3103/24/629 3104/24/632 2557/24/633 2469/24/630
f 3104/24/632 3103/24/629 2470/24/631 2558/24/634
f 3104/24/632 3105/24/635 2559/24/636 2557/24/633
f 3105/24/635 3104/24/632 2558/24/634 2560/24/637
f 3105/24/635 3106/24/638 2561/24/639 2559/24/636
f 3106/24/638 3105/24/635 2560/24/637 2562/24/640
f 3106/24/638 3099/25/617 2565/25/620 2561/24/639
f 3099/25/617 3106/24/638 2562/24/640 2566/25/621
f 3107/24/641 3108/26/642 3019/26/643 3015/24/644
f 3108/26/642 3107/24/641 3016/24/645 3020/26/646
f 3108/26/642 3109/27/647 3013/27/648 3019/26/643
f 3109/27/647 3108/26/642 3020/26/646 3014/27/649
f 3109/27/647 3110/12/650 3017/12/651 3013/27/648
f 3110/12/650 3109/27/647 3014/27/649 3018/12/652
f 3110/12/650 3107/24/641 3015/24/644 3017/12/651
f 3107/24/641 3110/12/650 3018/12/652 3016/24/645
f 3111/22/653 3112/21/654 1127/21/655 1121/22/656
f 3112/21/654 3111/22/653 1122/22/657 1128/21/658
f 3112/21/654 3113/20/659 1123/20/660 1127/21/655
f 3113/20/659 3112/21/654 1128/21/658 1124/20/661
f 3113/20/659 3114/23/662 1125/23/663 1123/20/660
f 3114/23/662 3113/20/659 1124/20/661 1126/23/664
f 3114/23/662 3111/22/653 1121/22/656 1125/23/663
f 3111/22/653 3114/23/662 1126/23/664 1122/22/657
f 3115/12/665 3116/27/666 2927/27/667 2923/12/668
f 3116/27/666 3115/12/665 2924/12/669 2928/27/670
f 3116/27/666 3117/28/671 2917/28/672 2927/27/667
f 3117/28/671 3116/27/666 2928/27/670 2918/28/673
f 3117/28/671 3118/13/674 2925/13/675 2917/28/672
f 3118/13/674 3117/28/671 2918/28/673 2926/13/676
f 3118/13/674 3115/12/665 2923/12/668 2925/13/675
f 3115/12/665 3118/13/674 2926/13/676 2924/12/669
f 3119/11/677 3120/11/678 1603/11/612 1601/11/615
f 3120/11/678 3119/11/677 1602/11/616 1604/11/613
f 3120/11/678 3121/11/679 1591/11/680 1603/11/612
f 3121/11/679 3120/11/678 1604/11/613 1592/11/681
f 3121/11/679 3122/29/682 1589/29/683 1591/11/680
f 3122/29/682 3121/11/679 1592/11/681 1590/29/684
f 3122/29/682 3123/29/685 1597/29/686 1589/29/683
f 3123/29/685 3122/29/682 1590/29/684 1598/29/687
f 3123/29/685 3124/29/688 1595/29/689 1597/29/686
f 3124/29/688 3123/29/685 1598/29/687 1596/29/690
f 3124/29/688 3125/11/691 1611/11/692 1595/29/689
f 3125/11/691 3124/29/688 1596/29/690 1612/11/693
f 3125/11/691 3119/11/677 1601/11/615 1611/11/692
f 3119/11/677 3125/11/691 1612/11/693 1602/11/616
f 3126/10/694 3127/10/695 2647/10/696 2639/10/697
f 3127/10/695 3126/10/694 2640/10/698 2648/10/699
f 3127/10/695 3128/22/700 2641/22/701 2647/10/696
f 3128/22/700 3127/10/695 2648/10/699 2642/22/702
f 3128/22/700 3129/22/703 2633/22/704 2641/22/701
f 3129/22/703 3128/22/700 2642/22/702 2634/22/705
f 3129/22/703 3126/10/694 2639/10/697 2633/22/704
f 3126/10/694 3129/22/703 2634/22/705 2640/10/698
f 3130/30/706 3131/29/707 1201/29/708 1203/30/709
f 3131/29/707 3130/30/706 1204/30/710 1202/29/711
f 3131/29/707 3132/11/712 1199/11/713 1201/29/708
f 3132/11/712 3131/29/707 1202/29/711 1200/11/714
f 3132/11/712 3133/15/715 1191/15/716 1199/11/713
f 3133/15/715 3132/11/712 1200/11/714 1192/15/717
f 3133/15/715 3130/30/706 1203/30/709 1191/15/716
f 3130/30/706 3133/15/715 1192/15/717 1204/30/710
f 3134/31/718 3135/32/719 1883/32/720 1881/31/721
f 3135/32/719 3134/31/718 1882/31/722 1884/32/723
f 3135/32/719 3136/33/724 1875/33/725 1883/32/720
f 3136/33/724 3135/32/719 1884/32/723 1876/33/726
f 3136/33/724 3137/34/727 1879/34/728 1875/33/725
f 3137/34/727 3136/33/724 1876/33/726 1880/34/729
f 3137/34/727 3134/31/718 1881/31/721 1879/34/728
f 3134/31/718 3137/34/727 1880/34/729 1882/31/722
f 3138/21/730 3139/21/731 1691/21/732 1689/21/733
f 3139/21/731 3138/21/730 1690/21/734 1692/21/735
f 3139/21/731 3140/22/736 1687/22/737 1691/21/732
f 3140/22/736 3139/21/731 1692/21/735 1688/22/738
f 3140/22/736 3141/22/739 1685/22/740 1687/22/737
f 3141/22/739 3140/22/736 1688/22/738 1686/22/741
f 3141/22/739 3142/22/742 1693/22/743 1685/22/740
f 3142/22/742 3141/22/739 1686/22/741 1694/22/744
f 3142/22/742 3143/22/745 1699/22/746 1693/22/743
f 3143/22/745 3142/22/742 1694/22/744 1700/22/747
f 3143/22/745 3144/21/748 1697/21/749 1699/22/746
f 3144/21/748 3143/22/745 1700/22/747 1698/21/750
f 3144/21/748 3145/21/751 1695/21/752 1697/21/749
f 3145/21/751 3144/21/748 1698/21/750 1696/21/753
f 3145/21/751 3138/21/730 1689/21/733 1695/21/752
f 3138/21/730 3145/21/751 1696/21/753 1690/21/734
f 3146/10/754 3147/14/755 1105/14/756 1103/10/757
f 3147/14/755 3146/10/754 1104/10/758 1106/14/759
f 3147/14/755 3148/23/760 1095/23/761 1105/14/756
f 3148/23/760 3147/14/755 1106/14/759 1096/23/762
f 3148/23/760 3149/22/763 1101/22/764 1095/23/761
f 3149/22/763 3148/23/760 1096/23/762 1102/22/765
f 3149/22/763 3146/10/754 1103/10/757 1101/22/764
f 3146/10/754 3149/22/763 1102/22/765 1104/10/758
f 3150/24/766 3151/26/767 2879/26/768 2873/24/769
f 3151/26/767 3150/24/766 2874/24/770 2880/26/771
f 3151/26/767 3152/27/772 2875/27/773 2879/26/768
f 3152/27/772 3151/26/767 2880/26/771 2876/27/774
f 3152/27/772 3153/12/775 2877/12/776 2875/27/773
f 3153/12/775 3152/27/772 2876/27/774 2878/12/777
f 3153/12/775 3150/24/766 2873/24/769 2877/12/776
f 3150/24/766 3153/12/775 2878/12/777 2874/24/770
f 3154/25/778 3155/25/779 2681/25/780 2679/25/781
f 3155/25/779 3154/25/778 2680/25/782 2682/25/783
f 3155/25/779 3156/24/784 2677/24/785 2681/25/780
f 3156/24/784 3155/25/779 2682/25/783 2678/24/786
f 3156/24/784 3157/24/787 2675/24/788 2677/24/785
f 3157/24/787 3156/24/784 2678/24/786 2676/24/789
f 3157/24/787 3158/24/790 2673/24/791 2675/24/788
f 3158/24/790 3157/24/787 2676/24/789 2674/24/792
f 3158/24/790 3159/24/793 2597/24/794 2673/24/791
f 3159/24/793 3158/24/790 2674/24/792 2598/24/795
f 3159/24/793 3160/25/796 2583/25/797 2597/24/794
f 3160/25/796 3159/24/793 2598/24/795 2584/25/798
f 3160/25/796 3161/25/799 2599/25/800 2583/25/797
f 3161/25/799 3160/25/796 2584/25/798 2600/25/801
f 3161/25/799 3154/25/778 2679/25/781 2599/25/800
f 3154/25/778 3161/25/799 2600/25/801 2680/25/782
f 3162/24/802 3163/12/803 2223/12/804 2221/24/805
f 3163/12/803 3162/24/802 2222/24/806 2224/12/807
f 3163/12/803 3164/12/808 2219/12/809 2223/12/804
f 3164/12/808 3163/12/803 2224/12/807 2220/12/810
f 3164/12/808 3165/24/811 2213/24/812 2219/12/809
f 3165/24/811 3164/12/808 2220/12/810 2214/24/813
f 3165/24/811 3162/24/802 2221/24/805 2213/24/812
f 3162/24/802 3165/24/811 2214/24/813 2222/24/806
f 3166/22/814 3167/21/815 1833/21/816 1829/22/817
f 3167/21/815 3166/22/814 1830/22/818 1834/21/819
f 3167/21/815 3168/21/820 1831/21/821 1833/21/816
f 3168/21/820 3167/21/815 1834/21/819 1832/21/822
f 3168/21/820 3169/21/823 1837/21/824 1831/21/821
f 3169/21/823 3168/21/820 1832/21/822 1838/21/825
f 3169/21/823 3170/21/826 1839/21/827 1837/21/824
f 3170/21/826 3169/21/823 1838/21/825 1840/21/828
f 3170/21/826 3171/22/829 1841/22/830 1839/21/827
f 3171/22/829 3170/21/826 1840/21/828 1842/22/831
f 3171/22/829 3172/22/832 1835/22/833 1841/22/830
f 3172/22/832 3171/22/829 1842/22/831 1836/22/834
f 3172/22/832 3173/22/835 1827/22/836 1835/22/833
f 3173/22/835 3172/22/832 1836/22/834 1828/22/837
f 3173/22/835 3166/22/814 1829/22/817 1827/22/836
f 3166/22/814 3173/22/835 1828/22/837 1830/22/818
f 3174/20/838 3175/21/839 1099/21/840 1097/20/841
f 3175/21/839 3174/20/838 1098/20/842 1100/21/843
f 3175/21/839 3176/22/844 1093/22/845 1099/21/840
f 3176/22/844 3175/21/839 1100/21/843 1094/22/846
f 3176/22/844 3177/23/847 1095/23/848 1093/22/845
f 3177/23/847 3176/22/844 1094/22/846 1096/23/849
f 3177/23/847 3174/20/838 1097/20/841 1095/23/848
f 3174/20/838 3177/23/847 1096/23/849 1098/20/842
f 3178/29/850 3179/13/851 1219/13/852 1217/29/853
f 3179/13/851 3178/29/850 1218/29/854 1220/13/855
f 3179/13/851 3180/35/856 1213/35/857 1219/13/852
f 3180/35/856 3179/13/851 1220/13/855 1214/35/858
f 3180/35/856 3181/36/859 1215/36/860 1213/35/857
f 3181/36/859 3180/35/856 1214/35/858 1216/36/861
f 3181/36/859 3178/29/850 1217/29/853 1215/36/860
f 3178/29/850 3181/36/859 1216/36/861 1218/29/854
f 3182/37/862 3183/24/863 1283/24/864 1277/37/865
f 3183/24/863 3182/37/862 1278/37/866 1284/24/867
f 3183/24/863 3184/25/868 1279/25/869 1283/24/864
f 3184/25/868 3183/24/863 1284/24/867 1280/25/870
f 3184/25/868 3185/38/871 1281/38/872 1279/25/869
f 3185/38/871 3184/25/868 1280/25/870 1282/38/873
f 3185/38/871 3182/37/862 1277/37/865 1281/38/872
f 3182/37/862 3185/38/871 1282/38/873 1278/37/866
f 3186/39/874 3187/40/875 1499/40/876 1493/39/877
f 3187/40/875 3186/39/874 1494/39/878 1500/40/879
f 3187/40/875 3188/41/880 1495/41/881 1499/40/876
f 3188/41/880 3187/40/875 1500/40/879 1496/41/882
f 3188/41/880 3189/42/883 1497/42/884 1495/41/881
f 3189/42/883 3188/41/880 1496/41/882 1498/42/885
f 3189/42/883 3186/39/874 1493/39/877 1497/42/884
f 3186/39/874 3189/42/883 1498/42/885 1494/39/878
f 3190/43/886 3191/44/887 3001/44/888 2999/43/889
f 3191/44/887 3190/43/886 3000/43/890 3002/44/891
f 3191/44/887 3192/45/892 2995/45/893 3001/44/888
f 3192/45/892 3191/44/887 3002/44/891 2996/45/894
f 3192/45/892 3193/46/895 2997/46/896 2995/45/893
f 3193/46/895 3192/45/892 2996/45/894 2998/46/897
f 3193/46/895 3190/43/886 2999/43/889 2997/46/896
f 3190/43/886 3193/46/895 2998/46/897 3000/43/890
f 3194/47/898 3195/48/899 2165/48/900 2159/47/901
f 3195/48/899 3194/47/898 2160/47/902 2166/48/903
f 3195/48/899 3196/49/904 2161/49/905 2165/48/900
f 3196/49/904 3195/48/899 2166/48/903 2162/49/906
f 3196/49/904 3197/50/907 2163/50/908 2161/49/905
f 3197/50/907 3196/49/904 2162/49/906 2164/50/909
f 3197/50/907 3194/47/898 2159/47/901 2163/50/908
f 3194/47/898 3197/50/907 2164/50/909 2160/47/902
f 3198/51/910 3199/12/911 1267/12/912 1261/51/913
f 3199/12/911 3198/51/910 1262/51/914 1268/12/915
f 3199/12/911 3200/24/916 1263/24/917 1267/12/912
f 3200/24/916 3199/12/911 1268/12/915 1264/24/918
f 3200/24/916 3201/37/919 1265/37/920 1263/24/917
f 3201/37/919 3200/24/916 1264/24/918 1266/37/921
f 3201/37/919 3198/51/910 1261/51/913 1265/37/920
f 3198/51/910 3201/37/919 1266/37/921 1262/51/914
f 3202/37/922 3203/38/923 1427/38/924 1421/37/925
f 3203/38/923 3202/37/922 1422/37/926 1428/38/927
f 3203/38/923 3204/52/928 1423/52/929 1427/38/924
f 3204/52/928 3203/38/923 1428/38/927 1424/52/930
f 3204/52/928 3205/53/931 1425/53/932 1423/52/929
f 3205/53/931 3204/52/928 1424/52/930 1426/53/933
f 3205/53/931 3202/37/922 1421/37/925 1425/53/932
f 3202/37/922 3205/53/931 1426/53/933 1422/37/926
f 3206/21/934 3207/22/935 1323/22/936 1317/21/937
f 3207/22/935 3206/21/934 1318/21/938 1324/22/939
f 3207/22/935 3208/54/940 1319/54/941 1323/22/936
f 3208/54/940 3207/22/935 1324/22/939 1320/54/942
f 3208/54/940 3209/55/943 1321/55/944 1319/54/941
f 3209/55/943 3208/54/940 1320/54/942 1322/55/945
f 3209/55/943 3206/21/934 1317/21/937 1321/55/944
f 3206/21/934 3209/55/943 1322/55/945 1318/21/938
f 3210/34/946 3211/56/947 2817/56/948 2815/34/949
f 3211/56/947 3210/34/946 2816/34/950 2818/56/951
f 3211/56/947 3212/57/952 2811/57/953 2817/56/948
f 3212/57/952 3211/56/947 2818/56/951 2812/57/954
f 3212/57/952 3213/58/955 2813/58/956 2811/57/953
f 3213/58/955 3212/57/952 2812/57/954 2814/58/957
f 3213/58/955 3210/34/946 2815/34/949 2813/58/956
f 3210/34/946 3213/58/955 2814/58/957 2816/34/950
f 3214/45/958 3215/46/959 2985/46/960 2979/45/961
f 3215/46/959 3214/45/958 2980/45/962 2986/46/963
f 3215/46/959 3216/43/964 2981/43/965 2985/46/960
f 3216/43/964 3215/46/959 2986/46/963 2982/43/966
f 3216/43/964 3217/44/967 2983/44/968 2981/43/965
f 3217/44/967 3216/43/964 2982/43/966 2984/44/969
f 3217/44/967 3214/45/958 2979/45/961 2983/44/968
f 3214/45/958 3217/44/967 2984/44/969 2980/45/962
f 3218/51/970 3219/35/971 1299/35/972 1297/51/973
f 3219/35/971 3218/51/970 1298/51/974 1300/35/975
f 3219/35/971 3220/13/976 1293/13/977 1299/35/972
f 3220/13/976 3219/35/971 1300/35/975 1294/13/978
f 3220/13/976 3221/12/979 1295/12/980 1293/13/977
f 3221/12/979 3220/13/976 1294/13/978 1296/12/981
f 3221/12/979 3218/51/970 1297/51/973 1295/12/980
f 3218/51/970 3221/12/979 1296/12/981 1298/51/974
f 3222/59/982 3223/45/983 2809/45/984 2803/59/985
f 3223/45/983 3222/59/982 2804/59/986 2810/45/987
f 3223/45/983 3224/44/988 2805/44/989 2809/45/984
f 3224/44/988 3223/45/983 2810/45/987 2806/44/990
f 3224/44/988 3225/60/991 2807/60/992 2805/44/989
f 3225/60/991 3224/44/988 2806/44/990 2808/60/993
f 3225/60/991 3222/59/982 2803/59/985 2807/60/992
f 3222/59/982 3225/60/991 2808/60/993 2804/59/986
f 3226/37/994 3227/51/995 1315/51/996 1309/37/997
f 3227/51/995 3226/37/994 1310/37/998 1316/51/999
f 3227/51/995 3228/12/1000 1311/12/1001 1315/51/996
f 3228/12/1000 3227/51/995 1316/51/999 1312/12/1002
f 3228/12/1000 3229/24/1003 1313/24/1004 1311/12/1001
f 3229/24/1003 3228/12/1000 1312/12/1002 1314/24/1005
f 3229/24/1003 3226/37/994 1309/37/997 1313/24/1004
f 3226/37/994 3229/24/1003 1314/24/1005 1310/37/998
f 3230/57/1006 3231/56/1007 2785/56/1008 2779/57/1009
f 3231/56/1007 3230/57/1006 2780/57/1010 2786/56/1011
f 3231/56/1007 3232/16/1012 2781/16/1013 2785/56/1008
f 3232/16/1012 3231/56/1007 2786/56/1011 2782/16/1014
f 3232/16/1012 3233/61/1015 2783/61/1016 2781/16/1013
f 3233/61/1015 3232/16/1012 2782/16/1014 2784/61/1017
f 3233/61/1015 3230/57/1006 2779/57/1009 2783/61/1016
f 3230/57/1006 3233/61/1015 2784/61/1017 2780/57/1010
f 3234/37/1018 3235/24/1019 1331/24/1020 1325/37/1021
f 3235/24/1019 3234/37/1018 1326/37/1022 1332/24/1023
f 3235/24/1019 3236/25/1024 1327/25/1025 1331/24/1020
f 3236/25/1024 3235/24/1019 1332/24/1023 1328/25/1026
f 3236/25/1024 3237/38/1027 1329/38/1028 1327/25/1025
f 3237/38/1027 3236/25/1024 1328/25/1026 1330/38/1029
f 3237/38/1027 3234/37/1018 1325/37/1021 1329/38/1028
f 3234/37/1018 3237/38/1027 1330/38/1029 1326/37/1022
f 3238/11/1030 3239/41/1031 1243/41/1032 1237/11/1033
f 3239/41/1031 3238/11/1030 1238/11/1034 1244/41/1035
f 3239/41/1031 3240/40/1036 1239/40/1037 1243/41/1032
f 3240/40/1036 3239/41/1031 1244/41/1035 1240/40/1038
f 3240/40/1036 3241/10/1039 1241/10/1040 1239/40/1037
f 3241/10/1039 3240/40/1036 1240/40/1038 1242/10/1041
f 3241/10/1039 3238/11/1030 1237/11/1033 1241/10/1040
f 3238/11/1030 3241/10/1039 1242/10/1041 1238/11/1034
f 3242/21/1042 3243/22/1043 1347/22/1044 1345/21/1045
f 3243/22/1043 3242/21/1042 1346/21/1046 1348/22/1047
f 3243/22/1043 3244/54/1048 1341/54/1049 1347/22/1044
f 3244/54/1048 3243/22/1043 1348/22/1047 1342/54/1050
f 3244/54/1048 3245/55/1051 1343/55/1052 1341/54/1049
f 3245/55/1051 3244/54/1048 1342/54/1050 1344/55/1053
f 3245/55/1051 3242/21/1042 1345/21/1045 1343/55/1052
f 3242/21/1042 3245/55/1051 1344/55/1053 1346/21/1046
f 3246/37/1054 3247/24/1055 1363/24/1056 1357/37/1057
f 3247/24/1055 3246/37/1054 1358/37/1058 1364/24/1059
f 3247/24/1055 3248/25/1060 1359/25/1061 1363/24/1056
f 3248/25/1060 3247/24/1055 1364/24/1059 1360/25/1062
f 3248/25/1060 3249/38/1063 1361/38/1064 1359/25/1061
f 3249/38/1063 3248/25/1060 1360/25/1062 1362/38/1065
f 3249/38/1063 3246/37/1054 1357/37/1057 1361/38/1064
f 3246/37/1054 3249/38/1063 1362/38/1065 1358/37/1058
f 3250/42/1066 3251/62/1067 2689/62/1068 2683/42/1069
f 3251/62/1067 3250/42/1066 2684/42/1070 2690/62/1071
f 3251/62/1067 3252/58/1072 2685/58/1073 2689/62/1068
f 3252/58/1072 3251/62/1067 2690/62/1071 2686/58/1074
f 3252/58/1072 3253/57/1075 2687/57/1076 2685/58/1073
f 3253/57/1075 3252/58/1072 2686/58/1074 2688/57/1077
f 3253/57/1075 3250/42/1066 2683/42/1069 2687/57/1076
f 3250/42/1066 3253/57/1075 2688/57/1077 2684/42/1070
f 3254/54/1078 3255/40/1079 1555/40/1080 1553/54/1081
f 3255/40/1079 3254/54/1078 1554/54/1082 1556/40/1083
f 3255/40/1079 3256/39/1084 1549/39/1085 1555/40/1080
f 3256/39/1084 3255/40/1079 1556/40/1083 1550/39/1086
f 3256/39/1084 3257/48/1087 1551/48/1088 1549/39/1085
f 3257/48/1087 3256/39/1084 1550/39/1086 1552/48/1089
f 3257/48/1087 3254/54/1078 1553/54/1081 1551/48/1088
f 3254/54/1078 3257/48/1087 1552/48/1089 1554/54/1082
f 3258/51/1090 3259/12/1091 1379/12/1092 1373/51/1093
f 3259/12/1091 3258/51/1090 1374/51/1094 1380/12/1095
f 3259/12/1091 3260/24/1096 1375/24/1097 1379/12/1092
f 3260/24/1096 3259/12/1091 1380/12/1095 1376/24/1098
f 3260/24/1096 3261/37/1099 1377/37/1100 1375/24/1097
f 3261/37/1099 3260/24/1096 1376/24/1098 1378/37/1101
f 3261/37/1099 3258/51/1090 1373/51/1093 1377/37/1100
f 3258/51/1090 3261/37/1099 1378/37/1101 1374/51/1094
f 3262/11/1102 3263/41/1103 1387/41/1104 1381/11/1105
f 3263/41/1103 3262/11/1102 1382/11/1106 1388/41/1107
f 3263/41/1103 3264/40/1108 1383/40/1109 1387/41/1104
f 3264/40/1108 3263/41/1103 1388/41/1107 1384/40/1110
f 3264/40/1108 3265/10/1111 1385/10/1112 1383/40/1109
f 3265/10/1111 3264/40/1108 1384/40/1110 1386/10/1113
f 3265/10/1111 3262/11/1102 1381/11/1105 1385/10/1112
f 3262/11/1102 3265/10/1111 1386/10/1113 1382/11/1106
f 3266/13/1114 3267/12/1115 1395/12/1116 1389/13/1117
f 3267/12/1115 3266/13/1114 1390/13/1118 1396/12/1119
f 3267/12/1115 3268/51/1120 1391/51/1121 1395/12/1116
f 3268/51/1120 3267/12/1115 1396/12/1119 1392/51/1122
f 3268/51/1120 3269/35/1123 1393/35/1124 1391/51/1121
f 3269/35/1123 3268/51/1120 1392/51/1122 1394/35/1125
f 3269/35/1123 3266/13/1114 1389/13/1117 1393/35/1124
f 3266/13/1114 3269/35/1123 1394/35/1125 1390/13/1118
f 3270/54/1126 3271/22/1127 1307/22/1128 1301/54/1129
f 3271/22/1127 3270/54/1126 1302/54/1130 1308/22/1131
f 3271/22/1127 3272/10/1132 1303/10/1133 1307/22/1128
f 3272/10/1132 3271/22/1127 1308/22/1131 1304/10/1134
f 3272/10/1132 3273/40/1135 1305/40/1136 1303/10/1133
f 3273/40/1135 3272/10/1132 1304/10/1134 1306/40/1137
f 3273/40/1135 3270/54/1126 1301/54/1129 1305/40/1136
f 3270/54/1126 3273/40/1135 1306/40/1137 1302/54/1130
f 3274/34/1138 3275/58/1139 2825/58/1140 2819/34/1141
f 3275/58/1139 3274/34/1138 2820/34/1142 2826/58/1143
f 3275/58/1139 3276/63/1144 2821/63/1145 2825/58/1140
f 3276/63/1144 3275/58/1139 2826/58/1143 2822/63/1146
f 3276/63/1144 3277/31/1147 2823/31/1148 2821/63/1145
f 3277/31/1147 3276/63/1144 2822/63/1146 2824/31/1149
f 3277/31/1147 3274/34/1138 2819/34/1141 2823/31/1148
f 3274/34/1138 3277/31/1147 2824/31/1149 2820/34/1142
f 3278/41/1150 3279/11/1151 1403/11/1152 1397/41/1153
f 3279/11/1151 3278/41/1150 1398/41/1154 1404/11/1155
f 3279/11/1151 3280/29/1156 1399/29/1157 1403/11/1152
f 3280/29/1156 3279/11/1151 1404/11/1155 1400/29/1158
f 3280/29/1156 3281/36/1159 1401/36/1160 1399/29/1157
f 3281/36/1159 3280/29/1156 1400/29/1158 1402/36/1161
f 3281/36/1159 3278/41/1150 1397/41/1153 1401/36/1160
f 3278/41/1150 3281/36/1159 1402/36/1161 1398/41/1154
f 3282/62/1162 3283/42/1163 1515/42/1164 1511/62/1165
f 3283/42/1163 3282/62/1162 1512/62/1166 1516/42/1167
f 3283/42/1163 3284/41/1168 1513/41/1169 1515/42/1164
f 3284/41/1168 3283/42/1163 1516/42/1167 1514/41/1170
f 3284/41/1168 3285/36/1171 1509/36/1172 1513/41/1169
f 3285/36/1171 3284/41/1168 1514/41/1170 1510/36/1173
f 3285/36/1171 3282/62/1162 1511/62/1165 1509/36/1172
f 3282/62/1162 3285/36/1171 1510/36/1173 1512/62/1166
f 3286/13/1174 3287/12/1175 1251/12/1176 1245/13/1177
f 3287/12/1175 3286/13/1174 1246/13/1178 1252/12/1179
f 3287/12/1175 3288/51/1180 1247/51/1181 1251/12/1176
f 3288/51/1180 3287/12/1175 1252/12/1179 1248/51/1182
f 3288/51/1180 3289/35/1183 1249/35/1184 1247/51/1181
f 3289/35/1183 3288/51/1180 1248/51/1182 1250/35/1185
f 3289/35/1183 3286/13/1174 1245/13/1177 1249/35/1184
f 3286/13/1174 3289/35/1183 1250/35/1185 1246/13/1178
f 3290/64/1186 3291/51/1187 1443/51/1188 1437/64/1189
f 3291/51/1187 3290/64/1186 1438/64/1190 1444/51/1191
f 3291/51/1187 3292/37/1192 1439/37/1193 1443/51/1188
f 3292/37/1192 3291/51/1187 1444/51/1191 1440/37/1194
f 3292/37/1192 3293/53/1195 1441/53/1196 1439/37/1193
f 3293/53/1195 3292/37/1192 1440/37/1194 1442/53/1197
f 3293/53/1195 3290/64/1186 1437/64/1189 1441/53/1196
f 3290/64/1186 3293/53/1195 1442/53/1197 1438/64/1190
f 3294/39/1198 3295/40/1199 1531/40/1200 1525/39/1201
f 3295/40/1199 3294/39/1198 1526/39/1202 1532/40/1203
f 3295/40/1199 3296/41/1204 1527/41/1205 1531/40/1200
f 3296/41/1204 3295/40/1199 1532/40/1203 1528/41/1206
f 3296/41/1204 3297/42/1207 1529/42/1208 1527/41/1205
f 3297/42/1207 3296/41/1204 1528/41/1206 1530/42/1209
f 3297/42/1207 3294/39/1198 1525/39/1201 1529/42/1208
f 3294/39/1198 3297/42/1207 1530/42/1209 1526/39/1202
f 3298/35/1210 3299/65/1211 1459/65/1212 1453/35/1213
f 3299/65/1211 3298/35/1210 1454/35/1214 1460/65/1215
f 3299/65/1211 3300/62/1216 1455/62/1217 1459/65/1212
f 3300/62/1216 3299/65/1211 1460/65/1215 1456/62/1218
f 3300/62/1216 3301/36/1219 1457/36/1220 1455/62/1217
f 3301/36/1219 3300/62/1216 1456/62/1218 1458/36/1221
f 3301/36/1219 3298/35/1210 1453/35/1213 1457/36/1220
f 3298/35/1210 3301/36/1219 1458/36/1221 1454/35/1214
f 3302/19/1222 3303/49/1223 2721/49/1224 2715/19/1225
f 3303/49/1223 3302/19/1222 2716/19/1226 2722/49/1227
f 3303/49/1223 3304/61/1228 2717/61/1229 2721/49/1224
f 3304/61/1228 3303/49/1223 2722/49/1227 2718/61/1230
f 3304/61/1228 3305/16/1231 2719/16/1232 2717/61/1229
f 3305/16/1231 3304/61/1228 2718/61/1230 2720/16/1233
f 3305/16/1231 3302/19/1222 2715/19/1225 2719/16/1232
f 3302/19/1222 3305/16/1231 2720/16/1233 2716/19/1226
f 3306/37/1234 3307/53/1235 1475/53/1236 1469/37/1237
f 3307/53/1235 3306/37/1234 1470/37/1238 1476/53/1239
f 3307/53/1235 3308/64/1240 1471/64/1241 1475/53/1236
f 3308/64/1240 3307/53/1235 1476/53/1239 1472/64/1242
f 3308/64/1240 3309/51/1243 1473/51/1244 1471/64/1241
f 3309/51/1243 3308/64/1240 1472/64/1242 1474/51/1245
f 3309/51/1243 3306/37/1234 1469/37/1237 1473/51/1244
f 3306/37/1234 3309/51/1243 1474/51/1245 1470/37/1238
f 3310/64/1246 3311/59/1247 2433/59/1248 2427/64/1249
f 3311/59/1247 3310/64/1246 2428/64/1250 2434/59/1251
f 3311/59/1247 3312/63/1252 2429/63/1253 2433/59/1248
f 3312/63/1252 3311/59/1247 2434/59/1251 2430/63/1254
f 3312/63/1252 3313/65/1255 2431/65/1256 2429/63/1253
f 3313/65/1255 3312/63/1252 2430/63/1254 2432/65/1257
f 3313/65/1255 3310/64/1246 2427/64/1249 2431/65/1256
f 3310/64/1246 3313/65/1255 2432/65/1257 2428/64/1250
f 3314/64/1258 3315/65/1259 1491/65/1260 1489/64/1261
f 3315/65/1259 3314/64/1258 1490/64/1262 1492/65/1263
f 3315/65/1259 3316/35/1264 1485/35/1265 1491/65/1260
f 3316/35/1264 3315/65/1259 1492/65/1263 1486/35/1266
f 3316/35/1264 3317/51/1267 1487/51/1268 1485/35/1265
f 3317/51/1267 3316/35/1264 1486/35/1266 1488/51/1269
f 3317/51/1267 3314/64/1258 1489/64/1261 1487/51/1268
f 3314/64/1258 3317/51/1267 1488/51/1269 1490/64/1262
f 3318/62/1270 3319/42/1271 1451/42/1272 1449/62/1273
f 3319/42/1271 3318/62/1270 1450/62/1274 1452/42/1275
f 3319/42/1271 3320/41/1276 1445/41/1277 1451/42/1272
f 3320/41/1276 3319/42/1271 1452/42/1275 1446/41/1278
f 3320/41/1276 3321/36/1279 1447/36/1280 1445/41/1277
f 3321/36/1279 3320/41/1276 1446/41/1278 1448/36/1281
f 3321/36/1279 3318/62/1270 1449/62/1273 1447/36/1280
f 3318/62/1270 3321/36/1279 1448/36/1281 1450/62/1274
f 3322/66/1282 3323/50/1283 2993/50/1284 2987/66/1285
f 3323/50/1283 3322/66/1282 2988/66/1286 2994/50/1287
f 3323/50/1283 3324/49/1288 2989/49/1289 2993/50/1284
f 3324/49/1288 3323/50/1283 2994/50/1287 2990/49/1290
f 3324/49/1288 3325/19/1291 2991/19/1292 2989/49/1289
f 3325/19/1291 3324/49/1288 2990/49/1290 2992/19/1293
f 3325/19/1291 3322/66/1282 2987/66/1285 2991/19/1292
f 3322/66/1282 3325/19/1291 2992/19/1293 2988/66/1286
f 3326/45/1294 3327/59/1295 2157/59/1296 2155/45/1297
f 3327/59/1295 3326/45/1294 2156/45/1298 2158/59/1299
f 3327/59/1295 3328/64/1300 2151/64/1301 2157/59/1296
f 3328/64/1300 3327/59/1295 2158/59/1299 2152/64/1302
f 3328/64/1300 3329/53/1303 2153/53/1304 2151/64/1301
f 3329/53/1303 3328/64/1300 2152/64/1302 2154/53/1305
f 3329/53/1303 3326/45/1294 2155/45/1297 2153/53/1304
f 3326/45/1294 3329/53/1303 2154/53/1305 2156/45/1298
f 3330/35/1306 3331/65/1307 1523/65/1308 1517/35/1309
f 3331/65/1307 3330/35/1306 1518/35/1310 1524/65/1311
f 3331/65/1307 3332/62/1312 1519/62/1313 1523/65/1308
f 3332/62/1312 3331/65/1307 1524/65/1311 1520/62/1314
f 3332/62/1312 3333/36/1315 1521/36/1316 1519/62/1313
f 3333/36/1315 3332/62/1312 1520/62/1314 1522/36/1317
f 3333/36/1315 3330/35/1306 1517/35/1309 1521/36/1316
f 3330/35/1306 3333/36/1315 1522/36/1317 1518/35/1310
f 3334/29/1318 3335/13/1319 1411/13/1320 1409/29/1321
f 3335/13/1319 3334/29/1318 1410/29/1322 1412/13/1323
f 3335/13/1319 3336/35/1324 1405/35/1325 1411/13/1320
f 3336/35/1324 3335/13/1319 1412/13/1323 1406/35/1326
f 3336/35/1324 3337/36/1327 1407/36/1328 1405/35/1325
f 3337/36/1327 3336/35/1324 1406/35/1326 1408/36/1329
f 3337/36/1327 3334/29/1318 1409/29/1321 1407/36/1328
f 3334/29/1318 3337/36/1327 1408/36/1329 1410/29/1322
f 3338/35/1330 3339/51/1331 1539/51/1332 1537/35/1333
f 3339/51/1331 3338/35/1330 1538/35/1334 1540/51/1335
f 3339/51/1331 3340/64/1336 1533/64/1337 1539/51/1332
f 3340/64/1336 3339/51/1331 1540/51/1335 1534/64/1338
f 3340/64/1336 3341/65/1339 1535/65/1340 1533/64/1337
f 3341/65/1339 3340/64/1336 1534/64/1338 1536/65/1341
f 3341/65/1339 3338/35/1330 1537/35/1333 1535/65/1340
f 3338/35/1330 3341/65/1339 1536/65/1341 1538/35/1334
f 3342/63/1342 3343/31/1343 2761/31/1344 2755/63/1345
f 3343/31/1343 3342/63/1342 2756/63/1346 2762/31/1347
f 3343/31/1343 3344/34/1348 2757/34/1349 2761/31/1344
f 3344/34/1348 3343/31/1343 2762/31/1347 2758/34/1350
f 3344/34/1348 3345/58/1351 2759/58/1352 2757/34/1349
f 3345/58/1351 3344/34/1348 2758/34/1350 2760/58/1353
f 3345/58/1351 3342/63/1342 2755/63/1345 2759/58/1352
f 3342/63/1342 3345/58/1351 2760/58/1353 2756/63/1346
f 3346/62/1354 3347/42/1355 1579/42/1356 1573/62/1357
f 3347/42/1355 3346/62/1354 1574/62/1358 1580/42/1359
f 3347/42/1355 3348/41/1360 1575/41/1361 1579/42/1356
f 3348/41/1360 3347/42/1355 1580/42/1359 1576/41/1362
f 3348/41/1360 3349/36/1363 1577/36/1364 1575/41/1361
f 3349/36/1363 3348/41/1360 1576/41/1362 1578/36/1365
f 3349/36/1363 3346/62/1354 1573/62/1357 1577/36/1364
f 3346/62/1354 3349/36/1363 1578/36/1365 1574/62/1358
f 3350/37/1366 3351/53/1367 1547/53/1368 1541/37/1369
f 3351/53/1367 3350/37/1366 1542/37/1370 1548/53/1371
f 3351/53/1367 3352/64/1372 1543/64/1373 1547/53/1368
f 3352/64/1372 3351/53/1367 1548/53/1371 1544/64/1374
f 3352/64/1372 3353/51/1375 1545/51/1376 1543/64/1373
f 3353/51/1375 3352/64/1372 1544/64/1374 1546/51/1377
f 3353/51/1375 3350/37/1366 1541/37/1369 1545/51/1376
f 3350/37/1366 3353/51/1375 1546/51/1377 1542/37/1370
f 3354/37/1378 3355/38/1379 1571/38/1380 1565/37/1381
f 3355/38/1379 3354/37/1378 1566/37/1382 1572/38/1383
f 3355/38/1379 3356/52/1384 1567/52/1385 1571/38/1380
f 3356/52/1384 3355/38/1379 1572/38/1383 1568/52/1386
f 3356/52/1384 3357/53/1387 1569/53/1388 1567/52/1385
f 3357/53/1387 3356/52/1384 1568/52/1386 1570/53/1389
f 3357/53/1387 3354/37/1378 1565/37/1381 1569/53/1388
f 3354/37/1378 3357/53/1387 1570/53/1389 1566/37/1382
f 3358/45/1390 3359/53/1391 2401/53/1392 2395/45/1393
f 3359/53/1391 3358/45/1390 2396/45/1394 2402/53/1395
f 3359/53/1391 3360/52/1396 2397/52/1397 2401/53/1392
f 3360/52/1396 3359/53/1391 2402/53/1395 2398/52/1398
f 3360/52/1396 3361/46/1399 2399/46/1400 2397/52/1397
f 3361/46/1399 3360/52/1396 2398/52/1398 2400/46/1401
f 3361/46/1399 3358/45/1390 2395/45/1393 2399/46/1400
f 3358/45/1390 3361/46/1399 2400/46/1401 2396/45/1394
f 3362/62/1402 3363/36/1403 1587/36/1404 1581/62/1405
f 3363/36/1403 3362/62/1402 1582/62/1406 1588/36/1407
f 3363/36/1403 3364/35/1408 1583/35/1409 1587/36/1404
f 3364/35/1408 3363/36/1403 1588/36/1407 1584/35/1410
f 3364/35/1408 3365/65/1411 1585/65/1412 1583/35/1409
f 3365/65/1411 3364/35/1408 1584/35/1410 1586/65/1413
f 3365/65/1411 3362/62/1402 1581/62/1405 1585/65/1412
f 3362/62/1402 3365/65/1411 1586/65/1413 1582/62/1406
f 3366/47/1414 3367/48/1415 2057/48/1416 2055/47/1417
f 3367/48/1415 3366/47/1414 2056/47/1418 2058/48/1419
f 3367/48/1415 3368/49/1420 2051/49/1421 2057/48/1416
f 3368/49/1420 3367/48/1415 2058/48/1419 2052/49/1422
f 3368/49/1420 3369/50/1423 2053/50/1424 2051/49/1421
f 3369/50/1423 3368/49/1420 2052/49/1422 2054/50/1425
f 3369/50/1423 3366/47/1414 2055/47/1417 2053/50/1424
f 3366/47/1414 3369/50/1423 2054/50/1425 2056/47/1418
f 3370/10/1426 3371/22/1427 2643/22/1428 2649/10/1429
f 3371/22/1427 3370/10/1426 2650/10/1430 2644/22/1431
f 3371/22/1427 3372/22/1432 2641/22/701 2643/22/1428
f 3372/22/1432 3371/22/1427 2644/22/1431 2642/22/702
f 3372/22/1432 3373/10/1433 2647/10/696 2641/22/701
f 3373/10/1433 3372/22/1432 2642/22/702 2648/10/699
f 3373/10/1433 3370/10/1426 2649/10/1429 2647/10/696
f 3370/10/1426 3373/10/1433 2648/10/699 2650/10/1430
f 3374/13/1434 3375/28/1435 2865/28/1436 2859/13/1437
f 3375/28/1435 3374/13/1434 2860/13/1438 2866/28/1439
f 3375/28/1435 3376/30/1440 2861/30/1441 2865/28/1436
f 3376/30/1440 3375/28/1435 2866/28/1439 2862/30/1442
f 3376/30/1440 3377/29/1443 2863/29/1444 2861/30/1441
f 3377/29/1443 3376/30/1440 2862/30/1442 2864/29/1445
f 3377/29/1443 3374/13/1434 2859/13/1437 2863/29/1444
f 3374/13/1434 3377/29/1443 2864/29/1445 2860/13/1438
f 3378/13/1446 3379/13/1447 1599/13/1448 1593/13/515
f 3379/13/1447 3378/13/1446 1594/13/518 1600/13/1449
f 3379/13/1447 3380/29/1450 1595/29/689 1599/13/1448
f 3380/29/1450 3379/13/1447 1600/13/1449 1596/29/690
f 3380/29/1450 3378/13/1446 1593/13/515 1595/29/689
f 3378/13/1446 3380/29/1450 1596/29/690 1594/13/518
f 3381/15/1451 3382/30/1452 1091/30/1453 1085/15/1454
f 3382/30/1452 3381/15/1451 1086/15/1455 1092/30/1456
f 3382/30/1452 3383/29/1457 1089/29/1458 1091/30/1453
f 3383/29/1457 3382/30/1452 1092/30/1456 1090/29/1459
f 3383/29/1457 3384/11/1460 1087/11/1461 1089/29/1458
f 3384/11/1460 3383/29/1457 1090/29/1459 1088/11/1462
f 3384/11/1460 3381/15/1451 1085/15/1454 1087/11/1461
f 3381/15/1451 3384/11/1460 1088/11/1462 1086/15/1455
f 3385/24/1463 3386/12/1464 2269/12/1465 2267/24/1466
f 3386/12/1464 3385/24/1463 2268/24/1467 2270/12/1468
f 3386/12/1464 3387/12/1469 2265/12/1470 2269/12/1465
f 3387/12/1469 3386/12/1464 2270/12/1468 2266/12/1471
f 3387/12/1469 3388/24/1472 2259/24/1473 2265/12/1470
f 3388/24/1472 3387/12/1469 2266/12/1471 2260/24/1474
f 3388/24/1472 3385/24/1463 2267/24/1466 2259/24/1473
f 3385/24/1463 3388/24/1472 2260/24/1474 2268/24/1467
f 3389/29/1475 3390/13/1476 2253/13/1477 1867/29/1478
f 3390/13/1476 3389/29/1475 1868/29/1479 2254/13/1480
f 3390/13/1476 3391/13/1481 1815/13/1482 2253/13/1477
f 3391/13/1481 3390/13/1476 2254/13/1480 1816/13/1483
f 3391/13/1481 3392/29/1484 1813/29/1485 1815/13/1482
f 3392/29/1484 3391/13/1481 1816/13/1483 1814/29/1486
f 3392/29/1484 3393/29/1487 1871/29/1488 1813/29/1485
f 3393/29/1487 3392/29/1484 1814/29/1486 1872/29/1489
f 3393/29/1487 3389/29/1475 1867/29/1478 1871/29/1488
f 3389/29/1475 3393/29/1487 1872/29/1489 1868/29/1479
f 3394/29/1490 3395/29/1491 1607/29/1492 1595/29/689
f 3395/29/1491 3394/29/1490 1596/29/690 1608/29/1493
f 3395/29/1491 3396/11/1494 1611/11/692 1607/29/1492
f 3396/11/1494 3395/29/1491 1608/29/1493 1612/11/693
f 3396/11/1494 3394/29/1490 1595/29/689 1611/11/692
f 3394/29/1490 3396/11/1494 1612/11/693 1596/29/690
f 3397/11/1495 3398/10/1496 1613/10/607 1603/11/612
f 3398/10/1496 3397/11/1495 1604/11/613 1614/10/610
f 3398/10/1496 3399/10/1497 1605/10/1498 1613/10/607
f 3399/10/1497 3398/10/1496 1614/10/610 1606/10/1499
f 3399/10/1497 3400/11/1500 1591/11/680 1605/10/1498
f 3400/11/1500 3399/10/1497 1606/10/1499 1592/11/681
f 3400/11/1500 3397/11/1495 1603/11/612 1591/11/680
f 3397/11/1495 3400/11/1500 1592/11/681 1604/11/613
f 3401/18/1501 3402/19/1502 1973/19/1503 1975/18/1504
f 3402/19/1502 3401/18/1501 1976/18/1505 1974/19/1506
f 3402/19/1502 3403/16/1507 1969/16/1508 1973/19/1503
f 3403/16/1507 3402/19/1502 1974/19/1506 1970/16/1509
f 3403/16/1507 3404/17/1510 1971/17/1511 1969/16/1508
f 3404/17/1510 3403/16/1507 1970/16/1509 1972/17/1512
f 3404/17/1510 3401/18/1501 1975/18/1504 1971/17/1511
f 3401/18/1501 3404/17/1510 1972/17/1512 1976/18/1505
f 3405/44/1513 3406/43/1514 2023/43/1515 2017/44/1516
f 3406/43/1514 3405/44/1513 2018/44/1517 2024/43/1518
f 3406/43/1514 3407/67/1519 2019/67/1520 2023/43/1515
f 3407/67/1519 3406/43/1514 2024/43/1518 2020/67/1521
f 3407/67/1519 3408/68/1522 2021/68/1523 2019/67/1520
f 3408/68/1522 3407/67/1519 2020/67/1521 2022/68/1524
f 3408/68/1522 3405/44/1513 2017/44/1516 2021/68/1523
f 3405/44/1513 3408/68/1522 2022/68/1524 2018/44/1517
f 3409/24/1525 3410/24/1526 2673/24/791 2597/24/794
f 3410/24/1526 3409/24/1525 2598/24/795 2674/24/792
f 3410/24/1526 3411/12/1527 2667/12/1528 2673/24/791
f 3411/12/1527 3410/24/1526 2674/24/792 2668/12/1529
f 3411/12/1527 3412/12/1530 2595/12/1531 2667/12/1528
f 3412/12/1530 3411/12/1527 2668/12/1529 2596/12/1532
f 3412/12/1530 3409/24/1525 2597/24/794 2595/12/1531
f 3409/24/1525 3412/12/1530 2596/12/1532 2598/24/795
f 3413/60/1533 3414/69/1534 1993/69/1535 1989/60/1536
f 3414/69/1534 3413/60/1533 1990/60/1537 1994/69/1538
f 3414/69/1534 3415/32/1539 1991/32/1540 1993/69/1535
f 3415/32/1539 3414/69/1534 1994/69/1538 1992/32/1541
f 3415/32/1539 3416/31/1542 1983/31/1543 1991/32/1540
f 3416/31/1542 3415/32/1539 1992/32/1541 1984/31/1544
f 3416/31/1542 3413/60/1533 1989/60/1536 1983/31/1543
f 3413/60/1533 3416/31/1542 1984/31/1544 1990/60/1537
f 3417/26/1545 3418/24/1546 2885/24/1547 2879/26/1548
f 3418/24/1546 3417/26/1545 2880/26/1549 2886/24/1550
f 3418/24/1546 3419/25/1551 2881/25/1552 2885/24/1547
f 3419/25/1551 3418/24/1546 2886/24/1550 2882/25/1553
f 3419/25/1551 3420/70/1554 2883/70/1555 2881/25/1552
f 3420/70/1554 3419/25/1551 2882/25/1553 2884/70/1556
f 3420/70/1554 3417/26/1545 2879/26/1548 2883/70/1555
f 3417/26/1545 3420/70/1554 2884/70/1556 2880/26/1549
f 3421/11/1557 3422/29/1558 2541/29/1559 2539/11/1560
f 3422/29/1558 3421/11/1557 2540/11/1561 2542/29/1562
f 3422/29/1558 3423/29/1563 2543/29/1564 2541/29/1559
f 3423/29/1563 3422/29/1558 2542/29/1562 2544/29/1565
f 3423/29/1563 3424/29/1566 2493/29/1567 2543/29/1564
f 3424/29/1566 3423/29/1563 2544/29/1565 2494/29/1568
f 3424/29/1566 3425/11/1569 2495/11/539 2493/29/1567
f 3425/11/1569 3424/29/1566 2494/29/1568 2496/11/542
f 3425/11/1569 3426/11/1570 2535/11/540 2495/11/539
f 3426/11/1570 3425/11/1569 2496/11/542 2536/11/541
f 3426/11/1570 3427/11/1571 2537/11/1572 2535/11/540
f 3427/11/1571 3426/11/1570 2536/11/541 2538/11/1573
f 3427/11/1571 3421/11/1557 2539/11/1560 2537/11/1572
f 3421/11/1557 3427/11/1571 2538/11/1573 2540/11/1561
f 3428/22/1574 3429/21/1575 1633/21/1576 1631/22/1577
f 3429/21/1575 3428/22/1574 1632/22/1578 1634/21/1579
f 3429/21/1575 3430/21/1580 1629/21/1581 1633/21/1576
f 3430/21/1580 3429/21/1575 1634/21/1579 1630/21/1582
f 3430/21/1580 3428/22/1574 1631/22/1577 1629/21/1581
f 3428/22/1574 3430/21/1580 1630/21/1582 1632/22/1578
f 3431/11/1583 3432/11/1584 1865/11/1585 1869/11/1586
f 3432/11/1584 3431/11/1583 1870/11/1587 1866/11/1588
f 3432/11/1584 3433/29/1589 1867/29/1478 1865/11/1585
f 3433/29/1589 3432/11/1584 1866/11/1588 1868/29/1479
f 3433/29/1589 3434/29/1590 1871/29/1488 1867/29/1478
f 3434/29/1590 3433/29/1589 1868/29/1479 1872/29/1489
f 3434/29/1590 3435/11/1591 1845/11/1592 1871/29/1488
f 3435/11/1591 3434/29/1590 1872/29/1489 1846/11/1593
f 3435/11/1591 3431/11/1583 1869/11/1586 1845/11/1592
f 3431/11/1583 3435/11/1591 1846/11/1593 1870/11/1587
f 3436/10/1594 3437/22/1595 1637/22/1596 1635/10/1597
f 3437/22/1595 3436/10/1594 1636/10/1598 1638/22/1599
f 3437/22/1595 3438/22/1600 1631/22/1577 1637/22/1596
f 3438/22/1600 3437/22/1595 1638/22/1599 1632/22/1578
f 3438/22/1600 3436/10/1594 1635/10/1597 1631/22/1577
f 3436/10/1594 3438/22/1600 1632/22/1578 1636/10/1598
f 3439/12/1601 3440/24/1602 2559/24/636 2553/12/1603
f 3440/24/1602 3439/12/1601 2554/12/1604 2560/24/637
f 3440/24/1602 3441/24/1605 2557/24/633 2559/24/636
f 3441/24/1605 3440/24/1602 2560/24/637 2558/24/634
f 3441/24/1605 3442/12/1606 2551/12/1607 2557/24/633
f 3442/12/1606 3441/24/1605 2558/24/634 2552/12/1608
f 3442/12/1606 3439/12/1601 2553/12/1603 2551/12/1607
f 3439/12/1601 3442/12/1606 2552/12/1608 2554/12/1604
f 3443/11/1609 3444/11/1610 2485/11/1611 2483/11/1612
f 3444/11/1610 3443/11/1609 2484/11/1613 2486/11/1614
f 3444/11/1610 3445/29/1615 2481/29/1616 2485/11/1611
f 3445/29/1615 3444/11/1610 2486/11/1614 2482/29/1617
f 3445/29/1615 3446/29/1618 2473/29/1619 2481/29/1616
f 3446/29/1618 3445/29/1615 2482/29/1617 2474/29/1620
f 3446/29/1618 3443/11/1609 2483/11/1612 2473/29/1619
f 3443/11/1609 3446/29/1618 2474/29/1620 2484/11/1613
f 3447/10/1621 3448/11/1622 1653/11/1623 1647/10/1624
f 3448/11/1622 3447/10/1621 1648/10/1625 1654/11/1626
f 3448/11/1622 3449/11/1627 1651/11/1628 1653/11/1623
f 3449/11/1627 3448/11/1622 1654/11/1626 1652/11/1629
f 3449/11/1627 3450/10/1630 1649/10/1631 1651/11/1628
f 3450/10/1630 3449/11/1627 1652/11/1629 1650/10/1632
f 3450/10/1630 3447/10/1621 1647/10/1624 1649/10/1631
f 3447/10/1621 3450/10/1630 1650/10/1632 1648/10/1625
f 3451/21/1633 3452/21/1634 1785/21/1635 1779/21/1636
f 3452/21/1634 3451/21/1633 1780/21/1637 1786/21/1638
f 3452/21/1634 3453/22/1639 1783/22/1640 1785/21/1635
f 3453/22/1639 3452/21/1634 1786/21/1638 1784/22/1641
f 3453/22/1639 3454/22/1642 1777/22/1643 1783/22/1640
f 3454/22/1642 3453/22/1639 1784/22/1641 1778/22/1644
f 3454/22/1642 3451/21/1633 1779/21/1636 1777/22/1643
f 3451/21/1633 3454/22/1642 1778/22/1644 1780/21/1637
f 3455/13/1645 3456/13/1646 2471/13/1647 2463/13/1648
f 3456/13/1646 3455/13/1645 2464/13/1649 2472/13/1650
f 3456/13/1646 3457/12/1651 2459/12/1652 2471/13/1647
f 3457/12/1651 3456/13/1646 2472/13/1650 2460/12/1653
f 3457/12/1651 3458/12/1654 2461/12/1655 2459/12/1652
f 3458/12/1654 3457/12/1651 2460/12/1653 2462/12/1656
f 3458/12/1654 3455/13/1645 2463/13/1648 2461/12/1655
f 3455/13/1645 3458/12/1654 2462/12/1656 2464/13/1649
f 3459/11/1657 3460/11/1658 1721/11/1659 1723/11/1660
f 3460/11/1658 3459/11/1657 1724/11/1661 1722/11/1662
f 3460/11/1658 3461/10/1663 1715/10/1664 1721/11/1659
f 3461/10/1663 3460/11/1658 1722/11/1662 1716/10/1665
f 3461/10/1663 3462/10/1666 1703/10/1667 1715/10/1664
f 3462/10/1666 3461/10/1663 1716/10/1665 1704/10/1668
f 3462/10/1666 3459/11/1657 1723/11/1660 1703/10/1667
f 3459/11/1657 3462/10/1666 1704/10/1668 1724/11/1661
f 3463/11/1669 3464/11/1670 1655/11/1671 1611/11/692
f 3464/11/1670 3463/11/1669 1612/11/693 1656/11/1672
f 3464/11/1670 3465/10/1673 1635/10/1597 1655/11/1671
f 3465/10/1673 3464/11/1670 1656/11/1672 1636/10/1598
f 3465/10/1673 3463/11/1669 1611/11/692 1635/10/1597
f 3463/11/1669 3465/10/1673 1636/10/1598 1612/11/693
f 3466/22/1674 3467/23/1675 1183/23/1676 1189/22/1677
f 3467/23/1675 3466/22/1674 1190/22/1678 1184/23/1679
f 3467/23/1675 3468/14/1680 1187/14/1681 1183/23/1676
f 3468/14/1680 3467/23/1675 1184/23/1679 1188/14/1682
f 3468/14/1680 3469/10/1683 1185/10/1684 1187/14/1681
f 3469/10/1683 3468/14/1680 1188/14/1682 1186/10/1685
f 3469/10/1683 3466/22/1674 1189/22/1677 1185/10/1684
f 3466/22/1674 3469/10/1683 1186/10/1685 1190/22/1678
f 3470/10/1686 3471/10/1687 1615/10/608 1635/10/1597
f 3471/10/1687 3470/10/1686 1636/10/1598 1616/10/609
f 3471/10/1687 3472/11/1688 1601/11/615 1615/10/608
f 3472/11/1688 3471/10/1687 1616/10/609 1602/11/616
f 3472/11/1688 3473/11/1689 1611/11/692 1601/11/615
f 3473/11/1689 3472/11/1688 1602/11/616 1612/11/693
f 3473/11/1689 3470/10/1686 1635/10/1597 1611/11/692
f 3470/10/1686 3473/11/1689 1612/11/693 1636/10/1598
f 3474/13/1690 3475/13/1691 1667/13/1692 1665/13/1693
f 3475/13/1691 3474/13/1690 1666/13/1694 1668/13/1695
f 3475/13/1691 3476/29/1696 1661/29/1697 1667/13/1692
f 3476/29/1696 3475/13/1691 1668/13/1695 1662/29/1698
f 3476/29/1696 3474/13/1690 1665/13/1693 1661/29/1697
f 3474/13/1690 3476/29/1696 1662/29/1698 1666/13/1694
f 3477/21/1699 3478/21/1700 2529/21/1701 2521/21/1702
f 3478/21/1700 3477/21/1699 2522/21/1703 2530/21/1704
f 3478/21/1700 3479/22/1705 2527/22/1706 2529/21/1701
f 3479/22/1705 3478/21/1700 2530/21/1704 2528/22/1707
f 3479/22/1705 3480/22/1708 2525/22/1709 2527/22/1706
f 3480/22/1708 3479/22/1705 2528/22/1707 2526/22/1710
f 3480/22/1708 3481/22/1711 2517/22/1712 2525/22/1709
f 3481/22/1711 3480/22/1708 2526/22/1710 2518/22/1713
f 3481/22/1711 3482/22/1714 2511/22/1715 2517/22/1712
f 3482/22/1714 3481/22/1711 2518/22/1713 2512/22/1716
f 3482/22/1714 3483/21/1717 2513/21/1718 2511/22/1715
f 3483/21/1717 3482/22/1714 2512/22/1716 2514/21/1719
f 3483/21/1717 3484/21/1720 2519/21/1721 2513/21/1718
f 3484/21/1720 3483/21/1717 2514/21/1719 2520/21/1722
f 3484/21/1720 3477/21/1699 2521/21/1702 2519/21/1721
f 3477/21/1699 3484/21/1720 2520/21/1722 2522/21/1703
f 3485/10/1723 3486/22/1724 1693/22/743 1683/10/1725
f 3486/22/1724 3485/10/1723 1684/10/1726 1694/22/744
f 3486/22/1724 3487/22/1727 1685/22/740 1693/22/743
f 3487/22/1727 3486/22/1724 1694/22/744 1686/22/741
f 3487/22/1727 3488/10/1728 1675/10/1729 1685/22/740
f 3488/10/1728 3487/22/1727 1686/22/741 1676/10/1730
f 3488/10/1728 3485/10/1723 1683/10/1725 1675/10/1729
f 3485/10/1723 3488/10/1728 1676/10/1730 1684/10/1726
f 3489/25/1731 3490/25/1732 2583/25/797 2573/25/1733
f 3490/25/1732 3489/25/1731 2574/25/1734 2584/25/798
f 3490/25/1732 3491/24/1735 2581/24/1736 2583/25/797
f 3491/24/1735 3490/25/1732 2584/25/798 2582/24/1737
f 3491/24/1735 3492/24/1738 2567/24/1739 2581/24/1736
f 3492/24/1738 3491/24/1735 2582/24/1737 2568/24/1740
f 3492/24/1738 3489/25/1731 2573/25/1733 2567/24/1739
f 3489/25/1731 3492/24/1738 2568/24/1740 2574/25/1734
f 3493/29/1741 3494/11/1742 1681/11/1743 1677/29/1744
f 3494/11/1742 3493/29/1741 1678/29/1745 1682/11/1746
f 3494/11/1742 3495/29/1747 1661/29/1697 1681/11/1743
f 3495/29/1747 3494/11/1742 1682/11/1746 1662/29/1698
f 3495/29/1747 3493/29/1741 1677/29/1744 1661/29/1697
f 3493/29/1741 3495/29/1747 1662/29/1698 1678/29/1745
f 3496/10/1748 3497/10/1749 1675/10/1729 1683/10/1725
f 3497/10/1749 3496/10/1748 1684/10/1726 1676/10/1730
f 3497/10/1749 3498/11/1750 1671/11/1751 1675/10/1729
f 3498/11/1750 3497/10/1749 1676/10/1730 1672/11/1752
f 3498/11/1750 3499/11/1753 1669/11/1754 1671/11/1751
f 3499/11/1753 3498/11/1750 1672/11/1752 1670/11/1755
f 3499/11/1753 3496/10/1748 1683/10/1725 1669/11/1754
f 3496/10/1748 3499/11/1753 1670/11/1755 1684/10/1726
f 3500/22/1756 3501/23/1757 1155/23/1758 1149/22/1759
f 3501/23/1757 3500/22/1756 1150/22/1760 1156/23/1761
f 3501/23/1757 3502/20/1762 1151/20/1763 1155/23/1758
f 3502/20/1762 3501/23/1757 1156/23/1761 1152/20/1764
f 3502/20/1762 3503/21/1765 1153/21/1766 1151/20/1763
f 3503/21/1765 3502/20/1762 1152/20/1764 1154/21/1767
f 3503/21/1765 3500/22/1756 1149/22/1759 1153/21/1766
f 3500/22/1756 3503/21/1765 1154/21/1767 1150/22/1760
f 3504/10/1768 3505/10/1769 1683/10/1725 1703/10/1667
f 3505/10/1769 3504/10/1768 1704/10/1668 1684/10/1726
f 3505/10/1769 3506/11/1770 1669/11/1754 1683/10/1725
f 3506/11/1770 3505/10/1769 1684/10/1726 1670/11/1755
f 3506/11/1770 3507/11/1771 1681/11/1743 1669/11/1754
f 3507/11/1771 3506/11/1770 1670/11/1755 1682/11/1746
f 3507/11/1771 3504/10/1768 1703/10/1667 1681/11/1743
f 3504/10/1768 3507/11/1771 1682/11/1746 1704/10/1668
f 3508/13/1772 3509/13/1773 1733/13/1774 1735/13/1775
f 3509/13/1773 3508/13/1772 1736/13/1776 1734/13/1777
f 3509/13/1773 3510/12/1778 2219/12/809 1733/13/1774
f 3510/12/1778 3509/13/1773 1734/13/1777 2220/12/810
f 3510/12/1778 3511/12/1779 2223/12/804 2219/12/809
f 3511/12/1779 3510/12/1778 2220/12/810 2224/12/807
f 3511/12/1779 3508/13/1772 1735/13/1775 2223/12/804
f 3508/13/1772 3511/12/1779 2224/12/807 1736/13/1776
f 3512/29/1780 3513/30/1781 1175/30/1782 1173/29/1783
f 3513/30/1781 3512/29/1780 1174/29/1784 1176/30/1785
f 3513/30/1781 3514/15/1786 1165/15/1787 1175/30/1782
f 3514/15/1786 3513/30/1781 1176/30/1785 1166/15/1788
f 3514/15/1786 3515/11/1789 1171/11/1790 1165/15/1787
f 3515/11/1789 3514/15/1786 1166/15/1788 1172/11/1791
f 3515/11/1789 3512/29/1780 1173/29/1783 1171/11/1790
f 3512/29/1780 3515/11/1789 1172/11/1791 1174/29/1784
f 3516/20/1792 3517/23/1793 1183/23/1794 1179/20/1795
f 3517/23/1793 3516/20/1792 1180/20/1796 1184/23/1797
f 3517/23/1793 3518/22/1798 1181/22/1799 1183/23/1794
f 3518/22/1798 3517/23/1793 1184/23/1797 1182/22/1800
f 3518/22/1798 3519/21/1801 1177/21/1802 1181/22/1799
f 3519/21/1801 3518/22/1798 1182/22/1800 1178/21/1803
f 3519/21/1801 3516/20/1792 1179/20/1795 1177/21/1802
f 3516/20/1792 3519/21/1801 1178/21/1803 1180/20/1796
f 3520/22/1804 3521/21/1805 1701/21/1806 1699/22/746
f 3521/21/1805 3520/22/1804 1700/22/747 1702/21/1807
f 3521/21/1805 3522/21/1808 1697/21/749 1701/21/1806
f 3522/21/1808 3521/21/1805 1702/21/1807 1698/21/750
f 3522/21/1808 3520/22/1804 1699/22/746 1697/21/749
f 3520/22/1804 3522/21/1808 1698/21/750 1700/22/747
f 3523/11/1809 3524/29/1810 1795/29/1811 1793/11/1812
f 3524/29/1810 3523/11/1809 1794/11/1813 1796/29/1814
f 3524/29/1810 3525/29/1815 1797/29/1816 1795/29/1811
f 3525/29/1815 3524/29/1810 1796/29/1814 1798/29/1817
f 3525/29/1815 3526/11/1818 1771/11/508 1797/29/1816
f 3526/11/1818 3525/29/1815 1798/29/1817 1772/11/509
f 3526/11/1818 3527/11/1819 1781/11/1820 1771/11/508
f 3527/11/1819 3526/11/1818 1772/11/509 1782/11/1821
f 3527/11/1819 3523/11/1809 1793/11/1812 1781/11/1820
f 3523/11/1809 3527/11/1819 1782/11/1821 1794/11/1813
f 3528/10/1822 3529/22/1823 1705/22/1824 1703/10/1667
f 3529/22/1823 3528/10/1822 1704/10/1668 1706/22/1825
f 3529/22/1823 3530/22/1826 1699/22/746 1705/22/1824
f 3530/22/1826 3529/22/1823 1706/22/1825 1700/22/747
f 3530/22/1826 3528/10/1822 1703/10/1667 1699/22/746
f 3528/10/1822 3530/22/1826 1700/22/747 1704/10/1668
f 3531/22/1827 3532/10/1828 1787/10/1829 1777/22/1643
f 3532/10/1828 3531/22/1827 1778/22/1644 1788/10/1830
f 3532/10/1828 3533/10/1831 1773/10/503 1787/10/1829
f 3533/10/1831 3532/10/1828 1788/10/1830 1774/10/506
f 3533/10/1831 3534/22/1832 1775/22/1833 1773/10/503
f 3534/22/1832 3533/10/1831 1774/10/506 1776/22/1834
f 3534/22/1832 3531/22/1827 1777/22/1643 1775/22/1833
f 3531/22/1827 3534/22/1832 1776/22/1834 1778/22/1644
f 3535/11/1835 3536/29/1836 2257/29/1837 1863/11/1838
f 3536/29/1836 3535/11/1835 1864/11/1839 2258/29/1840
f 3536/29/1836 3537/29/1841 1867/29/1478 2257/29/1837
f 3537/29/1841 3536/29/1836 2258/29/1840 1868/29/1479
f 3537/29/1841 3538/11/1842 1865/11/1585 1867/29/1478
f 3538/11/1842 3537/29/1841 1868/29/1479 1866/11/1588
f 3538/11/1842 3535/11/1835 1863/11/1838 1865/11/1585
f 3535/11/1835 3538/11/1842 1866/11/1588 1864/11/1839
f 3539/22/1843 3540/10/1844 1789/10/1845 1783/22/1640
f 3540/10/1844 3539/22/1843 1784/22/1641 1790/10/1846
f 3540/10/1844 3541/10/1847 1787/10/1829 1789/10/1845
f 3541/10/1847 3540/10/1844 1790/10/1846 1788/10/1830
f 3541/10/1847 3542/22/1848 1777/22/1643 1787/10/1829
f 3542/22/1848 3541/10/1847 1788/10/1830 1778/22/1644
f 3542/22/1848 3539/22/1843 1783/22/1640 1777/22/1643
f 3539/22/1843 3542/22/1848 1778/22/1644 1784/22/1641
f 3543/11/1849 3544/11/1850 1793/11/1812 1791/11/1851
f 3544/11/1850 3543/11/1849 1792/11/1852 1794/11/1813
f 3544/11/1850 3545/10/1853 1787/10/1829 1793/11/1812
f 3545/10/1853 3544/11/1850 1794/11/1813 1788/10/1830
f 3545/10/1853 3546/10/1854 1789/10/1845 1787/10/1829
f 3546/10/1854 3545/10/1853 1788/10/1830 1790/10/1846
f 3546/10/1854 3543/11/1849 1791/11/1851 1789/10/1845
f 3543/11/1849 3546/10/1854 1790/10/1846 1792/11/1852
f 3547/21/1855 3548/21/1856 1857/21/1857 1853/21/1858
f 3548/21/1856 3547/21/1855 1854/21/1859 1858/21/1860
f 3548/21/1856 3549/22/1861 1855/22/1862 1857/21/1857
f 3549/22/1861 3548/21/1856 1858/21/1860 1856/22/1863
f 3549/22/1861 3550/22/1864 1851/22/1865 1855/22/1862
f 3550/22/1864 3549/22/1861 1856/22/1863 1852/22/1866
f 3550/22/1864 3547/21/1855 1853/21/1858 1851/22/1865
f 3547/21/1855 3550/22/1864 1852/22/1866 1854/21/1859
f 3551/11/1867 3552/11/1868 1781/11/1820 1793/11/1812
f 3552/11/1868 3551/11/1867 1794/11/1813 1782/11/1821
f 3552/11/1868 3553/10/1869 1773/10/503 1781/11/1820
f 3553/10/1869 3552/11/1868 1782/11/1821 1774/10/506
f 3553/10/1869 3554/10/1870 1787/10/1829 1773/10/503
f 3554/10/1870 3553/10/1869 1774/10/506 1788/10/1830
f 3554/10/1870 3551/11/1867 1793/11/1812 1787/10/1829
f 3551/11/1867 3554/10/1870 1788/10/1830 1794/11/1813
f 3555/11/1871 3556/11/1872 2495/11/539 2485/11/1611
f 3556/11/1872 3555/11/1871 2486/11/1614 2496/11/542
f 3556/11/1872 3557/29/1873 2489/29/1874 2495/11/539
f 3557/29/1873 3556/11/1872 2496/11/542 2490/29/1875
f 3557/29/1873 3558/29/1876 2481/29/1616 2489/29/1874
f 3558/29/1876 3557/29/1873 2490/29/1875 2482/29/1617
f 3558/29/1876 3555/11/1871 2485/11/1611 2481/29/1616
f 3555/11/1871 3558/29/1876 2482/29/1617 2486/11/1614
f 3559/11/1877 3560/10/1878 1703/10/1667 1723/11/1660
f 3560/10/1878 3559/11/1877 1724/11/1661 1704/10/1668
f 3560/10/1878 3561/11/1879 1681/11/1743 1703/10/1667
f 3561/11/1879 3560/10/1878 1704/10/1668 1682/11/1746
f 3561/11/1879 3559/11/1877 1723/11/1660 1681/11/1743
f 3559/11/1877 3561/11/1879 1682/11/1746 1724/11/1661
f 3562/10/1880 3563/10/1881 1703/10/1667 1683/10/1725
f 3563/10/1881 3562/10/1880 1684/10/1726 1704/10/1668
f 3563/10/1881 3564/22/1882 1699/22/746 1703/10/1667
f 3564/22/1882 3563/10/1881 1704/10/1668 1700/22/747
f 3564/22/1882 3565/22/1883 1693/22/743 1699/22/746
f 3565/22/1883 3564/22/1882 1700/22/747 1694/22/744
f 3565/22/1883 3562/10/1880 1683/10/1725 1693/22/743
f 3562/10/1880 3565/22/1883 1694/22/744 1684/10/1726
f 3566/23/1884 3567/22/1885 1161/22/1886 1155/23/1887
f 3567/22/1885 3566/23/1884 1156/23/1888 1162/22/1889
f 3567/22/1885 3568/10/1890 1157/10/1891 1161/22/1886
f 3568/10/1890 3567/22/1885 1162/22/1889 1158/10/1892
f 3568/10/1890 3569/14/1893 1159/14/1894 1157/10/1891
f 3569/14/1893 3568/10/1890 1158/10/1892 1160/14/1895
f 3569/14/1893 3566/23/1884 1155/23/1887 1159/14/1894
f 3566/23/1884 3569/14/1893 1160/14/1895 1156/23/1888
f 3570/29/1896 3571/13/1897 1741/13/1898 1739/29/1899
f 3571/13/1897 3570/29/1896 1740/29/1900 1742/13/1901
f 3571/13/1897 3572/13/1902 1733/13/1774 1741/13/1898
f 3572/13/1902 3571/13/1897 1742/13/1901 1734/13/1777
f 3572/13/1902 3570/29/1896 1739/29/1899 1733/13/1774
f 3570/29/1896 3572/13/1902 1734/13/1777 1740/29/1900
f 3573/10/1903 3574/10/1904 1749/10/1905 1747/10/1906
f 3574/10/1904 3573/10/1903 1748/10/1907 1750/10/1908
f 3574/10/1904 3575/11/1909 1745/11/1910 1749/10/1905
f 3575/11/1909 3574/10/1904 1750/10/1908 1746/11/1911
f 3575/11/1909 3576/11/1912 1737/11/1913 1745/11/1910
f 3576/11/1912 3575/11/1909 1746/11/1911 1738/11/1914
f 3576/11/1912 3573/10/1903 1747/10/1906 1737/11/1913
f 3573/10/1903 3576/11/1912 1738/11/1914 1748/10/1907
f 3577/12/1915 3578/12/1916 2367/12/1917 2363/12/1918
f 3578/12/1916 3577/12/1915 2364/12/1919 2368/12/1920
f 3578/12/1916 3579/24/1921 2365/24/1922 2367/12/1917
f 3579/24/1921 3578/12/1916 2368/12/1920 2366/24/1923
f 3579/24/1921 3580/24/1924 2357/24/1925 2365/24/1922
f 3580/24/1924 3579/24/1921 2366/24/1923 2358/24/1926
f 3580/24/1924 3577/12/1915 2363/12/1918 2357/24/1925
f 3577/12/1915 3580/24/1924 2358/24/1926 2364/12/1919
f 3581/11/1927 3582/11/1928 1657/11/1929 1671/11/1751
f 3582/11/1928 3581/11/1927 1672/11/1752 1658/11/1930
f 3582/11/1928 3583/29/1931 1659/29/1932 1657/11/1929
f 3583/29/1931 3582/11/1928 1658/11/1930 1660/29/1933
f 3583/29/1931 3584/29/1934 1663/29/1935 1659/29/1932
f 3584/29/1934 3583/29/1931 1660/29/1933 1664/29/1936
f 3584/29/1934 3585/29/1937 1661/29/1697 1663/29/1935
f 3585/29/1937 3584/29/1934 1664/29/1936 1662/29/1698
f 3585/29/1937 3586/11/1938 1681/11/1743 1661/29/1697
f 3586/11/1938 3585/29/1937 1662/29/1698 1682/11/1746
f 3586/11/1938 3587/11/1939 1669/11/1754 1681/11/1743
f 3587/11/1939 3586/11/1938 1682/11/1746 1670/11/1755
f 3587/11/1939 3581/11/1927 1671/11/1751 1669/11/1754
f 3581/11/1927 3587/11/1939 1670/11/1755 1672/11/1752
f 3588/11/1940 3589/11/1941 1819/11/1942 1811/11/1943
f 3589/11/1941 3588/11/1940 1812/11/1944 1820/11/1945
f 3589/11/1941 3590/11/1946 1817/11/1947 1819/11/1942
f 3590/11/1946 3589/11/1941 1820/11/1945 1818/11/1948
f 3590/11/1946 3591/11/1949 1845/11/1592 1817/11/1947
f 3591/11/1949 3590/11/1946 1818/11/1948 1846/11/1593
f 3591/11/1949 3592/29/1950 1813/29/1485 1845/11/1592
f 3592/29/1950 3591/11/1949 1846/11/1593 1814/29/1486
f 3592/29/1950 3593/29/1951 1809/29/1952 1813/29/1485
f 3593/29/1951 3592/29/1950 1814/29/1486 1810/29/1953
f 3593/29/1951 3594/29/1954 1803/29/1955 1809/29/1952
f 3594/29/1954 3593/29/1951 1810/29/1953 1804/29/1956
f 3594/29/1954 3588/11/1940 1811/11/1943 1803/29/1955
f 3588/11/1940 3594/29/1954 1804/29/1956 1812/11/1944
f 3595/10/1957 3596/22/1958 1829/22/817 1821/10/1959
f 3596/22/1958 3595/10/1957 1822/10/1960 1830/22/818
f 3596/22/1958 3597/22/1961 1827/22/836 1829/22/817
f 3597/22/1961 3596/22/1958 1830/22/818 1828/22/837
f 3597/22/1961 3598/10/1962 1823/10/1963 1827/22/836
f 3598/10/1962 3597/22/1961 1828/22/837 1824/10/1964
f 3598/10/1962 3595/10/1957 1821/10/1959 1823/10/1963
f 3595/10/1957 3598/10/1962 1824/10/1964 1822/10/1960
f 3599/13/1965 3600/13/1966 2383/13/1967 1665/13/1693
f 3600/13/1966 3599/13/1965 1666/13/1694 2384/13/1968
f 3600/13/1966 3601/12/1969 2367/12/1917 2383/13/1967
f 3601/12/1969 3600/13/1966 2384/13/1968 2368/12/1920
f 3601/12/1969 3602/12/1970 2363/12/1918 2367/12/1917
f 3602/12/1970 3601/12/1969 2368/12/1920 2364/12/1919
f 3602/12/1970 3599/13/1965 1665/13/1693 2363/12/1918
f 3599/13/1965 3602/12/1970 2364/12/1919 1666/13/1694
f 3603/21/1971 3604/22/1972 1767/22/1973 1769/21/1974
f 3604/22/1972 3603/21/1971 1770/21/1975 1768/22/1976
f 3604/22/1972 3605/21/1977 1765/21/1978 1767/22/1973
f 3605/21/1977 3604/22/1972 1768/22/1976 1766/21/1979
f 3605/21/1977 3603/21/1971 1769/21/1974 1765/21/1978
f 3603/21/1971 3605/21/1977 1766/21/1979 1770/21/1975
f 3606/22/1980 3607/10/1981 1773/10/503 1767/22/1973
f 3607/10/1981 3606/22/1980 1768/22/1976 1774/10/506
f 3607/10/1981 3608/10/1982 1751/10/504 1773/10/503
f 3608/10/1982 3607/10/1981 1774/10/506 1752/10/505
f 3608/10/1982 3609/22/1983 1761/22/1984 1751/10/504
f 3609/22/1983 3608/10/1982 1752/10/505 1762/22/1985
f 3609/22/1983 3606/22/1980 1767/22/1973 1761/22/1984
f 3606/22/1980 3609/22/1983 1762/22/1985 1768/22/1976
f 3610/11/1986 3611/11/1987 1655/11/1671 1653/11/1623
f 3611/11/1987 3610/11/1986 1654/11/1626 1656/11/1672
f 3611/11/1987 3612/11/1988 1611/11/692 1655/11/1671
f 3612/11/1988 3611/11/1987 1656/11/1672 1612/11/693
f 3612/11/1988 3613/29/1989 1607/29/1492 1611/11/692
f 3613/29/1989 3612/11/1988 1612/11/693 1608/29/1493
f 3613/29/1989 3614/29/1990 1609/29/1991 1607/29/1492
f 3614/29/1990 3613/29/1989 1608/29/1493 1610/29/1992
f 3614/29/1990 3610/11/1986 1653/11/1623 1609/29/1991
f 3610/11/1986 3614/29/1990 1610/29/1992 1654/11/1626
f 3615/22/1993 3616/10/1994 1773/10/503 1775/22/1833
f 3616/10/1994 3615/22/1993 1776/22/1834 1774/10/506
f 3616/10/1994 3617/22/1995 1767/22/1973 1773/10/503
f 3617/22/1995 3616/10/1994 1774/10/506 1768/22/1976
f 3617/22/1995 3615/22/1993 1775/22/1833 1767/22/1973
f 3615/22/1993 3617/22/1995 1768/22/1976 1776/22/1834
f 3618/11/1996 3619/11/1997 1869/11/1586 1865/11/1585
f 3619/11/1997 3618/11/1996 1866/11/1588 1870/11/1587
f 3619/11/1997 3620/10/1998 1847/10/1999 1869/11/1586
f 3620/10/1998 3619/11/1997 1870/11/1587 1848/10/2000
f 3620/10/1998 3621/10/2001 1859/10/2002 1847/10/1999
f 3621/10/2001 3620/10/1998 1848/10/2000 1860/10/2003
f 3621/10/2001 3618/11/1996 1865/11/1585 1859/10/2002
f 3618/11/1996 3621/10/2001 1860/10/2003 1866/11/1588
f 3622/10/2004 3623/11/2005 1781/11/1820 1773/10/503
f 3623/11/2005 3622/10/2004 1774/10/506 1782/11/1821
f 3623/11/2005 3624/11/2006 1771/11/508 1781/11/1820
f 3624/11/2006 3623/11/2005 1782/11/1821 1772/11/509
f 3624/11/2006 3622/10/2004 1773/10/503 1771/11/508
f 3622/10/2004 3624/11/2006 1772/11/509 1774/10/506
f 3625/22/2007 3626/10/2008 1859/10/2002 1851/22/1865
f 3626/10/2008 3625/22/2007 1852/22/1866 1860/10/2003
f 3626/10/2008 3627/10/2009 1847/10/1999 1859/10/2002
f 3627/10/2009 3626/10/2008 1860/10/2003 1848/10/2000
f 3627/10/2009 3628/22/2010 1849/22/2011 1847/10/1999
f 3628/22/2010 3627/10/2009 1848/10/2000 1850/22/2012
f 3628/22/2010 3625/22/2007 1851/22/1865 1849/22/2011
f 3625/22/2007 3628/22/2010 1850/22/2012 1852/22/1866
f 3629/22/2013 3630/21/2014 1713/21/2015 1711/22/2016
f 3630/21/2014 3629/22/2013 1712/22/2017 1714/21/2018
f 3630/21/2014 3631/21/2019 1709/21/2020 1713/21/2015
f 3631/21/2019 3630/21/2014 1714/21/2018 1710/21/2021
f 3631/21/2019 3632/22/2022 1707/22/2023 1709/21/2020
f 3632/22/2022 3631/21/2019 1710/21/2021 1708/22/2024
f 3632/22/2022 3629/22/2013 1711/22/2016 1707/22/2023
f 3629/22/2013 3632/22/2022 1708/22/2024 1712/22/2017
f 3633/22/2025 3634/10/2026 1861/10/2027 1855/22/1862
f 3634/10/2026 3633/22/2025 1856/22/1863 1862/10/2028
f 3634/10/2026 3635/10/2029 1859/10/2002 1861/10/2027
f 3635/10/2029 3634/10/2026 1862/10/2028 1860/10/2003
f 3635/10/2029 3636/22/2030 1851/22/1865 1859/10/2002
f 3636/22/2030 3635/10/2029 1860/10/2003 1852/22/1866
f 3636/22/2030 3633/22/2025 1855/22/1862 1851/22/1865
f 3633/22/2025 3636/22/2030 1852/22/1866 1856/22/1863
f 3637/10/2031 3638/10/2032 1649/10/1631 1647/10/1624
f 3638/10/2032 3637/10/2031 1648/10/1625 1650/10/1632
f 3638/10/2032 3639/22/2033 1643/22/2034 1649/10/1631
f 3639/22/2033 3638/10/2032 1650/10/1632 1644/22/2035
f 3639/22/2033 3640/22/2036 1639/22/2037 1643/22/2034
f 3640/22/2036 3639/22/2033 1644/22/2035 1640/22/2038
f 3640/22/2036 3637/10/2031 1647/10/1624 1639/22/2037
f 3637/10/2031 3640/22/2036 1640/22/2038 1648/10/1625
f 3641/29/2039 3642/29/2040 2355/29/2041 1679/29/2042
f 3642/29/2040 3641/29/2039 1680/29/2043 2356/29/2044
f 3642/29/2040 3643/11/2045 1719/11/2046 2355/29/2041
f 3643/11/2045 3642/29/2040 2356/29/2044 1720/11/2047
f 3643/11/2045 3644/11/2048 1721/11/1659 1719/11/2046
f 3644/11/2048 3643/11/2045 1720/11/2047 1722/11/1662
f 3644/11/2048 3641/29/2039 1679/29/2042 1721/11/1659
f 3641/29/2039 3644/11/2048 1722/11/1662 1680/29/2043
f 3645/21/2049 3646/21/2050 1633/21/1576 1641/21/2051
f 3646/21/2050 3645/21/2049 1642/21/2052 1634/21/1579
f 3646/21/2050 3647/22/2053 1631/22/1577 1633/21/1576
f 3647/22/2053 3646/21/2050 1634/21/1579 1632/22/1578
f 3647/22/2053 3648/22/2054 1637/22/1596 1631/22/1577
f 3648/22/2054 3647/22/2053 1632/22/1578 1638/22/1599
f 3648/22/2054 3649/22/2055 1639/22/2037 1637/22/1596
f 3649/22/2055 3648/22/2054 1638/22/1599 1640/22/2038
f 3649/22/2055 3645/21/2049 1641/21/2051 1639/22/2037
f 3645/21/2049 3649/22/2055 1640/22/2038 1642/21/2052
f 3650/11/2056 3651/29/2057 1797/29/1816 1771/11/508
f 3651/29/2057 3650/11/2056 1772/11/509 1798/29/1817
f 3651/29/2057 3652/29/2058 1739/29/1899 1797/29/1816
f 3652/29/2058 3651/29/2057 1798/29/1817 1740/29/1900
f 3652/29/2058 3650/11/2056 1771/11/508 1739/29/1899
f 3650/11/2056 3652/29/2058 1740/29/1900 1772/11/509
f 3653/13/2059 3654/13/2060 2351/13/2061 1667/13/1692
f 3654/13/2060 3653/13/2059 1668/13/1695 2352/13/2062
f 3654/13/2060 3655/29/2063 1679/29/2042 2351/13/2061
f 3655/29/2063 3654/13/2060 2352/13/2062 1680/29/2043
f 3655/29/2063 3656/29/2064 1677/29/1744 1679/29/2042
f 3656/29/2064 3655/29/2063 1680/29/2043 1678/29/1745
f 3656/29/2064 3657/29/2065 1661/29/1697 1677/29/1744
f 3657/29/2065 3656/29/2064 1678/29/1745 1662/29/1698
f 3657/29/2065 3653/13/2059 1667/13/1692 1661/29/1697
f 3653/13/2059 3657/29/2065 1662/29/1698 1668/13/1695
f 3658/10/2066 3659/10/2067 2515/10/544 2523/10/547
f 3659/10/2067 3658/10/2066 2524/10/548 2516/10/545
f 3659/10/2067 3660/22/2068 2511/22/1715 2515/10/544
f 3660/22/2068 3659/10/2067 2516/10/545 2512/22/1716
f 3660/22/2068 3661/22/2069 2517/22/1712 2511/22/1715
f 3661/22/2069 3660/22/2068 2512/22/1716 2518/22/1713
f 3661/22/2069 3658/10/2066 2523/10/547 2517/22/1712
f 3658/10/2066 3661/22/2069 2518/22/1713 2524/10/548
f 3662/11/2070 3663/10/2071 1823/10/1963 1819/11/1942
f 3663/10/2071 3662/11/2070 1820/11/1945 1824/10/1964
f 3663/10/2071 3664/10/2072 1825/10/2073 1823/10/1963
f 3664/10/2072 3663/10/2071 1824/10/1964 1826/10/2074
f 3664/10/2072 3665/11/2075 1817/11/1947 1825/10/2073
f 3665/11/2075 3664/10/2072 1826/10/2074 1818/11/1948
f 3665/11/2075 3662/11/2070 1819/11/1942 1817/11/1947
f 3662/11/2070 3665/11/2075 1818/11/1948 1820/11/1945
f 3666/13/2076 3667/13/2077 1805/13/2078 1815/13/1482
f 3667/13/2077 3666/13/2076 1816/13/1483 1806/13/2079
f 3667/13/2077 3668/29/2080 1813/29/1485 1805/13/2078
f 3668/29/2080 3667/13/2077 1806/13/2079 1814/29/1486
f 3668/29/2080 3666/13/2076 1815/13/1482 1813/29/1485
f 3666/13/2076 3668/29/2080 1814/29/1486 1816/13/1483
f 3669/29/2081 3670/29/2082 1731/29/2083 1725/29/2084
f 3670/29/2082 3669/29/2081 1726/29/2085 1732/29/2086
f 3670/29/2082 3671/29/2087 1739/29/1899 1731/29/2083
f 3671/29/2087 3670/29/2082 1732/29/2086 1740/29/1900
f 3671/29/2087 3672/13/2088 1733/13/1774 1739/29/1899
f 3672/13/2088 3671/29/2087 1740/29/1900 1734/13/1777
f 3672/13/2088 3673/13/2089 1735/13/1775 1733/13/1774
f 3673/13/2089 3672/13/2088 1734/13/1777 1736/13/1776
f 3673/13/2089 3674/13/2090 1727/13/2091 1735/13/1775
f 3674/13/2090 3673/13/2089 1736/13/1776 1728/13/2092
f 3674/13/2090 3675/13/2093 1729/13/2094 1727/13/2091
f 3675/13/2093 3674/13/2090 1728/13/2092 1730/13/2095
f 3675/13/2093 3669/29/2081 1725/29/2084 1729/13/2094
f 3669/29/2081 3675/13/2093 1730/13/2095 1726/29/2085
f 3676/11/2096 3677/15/2097 1141/15/2098 1147/11/2099
f 3677/15/2097 3676/11/2096 1148/11/2100 1142/15/2101
f 3677/15/2097 3678/30/2102 1145/30/2103 1141/15/2098
f 3678/30/2102 3677/15/2097 1142/15/2101 1146/30/2104
f 3678/30/2102 3679/29/2105 1143/29/2106 1145/30/2103
f 3679/29/2105 3678/30/2102 1146/30/2104 1144/29/2107
f 3679/29/2105 3676/11/2096 1147/11/2099 1143/29/2106
f 3676/11/2096 3679/29/2105 1144/29/2107 1148/11/2100
f 3680/10/2108 3681/10/2109 1847/10/1999 1825/10/2073
f 3681/10/2109 3680/10/2108 1826/10/2074 1848/10/2000
f 3681/10/2109 3682/11/2110 1845/11/1592 1847/10/1999
f 3682/11/2110 3681/10/2109 1848/10/2000 1846/11/1593
f 3682/11/2110 3683/11/2111 1817/11/1947 1845/11/1592
f 3683/11/2111 3682/11/2110 1846/11/1593 1818/11/1948
f 3683/11/2111 3680/10/2108 1825/10/2073 1817/11/1947
f 3680/10/2108 3683/11/2111 1818/11/1948 1826/10/2074
f 3684/10/2112 3685/10/2113 2639/10/697 2631/10/2114
f 3685/10/2113 3684/10/2112 2632/10/2115 2640/10/698
f 3685/10/2113 3686/22/2116 2633/22/704 2639/10/697
f 3686/22/2116 3685/10/2113 2640/10/698 2634/22/705
f 3686/22/2116 3687/22/2117 2627/22/2118 2633/22/704
f 3687/22/2117 3686/22/2116 2634/22/705 2628/22/2119
f 3687/22/2117 3684/10/2112 2631/10/2114 2627/22/2118
f 3684/10/2112 3687/22/2117 2628/22/2119 2632/10/2115
f 3688/10/2120 3689/10/2121 2531/10/2122 2533/10/2123
f 3689/10/2121 3688/10/2120 2534/10/2124 2532/10/2125
f 3689/10/2121 3690/22/2126 2525/22/1709 2531/10/2122
f 3690/22/2126 3689/10/2121 2532/10/2125 2526/22/1710
f 3690/22/2126 3691/22/2127 2527/22/1706 2525/22/1709
f 3691/22/2127 3690/22/2126 2526/22/1710 2528/22/1707
f 3691/22/2127 3688/10/2120 2533/10/2123 2527/22/1706
f 3688/10/2120 3691/22/2127 2528/22/1707 2534/10/2124
f 3692/11/2128 3693/11/2129 2537/11/1572 2539/11/1560
f 3693/11/2129 3692/11/2128 2540/11/1561 2538/11/1573
f 3693/11/2129 3694/10/2130 2531/10/2122 2537/11/1572
f 3694/10/2130 3693/11/2129 2538/11/1573 2532/10/2125
f 3694/10/2130 3695/10/2131 2533/10/2123 2531/10/2122
f 3695/10/2131 3694/10/2130 2532/10/2125 2534/10/2124
f 3695/10/2131 3692/11/2128 2539/11/1560 2533/10/2123
f 3692/11/2128 3695/10/2131 2534/10/2124 2540/11/1561
f 3696/11/2132 3697/11/2133 1745/11/1910 1737/11/1913
f 3697/11/2133 3696/11/2132 1738/11/1914 1746/11/1911
f 3697/11/2133 3698/11/2134 1743/11/511 1745/11/1910
f 3698/11/2134 3697/11/2133 1746/11/1911 1744/11/512
f 3698/11/2134 3699/11/2135 1771/11/508 1743/11/511
f 3699/11/2135 3698/11/2134 1744/11/512 1772/11/509
f 3699/11/2135 3700/29/2136 1739/29/1899 1771/11/508
f 3700/29/2136 3699/11/2135 1772/11/509 1740/29/1900
f 3700/29/2136 3701/29/2137 1731/29/2083 1739/29/1899
f 3701/29/2137 3700/29/2136 1740/29/1900 1732/29/2086
f 3701/29/2137 3702/29/2138 1725/29/2084 1731/29/2083
f 3702/29/2138 3701/29/2137 1732/29/2086 1726/29/2085
f 3702/29/2138 3696/11/2132 1737/11/1913 1725/29/2084
f 3696/11/2132 3702/29/2138 1726/29/2085 1738/11/1914
f 3703/21/2139 3704/22/2140 1841/22/830 1843/21/2141
f 3704/22/2140 3703/21/2139 1844/21/2142 1842/22/831
f 3704/22/2140 3705/21/2143 1839/21/827 1841/22/830
f 3705/21/2143 3704/22/2140 1842/22/831 1840/21/828
f 3705/21/2143 3703/21/2139 1843/21/2141 1839/21/827
f 3703/21/2139 3705/21/2143 1840/21/828 1844/21/2142
f 3706/11/2144 3707/29/2145 2591/29/2146 2601/11/2147
f 3707/29/2145 3706/11/2144 2602/11/2148 2592/29/2149
f 3707/29/2145 3708/29/2150 2605/29/2151 2591/29/2146
f 3708/29/2150 3707/29/2145 2592/29/2149 2606/29/2152
f 3708/29/2150 3709/11/2153 2611/11/2154 2605/29/2151
f 3709/11/2153 3708/29/2150 2606/29/2152 2612/11/2155
f 3709/11/2153 3706/11/2144 2601/11/2147 2611/11/2154
f 3706/11/2144 3709/11/2153 2612/11/2155 2602/11/2148
f 3710/22/2156 3711/10/2157 1847/10/1999 1849/22/2011
f 3711/10/2157 3710/22/2156 1850/22/2012 1848/10/2000
f 3711/10/2157 3712/22/2158 1841/22/830 1847/10/1999
f 3712/22/2158 3711/10/2157 1848/10/2000 1842/22/831
f 3712/22/2158 3710/22/2156 1849/22/2011 1841/22/830
f 3710/22/2156 3712/22/2158 1842/22/831 1850/22/2012
f 3713/10/2159 3714/10/2160 1647/10/1624 1635/10/1597
f 3714/10/2160 3713/10/2159 1636/10/1598 1648/10/1625
f 3714/10/2160 3715/22/2161 1639/22/2037 1647/10/1624
f 3715/22/2161 3714/10/2160 1648/10/1625 1640/22/2038
f 3715/22/2161 3716/22/2162 1637/22/1596 1639/22/2037
f 3716/22/2162 3715/22/2161 1640/22/2038 1638/22/1599
f 3716/22/2162 3713/10/2159 1635/10/1597 1637/22/1596
f 3713/10/2159 3716/22/2162 1638/22/1599 1636/10/1598
f 3717/22/2163 3718/21/2164 1645/21/2165 1643/22/2034
f 3718/21/2164 3717/22/2163 1644/22/2035 1646/21/2166
f 3718/21/2164 3719/21/2167 1641/21/2051 1645/21/2165
f 3719/21/2167 3718/21/2164 1646/21/2166 1642/21/2052
f 3719/21/2167 3720/22/2168 1639/22/2037 1641/21/2051
f 3720/22/2168 3719/21/2167 1642/21/2052 1640/22/2038
f 3720/22/2168 3717/22/2163 1643/22/2034 1639/22/2037
f 3717/22/2163 3720/22/2168 1640/22/2038 1644/22/2035
f 3721/10/2169 3722/11/2170 1721/11/1659 1715/10/1664
f 3722/11/2170 3721/10/2169 1716/10/1665 1722/11/1662
f 3722/11/2170 3723/11/2171 1719/11/2046 1721/11/1659
f 3723/11/2171 3722/11/2170 1722/11/1662 1720/11/2047
f 3723/11/2171 3724/10/2172 1717/10/2173 1719/11/2046
f 3724/10/2172 3723/11/2171 1720/11/2047 1718/10/2174
f 3724/10/2172 3721/10/2169 1715/10/1664 1717/10/2173
f 3721/10/2169 3724/10/2172 1718/10/2174 1716/10/1665
f 3725/10/2175 3726/10/2176 1717/10/2173 1715/10/1664
f 3726/10/2176 3725/10/2175 1716/10/1665 1718/10/2174
f 3726/10/2176 3727/22/2177 1711/22/2016 1717/10/2173
f 3727/22/2177 3726/10/2176 1718/10/2174 1712/22/2017
f 3727/22/2177 3728/22/2178 1707/22/2023 1711/22/2016
f 3728/22/2178 3727/22/2177 1712/22/2017 1708/22/2024
f 3728/22/2178 3725/10/2175 1715/10/1664 1707/22/2023
f 3725/10/2175 3728/22/2178 1708/22/2024 1716/10/1665
f 3729/11/2179 3730/29/2180 2211/29/2181 1791/11/1851
f 3730/29/2180 3729/11/2179 1792/11/1852 2212/29/2182
f 3730/29/2180 3731/29/2183 1795/29/1811 2211/29/2181
f 3731/29/2183 3730/29/2180 2212/29/2182 1796/29/1814
f 3731/29/2183 3732/11/2184 1793/11/1812 1795/29/1811
f 3732/11/2184 3731/29/2183 1796/29/1814 1794/11/1813
f 3732/11/2184 3729/11/2179 1791/11/1851 1793/11/1812
f 3729/11/2179 3732/11/2184 1794/11/1813 1792/11/1852
f 3733/11/2185 3734/11/2186 1653/11/1623 1655/11/1671
f 3734/11/2186 3733/11/2185 1656/11/1672 1654/11/1626
f 3734/11/2186 3735/10/2187 1647/10/1624 1653/11/1623
f 3735/10/2187 3734/11/2186 1654/11/1626 1648/10/1625
f 3735/10/2187 3736/10/2188 1635/10/1597 1647/10/1624
f 3736/10/2188 3735/10/2187 1648/10/1625 1636/10/1598
f 3736/10/2188 3733/11/2185 1655/11/1671 1635/10/1597
f 3733/11/2185 3736/10/2188 1636/10/1598 1656/11/1672
f 3737/10/2189 3738/11/2190 1869/11/1586 1847/10/1999
f 3738/11/2190 3737/10/2189 1848/10/2000 1870/11/1587
f 3738/11/2190 3739/11/2191 1845/11/1592 1869/11/1586
f 3739/11/2191 3738/11/2190 1870/11/1587 1846/11/1593
f 3739/11/2191 3737/10/2189 1847/10/1999 1845/11/1592
f 3737/10/2189 3739/11/2191 1846/11/1593 1848/10/2000
f 3740/11/2192 3741/11/2193 1723/11/1660 1721/11/1659
f 3741/11/2193 3740/11/2192 1722/11/1662 1724/11/1661
f 3741/11/2193 3742/11/2194 1681/11/1743 1723/11/1660
f 3742/11/2194 3741/11/2193 1724/11/1661 1682/11/1746
f 3742/11/2194 3743/29/2195 1677/29/1744 1681/11/1743
f 3743/29/2195 3742/11/2194 1682/11/1746 1678/29/1745
f 3743/29/2195 3744/29/2196 1679/29/2042 1677/29/1744
f 3744/29/2196 3743/29/2195 1678/29/1745 1680/29/2043
f 3744/29/2196 3740/11/2192 1721/11/1659 1679/29/2042
f 3740/11/2192 3744/29/2196 1680/29/2043 1722/11/1662
f 3745/11/2197 3746/29/2198 1871/29/1488 1845/11/1592
f 3746/29/2198 3745/11/2197 1846/11/1593 1872/29/1489
f 3746/29/2198 3747/29/2199 1813/29/1485 1871/29/1488
f 3747/29/2199 3746/29/2198 1872/29/1489 1814/29/1486
f 3747/29/2199 3745/11/2197 1845/11/1592 1813/29/1485
f 3745/11/2197 3747/29/2199 1814/29/1486 1846/11/1593
f 3748/10/2200 3749/10/2201 2613/10/2202 2625/10/2203
f 3749/10/2201 3748/10/2200 2626/10/2204 2614/10/2205
f 3749/10/2201 3750/11/2206 2601/11/2147 2613/10/2202
f 3750/11/2206 3749/10/2201 2614/10/2205 2602/11/2148
f 3750/11/2206 3751/11/2207 2611/11/2154 2601/11/2147
f 3751/11/2207 3750/11/2206 2602/11/2148 2612/11/2155
f 3751/11/2207 3748/10/2200 2625/10/2203 2611/11/2154
f 3748/10/2200 3751/11/2207 2612/11/2155 2626/10/2204
f 3752/31/2208 3753/60/2209 1895/60/2210 1881/31/2211
f 3753/60/2209 3752/31/2208 1882/31/2212 1896/60/2213
f 3753/60/2209 3754/69/2214 1891/69/2215 1895/60/2210
f 3754/69/2214 3753/60/2209 1896/60/2213 1892/69/2216
f 3754/69/2214 3755/32/2217 1893/32/2218 1891/69/2215
f 3755/32/2217 3754/69/2214 1892/69/2216 1894/32/2219
f 3755/32/2217 3752/31/2208 1881/31/2211 1893/32/2218
f 3752/31/2208 3755/32/2217 1894/32/2219 1882/31/2212
f 3756/25/2220 3757/24/2221 2277/24/2222 2275/25/2223
f 3757/24/2221 3756/25/2220 2276/25/2224 2278/24/2225
f 3757/24/2221 3758/24/2226 2271/24/2227 2277/24/2222
f 3758/24/2226 3757/24/2221 2278/24/2225 2272/24/2228
f 3758/24/2226 3759/24/2229 2267/24/1466 2271/24/2227
f 3759/24/2229 3758/24/2226 2272/24/2228 2268/24/1467
f 3759/24/2229 3760/24/2230 2259/24/1473 2267/24/1466
f 3760/24/2230 3759/24/2229 2268/24/1467 2260/24/1474
f 3760/24/2230 3761/25/2231 2251/25/2232 2259/24/1473
f 3761/25/2231 3760/24/2230 2260/24/1474 2252/25/2233
f 3761/25/2231 3762/25/2234 2263/25/2235 2251/25/2232
f 3762/25/2234 3761/25/2231 2252/25/2233 2264/25/2236
f 3762/25/2234 3763/25/2237 2273/25/2238 2263/25/2235
f 3763/25/2237 3762/25/2234 2264/25/2236 2274/25/2239
f 3763/25/2237 3756/25/2220 2275/25/2223 2273/25/2238
f 3756/25/2220 3763/25/2237 2274/25/2239 2276/25/2224
f 3764/17/2240 3765/16/2241 1889/16/2242 1885/17/2243
f 3765/16/2241 3764/17/2240 1886/17/2244 1890/16/2245
f 3765/16/2241 3766/56/2246 1873/56/2247 1889/16/2242
f 3766/56/2246 3765/16/2241 1890/16/2245 1874/56/2248
f 3766/56/2246 3767/71/2249 1887/71/2250 1873/56/2247
f 3767/71/2249 3766/56/2246 1874/56/2248 1888/71/2251
f 3767/71/2249 3764/17/2240 1885/17/2243 1887/71/2250
f 3764/17/2240 3767/71/2249 1888/71/2251 1886/17/2244
f 3768/12/2252 3769/27/2253 1925/27/2254 1927/12/2255
f 3769/27/2253 3768/12/2252 1928/12/2256 1926/27/2257
f 3769/27/2253 3770/26/2258 1921/26/2259 1925/27/2254
f 3770/26/2258 3769/27/2253 1926/27/2257 1922/26/2260
f 3770/26/2258 3771/24/2261 1923/24/2262 1921/26/2259
f 3771/24/2261 3770/26/2258 1922/26/2260 1924/24/2263
f 3771/24/2261 3768/12/2252 1927/12/2255 1923/24/2262
f 3768/12/2252 3771/24/2261 1924/24/2263 1928/12/2256
f 3772/13/2264 3773/28/2265 1917/28/2266 1919/13/2267
f 3773/28/2265 3772/13/2264 1920/13/2268 1918/28/2269
f 3773/28/2265 3774/27/2270 1913/27/2271 1917/28/2266
f 3774/27/2270 3773/28/2265 1918/28/2269 1914/27/2272
f 3774/27/2270 3775/12/2273 1915/12/2274 1913/27/2271
f 3775/12/2273 3774/27/2270 1914/27/2272 1916/12/2275
f 3775/12/2273 3772/13/2264 1919/13/2267 1915/12/2274
f 3772/13/2264 3775/12/2273 1916/12/2275 1920/13/2268
f 3776/24/2276 3777/12/2277 2459/12/1652 2451/24/2278
f 3777/12/2277 3776/24/2276 2452/24/2279 2460/12/1653
f 3777/12/2277 3778/12/2280 2475/12/2281 2459/12/1652
f 3778/12/2280 3777/12/2277 2460/12/1653 2476/12/2282
f 3778/12/2280 3779/24/2283 2465/24/2284 2475/12/2281
f 3779/24/2283 3778/12/2280 2476/12/2282 2466/24/2285
f 3779/24/2283 3776/24/2276 2451/24/2278 2465/24/2284
f 3776/24/2276 3779/24/2283 2466/24/2285 2452/24/2279
f 3780/10/2286 3781/14/2287 1911/14/2288 1905/10/2289
f 3781/14/2287 3780/10/2286 1906/10/2290 1912/14/2291
f 3781/14/2287 3782/15/2292 1907/15/2293 1911/14/2288
f 3782/15/2292 3781/14/2287 1912/14/2291 1908/15/2294
f 3782/15/2292 3783/11/2295 1909/11/2296 1907/15/2293
f 3783/11/2295 3782/15/2292 1908/15/2294 1910/11/2297
f 3783/11/2295 3780/10/2286 1905/10/2289 1909/11/2296
f 3780/10/2286 3783/11/2295 1910/11/2297 1906/10/2290
f 3784/26/2298 3785/70/2299 1943/70/2300 1939/26/2301
f 3785/70/2299 3784/26/2298 1940/26/2302 1944/70/2303
f 3785/70/2299 3786/25/2304 1941/25/2305 1943/70/2300
f 3786/25/2304 3785/70/2299 1944/70/2303 1942/25/2306
f 3786/25/2304 3787/24/2307 1937/24/2308 1941/25/2305
f 3787/24/2307 3786/25/2304 1942/25/2306 1938/24/2309
f 3787/24/2307 3784/26/2298 1939/26/2301 1937/24/2308
f 3784/26/2298 3787/24/2307 1938/24/2309 1940/26/2302
f 3788/28/2310 3789/13/2311 1955/13/2312 1957/28/2313
f 3789/13/2311 3788/28/2310 1958/28/2314 1956/13/2315
f 3789/13/2311 3790/29/2316 1951/29/2317 1955/13/2312
f 3790/29/2316 3789/13/2311 1956/13/2315 1952/29/2318
f 3790/29/2316 3791/30/2319 1953/30/2320 1951/29/2317
f 3791/30/2319 3790/29/2316 1952/29/2318 1954/30/2321
f 3791/30/2319 3788/28/2310 1957/28/2313 1953/30/2320
f 3788/28/2310 3791/30/2319 1954/30/2321 1958/28/2314
f 3792/12/2322 3793/12/2323 2249/12/2324 2261/12/2325
f 3793/12/2323 3792/12/2322 2262/12/2326 2250/12/2327
f 3793/12/2323 3794/24/2328 2237/24/2329 2249/12/2324
f 3794/24/2328 3793/12/2323 2250/12/2327 2238/24/2330
f 3794/24/2328 3795/24/2331 2247/24/2332 2237/24/2329
f 3795/24/2331 3794/24/2328 2238/24/2330 2248/24/2333
f 3795/24/2331 3796/24/2334 2259/24/1473 2247/24/2332
f 3796/24/2334 3795/24/2331 2248/24/2333 2260/24/1474
f 3796/24/2334 3792/12/2322 2261/12/2325 2259/24/1473
f 3792/12/2322 3796/24/2334 2260/24/1474 2262/12/2326
f 3797/30/2335 3798/29/2336 1951/29/2337 1945/30/2338
f 3798/29/2336 3797/30/2335 1946/30/2339 1952/29/2340
f 3798/29/2336 3799/11/2341 1947/11/2342 1951/29/2337
f 3799/11/2341 3798/29/2336 1952/29/2340 1948/11/2343
f 3799/11/2341 3800/15/2344 1949/15/2345 1947/11/2342
f 3800/15/2344 3799/11/2341 1948/11/2343 1950/15/2346
f 3800/15/2344 3797/30/2335 1945/30/2338 1949/15/2345
f 3797/30/2335 3800/15/2344 1950/15/2346 1946/30/2339
f 3801/44/2347 3802/68/2348 1997/68/2349 1995/44/2350
f 3802/68/2348 3801/44/2347 1996/44/2351 1998/68/2352
f 3802/68/2348 3803/69/2353 1993/69/1535 1997/68/2349
f 3803/69/2353 3802/68/2348 1998/68/2352 1994/69/1538
f 3803/69/2353 3804/60/2354 1989/60/1536 1993/69/1535
f 3804/60/2354 3803/69/2353 1994/69/1538 1990/60/1537
f 3804/60/2354 3801/44/2347 1995/44/2350 1989/60/1536
f 3801/44/2347 3804/60/2354 1990/60/1537 1996/44/2351
f 3805/33/2355 3806/71/2356 1965/71/2357 1961/33/2358
f 3806/71/2356 3805/33/2355 1962/33/2359 1966/71/2360
f 3806/71/2356 3807/56/2361 1963/56/2362 1965/71/2357
f 3807/56/2361 3806/71/2356 1966/71/2360 1964/56/2363
f 3807/56/2361 3808/34/2364 1959/34/2365 1963/56/2362
f 3808/34/2364 3807/56/2361 1964/56/2363 1960/34/2366
f 3808/34/2364 3805/33/2355 1961/33/2358 1959/34/2365
f 3805/33/2355 3808/34/2364 1960/34/2366 1962/33/2359
f 3809/22/2367 3810/22/2368 1619/22/2369 1617/22/2370
f 3810/22/2368 3809/22/2367 1618/22/2371 1620/22/2372
f 3810/22/2368 3811/10/2373 1605/10/1498 1619/22/2369
f 3811/10/2373 3810/22/2368 1620/22/2372 1606/10/1499
f 3811/10/2373 3812/10/2374 1613/10/607 1605/10/1498
f 3812/10/2374 3811/10/2373 1606/10/1499 1614/10/610
f 3812/10/2374 3809/22/2367 1617/22/2370 1613/10/607
f 3809/22/2367 3812/10/2374 1614/10/610 1618/22/2371
f 3813/22/2375 3814/22/2376 1617/22/2370 1625/22/2377
f 3814/22/2376 3813/22/2375 1626/22/2378 1618/22/2371
f 3814/22/2376 3815/10/2379 1613/10/607 1617/22/2370
f 3815/10/2379 3814/22/2376 1618/22/2371 1614/10/610
f 3815/10/2379 3816/10/2380 1615/10/608 1613/10/607
f 3816/10/2380 3815/10/2379 1614/10/610 1616/10/609
f 3816/10/2380 3813/22/2375 1625/22/2377 1615/10/608
f 3813/22/2375 3816/10/2380 1616/10/609 1626/22/2378
f 3817/33/2381 3818/34/2382 1987/34/2383 1961/33/2384
f 3818/34/2382 3817/33/2381 1962/33/2385 1988/34/2386
f 3818/34/2382 3819/31/2387 1983/31/2388 1987/34/2383
f 3819/31/2387 3818/34/2382 1988/34/2386 1984/31/2389
f 3819/31/2387 3820/32/2390 1985/32/2391 1983/31/2388
f 3820/32/2390 3819/31/2387 1984/31/2389 1986/32/2392
f 3820/32/2390 3817/33/2381 1961/33/2384 1985/32/2391
f 3817/33/2381 3820/32/2390 1986/32/2392 1962/33/2385
f 3821/18/2393 3822/72/2394 1981/72/2395 1975/18/2396
f 3822/72/2394 3821/18/2393 1976/18/2397 1982/72/2398
f 3822/72/2394 3823/66/2399 1977/66/2400 1981/72/2395
f 3823/66/2399 3822/72/2394 1982/72/2398 1978/66/2401
f 3823/66/2399 3824/19/2402 1979/19/2403 1977/66/2400
f 3824/19/2402 3823/66/2399 1978/66/2401 1980/19/2404
f 3824/19/2402 3821/18/2393 1975/18/2396 1979/19/2403
f 3821/18/2393 3824/19/2402 1980/19/2404 1976/18/2397
f 3825/18/2405 3826/19/2406 2011/19/2407 2005/18/2408
f 3826/19/2406 3825/18/2405 2006/18/2409 2012/19/2410
f 3826/19/2406 3827/16/2411 2007/16/2412 2011/19/2407
f 3827/16/2411 3826/19/2406 2012/19/2410 2008/16/2413
f 3827/16/2411 3828/17/2414 2009/17/2415 2007/16/2412
f 3828/17/2414 3827/16/2411 2008/16/2413 2010/17/2416
f 3828/17/2414 3825/18/2405 2005/18/2408 2009/17/2415
f 3825/18/2405 3828/17/2414 2010/17/2416 2006/18/2409
f 3829/11/2417 3830/15/2418 1059/15/2419 1055/11/2420
f 3830/15/2418 3829/11/2417 1056/11/2421 1060/15/2422
f 3830/15/2418 3831/14/2423 1053/14/2424 1059/15/2419
f 3831/14/2423 3830/15/2418 1060/15/2422 1054/14/2425
f 3831/14/2423 3832/10/2426 1057/10/2427 1053/14/2424
f 3832/10/2426 3831/14/2423 1054/14/2425 1058/10/2428
f 3832/10/2426 3829/11/2417 1055/11/2420 1057/10/2427
f 3829/11/2417 3832/10/2426 1058/10/2428 1056/11/2421
f 3833/22/2429 3834/22/2430 1687/22/737 1685/22/740
f 3834/22/2430 3833/22/2429 1686/22/741 1688/22/738
f 3834/22/2430 3835/10/2431 1673/10/2432 1687/22/737
f 3835/10/2431 3834/22/2430 1688/22/738 1674/10/2433
f 3835/10/2431 3836/10/2434 1675/10/1729 1673/10/2432
f 3836/10/2434 3835/10/2431 1674/10/2433 1676/10/1730
f 3836/10/2434 3833/22/2429 1685/22/740 1675/10/1729
f 3833/22/2429 3836/10/2434 1676/10/1730 1686/22/741
f 3837/10/2435 3838/10/2436 1635/10/1597 1615/10/608
f 3838/10/2436 3837/10/2435 1616/10/609 1636/10/1598
f 3838/10/2436 3839/22/2437 1631/22/1577 1635/10/1597
f 3839/22/2437 3838/10/2436 1636/10/1598 1632/22/1578
f 3839/22/2437 3840/22/2438 1625/22/2377 1631/22/1577
f 3840/22/2438 3839/22/2437 1632/22/1578 1626/22/2378
f 3840/22/2438 3837/10/2435 1615/10/608 1625/22/2377
f 3837/10/2435 3840/22/2438 1626/22/2378 1616/10/609
f 3841/28/2439 3842/13/2440 2871/13/2441 2865/28/2442
f 3842/13/2440 3841/28/2439 2866/28/2443 2872/13/2444
f 3842/13/2440 3843/12/2445 2867/12/2446 2871/13/2441
f 3843/12/2445 3842/13/2440 2872/13/2444 2868/12/2447
f 3843/12/2445 3844/27/2448 2869/27/2449 2867/12/2446
f 3844/27/2448 3843/12/2445 2868/12/2447 2870/27/2450
f 3844/27/2448 3841/28/2439 2865/28/2442 2869/27/2449
f 3841/28/2439 3844/27/2448 2870/27/2450 2866/28/2443
f 3845/29/2451 3846/30/2452 2891/30/2453 2893/29/2454
f 3846/30/2452 3845/29/2451 2894/29/2455 2892/30/2456
f 3846/30/2452 3847/28/2457 2887/28/2458 2891/30/2453
f 3847/28/2457 3846/30/2452 2892/30/2456 2888/28/2459
f 3847/28/2457 3848/13/2460 2889/13/2461 2887/28/2458
f 3848/13/2460 3847/28/2457 2888/28/2459 2890/13/2462
f 3848/13/2460 3845/29/2451 2893/29/2454 2889/13/2461
f 3845/29/2451 3848/13/2460 2890/13/2462 2894/29/2455
f 3849/24/2463 3850/12/2464 2907/12/2465 2901/24/2466
f 3850/12/2464 3849/24/2463 2902/24/2467 2908/12/2468
f 3850/12/2464 3851/27/2469 2903/27/2470 2907/12/2465
f 3851/27/2469 3850/12/2464 2908/12/2468 2904/27/2471
f 3851/27/2469 3852/26/2472 2905/26/2473 2903/27/2470
f 3852/26/2472 3851/27/2469 2904/27/2471 2906/26/2474
f 3852/26/2472 3849/24/2463 2901/24/2466 2905/26/2473
f 3849/24/2463 3852/26/2472 2906/26/2474 2902/24/2467
f 3853/68/2475 3854/69/2476 2027/69/2477 2021/68/1523
f 3854/69/2476 3853/68/2475 2022/68/1524 2028/69/2478
f 3854/69/2476 3855/60/2479 2025/60/2480 2027/69/2477
f 3855/60/2479 3854/69/2476 2028/69/2478 2026/60/2481
f 3855/60/2479 3856/44/2482 2017/44/1516 2025/60/2480
f 3856/44/2482 3855/60/2479 2026/60/2481 2018/44/1517
f 3856/44/2482 3853/68/2475 2021/68/1523 2017/44/1516
f 3853/68/2475 3856/44/2482 2018/44/1517 2022/68/1524
f 3857/17/2483 3858/16/2484 2039/16/2485 2037/17/2486
f 3858/16/2484 3857/17/2483 2038/17/2487 2040/16/2488
f 3858/16/2484 3859/56/2489 2033/56/2490 2039/16/2485
f 3859/56/2489 3858/16/2484 2040/16/2488 2034/56/2491
f 3859/56/2489 3860/71/2492 2031/71/2493 2033/56/2490
f 3860/71/2492 3859/56/2489 2034/56/2491 2032/71/2494
f 3860/71/2492 3857/17/2483 2037/17/2486 2031/71/2493
f 3857/17/2483 3860/71/2492 2032/71/2494 2038/17/2487
f 3861/52/2495 3862/46/2496 2065/46/2497 2059/52/2498
f 3862/46/2496 3861/52/2495 2060/52/2499 2066/46/2500
f 3862/46/2496 3863/45/2501 2061/45/2502 2065/46/2497
f 3863/45/2501 3862/46/2496 2066/46/2500 2062/45/2503
f 3863/45/2501 3864/53/2504 2063/53/2505 2061/45/2502
f 3864/53/2504 3863/45/2501 2062/45/2503 2064/53/2506
f 3864/53/2504 3861/52/2495 2059/52/2498 2063/53/2505
f 3861/52/2495 3864/53/2504 2064/53/2506 2060/52/2499
f 3865/40/2507 3866/54/2508 1371/54/2509 1369/40/2510
f 3866/54/2508 3865/40/2507 1370/40/2511 1372/54/2512
f 3866/54/2508 3867/22/2513 1365/22/2514 1371/54/2509
f 3867/22/2513 3866/54/2508 1372/54/2512 1366/22/2515
f 3867/22/2513 3868/10/2516 1367/10/2517 1365/22/2514
f 3868/10/2516 3867/22/2513 1366/22/2515 1368/10/2518
f 3868/10/2516 3865/40/2507 1369/40/2510 1367/10/2517
f 3865/40/2507 3868/10/2516 1368/10/2518 1370/40/2511
f 3869/64/2519 3870/53/2520 2081/53/2521 2079/64/2522
f 3870/53/2520 3869/64/2519 2080/64/2523 2082/53/2524
f 3870/53/2520 3871/45/2525 2075/45/2526 2081/53/2521
f 3871/45/2525 3870/53/2520 2082/53/2524 2076/45/2527
f 3871/45/2525 3872/59/2528 2077/59/2529 2075/45/2526
f 3872/59/2528 3871/45/2525 2076/45/2527 2078/59/2530
f 3872/59/2528 3869/64/2519 2079/64/2522 2077/59/2529
f 3869/64/2519 3872/59/2528 2078/59/2530 2080/64/2523
f 3873/39/2531 3874/48/2532 1435/48/2533 1433/39/2534
f 3874/48/2532 3873/39/2531 1434/39/2535 1436/48/2536
f 3874/48/2532 3875/54/2537 1429/54/2538 1435/48/2533
f 3875/54/2537 3874/48/2532 1436/48/2536 1430/54/2539
f 3875/54/2537 3876/40/2540 1431/40/2541 1429/54/2538
f 3876/40/2540 3875/54/2537 1430/54/2539 1432/40/2542
f 3876/40/2540 3873/39/2531 1433/39/2534 1431/40/2541
f 3873/39/2531 3876/40/2540 1432/40/2542 1434/39/2535
f 3877/14/2543 3878/10/2544 1169/10/2545 1167/14/2546
f 3878/10/2544 3877/14/2543 1168/14/2547 1170/10/2548
f 3878/10/2544 3879/11/2549 1163/11/2550 1169/10/2545
f 3879/11/2549 3878/10/2544 1170/10/2548 1164/11/2551
f 3879/11/2549 3880/15/2552 1165/15/2553 1163/11/2550
f 3880/15/2552 3879/11/2549 1164/11/2551 1166/15/2554
f 3880/15/2552 3877/14/2543 1167/14/2546 1165/15/2553
f 3877/14/2543 3880/15/2552 1166/15/2554 1168/14/2547
f 3881/26/2555 3882/24/2556 2941/24/2557 2935/26/2558
f 3882/24/2556 3881/26/2555 2936/26/2559 2942/24/2560
f 3882/24/2556 3883/25/2561 2937/25/2562 2941/24/2557
f 3883/25/2561 3882/24/2556 2942/24/2560 2938/25/2563
f 3883/25/2561 3884/70/2564 2939/70/2565 2937/25/2562
f 3884/70/2564 3883/25/2561 2938/25/2563 2940/70/2566
f 3884/70/2564 3881/26/2555 2935/26/2558 2939/70/2565
f 3881/26/2555 3884/70/2564 2940/70/2566 2936/26/2559
f 3885/25/2567 3886/70/2568 3025/70/2569 3023/25/2570
f 3886/70/2568 3885/25/2567 3024/25/2571 3026/70/2572
f 3886/70/2568 3887/26/2573 3019/26/2574 3025/70/2569
f 3887/26/2573 3886/70/2568 3026/70/2572 3020/26/2575
f 3887/26/2573 3888/24/2576 3021/24/2577 3019/26/2574
f 3888/24/2576 3887/26/2573 3020/26/2575 3022/24/2578
f 3888/24/2576 3885/25/2567 3023/25/2570 3021/24/2577
f 3885/25/2567 3888/24/2576 3022/24/2578 3024/25/2571
f 3889/63/2579 3890/58/2580 2125/58/2581 2123/63/2582
f 3890/58/2580 3889/63/2579 2124/63/2583 2126/58/2584
f 3890/58/2580 3891/62/2585 2119/62/2586 2125/58/2581
f 3891/62/2585 3890/58/2580 2126/58/2584 2120/62/2587
f 3891/62/2585 3892/65/2588 2121/65/2589 2119/62/2586
f 3892/65/2588 3891/62/2585 2120/62/2587 2122/65/2590
f 3892/65/2588 3889/63/2579 2123/63/2582 2121/65/2589
f 3889/63/2579 3892/65/2588 2122/65/2590 2124/63/2583
f 3893/19/2591 3894/49/2592 2849/49/2593 2843/19/2594
f 3894/49/2592 3893/19/2591 2844/19/2595 2850/49/2596
f 3894/49/2592 3895/61/2597 2845/61/2598 2849/49/2593
f 3895/61/2597 3894/49/2592 2850/49/2596 2846/61/2599
f 3895/61/2597 3896/16/2600 2847/16/2601 2845/61/2598
f 3896/16/2600 3895/61/2597 2846/61/2599 2848/16/2602
f 3896/16/2600 3893/19/2591 2843/19/2594 2847/16/2601
f 3893/19/2591 3896/16/2600 2848/16/2602 2844/19/2595
f 3897/41/2603 3898/11/2604 1227/11/2605 1221/41/2606
f 3898/11/2604 3897/41/2603 1222/41/2607 1228/11/2608
f 3898/11/2604 3899/29/2609 1223/29/2610 1227/11/2605
f 3899/29/2609 3898/11/2604 1228/11/2608 1224/29/2611
f 3899/29/2609 3900/36/2612 1225/36/2613 1223/29/2610
f 3900/36/2612 3899/29/2609 1224/29/2611 1226/36/2614
f 3900/36/2612 3897/41/2603 1221/41/2606 1225/36/2613
f 3897/41/2603 3900/36/2612 1226/36/2614 1222/41/2607
f 3901/65/2615 3902/63/2616 2697/63/2617 2691/65/2618
f 3902/63/2616 3901/65/2615 2692/65/2619 2698/63/2620
f 3902/63/2616 3903/58/2621 2693/58/2622 2697/63/2617
f 3903/58/2621 3902/63/2616 2698/63/2620 2694/58/2623
f 3903/58/2621 3904/62/2624 2695/62/2625 2693/58/2622
f 3904/62/2624 3903/58/2621 2694/58/2623 2696/62/2626
f 3904/62/2624 3901/65/2615 2691/65/2618 2695/62/2625
f 3901/65/2615 3904/62/2624 2696/62/2626 2692/65/2619
f 3905/64/2627 3906/65/2628 1507/65/2629 1505/64/2630
f 3906/65/2628 3905/64/2627 1506/64/2631 1508/65/2632
f 3906/65/2628 3907/35/2633 1501/35/2634 1507/65/2629
f 3907/35/2633 3906/65/2628 1508/65/2632 1502/35/2635
f 3907/35/2633 3908/51/2636 1503/51/2637 1501/35/2634
f 3908/51/2636 3907/35/2633 1502/35/2635 1504/51/2638
f 3908/51/2636 3905/64/2627 1505/64/2630 1503/51/2637
f 3905/64/2627 3908/51/2636 1504/51/2638 1506/64/2631
f 3909/29/2639 3910/13/2640 1235/13/2641 1229/29/2642
f 3910/13/2640 3909/29/2639 1230/29/2643 1236/13/2644
f 3910/13/2640 3911/35/2645 1231/35/2646 1235/13/2641
f 3911/35/2645 3910/13/2640 1236/13/2644 1232/35/2647
f 3911/35/2645 3912/36/2648 1233/36/2649 1231/35/2646
f 3912/36/2648 3911/35/2645 1232/35/2647 1234/36/2650
f 3912/36/2648 3909/29/2639 1229/29/2642 1233/36/2649
f 3909/29/2639 3912/36/2648 1234/36/2650 1230/29/2643
f 3913/45/2651 3914/53/2652 2173/53/2653 2167/45/2654
f 3914/53/2652 3913/45/2651 2168/45/2655 2174/53/2656
f 3914/53/2652 3915/52/2657 2169/52/2658 2173/53/2653
f 3915/52/2657 3914/53/2652 2174/53/2656 2170/52/2659
f 3915/52/2657 3916/46/2660 2171/46/2661 2169/52/2658
f 3916/46/2660 3915/52/2657 2170/52/2659 2172/46/2662
f 3916/46/2660 3913/45/2651 2167/45/2654 2171/46/2661
f 3913/45/2651 3916/46/2660 2172/46/2662 2168/45/2655
f 3917/47/2663 3918/55/2664 1419/55/2665 1413/47/2666
f 3918/55/2664 3917/47/2663 1414/47/2667 1420/55/2668
f 3918/55/2664 3919/54/2669 1415/54/2670 1419/55/2665
f 3919/54/2669 3918/55/2664 1420/55/2668 1416/54/2671
f 3919/54/2669 3920/48/2672 1417/48/2673 1415/54/2670
f 3920/48/2672 3919/54/2669 1416/54/2671 1418/48/2674
f 3920/48/2672 3917/47/2663 1413/47/2666 1417/48/2673
f 3917/47/2663 3920/48/2672 1418/48/2674 1414/47/2667
f 3921/45/2675 3922/59/2676 2189/59/2677 2187/45/2678
f 3922/59/2676 3921/45/2675 2188/45/2679 2190/59/2680
f 3922/59/2676 3923/64/2681 2183/64/2682 2189/59/2677
f 3923/64/2681 3922/59/2676 2190/59/2680 2184/64/2683
f 3923/64/2681 3924/53/2684 2185/53/2685 2183/64/2682
f 3924/53/2684 3923/64/2681 2184/64/2683 2186/53/2686
f 3924/53/2684 3921/45/2675 2187/45/2678 2185/53/2685
f 3921/45/2675 3924/53/2684 2186/53/2686 2188/45/2679
f 3925/61/2687 3926/57/2688 2737/57/2689 2731/61/2690
f 3926/57/2688 3925/61/2687 2732/61/2691 2738/57/2692
f 3926/57/2688 3927/56/2693 2733/56/2694 2737/57/2689
f 3927/56/2693 3926/57/2688 2738/57/2692 2734/56/2695
f 3927/56/2693 3928/16/2696 2735/16/2697 2733/56/2694
f 3928/16/2696 3927/56/2693 2734/56/2695 2736/16/2698
f 3928/16/2696 3925/61/2687 2731/61/2690 2735/16/2697
f 3925/61/2687 3928/16/2696 2736/16/2698 2732/61/2691
f 3929/24/2699 3930/24/2700 2243/24/2701 2237/24/2329
f 3930/24/2700 3929/24/2699 2238/24/2330 2244/24/2702
f 3930/24/2700 3931/25/2703 2239/25/2704 2243/24/2701
f 3931/25/2703 3930/24/2700 2244/24/2702 2240/25/2705
f 3931/25/2703 3932/25/2706 2241/25/2707 2239/25/2704
f 3932/25/2706 3931/25/2703 2240/25/2705 2242/25/2708
f 3932/25/2706 3929/24/2699 2237/24/2329 2241/25/2707
f 3929/24/2699 3932/25/2706 2242/25/2708 2238/24/2330
f 3933/24/2709 3934/12/2710 2249/12/2324 2237/24/2329
f 3934/12/2710 3933/24/2709 2238/24/2330 2250/12/2327
f 3934/12/2710 3935/12/2711 2245/12/2712 2249/12/2324
f 3935/12/2711 3934/12/2710 2250/12/2327 2246/12/2713
f 3935/12/2711 3936/24/2714 2243/24/2701 2245/12/2712
f 3936/24/2714 3935/12/2711 2246/12/2713 2244/24/2702
f 3936/24/2714 3933/24/2709 2237/24/2329 2243/24/2701
f 3933/24/2709 3936/24/2714 2244/24/2702 2238/24/2330
f 3937/63/2715 3938/65/2716 2417/65/2717 2411/63/2718
f 3938/65/2716 3937/63/2715 2412/63/2719 2418/65/2720
f 3938/65/2716 3939/64/2721 2413/64/2722 2417/65/2717
f 3939/64/2721 3938/65/2716 2418/65/2720 2414/64/2723
f 3939/64/2721 3940/59/2724 2415/59/2725 2413/64/2722
f 3940/59/2724 3939/64/2721 2414/64/2723 2416/59/2726
f 3940/59/2724 3937/63/2715 2411/63/2718 2415/59/2725
f 3937/63/2715 3940/59/2724 2416/59/2726 2412/63/2719
f 3941/25/2727 3942/24/2728 2339/24/2729 2335/25/2730
f 3942/24/2728 3941/25/2727 2336/25/2731 2340/24/2732
f 3942/24/2728 3943/24/2733 2345/24/2734 2339/24/2729
f 3943/24/2733 3942/24/2728 2340/24/2732 2346/24/2735
f 3943/24/2733 3944/25/2736 2349/25/2737 2345/24/2734
f 3944/25/2736 3943/24/2733 2346/24/2735 2350/25/2738
f 3944/25/2736 3941/25/2727 2335/25/2730 2349/25/2737
f 3941/25/2727 3944/25/2736 2350/25/2738 2336/25/2731
f 3945/29/2739 3946/29/2740 1609/29/1991 2303/29/2741
f 3946/29/2740 3945/29/2739 2304/29/2742 1610/29/1992
f 3946/29/2740 3947/13/2743 2299/13/2744 1609/29/1991
f 3947/13/2743 3946/29/2740 1610/29/1992 2300/13/2745
f 3947/13/2743 3948/13/2746 2301/13/2747 2299/13/2744
f 3948/13/2746 3947/13/2743 2300/13/2745 2302/13/2748
f 3948/13/2746 3945/29/2739 2303/29/2741 2301/13/2747
f 3945/29/2739 3948/13/2746 2302/13/2748 2304/29/2742
f 3949/25/2749 3950/24/2750 2341/24/2751 2337/25/2752
f 3950/24/2750 3949/25/2749 2338/25/2753 2342/24/2754
f 3950/24/2750 3951/24/2755 2339/24/2729 2341/24/2751
f 3951/24/2755 3950/24/2750 2342/24/2754 2340/24/2732
f 3951/24/2755 3952/25/2756 2335/25/2730 2339/24/2729
f 3952/25/2756 3951/24/2755 2340/24/2732 2336/25/2731
f 3952/25/2756 3949/25/2749 2337/25/2752 2335/25/2730
f 3949/25/2749 3952/25/2756 2336/25/2731 2338/25/2753
f 3953/24/2757 3954/25/2758 2205/25/2759 2201/24/2760
f 3954/25/2758 3953/24/2757 2202/24/2761 2206/25/2762
f 3954/25/2758 3955/24/2763 2213/24/812 2205/25/2759
f 3955/24/2763 3954/25/2758 2206/25/2762 2214/24/813
f 3955/24/2763 3953/24/2757 2201/24/2760 2213/24/812
f 3953/24/2757 3955/24/2763 2214/24/813 2202/24/2761
f 3956/12/2764 3957/12/2765 2307/12/2766 2295/12/2767
f 3957/12/2765 3956/12/2764 2296/12/2768 2308/12/2769
f 3957/12/2765 3958/24/2770 2305/24/579 2307/12/2766
f 3958/24/2770 3957/12/2765 2308/12/2769 2306/24/580
f 3958/24/2770 3959/24/2771 2293/24/2772 2305/24/579
f 3959/24/2771 3958/24/2770 2306/24/580 2294/24/2773
f 3959/24/2771 3960/24/2774 2283/24/2775 2293/24/2772
f 3960/24/2774 3959/24/2771 2294/24/2773 2284/24/2776
f 3960/24/2774 3956/12/2764 2295/12/2767 2283/24/2775
f 3956/12/2764 3960/24/2774 2284/24/2776 2296/12/2768
f 3961/10/2777 3962/10/2778 1823/10/1963 1821/10/1959
f 3962/10/2778 3961/10/2777 1822/10/1960 1824/10/1964
f 3962/10/2778 3963/11/2779 1819/11/1942 1823/10/1963
f 3963/11/2779 3962/10/2778 1824/10/1964 1820/11/1945
f 3963/11/2779 3964/11/2780 1811/11/1943 1819/11/1942
f 3964/11/2780 3963/11/2779 1820/11/1945 1812/11/1944
f 3964/11/2780 3961/10/2777 1821/10/1959 1811/11/1943
f 3961/10/2777 3964/11/2780 1812/11/1944 1822/10/1960
f 3965/22/2781 3966/23/2782 1903/23/2783 1897/22/2784
f 3966/23/2782 3965/22/2781 1898/22/2785 1904/23/2786
f 3966/23/2782 3967/14/2787 1899/14/2788 1903/23/2783
f 3967/14/2787 3966/23/2782 1904/23/2786 1900/14/2789
f 3967/14/2787 3968/10/2790 1901/10/2791 1899/14/2788
f 3968/10/2790 3967/14/2787 1900/14/2789 1902/10/2792
f 3968/10/2790 3965/22/2781 1897/22/2784 1901/10/2791
f 3965/22/2781 3968/10/2790 1902/10/2792 1898/22/2785
f 3969/12/2793 3970/24/2794 2213/24/812 2215/12/2795
f 3970/24/2794 3969/12/2793 2216/12/2796 2214/24/813
f 3970/24/2794 3971/12/2797 2219/12/809 2213/24/812
f 3971/12/2797 3970/24/2794 2214/24/813 2220/12/810
f 3971/12/2797 3969/12/2793 2215/12/2795 2219/12/809
f 3969/12/2793 3971/12/2797 2220/12/810 2216/12/2796
f 3972/13/2798 3973/12/2799 2215/12/2795 1733/13/1774
f 3973/12/2799 3972/13/2798 1734/13/1777 2216/12/2796
f 3973/12/2799 3974/12/2800 2219/12/809 2215/12/2795
f 3974/12/2800 3973/12/2799 2216/12/2796 2220/12/810
f 3974/12/2800 3972/13/2798 1733/13/1774 2219/12/809
f 3972/13/2798 3974/12/2800 2220/12/810 1734/13/1777
f 3975/14/2801 3976/10/2802 1113/10/2803 1111/14/2804
f 3976/10/2802 3975/14/2801 1112/14/2805 1114/10/2806
f 3976/10/2802 3977/11/2807 1107/11/2808 1113/10/2803
f 3977/11/2807 3976/10/2802 1114/10/2806 1108/11/2809
f 3977/11/2807 3978/15/2810 1109/15/2811 1107/11/2808
f 3978/15/2810 3977/11/2807 1108/11/2809 1110/15/2812
f 3978/15/2810 3975/14/2801 1111/14/2804 1109/15/2811
f 3975/14/2801 3978/15/2810 1110/15/2812 1112/14/2805
f 3979/21/2813 3980/21/2814 1701/21/1806 1709/21/2020
f 3980/21/2814 3979/21/2813 1710/21/2021 1702/21/1807
f 3980/21/2814 3981/22/2815 1699/22/746 1701/21/1806
f 3981/22/2815 3980/21/2814 1702/21/1807 1700/22/747
f 3981/22/2815 3982/22/2816 1705/22/1824 1699/22/746
f 3982/22/2816 3981/22/2815 1700/22/747 1706/22/1825
f 3982/22/2816 3983/22/2817 1707/22/2023 1705/22/1824
f 3983/22/2817 3982/22/2816 1706/22/1825 1708/22/2024
f 3983/22/2817 3979/21/2813 1709/21/2020 1707/22/2023
f 3979/21/2813 3983/22/2817 1708/22/2024 1710/21/2021
f 3984/25/2818 3985/25/2819 2251/25/2232 2241/25/2707
f 3985/25/2819 3984/25/2818 2242/25/2708 2252/25/2233
f 3985/25/2819 3986/24/2820 2247/24/2332 2251/25/2232
f 3986/24/2820 3985/25/2819 2252/25/2233 2248/24/2333
f 3986/24/2820 3987/24/2821 2237/24/2329 2247/24/2332
f 3987/24/2821 3986/24/2820 2248/24/2333 2238/24/2330
f 3987/24/2821 3984/25/2818 2241/25/2707 2237/24/2329
f 3984/25/2818 3987/24/2821 2238/24/2330 2242/25/2708
f 3988/12/2822 3989/24/2823 2561/24/639 2555/12/2824
f 3989/24/2823 3988/12/2822 2556/12/2825 2562/24/640
f 3989/24/2823 3990/24/2826 2559/24/636 2561/24/639
f 3990/24/2826 3989/24/2823 2562/24/640 2560/24/637
f 3990/24/2826 3991/12/2827 2553/12/1603 2559/24/636
f 3991/12/2827 3990/24/2826 2560/24/637 2554/12/1604
f 3991/12/2827 3988/12/2822 2555/12/2824 2553/12/1603
f 3988/12/2822 3991/12/2827 2554/12/1604 2556/12/2825
f 3992/12/2828 3993/12/2829 2379/12/2830 2377/12/2831
f 3993/12/2829 3992/12/2828 2378/12/2832 2380/12/2833
f 3993/12/2829 3994/24/2834 2375/24/2835 2379/12/2830
f 3994/24/2834 3993/12/2829 2380/12/2833 2376/24/2836
f 3994/24/2834 3995/24/2837 2369/24/2838 2375/24/2835
f 3995/24/2837 3994/24/2834 2376/24/2836 2370/24/2839
f 3995/24/2837 3992/12/2828 2377/12/2831 2369/24/2838
f 3992/12/2828 3995/24/2837 2370/24/2839 2378/12/2832
f 3996/22/2840 3997/21/2841 1073/21/2842 1067/22/2843
f 3997/21/2841 3996/22/2840 1068/22/2844 1074/21/2845
f 3997/21/2841 3998/20/2846 1069/20/2847 1073/21/2842
f 3998/20/2846 3997/21/2841 1074/21/2845 1070/20/2848
f 3998/20/2846 3999/23/2849 1071/23/2850 1069/20/2847
f 3999/23/2849 3998/20/2846 1070/20/2848 1072/23/2851
f 3999/23/2849 3996/22/2840 1067/22/2843 1071/23/2850
f 3996/22/2840 3999/23/2849 1072/23/2851 1068/22/2844
f 4000/13/2852 4001/13/2853 2333/13/2854 2331/13/520
f 4001/13/2853 4000/13/2852 2332/13/521 2334/13/2855
f 4001/13/2853 4002/12/2856 2325/12/2857 2333/13/2854
f 4002/12/2856 4001/13/2853 2334/13/2855 2326/12/2858
f 4002/12/2856 4003/12/2859 2315/12/523 2325/12/2857
f 4003/12/2859 4002/12/2856 2326/12/2858 2316/12/524
f 4003/12/2859 4000/13/2852 2331/13/520 2315/12/523
f 4000/13/2852 4003/12/2859 2316/12/524 2332/13/521
f 4004/13/2860 4005/13/2861 2255/13/2862 2253/13/1477
f 4005/13/2861 4004/13/2860 2254/13/1480 2256/13/2863
f 4005/13/2861 4006/12/2864 2245/12/2712 2255/13/2862
f 4006/12/2864 4005/13/2861 2256/13/2863 2246/12/2713
f 4006/12/2864 4007/12/2865 2249/12/2324 2245/12/2712
f 4007/12/2865 4006/12/2864 2246/12/2713 2250/12/2327
f 4007/12/2865 4004/13/2860 2253/13/1477 2249/12/2324
f 4004/13/2860 4007/12/2865 2250/12/2327 2254/13/1480
f 4008/12/2866 4009/12/2867 2295/12/2767 2291/12/2868
f 4009/12/2867 4008/12/2866 2292/12/2869 2296/12/2768
f 4009/12/2867 4010/24/2870 2283/24/2775 2295/12/2767
f 4010/24/2870 4009/12/2867 2296/12/2768 2284/24/2776
f 4010/24/2870 4011/24/2871 2287/24/2872 2283/24/2775
f 4011/24/2871 4010/24/2870 2284/24/2776 2288/24/2873
f 4011/24/2871 4008/12/2866 2291/12/2868 2287/24/2872
f 4008/12/2866 4011/24/2871 2288/24/2873 2292/12/2869
f 4012/25/2874 4013/24/2875 2283/24/2775 2289/25/2876
f 4013/24/2875 4012/25/2874 2290/25/2877 2284/24/2776
f 4013/24/2875 4014/24/2878 2293/24/2772 2283/24/2775
f 4014/24/2878 4013/24/2875 2284/24/2776 2294/24/2773
f 4014/24/2878 4015/25/2879 2297/25/2880 2293/24/2772
f 4015/25/2879 4014/24/2878 2294/24/2773 2298/25/2881
f 4015/25/2879 4012/25/2874 2289/25/2876 2297/25/2880
f 4012/25/2874 4015/25/2879 2298/25/2881 2290/25/2877
f 4016/13/2882 4017/13/2883 2299/13/2744 2301/13/2747
f 4017/13/2883 4016/13/2882 2302/13/2748 2300/13/2745
f 4017/13/2883 4018/12/2884 2295/12/2767 2299/13/2744
f 4018/12/2884 4017/13/2883 2300/13/2745 2296/12/2768
f 4018/12/2884 4019/12/2885 2291/12/2868 2295/12/2767
f 4019/12/2885 4018/12/2884 2296/12/2768 2292/12/2869
f 4019/12/2885 4016/13/2882 2301/13/2747 2291/12/2868
f 4016/13/2882 4019/12/2885 2292/12/2869 2302/13/2748
f 4020/29/2886 4021/29/2887 1679/29/2042 2355/29/2041
f 4021/29/2887 4020/29/2886 2356/29/2044 1680/29/2043
f 4021/29/2887 4022/13/2888 2351/13/2061 1679/29/2042
f 4022/13/2888 4021/29/2887 1680/29/2043 2352/13/2062
f 4022/13/2888 4023/13/2889 2353/13/2890 2351/13/2061
f 4023/13/2889 4022/13/2888 2352/13/2062 2354/13/2891
f 4023/13/2889 4020/29/2886 2355/29/2041 2353/13/2890
f 4020/29/2886 4023/13/2889 2354/13/2891 2356/29/2044
f 4024/24/2892 4025/25/2893 2251/25/2232 2247/24/2332
f 4025/25/2893 4024/24/2892 2248/24/2333 2252/25/2233
f 4025/25/2893 4026/24/2894 2259/24/1473 2251/25/2232
f 4026/24/2894 4025/25/2893 2252/25/2233 2260/24/1474
f 4026/24/2894 4024/24/2892 2247/24/2332 2259/24/1473
f 4024/24/2892 4026/24/2894 2260/24/1474 2248/24/2333
f 4027/12/2895 4028/12/2896 2261/12/2325 2249/12/2324
f 4028/12/2896 4027/12/2895 2250/12/2327 2262/12/2326
f 4028/12/2896 4029/13/2897 1805/13/2078 2261/12/2325
f 4029/13/2897 4028/12/2896 2262/12/2326 1806/13/2079
f 4029/13/2897 4030/13/2898 1815/13/1482 1805/13/2078
f 4030/13/2898 4029/13/2897 1806/13/2079 1816/13/1483
f 4030/13/2898 4031/13/2899 2253/13/1477 1815/13/1482
f 4031/13/2899 4030/13/2898 1816/13/1483 2254/13/1480
f 4031/13/2899 4027/12/2895 2249/12/2324 2253/13/1477
f 4027/12/2895 4031/13/2899 2254/13/1480 2250/12/2327
f 4032/22/2900 4033/21/2901 2645/21/2902 2643/22/1428
f 4033/21/2901 4032/22/2900 2644/22/1431 2646/21/2903
f 4033/21/2901 4034/21/2904 2637/21/2905 2645/21/2902
f 4034/21/2904 4033/21/2901 2646/21/2903 2638/21/2906
f 4034/21/2904 4035/21/2907 2635/21/2908 2637/21/2905
f 4035/21/2907 4034/21/2904 2638/21/2906 2636/21/2909
f 4035/21/2907 4036/21/2910 2629/21/2911 2635/21/2908
f 4036/21/2910 4035/21/2907 2636/21/2909 2630/21/2912
f 4036/21/2910 4037/22/2913 2627/22/2118 2629/21/2911
f 4037/22/2913 4036/21/2910 2630/21/2912 2628/22/2119
f 4037/22/2913 4038/22/2914 2633/22/704 2627/22/2118
f 4038/22/2914 4037/22/2913 2628/22/2119 2634/22/705
f 4038/22/2914 4039/22/2915 2641/22/701 2633/22/704
f 4039/22/2915 4038/22/2914 2634/22/705 2642/22/702
f 4039/22/2915 4032/22/2900 2643/22/1428 2641/22/701
f 4032/22/2900 4039/22/2915 2642/22/702 2644/22/1431
f 4040/12/2916 4041/12/2917 2295/12/2767 2307/12/2766
f 4041/12/2917 4040/12/2916 2308/12/2769 2296/12/2768
f 4041/12/2917 4042/13/2918 2299/13/2744 2295/12/2767
f 4042/13/2918 4041/12/2917 2296/12/2768 2300/13/2745
f 4042/13/2918 4043/13/2919 1599/13/1448 2299/13/2744
f 4043/13/2919 4042/13/2918 2300/13/2745 1600/13/1449
f 4043/13/2919 4044/13/2920 1593/13/515 1599/13/1448
f 4044/13/2920 4043/13/2919 1600/13/1449 1594/13/518
f 4044/13/2920 4040/12/2916 2307/12/2766 1593/13/515
f 4040/12/2916 4044/13/2920 1594/13/518 2308/12/2769
f 4045/12/2921 4046/24/2922 2259/24/1473 2261/12/2325
f 4046/24/2922 4045/12/2921 2262/12/2326 2260/24/1474
f 4046/24/2922 4047/12/2923 2265/12/1470 2259/24/1473
f 4047/12/2923 4046/24/2922 2260/24/1474 2266/12/1471
f 4047/12/2923 4045/12/2921 2261/12/2325 2265/12/1470
f 4045/12/2921 4047/12/2923 2266/12/1471 2262/12/2326
f 4048/12/2924 4049/12/2925 2265/12/1470 2261/12/2325
f 4049/12/2925 4048/12/2924 2262/12/2326 2266/12/1471
f 4049/12/2925 4050/13/2926 1805/13/2078 2265/12/1470
f 4050/13/2926 4049/12/2925 2266/12/1471 1806/13/2079
f 4050/13/2926 4048/12/2924 2261/12/2325 1805/13/2078
f 4048/12/2924 4050/13/2926 1806/13/2079 2262/12/2326
f 4051/11/2927 4052/10/2928 1749/10/1905 1745/11/1910
f 4052/10/2928 4051/11/2927 1746/11/1911 1750/10/1908
f 4052/10/2928 4053/10/2929 1751/10/504 1749/10/1905
f 4053/10/2929 4052/10/2928 1750/10/1908 1752/10/505
f 4053/10/2929 4054/11/2930 1743/11/511 1751/10/504
f 4054/11/2930 4053/10/2929 1752/10/505 1744/11/512
f 4054/11/2930 4051/11/2927 1745/11/1910 1743/11/511
f 4051/11/2927 4054/11/2930 1744/11/512 1746/11/1911
f 4055/24/2931 4056/12/2932 2315/12/523 2313/24/576
f 4056/12/2932 4055/24/2931 2314/24/577 2316/12/524
f 4056/12/2932 4057/12/2933 2325/12/2857 2315/12/523
f 4057/12/2933 4056/12/2932 2316/12/524 2326/12/2858
f 4057/12/2933 4058/24/2934 2317/24/2935 2325/12/2857
f 4058/24/2934 4057/12/2933 2326/12/2858 2318/24/2936
f 4058/24/2934 4055/24/2931 2313/24/576 2317/24/2935
f 4055/24/2931 4058/24/2934 2318/24/2936 2314/24/577
f 4059/12/2937 4060/13/2938 2385/13/2939 2377/12/2831
f 4060/13/2938 4059/12/2937 2378/12/2832 2386/13/2940
f 4060/13/2938 4061/13/2941 2381/13/2942 2385/13/2939
f 4061/13/2941 4060/13/2938 2386/13/2940 2382/13/2943
f 4061/13/2941 4062/12/2944 2379/12/2830 2381/13/2942
f 4062/12/2944 4061/13/2941 2382/13/2943 2380/12/2833
f 4062/12/2944 4059/12/2937 2377/12/2831 2379/12/2830
f 4059/12/2937 4062/12/2944 2380/12/2833 2378/12/2832
f 4063/12/2945 4064/13/2946 2333/13/2854 2325/12/2857
f 4064/13/2946 4063/12/2945 2326/12/2858 2334/13/2855
f 4064/13/2946 4065/13/2947 2329/13/2948 2333/13/2854
f 4065/13/2947 4064/13/2946 2334/13/2855 2330/13/2949
f 4065/13/2947 4066/12/2950 2327/12/2951 2329/13/2948
f 4066/12/2950 4065/13/2947 2330/13/2949 2328/12/2952
f 4066/12/2950 4063/12/2945 2325/12/2857 2327/12/2951
f 4063/12/2945 4066/12/2950 2328/12/2952 2326/12/2858
f 4067/14/2953 4068/15/2954 1085/15/2955 1079/14/2956
f 4068/15/2954 4067/14/2953 1080/14/2957 1086/15/2958
f 4068/15/2954 4069/11/2959 1081/11/2960 1085/15/2955
f 4069/11/2959 4068/15/2954 1086/15/2958 1082/11/2961
f 4069/11/2959 4070/10/2962 1083/10/2963 1081/11/2960
f 4070/10/2962 4069/11/2959 1082/11/2961 1084/10/2964
f 4070/10/2962 4067/14/2953 1079/14/2956 1083/10/2963
f 4067/14/2953 4070/10/2962 1084/10/2964 1080/14/2957
f 4071/12/2965 4072/12/2966 2223/12/804 2233/12/2967
f 4072/12/2966 4071/12/2965 2234/12/2968 2224/12/807
f 4072/12/2966 4073/24/2969 2221/24/805 2223/12/804
f 4073/24/2969 4072/12/2966 2224/12/807 2222/24/806
f 4073/24/2969 4074/24/2970 2225/24/2971 2221/24/805
f 4074/24/2970 4073/24/2969 2222/24/806 2226/24/2972
f 4074/24/2970 4071/12/2965 2233/12/2967 2225/24/2971
f 4071/12/2965 4074/24/2970 2226/24/2972 2234/12/2968
f 4075/13/2973 4076/29/2974 1795/29/1811 2207/13/2975
f 4076/29/2974 4075/13/2973 2208/13/2976 1796/29/1814
f 4076/29/2974 4077/29/2977 2211/29/2181 1795/29/1811
f 4077/29/2977 4076/29/2974 1796/29/1814 2212/29/2182
f 4077/29/2977 4078/13/2978 2209/13/2979 2211/29/2181
f 4078/13/2978 4077/29/2977 2212/29/2182 2210/13/2980
f 4078/13/2978 4075/13/2973 2207/13/2975 2209/13/2979
f 4075/13/2973 4078/13/2978 2210/13/2980 2208/13/2976
f 4079/13/2981 4080/13/2982 2351/13/2061 2353/13/2890
f 4080/13/2982 4079/13/2981 2354/13/2891 2352/13/2062
f 4080/13/2982 4081/12/2983 2347/12/2984 2351/13/2061
f 4081/12/2983 4080/13/2982 2352/13/2062 2348/12/2985
f 4081/12/2983 4082/12/2986 2343/12/2987 2347/12/2984
f 4082/12/2986 4081/12/2983 2348/12/2985 2344/12/2988
f 4082/12/2986 4079/13/2981 2353/13/2890 2343/12/2987
f 4079/13/2981 4082/12/2986 2344/12/2988 2354/13/2891
f 4083/29/2989 4084/13/2990 2207/13/2975 1795/29/1811
f 4084/13/2990 4083/29/2989 1796/29/1814 2208/13/2976
f 4084/13/2990 4085/13/2991 1741/13/1898 2207/13/2975
f 4085/13/2991 4084/13/2990 2208/13/2976 1742/13/1901
f 4085/13/2991 4086/29/2992 1739/29/1899 1741/13/1898
f 4086/29/2992 4085/13/2991 1742/13/1901 1740/29/1900
f 4086/29/2992 4087/29/2993 1797/29/1816 1739/29/1899
f 4087/29/2993 4086/29/2992 1740/29/1900 1798/29/1817
f 4087/29/2993 4083/29/2989 1795/29/1811 1797/29/1816
f 4083/29/2989 4087/29/2993 1798/29/1817 1796/29/1814
f 4088/12/2994 4089/12/2995 2347/12/2984 2343/12/2987
f 4089/12/2995 4088/12/2994 2344/12/2988 2348/12/2985
f 4089/12/2995 4090/24/2996 2339/24/2729 2347/12/2984
f 4090/24/2996 4089/12/2995 2348/12/2985 2340/24/2732
f 4090/24/2996 4091/24/2997 2341/24/2751 2339/24/2729
f 4091/24/2997 4090/24/2996 2340/24/2732 2342/24/2754
f 4091/24/2997 4088/12/2994 2343/12/2987 2341/24/2751
f 4088/12/2994 4091/24/2997 2342/24/2754 2344/12/2988
f 4092/25/2998 4093/24/2999 2293/24/2772 2297/25/2880
f 4093/24/2999 4092/25/2998 2298/25/2881 2294/24/2773
f 4093/24/2999 4094/24/3000 2305/24/579 2293/24/2772
f 4094/24/3000 4093/24/2999 2294/24/2773 2306/24/580
f 4094/24/3000 4092/25/2998 2297/25/2880 2305/24/579
f 4092/25/2998 4094/24/3000 2306/24/580 2298/25/2881
f 4095/12/3001 4096/12/3002 2347/12/2984 2359/12/3003
f 4096/12/3002 4095/12/3001 2360/12/3004 2348/12/2985
f 4096/12/3002 4097/13/3005 2351/13/2061 2347/12/2984
f 4097/13/3005 4096/12/3002 2348/12/2985 2352/13/2062
f 4097/13/3005 4098/13/3006 1667/13/1692 2351/13/2061
f 4098/13/3006 4097/13/3005 2352/13/2062 1668/13/1695
f 4098/13/3006 4099/13/3007 1665/13/1693 1667/13/1692
f 4099/13/3007 4098/13/3006 1668/13/1695 1666/13/1694
f 4099/13/3007 4095/12/3001 2359/12/3003 1665/13/1693
f 4095/12/3001 4099/13/3007 1666/13/1694 2360/12/3004
f 4100/12/3008 4101/12/3009 2359/12/3003 2347/12/2984
f 4101/12/3009 4100/12/3008 2348/12/2985 2360/12/3004
f 4101/12/3009 4102/24/3010 2357/24/1925 2359/12/3003
f 4102/24/3010 4101/12/3009 2360/12/3004 2358/24/1926
f 4102/24/3010 4103/24/3011 2345/24/2734 2357/24/1925
f 4103/24/3011 4102/24/3010 2358/24/1926 2346/24/2735
f 4103/24/3011 4104/24/3012 2339/24/2729 2345/24/2734
f 4104/24/3012 4103/24/3011 2346/24/2735 2340/24/2732
f 4104/24/3012 4100/12/3008 2347/12/2984 2339/24/2729
f 4100/12/3008 4104/24/3012 2340/24/2732 2348/12/2985
f 4105/24/3013 4106/12/3014 2307/12/2766 2305/24/579
f 4106/12/3014 4105/24/3013 2306/24/580 2308/12/2769
f 4106/12/3014 4107/12/3015 2311/12/516 2307/12/2766
f 4107/12/3015 4106/12/3014 2308/12/2769 2312/12/517
f 4107/12/3015 4105/24/3013 2305/24/579 2311/12/516
f 4105/24/3013 4107/12/3015 2312/12/517 2306/24/580
f 4108/12/3016 4109/12/3017 2307/12/2766 2311/12/516
f 4109/12/3017 4108/12/3016 2312/12/517 2308/12/2769
f 4109/12/3017 4110/13/3018 1593/13/515 2307/12/2766
f 4110/13/3018 4109/12/3017 2308/12/2769 1594/13/518
f 4110/13/3018 4108/12/3016 2311/12/516 1593/13/515
f 4108/12/3016 4110/13/3018 1594/13/518 2312/12/517
f 4111/22/3019 4112/22/3020 1761/22/1984 1753/22/3021
f 4112/22/3020 4111/22/3019 1754/22/3022 1762/22/1985
f 4112/22/3020 4113/10/3023 1751/10/504 1761/22/1984
f 4113/10/3023 4112/22/3020 1762/22/1985 1752/10/505
f 4113/10/3023 4114/10/3024 1749/10/1905 1751/10/504
f 4114/10/3024 4113/10/3023 1752/10/505 1750/10/1908
f 4114/10/3024 4111/22/3019 1753/22/3021 1749/10/1905
f 4111/22/3019 4114/10/3024 1750/10/1908 1754/22/3022
f 4115/13/3025 4116/13/3026 2385/13/2939 2383/13/1967
f 4116/13/3026 4115/13/3025 2384/13/1968 2386/13/2940
f 4116/13/3026 4117/12/3027 2377/12/2831 2385/13/2939
f 4117/12/3027 4116/13/3026 2386/13/2940 2378/12/2832
f 4117/12/3027 4118/12/3028 2367/12/1917 2377/12/2831
f 4118/12/3028 4117/12/3027 2378/12/2832 2368/12/1920
f 4118/12/3028 4115/13/3025 2383/13/1967 2367/12/1917
f 4115/13/3025 4118/12/3028 2368/12/1920 2384/13/1968
f 4119/24/3029 4120/12/3030 2281/12/3031 2277/24/2222
f 4120/12/3030 4119/24/3029 2278/24/2225 2282/12/3032
f 4120/12/3030 4121/12/3033 2279/12/3034 2281/12/3031
f 4121/12/3033 4120/12/3030 2282/12/3032 2280/12/3035
f 4121/12/3033 4122/24/3036 2271/24/2227 2279/12/3034
f 4122/24/3036 4121/12/3033 2280/12/3035 2272/24/2228
f 4122/24/3036 4119/24/3029 2277/24/2222 2271/24/2227
f 4119/24/3029 4122/24/3036 2272/24/2228 2278/24/2225
f 4123/24/3037 4124/12/3038 2235/12/3039 2231/24/3040
f 4124/12/3038 4123/24/3037 2232/24/3041 2236/12/3042
f 4124/12/3038 4125/12/3043 2233/12/2967 2235/12/3039
f 4125/12/3043 4124/12/3038 2236/12/3042 2234/12/2968
f 4125/12/3043 4126/24/3044 2225/24/2971 2233/12/2967
f 4126/24/3044 4125/12/3043 2234/12/2968 2226/24/2972
f 4126/24/3044 4123/24/3037 2231/24/3040 2225/24/2971
f 4123/24/3037 4126/24/3044 2226/24/2972 2232/24/3041
f 4127/13/3045 4128/13/3046 1805/13/2078 1807/13/3047
f 4128/13/3046 4127/13/3045 1808/13/3048 1806/13/2079
f 4128/13/3046 4129/12/3049 2265/12/1470 1805/13/2078
f 4129/12/3049 4128/13/3046 1806/13/2079 2266/12/1471
f 4129/12/3049 4130/12/3050 2269/12/1465 2265/12/1470
f 4130/12/3050 4129/12/3049 2266/12/1471 2270/12/1468
f 4130/12/3050 4127/13/3045 1807/13/3047 2269/12/1465
f 4127/13/3045 4130/12/3050 2270/12/1468 1808/13/3048
f 4131/24/3051 4132/12/3052 2367/12/1917 2365/24/1922
f 4132/12/3052 4131/24/3051 2366/24/1923 2368/12/1920
f 4132/12/3052 4133/12/3053 2377/12/2831 2367/12/1917
f 4133/12/3053 4132/12/3052 2368/12/1920 2378/12/2832
f 4133/12/3053 4134/24/3054 2369/24/2838 2377/12/2831
f 4134/24/3054 4133/12/3053 2378/12/2832 2370/24/2839
f 4134/24/3054 4131/24/3051 2365/24/1922 2369/24/2838
f 4131/24/3051 4134/24/3054 2370/24/2839 2366/24/1923
f 4135/13/3055 4136/29/3056 1867/29/1478 2253/13/1477
f 4136/29/3056 4135/13/3055 2254/13/1480 1868/29/1479
f 4136/29/3056 4137/29/3057 2257/29/1837 1867/29/1478
f 4137/29/3057 4136/29/3056 1868/29/1479 2258/29/1840
f 4137/29/3057 4138/13/3058 2255/13/2862 2257/29/1837
f 4138/13/3058 4137/29/3057 2258/29/1840 2256/13/2863
f 4138/13/3058 4135/13/3055 2253/13/1477 2255/13/2862
f 4135/13/3055 4138/13/3058 2256/13/2863 2254/13/1480
f 4139/24/3059 4140/12/3060 2203/12/3061 2191/24/3062
f 4140/12/3060 4139/24/3059 2192/24/3063 2204/12/3064
f 4140/12/3060 4141/12/3065 2199/12/3066 2203/12/3061
f 4141/12/3065 4140/12/3060 2204/12/3064 2200/12/3067
f 4141/12/3065 4142/24/3068 2193/24/3069 2199/12/3066
f 4142/24/3068 4141/12/3065 2200/12/3067 2194/24/3070
f 4142/24/3068 4139/24/3059 2191/24/3062 2193/24/3069
f 4139/24/3059 4142/24/3068 2194/24/3070 2192/24/3063
f 4143/25/3071 4144/24/3072 2451/24/2278 2457/25/3073
f 4144/24/3072 4143/25/3071 2458/25/3074 2452/24/2279
f 4144/24/3072 4145/24/3075 2465/24/2284 2451/24/2278
f 4145/24/3075 4144/24/3072 2452/24/2279 2466/24/2285
f 4145/24/3075 4146/25/3076 2467/25/627 2465/24/2284
f 4146/25/3076 4145/24/3075 2466/24/2285 2468/25/628
f 4146/25/3076 4143/25/3071 2457/25/3073 2467/25/627
f 4143/25/3071 4146/25/3076 2468/25/628 2458/25/3074
f 4147/13/3077 4148/13/3078 2209/13/2979 2207/13/2975
f 4148/13/3078 4147/13/3077 2208/13/2976 2210/13/2980
f 4148/13/3078 4149/12/3079 2199/12/3066 2209/13/2979
f 4149/12/3079 4148/13/3078 2210/13/2980 2200/12/3067
f 4149/12/3079 4150/12/3080 2203/12/3061 2199/12/3066
f 4150/12/3080 4149/12/3079 2200/12/3067 2204/12/3064
f 4150/12/3080 4147/13/3077 2207/13/2975 2203/12/3061
f 4147/13/3077 4150/12/3080 2204/12/3064 2208/13/2976
f 4151/25/3081 4152/25/3082 2197/25/3083 2195/25/3084
f 4152/25/3082 4151/25/3081 2196/25/3085 2198/25/3086
f 4152/25/3082 4153/24/3087 2191/24/3062 2197/25/3083
f 4153/24/3087 4152/25/3082 2198/25/3086 2192/24/3063
f 4153/24/3087 4154/24/3088 2193/24/3069 2191/24/3062
f 4154/24/3088 4153/24/3087 2192/24/3063 2194/24/3070
f 4154/24/3088 4151/25/3081 2195/25/3084 2193/24/3069
f 4151/25/3081 4154/24/3088 2194/24/3070 2196/25/3085
f 4155/25/3089 4156/24/3090 2345/24/2734 2349/25/2737
f 4156/24/3090 4155/25/3089 2350/25/2738 2346/24/2735
f 4156/24/3090 4157/24/3091 2357/24/1925 2345/24/2734
f 4157/24/3091 4156/24/3090 2346/24/2735 2358/24/1926
f 4157/24/3091 4155/25/3089 2349/25/2737 2357/24/1925
f 4155/25/3089 4157/24/3091 2358/24/1926 2350/25/2738
f 4158/12/3092 4159/12/3093 2203/12/3061 2215/12/2795
f 4159/12/3093 4158/12/3092 2216/12/2796 2204/12/3064
f 4159/12/3093 4160/24/3094 2191/24/3062 2203/12/3061
f 4160/24/3094 4159/12/3093 2204/12/3064 2192/24/3063
f 4160/24/3094 4161/24/3095 2201/24/2760 2191/24/3062
f 4161/24/3095 4160/24/3094 2192/24/3063 2202/24/2761
f 4161/24/3095 4162/24/3096 2213/24/812 2201/24/2760
f 4162/24/3096 4161/24/3095 2202/24/2761 2214/24/813
f 4162/24/3096 4158/12/3092 2215/12/2795 2213/24/812
f 4158/12/3092 4162/24/3096 2214/24/813 2216/12/2796
f 4163/10/3097 4164/22/3098 1755/22/3099 1747/10/1906
f 4164/22/3098 4163/10/3097 1748/10/1907 1756/22/3100
f 4164/22/3098 4165/22/3101 1753/22/3021 1755/22/3099
f 4165/22/3101 4164/22/3098 1756/22/3100 1754/22/3022
f 4165/22/3101 4166/10/3102 1749/10/1905 1753/22/3021
f 4166/10/3102 4165/22/3101 1754/22/3022 1750/10/1908
f 4166/10/3102 4163/10/3097 1747/10/1906 1749/10/1905
f 4163/10/3097 4166/10/3102 1750/10/1908 1748/10/1907
f 4167/12/3103 4168/12/3104 2215/12/2795 2203/12/3061
f 4168/12/3104 4167/12/3103 2204/12/3064 2216/12/2796
f 4168/12/3104 4169/13/3105 1733/13/1774 2215/12/2795
f 4169/13/3105 4168/12/3104 2216/12/2796 1734/13/1777
f 4169/13/3105 4170/13/3106 1741/13/1898 1733/13/1774
f 4170/13/3106 4169/13/3105 1734/13/1777 1742/13/1901
f 4170/13/3106 4171/13/3107 2207/13/2975 1741/13/1898
f 4171/13/3107 4170/13/3106 1742/13/1901 2208/13/2976
f 4171/13/3107 4167/12/3103 2203/12/3061 2207/13/2975
f 4167/12/3103 4171/13/3107 2208/13/2976 2204/12/3064
f 4172/24/3108 4173/12/3109 2359/12/3003 2357/24/1925
f 4173/12/3109 4172/24/3108 2358/24/1926 2360/12/3004
f 4173/12/3109 4174/12/3110 2363/12/1918 2359/12/3003
f 4174/12/3110 4173/12/3109 2360/12/3004 2364/12/1919
f 4174/12/3110 4172/24/3108 2357/24/1925 2363/12/1918
f 4172/24/3108 4174/12/3110 2364/12/1919 2358/24/1926
f 4175/12/3111 4176/12/3112 2359/12/3003 2363/12/1918
f 4176/12/3112 4175/12/3111 2364/12/1919 2360/12/3004
f 4176/12/3112 4177/13/3113 1665/13/1693 2359/12/3003
f 4177/13/3113 4176/12/3112 2360/12/3004 1666/13/1694
f 4177/13/3113 4175/12/3111 2363/12/1918 1665/13/1693
f 4175/12/3111 4177/13/3113 1666/13/1694 2364/12/1919
f 4178/13/3114 4179/13/3115 1801/13/3116 1799/13/3117
f 4179/13/3115 4178/13/3114 1800/13/3118 1802/13/3119
f 4179/13/3115 4180/29/3120 1803/29/1955 1801/13/3116
f 4180/29/3120 4179/13/3115 1802/13/3119 1804/29/1956
f 4180/29/3120 4181/29/3121 1809/29/1952 1803/29/1955
f 4181/29/3121 4180/29/3120 1804/29/1956 1810/29/1953
f 4181/29/3121 4182/29/3122 1813/29/1485 1809/29/1952
f 4182/29/3122 4181/29/3121 1810/29/1953 1814/29/1486
f 4182/29/3122 4183/13/3123 1805/13/2078 1813/29/1485
f 4183/13/3123 4182/29/3122 1814/29/1486 1806/13/2079
f 4183/13/3123 4184/13/3124 1807/13/3047 1805/13/2078
f 4184/13/3124 4183/13/3123 1806/13/2079 1808/13/3048
f 4184/13/3124 4178/13/3114 1799/13/3117 1807/13/3047
f 4178/13/3114 4184/13/3124 1808/13/3048 1800/13/3118
f 4185/10/3125 4186/10/3126 1715/10/1664 1703/10/1667
f 4186/10/3126 4185/10/3125 1704/10/1668 1716/10/1665
f 4186/10/3126 4187/22/3127 1707/22/2023 1715/10/1664
f 4187/22/3127 4186/10/3126 1716/10/1665 1708/22/2024
f 4187/22/3127 4188/22/3128 1705/22/1824 1707/22/2023
f 4188/22/3128 4187/22/3127 1708/22/2024 1706/22/1825
f 4188/22/3128 4185/10/3125 1703/10/1667 1705/22/1824
f 4185/10/3125 4188/22/3128 1706/22/1825 1704/10/1668
f 4189/12/3129 4190/13/3130 1799/13/3117 2279/12/3034
f 4190/13/3130 4189/12/3129 2280/12/3035 1800/13/3118
f 4190/13/3130 4191/13/3131 1807/13/3047 1799/13/3117
f 4191/13/3131 4190/13/3130 1800/13/3118 1808/13/3048
f 4191/13/3131 4192/12/3132 2269/12/1465 1807/13/3047
f 4192/12/3132 4191/13/3131 1808/13/3048 2270/12/1468
f 4192/12/3132 4189/12/3129 2279/12/3034 2269/12/1465
f 4189/12/3129 4192/12/3132 2270/12/1468 2280/12/3035
f 4193/13/3133 4194/12/3134 2279/12/3034 1799/13/3117
f 4194/12/3134 4193/13/3133 1800/13/3118 2280/12/3035
f 4194/12/3134 4195/12/3135 2281/12/3031 2279/12/3034
f 4195/12/3135 4194/12/3134 2280/12/3035 2282/12/3032
f 4195/12/3135 4196/13/3136 1801/13/3116 2281/12/3031
f 4196/13/3136 4195/12/3135 2282/12/3032 1802/13/3119
f 4196/13/3136 4193/13/3133 1799/13/3117 1801/13/3116
f 4193/13/3133 4196/13/3136 1802/13/3119 1800/13/3118
f 4197/13/3137 4198/13/3138 1727/13/2091 1729/13/2094
f 4198/13/3138 4197/13/3137 1730/13/2095 1728/13/2092
f 4198/13/3138 4199/12/3139 2233/12/2967 1727/13/2091
f 4199/12/3139 4198/13/3138 1728/13/2092 2234/12/2968
f 4199/12/3139 4200/12/3140 2235/12/3039 2233/12/2967
f 4200/12/3140 4199/12/3139 2234/12/2968 2236/12/3042
f 4200/12/3140 4197/13/3137 1729/13/2094 2235/12/3039
f 4197/13/3137 4200/12/3140 2236/12/3042 1730/13/2095
f 4201/23/3141 4202/14/3142 1133/14/3143 1125/23/3144
f 4202/14/3142 4201/23/3141 1126/23/3145 1134/14/3146
f 4202/14/3142 4203/10/3147 1129/10/3148 1133/14/3143
f 4203/10/3147 4202/14/3142 1134/14/3146 1130/10/3149
f 4203/10/3147 4204/22/3150 1131/22/3151 1129/10/3148
f 4204/22/3150 4203/10/3147 1130/10/3149 1132/22/3152
f 4204/22/3150 4201/23/3141 1125/23/3144 1131/22/3151
f 4201/23/3141 4204/22/3150 1132/22/3152 1126/23/3145
f 4205/12/3153 4206/13/3154 1727/13/2091 2233/12/2967
f 4206/13/3154 4205/12/3153 2234/12/2968 1728/13/2092
f 4206/13/3154 4207/13/3155 1735/13/1775 1727/13/2091
f 4207/13/3155 4206/13/3154 1728/13/2092 1736/13/1776
f 4207/13/3155 4208/12/3156 2223/12/804 1735/13/1775
f 4208/12/3156 4207/13/3155 1736/13/1776 2224/12/807
f 4208/12/3156 4205/12/3153 2233/12/2967 2223/12/804
f 4205/12/3153 4208/12/3156 2224/12/807 2234/12/2968
f 4209/25/3157 4210/25/3158 2453/25/3159 2457/25/3073
f 4210/25/3158 4209/25/3157 2458/25/3074 2454/25/3160
f 4210/25/3158 4211/24/3161 2455/24/3162 2453/25/3159
f 4211/24/3161 4210/25/3158 2454/25/3160 2456/24/3163
f 4211/24/3161 4212/24/3164 2451/24/2278 2455/24/3162
f 4212/24/3164 4211/24/3161 2456/24/3163 2452/24/2279
f 4212/24/3164 4209/25/3157 2457/25/3073 2451/24/2278
f 4209/25/3157 4212/24/3164 2452/24/2279 2458/25/3074
f 4213/54/3165 4214/40/3166 1467/40/3167 1461/54/3168
f 4214/40/3166 4213/54/3165 1462/54/3169 1468/40/3170
f 4214/40/3166 4215/39/3171 1463/39/3172 1467/40/3167
f 4215/39/3171 4214/40/3166 1468/40/3170 1464/39/3173
f 4215/39/3171 4216/48/3174 1465/48/3175 1463/39/3172
f 4216/48/3174 4215/39/3171 1464/39/3173 1466/48/3176
f 4216/48/3174 4213/54/3165 1461/54/3168 1465/48/3175
f 4213/54/3165 4216/48/3174 1466/48/3176 1462/54/3169
f 4217/47/3177 4218/48/3178 2393/48/3179 2387/47/3180
f 4218/48/3178 4217/47/3177 2388/47/3181 2394/48/3182
f 4218/48/3178 4219/49/3183 2389/49/3184 2393/48/3179
f 4219/49/3183 4218/48/3178 2394/48/3182 2390/49/3185
f 4219/49/3183 4220/50/3186 2391/50/3187 2389/49/3184
f 4220/50/3186 4219/49/3183 2390/49/3185 2392/50/3188
f 4220/50/3186 4217/47/3177 2387/47/3180 2391/50/3187
f 4217/47/3177 4220/50/3186 2392/50/3188 2388/47/3181
f 4221/39/3189 4222/61/3190 2073/61/3191 2067/39/3192
f 4222/61/3190 4221/39/3189 2068/39/3193 2074/61/3194
f 4222/61/3190 4223/49/3195 2069/49/3196 2073/61/3191
f 4223/49/3195 4222/61/3190 2074/61/3194 2070/49/3197
f 4223/49/3195 4224/48/3198 2071/48/3199 2069/49/3196
f 4224/48/3198 4223/49/3195 2070/49/3197 2072/48/3200
f 4224/48/3198 4221/39/3189 2067/39/3192 2071/48/3199
f 4221/39/3189 4224/48/3198 2072/48/3200 2068/39/3193
f 4225/57/3201 4226/61/3202 2409/61/3203 2407/57/3204
f 4226/61/3202 4225/57/3201 2408/57/3205 2410/61/3206
f 4226/61/3202 4227/39/3207 2403/39/3208 2409/61/3203
f 4227/39/3207 4226/61/3202 2410/61/3206 2404/39/3209
f 4227/39/3207 4228/42/3210 2405/42/3211 2403/39/3208
f 4228/42/3210 4227/39/3207 2404/39/3209 2406/42/3212
f 4228/42/3210 4225/57/3201 2407/57/3204 2405/42/3211
f 4225/57/3201 4228/42/3210 2406/42/3212 2408/57/3205
f 4229/59/3213 4230/60/3214 2745/60/3215 2739/59/3216
f 4230/60/3214 4229/59/3213 2740/59/3217 2746/60/3218
f 4230/60/3214 4231/31/3219 2741/31/3220 2745/60/3215
f 4231/31/3219 4230/60/3214 2746/60/3218 2742/31/3221
f 4231/31/3219 4232/63/3222 2743/63/3223 2741/31/3220
f 4232/63/3222 4231/31/3219 2742/31/3221 2744/63/3224
f 4232/63/3222 4229/59/3213 2739/59/3216 2743/63/3223
f 4229/59/3213 4232/63/3222 2744/63/3224 2740/59/3217
f 4233/39/3225 4234/42/3226 2425/42/3227 2419/39/3228
f 4234/42/3226 4233/39/3225 2420/39/3229 2426/42/3230
f 4234/42/3226 4235/57/3231 2421/57/3232 2425/42/3227
f 4235/57/3231 4234/42/3226 2426/42/3230 2422/57/3233
f 4235/57/3231 4236/61/3234 2423/61/3235 2421/57/3232
f 4236/61/3234 4235/57/3231 2422/57/3233 2424/61/3236
f 4236/61/3234 4233/39/3225 2419/39/3228 2423/61/3235
f 4233/39/3225 4236/61/3234 2424/61/3236 2420/39/3229
f 4237/63/3237 4238/58/3238 2449/58/3239 2447/63/3240
f 4238/58/3238 4237/63/3237 2448/63/3241 2450/58/3242
f 4238/58/3238 4239/62/3243 2443/62/3244 2449/58/3239
f 4239/62/3243 4238/58/3238 2450/58/3242 2444/62/3245
f 4239/62/3243 4240/65/3246 2445/65/3247 2443/62/3244
f 4240/65/3246 4239/62/3243 2444/62/3245 2446/65/3248
f 4240/65/3246 4237/63/3237 2447/63/3240 2445/65/3247
f 4237/63/3237 4240/65/3246 2446/65/3248 2448/63/3241
f 4241/40/3249 4242/54/3250 1259/54/3251 1257/40/3252
f 4242/54/3250 4241/40/3249 1258/40/3253 1260/54/3254
f 4242/54/3250 4243/22/3255 1253/22/3256 1259/54/3251
f 4243/22/3255 4242/54/3250 1260/54/3254 1254/22/3257
f 4243/22/3255 4244/10/3258 1255/10/3259 1253/22/3256
f 4244/10/3258 4243/22/3255 1254/22/3257 1256/10/3260
f 4244/10/3258 4241/40/3249 1257/40/3252 1255/10/3259
f 4241/40/3249 4244/10/3258 1256/10/3260 1258/40/3253
f 4245/13/3261 4246/29/3262 2591/29/2146 2585/13/3263
f 4246/29/3262 4245/13/3261 2586/13/3264 2592/29/2149
f 4246/29/3262 4247/29/3265 2587/29/3266 2591/29/2146
f 4247/29/3265 4246/29/3262 2592/29/2149 2588/29/3267
f 4247/29/3265 4248/13/3268 2579/13/3269 2587/29/3266
f 4248/13/3268 4247/29/3265 2588/29/3267 2580/13/3270
f 4248/13/3268 4245/13/3261 2585/13/3263 2579/13/3269
f 4245/13/3261 4248/13/3268 2580/13/3270 2586/13/3264
f 4249/12/3271 4250/13/3272 2585/13/3263 2575/12/3273
f 4250/13/3272 4249/12/3271 2576/12/3274 2586/13/3264
f 4250/13/3272 4251/13/3275 2579/13/3269 2585/13/3263
f 4251/13/3275 4250/13/3272 2586/13/3264 2580/13/3270
f 4251/13/3275 4252/12/3276 2577/12/3277 2579/13/3269
f 4252/12/3276 4251/13/3275 2580/13/3270 2578/12/3278
f 4252/12/3276 4249/12/3271 2575/12/3273 2577/12/3277
f 4249/12/3271 4252/12/3276 2578/12/3278 2576/12/3274
f 4253/24/3279 4254/12/3280 2461/12/1655 2455/24/3162
f 4254/12/3280 4253/24/3279 2456/24/3163 2462/12/1656
f 4254/12/3280 4255/12/3281 2459/12/1652 2461/12/1655
f 4255/12/3281 4254/12/3280 2462/12/1656 2460/12/1653
f 4255/12/3281 4256/24/3282 2451/24/2278 2459/12/1652
f 4256/24/3282 4255/12/3281 2460/12/1653 2452/24/2279
f 4256/24/3282 4253/24/3279 2455/24/3162 2451/24/2278
f 4253/24/3279 4256/24/3282 2452/24/2279 2456/24/3163
f 4257/29/3283 4258/29/3284 2489/29/1874 2481/29/1616
f 4258/29/3284 4257/29/3283 2482/29/1617 2490/29/1875
f 4258/29/3284 4259/29/3285 2493/29/1567 2489/29/1874
f 4259/29/3285 4258/29/3284 2490/29/1875 2494/29/1568
f 4259/29/3285 4260/13/3286 2479/13/3287 2493/29/1567
f 4260/13/3286 4259/29/3285 2494/29/1568 2480/13/3288
f 4260/13/3286 4261/13/3289 2471/13/1647 2479/13/3287
f 4261/13/3289 4260/13/3286 2480/13/3288 2472/13/1650
f 4261/13/3289 4257/29/3283 2481/29/1616 2471/13/1647
f 4257/29/3283 4261/13/3289 2472/13/1650 2482/29/1617
f 4262/25/3290 4263/24/3291 2465/24/2284 2467/25/627
f 4263/24/3291 4262/25/3290 2468/25/628 2466/24/2285
f 4263/24/3291 4264/24/3292 2469/24/630 2465/24/2284
f 4264/24/3292 4263/24/3291 2466/24/2285 2470/24/631
f 4264/24/3292 4262/25/3290 2467/25/627 2469/24/630
f 4262/25/3290 4264/24/3292 2470/24/631 2468/25/628
f 4265/25/3293 4266/25/3294 2573/25/1733 2571/25/3295
f 4266/25/3294 4265/25/3293 2572/25/3296 2574/25/1734
f 4266/25/3294 4267/24/3297 2567/24/1739 2573/25/1733
f 4267/24/3297 4266/25/3294 2574/25/1734 2568/24/1740
f 4267/24/3297 4268/24/3298 2569/24/3299 2567/24/1739
f 4268/24/3298 4267/24/3297 2568/24/1740 2570/24/3300
f 4268/24/3298 4265/25/3293 2571/25/3295 2569/24/3299
f 4265/25/3293 4268/24/3298 2570/24/3300 2572/25/3296
f 4269/24/3301 4270/24/3302 2581/24/1736 2567/24/1739
f 4270/24/3302 4269/24/3301 2568/24/1740 2582/24/1737
f 4270/24/3302 4271/12/3303 2595/12/1531 2581/24/1736
f 4271/12/3303 4270/24/3302 2582/24/1737 2596/12/1532
f 4271/12/3303 4272/12/3304 2575/12/3273 2595/12/1531
f 4272/12/3304 4271/12/3303 2596/12/1532 2576/12/3274
f 4272/12/3304 4269/24/3301 2567/24/1739 2575/12/3273
f 4269/24/3301 4272/12/3304 2576/12/3274 2568/24/1740
f 4273/24/3305 4274/12/3306 2475/12/2281 2465/24/2284
f 4274/12/3306 4273/24/3305 2466/24/2285 2476/12/2282
f 4274/12/3306 4275/24/3307 2469/24/630 2475/12/2281
f 4275/24/3307 4274/12/3306 2476/12/2282 2470/24/631
f 4275/24/3307 4273/24/3305 2465/24/2284 2469/24/630
f 4273/24/3305 4275/24/3307 2470/24/631 2466/24/2285
f 4276/22/3308 4277/21/3309 2505/21/3310 2501/22/3311
f 4277/21/3309 4276/22/3308 2502/22/3312 2506/21/3313
f 4277/21/3309 4278/21/3314 2503/21/3315 2505/21/3310
f 4278/21/3314 4277/21/3309 2506/21/3313 2504/21/3316
f 4278/21/3314 4279/22/3317 2499/22/3318 2503/21/3315
f 4279/22/3317 4278/21/3314 2504/21/3316 2500/22/3319
f 4279/22/3317 4276/22/3308 2501/22/3311 2499/22/3318
f 4276/22/3308 4279/22/3317 2500/22/3319 2502/22/3312
f 4280/22/3320 4281/22/3321 2499/22/3318 2501/22/3311
f 4281/22/3321 4280/22/3320 2502/22/3312 2500/22/3319
f 4281/22/3321 4282/10/3322 2497/10/3323 2499/22/3318
f 4282/10/3322 4281/22/3321 2500/22/3319 2498/10/3324
f 4282/10/3322 4283/10/3325 2487/10/3326 2497/10/3323
f 4283/10/3325 4282/10/3322 2498/10/3324 2488/10/3327
f 4283/10/3325 4280/22/3320 2501/22/3311 2487/10/3326
f 4280/22/3320 4283/10/3325 2488/10/3327 2502/22/3312
f 4284/12/3328 4285/13/3329 2479/13/3287 2475/12/2281
f 4285/13/3329 4284/12/3328 2476/12/2282 2480/13/3288
f 4285/13/3329 4286/13/3330 2491/13/3331 2479/13/3287
f 4286/13/3330 4285/13/3329 2480/13/3288 2492/13/3332
f 4286/13/3330 4284/12/3328 2475/12/2281 2491/13/3331
f 4284/12/3328 4286/13/3330 2492/13/3332 2476/12/2282
f 4287/13/3333 4288/13/3334 2299/13/2744 1599/13/1448
f 4288/13/3334 4287/13/3333 1600/13/1449 2300/13/2745
f 4288/13/3334 4289/29/3335 1609/29/1991 2299/13/2744
f 4289/29/3335 4288/13/3334 2300/13/2745 1610/29/1992
f 4289/29/3335 4290/29/3336 1607/29/1492 1609/29/1991
f 4290/29/3336 4289/29/3335 1610/29/1992 1608/29/1493
f 4290/29/3336 4291/29/3337 1595/29/689 1607/29/1492
f 4291/29/3337 4290/29/3336 1608/29/1493 1596/29/690
f 4291/29/3337 4287/13/3333 1599/13/1448 1595/29/689
f 4287/13/3333 4291/29/3337 1596/29/690 1600/13/1449
f 4292/13/3338 4293/13/3339 2479/13/3287 2491/13/3331
f 4293/13/3339 4292/13/3338 2492/13/3332 2480/13/3288
f 4293/13/3339 4294/29/3340 2493/29/1567 2479/13/3287
f 4294/29/3340 4293/13/3339 2480/13/3288 2494/29/1568
f 4294/29/3340 4292/13/3338 2491/13/3331 2493/29/1567
f 4292/13/3338 4294/29/3340 2494/29/1568 2492/13/3332
f 4295/29/3341 4296/29/3342 2489/29/1874 2493/29/1567
f 4296/29/3342 4295/29/3341 2494/29/1568 2490/29/1875
f 4296/29/3342 4297/11/3343 2495/11/539 2489/29/1874
f 4297/11/3343 4296/29/3342 2490/29/1875 2496/11/542
f 4297/11/3343 4295/29/3341 2493/29/1567 2495/11/539
f 4295/29/3341 4297/11/3343 2496/11/542 2494/29/1568
f 4298/22/3344 4299/21/3345 2503/21/3315 2499/22/3318
f 4299/21/3345 4298/22/3344 2500/22/3319 2504/21/3316
f 4299/21/3345 4300/21/3346 2507/21/3347 2503/21/3315
f 4300/21/3346 4299/21/3345 2504/21/3316 2508/21/3348
f 4300/21/3346 4301/22/3349 2511/22/1715 2507/21/3347
f 4301/22/3349 4300/21/3346 2508/21/3348 2512/22/1716
f 4301/22/3349 4298/22/3344 2499/22/3318 2511/22/1715
f 4298/22/3344 4301/22/3349 2512/22/1716 2500/22/3319
f 4302/22/3350 4303/22/3351 2617/22/3352 2615/22/3353
f 4303/22/3351 4302/22/3350 2616/22/3354 2618/22/3355
f 4303/22/3351 4304/10/3356 2603/10/3357 2617/22/3352
f 4304/10/3356 4303/22/3351 2618/22/3355 2604/10/3358
f 4304/10/3356 4305/10/3359 2613/10/2202 2603/10/3357
f 4305/10/3359 4304/10/3356 2604/10/3358 2614/10/2205
f 4305/10/3359 4302/22/3350 2615/22/3353 2613/10/2202
f 4302/22/3350 4305/10/3359 2614/10/2205 2616/22/3354
f 4306/29/3360 4307/11/3361 2601/11/2147 2591/29/2146
f 4307/11/3361 4306/29/3360 2592/29/2149 2602/11/2148
f 4307/11/3361 4308/11/3362 2593/11/3363 2601/11/2147
f 4308/11/3362 4307/11/3361 2602/11/2148 2594/11/3364
f 4308/11/3362 4309/29/3365 2587/29/3266 2593/11/3363
f 4309/29/3365 4308/11/3362 2594/11/3364 2588/29/3267
f 4309/29/3365 4306/29/3360 2591/29/2146 2587/29/3266
f 4306/29/3360 4309/29/3365 2588/29/3267 2592/29/2149
f 4310/10/3366 4311/10/3367 2497/10/3323 2509/10/3368
f 4311/10/3367 4310/10/3366 2510/10/3369 2498/10/3324
f 4311/10/3367 4312/22/3370 2499/22/3318 2497/10/3323
f 4312/22/3370 4311/10/3367 2498/10/3324 2500/22/3319
f 4312/22/3370 4313/22/3371 2511/22/1715 2499/22/3318
f 4313/22/3371 4312/22/3370 2500/22/3319 2512/22/1716
f 4313/22/3371 4310/10/3366 2509/10/3368 2511/22/1715
f 4310/10/3366 4313/22/3371 2512/22/1716 2510/10/3369
f 4314/21/3372 4315/21/3373 1853/21/1858 1843/21/2141
f 4315/21/3373 4314/21/3372 1844/21/2142 1854/21/1859
f 4315/21/3373 4316/22/3374 1851/22/1865 1853/21/1858
f 4316/22/3374 4315/21/3373 1854/21/1859 1852/22/1866
f 4316/22/3374 4317/22/3375 1849/22/2011 1851/22/1865
f 4317/22/3375 4316/22/3374 1852/22/1866 1850/22/2012
f 4317/22/3375 4318/22/3376 1841/22/830 1849/22/2011
f 4318/22/3376 4317/22/3375 1850/22/2012 1842/22/831
f 4318/22/3376 4314/21/3372 1843/21/2141 1841/22/830
f 4314/21/3372 4318/22/3376 1842/22/831 1844/21/2142
f 4319/10/3377 4320/10/3378 2625/10/2203 2613/10/2202
f 4320/10/3378 4319/10/3377 2614/10/2205 2626/10/2204
f 4320/10/3378 4321/22/3379 2627/22/2118 2625/10/2203
f 4321/22/3379 4320/10/3378 2626/10/2204 2628/22/2119
f 4321/22/3379 4322/22/3380 2615/22/3353 2627/22/2118
f 4322/22/3380 4321/22/3379 2628/22/2119 2616/22/3354
f 4322/22/3380 4319/10/3377 2613/10/2202 2615/22/3353
f 4319/10/3377 4322/22/3380 2616/22/3354 2614/10/2205
f 4323/22/3381 4324/21/3382 2507/21/3347 2511/22/1715
f 4324/21/3382 4323/22/3381 2512/22/1716 2508/21/3348
f 4324/21/3382 4325/21/3383 2513/21/1718 2507/21/3347
f 4325/21/3383 4324/21/3382 2508/21/3348 2514/21/1719
f 4325/21/3383 4323/22/3381 2511/22/1715 2513/21/1718
f 4323/22/3381 4325/21/3383 2514/21/1719 2512/22/1716
f 4326/11/3384 4327/10/3385 2509/10/3368 2495/11/539
f 4327/10/3385 4326/11/3384 2496/11/542 2510/10/3369
f 4327/10/3385 4328/10/3386 2515/10/544 2509/10/3368
f 4328/10/3386 4327/10/3385 2510/10/3369 2516/10/545
f 4328/10/3386 4326/11/3384 2495/11/539 2515/10/544
f 4326/11/3384 4328/10/3386 2516/10/545 2496/11/542
f 4329/10/3387 4330/10/3388 2509/10/3368 2515/10/544
f 4330/10/3388 4329/10/3387 2516/10/545 2510/10/3369
f 4330/10/3388 4331/22/3389 2511/22/1715 2509/10/3368
f 4331/22/3389 4330/10/3388 2510/10/3369 2512/22/1716
f 4331/22/3389 4329/10/3387 2515/10/544 2511/22/1715
f 4329/10/3387 4331/22/3389 2512/22/1716 2516/10/545
f 4332/29/3390 4333/13/3391 2381/13/2942 1659/29/1932
f 4333/13/3391 4332/29/3390 1660/29/1933 2382/13/2943
f 4333/13/3391 4334/13/3392 2385/13/2939 2381/13/2942
f 4334/13/3392 4333/13/3391 2382/13/2943 2386/13/2940
f 4334/13/3392 4335/13/3393 2383/13/1967 2385/13/2939
f 4335/13/3393 4334/13/3392 2386/13/2940 2384/13/1968
f 4335/13/3393 4336/13/3394 1665/13/1693 2383/13/1967
f 4336/13/3394 4335/13/3393 2384/13/1968 1666/13/1694
f 4336/13/3394 4337/29/3395 1661/29/1697 1665/13/1693
f 4337/29/3395 4336/13/3394 1666/13/1694 1662/29/1698
f 4337/29/3395 4338/29/3396 1663/29/1935 1661/29/1697
f 4338/29/3396 4337/29/3395 1662/29/1698 1664/29/1936
f 4338/29/3396 4332/29/3390 1659/29/1932 1663/29/1935
f 4332/29/3390 4338/29/3396 1664/29/1936 1660/29/1933
f 4339/29/3397 4340/30/3398 1119/30/3399 1115/29/3400
f 4340/30/3398 4339/29/3397 1116/29/3401 1120/30/3402
f 4340/30/3398 4341/15/3403 1109/15/3404 1119/30/3399
f 4341/15/3403 4340/30/3398 1120/30/3402 1110/15/3405
f 4341/15/3403 4342/11/3406 1117/11/3407 1109/15/3404
f 4342/11/3406 4341/15/3403 1110/15/3405 1118/11/3408
f 4342/11/3406 4339/29/3397 1115/29/3400 1117/11/3407
f 4339/29/3397 4342/11/3406 1118/11/3408 1116/29/3401
f 4343/11/3409 4344/11/3410 2535/11/540 2537/11/1572
f 4344/11/3410 4343/11/3409 2538/11/1573 2536/11/541
f 4344/11/3410 4345/10/3411 2523/10/547 2535/11/540
f 4345/10/3411 4344/11/3410 2536/11/541 2524/10/548
f 4345/10/3411 4346/10/3412 2531/10/2122 2523/10/547
f 4346/10/3412 4345/10/3411 2524/10/548 2532/10/2125
f 4346/10/3412 4343/11/3409 2537/11/1572 2531/10/2122
f 4343/11/3409 4346/10/3412 2532/10/2125 2538/11/1573
f 4347/10/3413 4348/10/3414 2523/10/547 2531/10/2122
f 4348/10/3414 4347/10/3413 2532/10/2125 2524/10/548
f 4348/10/3414 4349/22/3415 2517/22/1712 2523/10/547
f 4349/22/3415 4348/10/3414 2524/10/548 2518/22/1713
f 4349/22/3415 4350/22/3416 2525/22/1709 2517/22/1712
f 4350/22/3416 4349/22/3415 2518/22/1713 2526/22/1710
f 4350/22/3416 4347/10/3413 2531/10/2122 2525/22/1709
f 4347/10/3413 4350/22/3416 2526/22/1710 2532/10/2125
f 4351/22/3417 4352/22/3418 1835/22/833 1827/22/836
f 4352/22/3418 4351/22/3417 1828/22/837 1836/22/834
f 4352/22/3418 4353/10/3419 1825/10/2073 1835/22/833
f 4353/10/3419 4352/22/3418 1836/22/834 1826/10/2074
f 4353/10/3419 4354/10/3420 1823/10/1963 1825/10/2073
f 4354/10/3420 4353/10/3419 1826/10/2074 1824/10/1964
f 4354/10/3420 4351/22/3417 1827/22/836 1823/10/1963
f 4351/22/3417 4354/10/3420 1824/10/1964 1828/22/837
f 4355/25/3421 4356/24/3422 2231/24/3040 2229/25/3423
f 4356/24/3422 4355/25/3421 2230/25/3424 2232/24/3041
f 4356/24/3422 4357/24/3425 2225/24/2971 2231/24/3040
f 4357/24/3425 4356/24/3422 2232/24/3041 2226/24/2972
f 4357/24/3425 4358/24/3426 2221/24/805 2225/24/2971
f 4358/24/3426 4357/24/3425 2226/24/2972 2222/24/806
f 4358/24/3426 4359/24/3427 2213/24/812 2221/24/805
f 4359/24/3427 4358/24/3426 2222/24/806 2214/24/813
f 4359/24/3427 4360/25/3428 2205/25/2759 2213/24/812
f 4360/25/3428 4359/24/3427 2214/24/813 2206/25/2762
f 4360/25/3428 4361/25/3429 2217/25/3430 2205/25/2759
f 4361/25/3429 4360/25/3428 2206/25/2762 2218/25/3431
f 4361/25/3429 4362/25/3432 2227/25/3433 2217/25/3430
f 4362/25/3432 4361/25/3429 2218/25/3431 2228/25/3434
f 4362/25/3432 4355/25/3421 2229/25/3423 2227/25/3433
f 4355/25/3421 4362/25/3432 2228/25/3434 2230/25/3424
f 4363/56/3435 4364/34/3436 1879/34/728 1873/56/3437
f 4364/34/3436 4363/56/3435 1874/56/3438 1880/34/729
f 4364/34/3436 4365/33/3439 1875/33/725 1879/34/728
f 4365/33/3439 4364/34/3436 1880/34/729 1876/33/726
f 4365/33/3439 4366/71/3440 1877/71/3441 1875/33/725
f 4366/71/3440 4365/33/3439 1876/33/726 1878/71/3442
f 4366/71/3440 4363/56/3435 1873/56/3437 1877/71/3441
f 4363/56/3435 4366/71/3440 1878/71/3442 1874/56/3438
f 4367/12/3443 4368/24/3444 2557/24/633 2551/12/1607
f 4368/24/3444 4367/12/3443 2552/12/1608 2558/24/634
f 4368/24/3444 4369/24/3445 2469/24/630 2557/24/633
f 4369/24/3445 4368/24/3444 2558/24/634 2470/24/631
f 4369/24/3445 4370/12/3446 2475/12/2281 2469/24/630
f 4370/12/3446 4369/24/3445 2470/24/631 2476/12/2282
f 4370/12/3446 4367/12/3443 2551/12/1607 2475/12/2281
f 4367/12/3443 4370/12/3446 2476/12/2282 2552/12/1608
f 4371/22/3447 4372/10/3448 1847/10/1999 1841/22/830
f 4372/10/3448 4371/22/3447 1842/22/831 1848/10/2000
f 4372/10/3448 4373/10/3449 1825/10/2073 1847/10/1999
f 4373/10/3449 4372/10/3448 1848/10/2000 1826/10/2074
f 4373/10/3449 4374/22/3450 1835/22/833 1825/10/2073
f 4374/22/3450 4373/10/3449 1826/10/2074 1836/22/834
f 4374/22/3450 4371/22/3447 1841/22/830 1835/22/833
f 4371/22/3447 4374/22/3450 1836/22/834 1842/22/831
f 4375/29/3451 4376/11/3452 2655/11/3453 2657/29/3454
f 4376/11/3452 4375/29/3451 2658/29/3455 2656/11/3456
f 4376/11/3452 4377/11/3457 2653/11/3458 2655/11/3453
f 4377/11/3457 4376/11/3452 2656/11/3456 2654/11/3459
f 4377/11/3457 4378/11/3460 2651/11/3461 2653/11/3458
f 4378/11/3460 4377/11/3457 2654/11/3459 2652/11/3462
f 4378/11/3460 4379/11/3463 2611/11/2154 2651/11/3461
f 4379/11/3463 4378/11/3460 2652/11/3462 2612/11/2155
f 4379/11/3463 4380/29/3464 2609/29/3465 2611/11/2154
f 4380/29/3464 4379/11/3463 2612/11/2155 2610/29/3466
f 4380/29/3464 4381/29/3467 2659/29/3468 2609/29/3465
f 4381/29/3467 4380/29/3464 2610/29/3466 2660/29/3469
f 4381/29/3467 4375/29/3451 2657/29/3454 2659/29/3468
f 4375/29/3451 4381/29/3467 2660/29/3469 2658/29/3455
f 4382/23/3470 4383/14/3471 1079/14/3472 1071/23/3473
f 4383/14/3471 4382/23/3470 1072/23/3474 1080/14/3475
f 4383/14/3471 4384/10/3476 1075/10/3477 1079/14/3472
f 4384/10/3476 4383/14/3471 1080/14/3475 1076/10/3478
f 4384/10/3476 4385/22/3479 1077/22/3480 1075/10/3477
f 4385/22/3479 4384/10/3476 1076/10/3478 1078/22/3481
f 4385/22/3479 4382/23/3470 1071/23/3473 1077/22/3480
f 4382/23/3470 4385/22/3479 1078/22/3481 1072/23/3474
f 4386/12/3482 4387/12/3483 2669/12/3484 2667/12/1528
f 4387/12/3483 4386/12/3482 2668/12/1529 2670/12/3485
f 4387/12/3483 4388/13/3486 2661/13/3487 2669/12/3484
f 4388/13/3486 4387/12/3483 2670/12/3485 2662/13/3488
f 4388/13/3486 4389/13/3489 2665/13/3490 2661/13/3487
f 4389/13/3489 4388/13/3486 2662/13/3488 2666/13/3491
f 4389/13/3489 4386/12/3482 2667/12/1528 2665/13/3490
f 4386/12/3482 4389/13/3489 2666/13/3491 2668/12/1529
f 4390/13/3492 4391/12/3493 2551/12/1607 2549/13/3494
f 4391/12/3493 4390/13/3492 2550/13/3495 2552/12/1608
f 4391/12/3493 4392/12/3496 2475/12/2281 2551/12/1607
f 4392/12/3496 4391/12/3493 2552/12/1608 2476/12/2282
f 4392/12/3496 4393/13/3497 2491/13/3331 2475/12/2281
f 4393/13/3497 4392/12/3496 2476/12/2282 2492/13/3332
f 4393/13/3497 4390/13/3492 2549/13/3494 2491/13/3331
f 4390/13/3492 4393/13/3497 2492/13/3332 2550/13/3495
f 4394/12/3498 4395/12/3499 2671/12/3500 2669/12/3484
f 4395/12/3499 4394/12/3498 2670/12/3485 2672/12/3501
f 4395/12/3499 4396/13/3502 2663/13/3503 2671/12/3500
f 4396/13/3502 4395/12/3499 2672/12/3501 2664/13/3504
f 4396/13/3502 4397/13/3505 2661/13/3487 2663/13/3503
f 4397/13/3505 4396/13/3502 2664/13/3504 2662/13/3488
f 4397/13/3505 4394/12/3498 2669/12/3484 2661/13/3487
f 4394/12/3498 4397/13/3505 2662/13/3488 2670/12/3485
f 4398/24/3506 4399/24/3507 2675/24/788 2673/24/791
f 4399/24/3507 4398/24/3506 2674/24/792 2676/24/789
f 4399/24/3507 4400/12/3508 2669/12/3484 2675/24/788
f 4400/12/3508 4399/24/3507 2676/24/789 2670/12/3485
f 4400/12/3508 4401/12/3509 2667/12/1528 2669/12/3484
f 4401/12/3509 4400/12/3508 2670/12/3485 2668/12/1529
f 4401/12/3509 4398/24/3506 2673/24/791 2667/12/1528
f 4398/24/3506 4401/12/3509 2668/12/1529 2674/24/792
f 4402/24/3510 4403/24/3511 2677/24/785 2675/24/788
f 4403/24/3511 4402/24/3510 2676/24/789 2678/24/786
f 4403/24/3511 4404/12/3512 2671/12/3500 2677/24/785
f 4404/12/3512 4403/24/3511 2678/24/786 2672/12/3501
f 4404/12/3512 4405/12/3513 2669/12/3484 2671/12/3500
f 4405/12/3513 4404/12/3512 2672/12/3501 2670/12/3485
f 4405/12/3513 4402/24/3510 2675/24/788 2669/12/3484
f 4402/24/3510 4405/12/3513 2670/12/3485 2676/24/789
f 4406/24/3514 4407/25/3515 2289/25/2876 2283/24/2775
f 4407/25/3515 4406/24/3514 2284/24/2776 2290/25/2877
f 4407/25/3515 4408/25/3516 2285/25/3517 2289/25/2876
f 4408/25/3516 4407/25/3515 2290/25/2877 2286/25/3518
f 4408/25/3516 4409/24/3519 2287/24/2872 2285/25/3517
f 4409/24/3519 4408/25/3516 2286/25/3518 2288/24/2873
f 4409/24/3519 4406/24/3514 2283/24/2775 2287/24/2872
f 4406/24/3514 4409/24/3519 2288/24/2873 2284/24/2776
f 4410/12/3520 4411/12/3521 2577/12/3277 2575/12/3273
f 4411/12/3521 4410/12/3520 2576/12/3274 2578/12/3278
f 4411/12/3521 4412/24/3522 2569/24/3299 2577/12/3277
f 4412/24/3522 4411/12/3521 2578/12/3278 2570/24/3300
f 4412/24/3522 4413/24/3523 2567/24/1739 2569/24/3299
f 4413/24/3523 4412/24/3522 2570/24/3300 2568/24/1740
f 4413/24/3523 4410/12/3520 2575/12/3273 2567/24/1739
f 4410/12/3520 4413/24/3523 2568/24/1740 2576/12/3274
f 4414/29/3524 4415/29/3525 2591/29/2146 2605/29/2151
f 4415/29/3525 4414/29/3524 2606/29/2152 2592/29/2149
f 4415/29/3525 4416/13/3526 2585/13/3263 2591/29/2146
f 4416/13/3526 4415/29/3525 2592/29/2149 2586/13/3264
f 4416/13/3526 4417/13/3527 2589/13/3528 2585/13/3263
f 4417/13/3527 4416/13/3526 2586/13/3264 2590/13/3529
f 4417/13/3527 4418/29/3530 2609/29/3465 2589/13/3528
f 4418/29/3530 4417/13/3527 2590/13/3529 2610/29/3466
f 4418/29/3530 4414/29/3524 2605/29/2151 2609/29/3465
f 4414/29/3524 4418/29/3530 2610/29/3466 2606/29/2152
f 4419/29/3531 4420/29/3532 2481/29/1616 2473/29/1619
f 4420/29/3532 4419/29/3531 2474/29/1620 2482/29/1617
f 4420/29/3532 4421/13/3533 2471/13/1647 2481/29/1616
f 4421/13/3533 4420/29/3532 2482/29/1617 2472/13/1650
f 4421/13/3533 4422/13/3534 2463/13/1648 2471/13/1647
f 4422/13/3534 4421/13/3533 2472/13/1650 2464/13/1649
f 4422/13/3534 4419/29/3531 2473/29/1619 2463/13/1648
f 4419/29/3531 4422/13/3534 2464/13/1649 2474/29/1620
f 4423/21/3535 4424/21/3536 2621/21/3537 2619/21/3538
f 4424/21/3536 4423/21/3535 2620/21/3539 2622/21/3540
f 4424/21/3536 4425/22/3541 2617/22/3352 2621/21/3537
f 4425/22/3541 4424/21/3536 2622/21/3540 2618/22/3355
f 4425/22/3541 4426/22/3542 2615/22/3353 2617/22/3352
f 4426/22/3542 4425/22/3541 2618/22/3355 2616/22/3354
f 4426/22/3542 4423/21/3535 2619/21/3538 2615/22/3353
f 4423/21/3535 4426/22/3542 2616/22/3354 2620/21/3539
f 4427/13/3543 4428/13/3544 2585/13/3263 2589/13/3528
f 4428/13/3544 4427/13/3543 2590/13/3529 2586/13/3264
f 4428/13/3544 4429/12/3545 2575/12/3273 2585/13/3263
f 4429/12/3545 4428/13/3544 2586/13/3264 2576/12/3274
f 4429/12/3545 4430/12/3546 2595/12/1531 2575/12/3273
f 4430/12/3546 4429/12/3545 2576/12/3274 2596/12/1532
f 4430/12/3546 4427/13/3543 2589/13/3528 2595/12/1531
f 4427/13/3543 4430/12/3546 2596/12/1532 2590/13/3529
f 4431/13/3547 4432/13/3548 2479/13/3287 2471/13/1647
f 4432/13/3548 4431/13/3547 2472/13/1650 2480/13/3288
f 4432/13/3548 4433/12/3549 2475/12/2281 2479/13/3287
f 4433/12/3549 4432/13/3548 2480/13/3288 2476/12/2282
f 4433/12/3549 4434/12/3550 2459/12/1652 2475/12/2281
f 4434/12/3550 4433/12/3549 2476/12/2282 2460/12/1653
f 4434/12/3550 4431/13/3547 2471/13/1647 2459/12/1652
f 4431/13/3547 4434/12/3550 2460/12/1653 2472/13/1650
f 4435/24/3551 4436/25/3552 2583/25/797 2581/24/1736
f 4436/25/3552 4435/24/3551 2582/24/1737 2584/25/798
f 4436/25/3552 4437/24/3553 2597/24/794 2583/25/797
f 4437/24/3553 4436/25/3552 2584/25/798 2598/24/795
f 4437/24/3553 4435/24/3551 2581/24/1736 2597/24/794
f 4435/24/3551 4437/24/3553 2598/24/795 2582/24/1737
f 4438/12/3554 4439/24/3555 2581/24/1736 2595/12/1531
f 4439/24/3555 4438/12/3554 2596/12/1532 2582/24/1737
f 4439/24/3555 4440/24/3556 2597/24/794 2581/24/1736
f 4440/24/3556 4439/24/3555 2582/24/1737 2598/24/795
f 4440/24/3556 4438/12/3554 2595/12/1531 2597/24/794
f 4438/12/3554 4440/24/3556 2598/24/795 2596/12/1532
f 4441/29/3557 4442/13/3558 2329/13/2948 1589/29/683
f 4442/13/3558 4441/29/3557 1590/29/684 2330/13/2949
f 4442/13/3558 4443/13/3559 2333/13/2854 2329/13/2948
f 4443/13/3559 4442/13/3558 2330/13/2949 2334/13/2855
f 4443/13/3559 4444/13/3560 2331/13/520 2333/13/2854
f 4444/13/3560 4443/13/3559 2334/13/2855 2332/13/521
f 4444/13/3560 4445/13/3561 1593/13/515 2331/13/520
f 4445/13/3561 4444/13/3560 2332/13/521 1594/13/518
f 4445/13/3561 4446/29/3562 1595/29/689 1593/13/515
f 4446/29/3562 4445/13/3561 1594/13/518 1596/29/690
f 4446/29/3562 4447/29/3563 1597/29/686 1595/29/689
f 4447/29/3563 4446/29/3562 1596/29/690 1598/29/687
f 4447/29/3563 4441/29/3557 1589/29/683 1597/29/686
f 4441/29/3557 4447/29/3563 1598/29/687 1590/29/684
f 4448/10/3564 4449/10/3565 2497/10/3323 2487/10/3326
f 4449/10/3565 4448/10/3564 2488/10/3327 2498/10/3324
f 4449/10/3565 4450/11/3566 2485/11/1611 2497/10/3323
f 4450/11/3566 4449/10/3565 2498/10/3324 2486/11/1614
f 4450/11/3566 4451/11/3567 2483/11/1612 2485/11/1611
f 4451/11/3567 4450/11/3566 2486/11/1614 2484/11/1613
f 4451/11/3567 4448/10/3564 2487/10/3326 2483/11/1612
f 4448/10/3564 4451/11/3567 2484/11/1613 2488/10/3327
f 4452/13/3568 4453/12/3569 2595/12/1531 2589/13/3528
f 4453/12/3569 4452/13/3568 2590/13/3529 2596/12/1532
f 4453/12/3569 4454/13/3570 2607/13/3571 2595/12/1531
f 4454/13/3570 4453/12/3569 2596/12/1532 2608/13/3572
f 4454/13/3570 4452/13/3568 2589/13/3528 2607/13/3571
f 4452/13/3568 4454/13/3570 2608/13/3572 2590/13/3529
f 4455/25/3573 4456/25/3574 2205/25/2759 2197/25/3083
f 4456/25/3574 4455/25/3573 2198/25/3086 2206/25/2762
f 4456/25/3574 4457/24/3575 2201/24/2760 2205/25/2759
f 4457/24/3575 4456/25/3574 2206/25/2762 2202/24/2761
f 4457/24/3575 4458/24/3576 2191/24/3062 2201/24/2760
f 4458/24/3576 4457/24/3575 2202/24/2761 2192/24/3063
f 4458/24/3576 4455/25/3573 2197/25/3083 2191/24/3062
f 4455/25/3573 4458/24/3576 2192/24/3063 2198/25/3086
f 4459/13/3577 4460/13/3578 2607/13/3571 2589/13/3528
f 4460/13/3578 4459/13/3577 2590/13/3529 2608/13/3572
f 4460/13/3578 4461/29/3579 2609/29/3465 2607/13/3571
f 4461/29/3579 4460/13/3578 2608/13/3572 2610/29/3466
f 4461/29/3579 4459/13/3577 2589/13/3528 2609/29/3465
f 4459/13/3577 4461/29/3579 2610/29/3466 2590/13/3529
f 4462/29/3580 4463/29/3581 2609/29/3465 2605/29/2151
f 4463/29/3581 4462/29/3580 2606/29/2152 2610/29/3466
f 4463/29/3581 4464/11/3582 2611/11/2154 2609/29/3465
f 4464/11/3582 4463/29/3581 2610/29/3466 2612/11/2155
f 4464/11/3582 4462/29/3580 2605/29/2151 2611/11/2154
f 4462/29/3580 4464/11/3582 2612/11/2155 2606/29/2152
f 4465/22/3583 4466/22/3584 2627/22/2118 2615/22/3353
f 4466/22/3584 4465/22/3583 2616/22/3354 2628/22/2119
f 4466/22/3584 4467/21/3585 2623/21/3586 2627/22/2118
f 4467/21/3585 4466/22/3584 2628/22/2119 2624/21/3587
f 4467/21/3585 4468/21/3588 2619/21/3538 2623/21/3586
f 4468/21/3588 4467/21/3585 2624/21/3587 2620/21/3539
f 4468/21/3588 4465/22/3583 2615/22/3353 2619/21/3538
f 4465/22/3583 4468/21/3588 2620/21/3539 2616/22/3354
f 4469/11/3589 4470/11/3590 1865/11/1585 1863/11/1838
f 4470/11/3590 4469/11/3589 1864/11/1839 1866/11/1588
f 4470/11/3590 4471/10/3591 1859/10/2002 1865/11/1585
f 4471/10/3591 4470/11/3590 1866/11/1588 1860/10/2003
f 4471/10/3591 4472/10/3592 1861/10/2027 1859/10/2002
f 4472/10/3592 4471/10/3591 1860/10/2003 1862/10/2028
f 4472/10/3592 4469/11/3589 1863/11/1838 1861/10/2027
f 4469/11/3589 4472/10/3592 1862/10/2028 1864/11/1839
f 4473/29/3593 4474/29/3594 2303/29/2741 1609/29/1991
f 4474/29/3594 4473/29/3593 1610/29/1992 2304/29/2742
f 4474/29/3594 4475/11/3595 1651/11/1628 2303/29/2741
f 4475/11/3595 4474/29/3594 2304/29/2742 1652/11/1629
f 4475/11/3595 4476/11/3596 1653/11/1623 1651/11/1628
f 4476/11/3596 4475/11/3595 1652/11/1629 1654/11/1626
f 4476/11/3596 4473/29/3593 1609/29/1991 1653/11/1623
f 4473/29/3593 4476/11/3596 1654/11/1626 1610/29/1992
f 4477/10/3597 4478/10/3598 2509/10/3368 2497/10/3323
f 4478/10/3598 4477/10/3597 2498/10/3324 2510/10/3369
f 4478/10/3598 4479/11/3599 2495/11/539 2509/10/3368
f 4479/11/3599 4478/10/3598 2510/10/3369 2496/11/542
f 4479/11/3599 4480/11/3600 2485/11/1611 2495/11/539
f 4480/11/3600 4479/11/3599 2496/11/542 2486/11/1614
f 4480/11/3600 4477/10/3597 2497/10/3323 2485/11/1611
f 4477/10/3597 4480/11/3600 2486/11/1614 2498/10/3324
f 4481/21/3601 4482/21/3602 1779/21/1636 1769/21/1974
f 4482/21/3602 4481/21/3601 1770/21/1975 1780/21/1637
f 4482/21/3602 4483/22/3603 1777/22/1643 1779/21/1636
f 4483/22/3603 4482/21/3602 1780/21/1637 1778/22/1644
f 4483/22/3603 4484/22/3604 1775/22/1833 1777/22/1643
f 4484/22/3604 4483/22/3603 1778/22/1644 1776/22/1834
f 4484/22/3604 4485/22/3605 1767/22/1973 1775/22/1833
f 4485/22/3605 4484/22/3604 1776/22/1834 1768/22/1976
f 4485/22/3605 4481/21/3601 1769/21/1974 1767/22/1973
f 4481/21/3601 4485/22/3605 1768/22/1976 1770/21/1975
f 4486/13/3606 4487/12/3607 2555/12/2824 2547/13/3608
f 4487/12/3607 4486/13/3606 2548/13/3609 2556/12/2825
f 4487/12/3607 4488/12/3610 2553/12/1603 2555/12/2824
f 4488/12/3610 4487/12/3607 2556/12/2825 2554/12/1604
f 4488/12/3610 4489/13/3611 2545/13/3612 2553/12/1603
f 4489/13/3611 4488/12/3610 2554/12/1604 2546/13/3613
f 4489/13/3611 4486/13/3606 2547/13/3608 2545/13/3612
f 4486/13/3606 4489/13/3611 2546/13/3613 2548/13/3609
f 4490/21/3614 4491/22/3615 2627/22/2118 2623/21/3586
f 4491/22/3615 4490/21/3614 2624/21/3587 2628/22/2119
f 4491/22/3615 4492/21/3616 2629/21/2911 2627/22/2118
f 4492/21/3616 4491/22/3615 2628/22/2119 2630/21/2912
f 4492/21/3616 4490/21/3614 2623/21/3586 2629/21/2911
f 4490/21/3614 4492/21/3616 2630/21/2912 2624/21/3587
f 4493/10/3617 4494/11/3618 2611/11/2154 2625/10/2203
f 4494/11/3618 4493/10/3617 2626/10/2204 2612/11/2155
f 4494/11/3618 4495/10/3619 2631/10/2114 2611/11/2154
f 4495/10/3619 4494/11/3618 2612/11/2155 2632/10/2115
f 4495/10/3619 4493/10/3617 2625/10/2203 2631/10/2114
f 4493/10/3617 4495/10/3619 2632/10/2115 2626/10/2204
f 4496/10/3620 4497/10/3621 2631/10/2114 2625/10/2203
f 4497/10/3621 4496/10/3620 2626/10/2204 2632/10/2115
f 4497/10/3621 4498/22/3622 2627/22/2118 2631/10/2114
f 4498/22/3622 4497/10/3621 2632/10/2115 2628/22/2119
f 4498/22/3622 4496/10/3620 2625/10/2203 2627/22/2118
f 4496/10/3620 4498/22/3622 2628/22/2119 2626/10/2204
f 4499/29/3623 4500/13/3624 2547/13/3608 2541/29/1559
f 4500/13/3624 4499/29/3623 2542/29/1562 2548/13/3609
f 4500/13/3624 4501/13/3625 2545/13/3612 2547/13/3608
f 4501/13/3625 4500/13/3624 2548/13/3609 2546/13/3613
f 4501/13/3625 4502/13/3626 2549/13/3494 2545/13/3612
f 4502/13/3626 4501/13/3625 2546/13/3613 2550/13/3495
f 4502/13/3626 4503/13/3627 2491/13/3331 2549/13/3494
f 4503/13/3627 4502/13/3626 2550/13/3495 2492/13/3332
f 4503/13/3627 4504/29/3628 2493/29/1567 2491/13/3331
f 4504/29/3628 4503/13/3627 2492/13/3332 2494/29/1568
f 4504/29/3628 4505/29/3629 2543/29/1564 2493/29/1567
f 4505/29/3629 4504/29/3628 2494/29/1568 2544/29/1565
f 4505/29/3629 4499/29/3623 2541/29/1559 2543/29/1564
f 4499/29/3623 4505/29/3629 2544/29/1565 2542/29/1562
f 4506/11/3630 4507/11/3631 2651/11/3461 2611/11/2154
f 4507/11/3631 4506/11/3630 2612/11/2155 2652/11/3462
f 4507/11/3631 4508/10/3632 2639/10/697 2651/11/3461
f 4508/10/3632 4507/11/3631 2652/11/3462 2640/10/698
f 4508/10/3632 4509/10/3633 2631/10/2114 2639/10/697
f 4509/10/3633 4508/10/3632 2640/10/698 2632/10/2115
f 4509/10/3633 4506/11/3630 2611/11/2154 2631/10/2114
f 4506/11/3630 4509/10/3633 2632/10/2115 2612/11/2155
f 4510/11/3634 4511/11/3635 2653/11/3458 2651/11/3461
f 4511/11/3635 4510/11/3634 2652/11/3462 2654/11/3459
f 4511/11/3635 4512/10/3636 2647/10/696 2653/11/3458
f 4512/10/3636 4511/11/3635 2654/11/3459 2648/10/699
f 4512/10/3636 4513/10/3637 2639/10/697 2647/10/696
f 4513/10/3637 4512/10/3636 2648/10/699 2640/10/698
f 4513/10/3637 4510/11/3634 2651/11/3461 2639/10/697
f 4510/11/3634 4513/10/3637 2640/10/698 2652/11/3462
f 4514/24/3638 4515/24/3639 2375/24/2835 2369/24/2838
f 4515/24/3639 4514/24/3638 2370/24/2839 2376/24/2836
f 4515/24/3639 4516/25/3640 2373/25/3641 2375/24/2835
f 4516/25/3640 4515/24/3639 2376/24/2836 2374/25/3642
f 4516/25/3640 4517/25/3643 2371/25/3644 2373/25/3641
f 4517/25/3643 4516/25/3640 2374/25/3642 2372/25/3645
f 4517/25/3643 4518/25/3646 2361/25/3647 2371/25/3644
f 4518/25/3646 4517/25/3643 2372/25/3645 2362/25/3648
f 4518/25/3646 4519/25/3649 2349/25/2737 2361/25/3647
f 4519/25/3649 4518/25/3646 2362/25/3648 2350/25/2738
f 4519/25/3649 4520/24/3650 2357/24/1925 2349/25/2737
f 4520/24/3650 4519/25/3649 2350/25/2738 2358/24/1926
f 4520/24/3650 4521/24/3651 2365/24/1922 2357/24/1925
f 4521/24/3651 4520/24/3650 2358/24/1926 2366/24/1923
f 4521/24/3651 4514/24/3638 2369/24/2838 2365/24/1922
f 4514/24/3638 4521/24/3651 2366/24/1923 2370/24/2839
f 4522/17/3652 4523/16/3653 1969/16/1508 1971/17/1511
f 4523/16/3653 4522/17/3652 1972/17/1512 1970/16/1509
f 4523/16/3653 4524/56/3654 1963/56/3655 1969/16/1508
f 4524/56/3654 4523/16/3653 1970/16/1509 1964/56/3656
f 4524/56/3654 4525/71/3657 1967/71/3658 1963/56/3655
f 4525/71/3657 4524/56/3654 1964/56/3656 1968/71/3659
f 4525/71/3657 4522/17/3652 1971/17/1511 1967/71/3658
f 4522/17/3652 4525/71/3657 1968/71/3659 1972/17/1512
f 4526/12/3660 4527/12/3661 2667/12/1528 2595/12/1531
f 4527/12/3661 4526/12/3660 2596/12/1532 2668/12/1529
f 4527/12/3661 4528/13/3662 2665/13/3490 2667/12/1528
f 4528/13/3662 4527/12/3661 2668/12/1529 2666/13/3491
f 4528/13/3662 4529/13/3663 2607/13/3571 2665/13/3490
f 4529/13/3663 4528/13/3662 2666/13/3491 2608/13/3572
f 4529/13/3663 4526/12/3660 2595/12/1531 2607/13/3571
f 4526/12/3660 4529/13/3663 2608/13/3572 2596/12/1532
f 4530/11/3664 4531/10/3665 2649/10/1429 2655/11/3453
f 4531/10/3665 4530/11/3664 2656/11/3456 2650/10/1430
f 4531/10/3665 4532/10/3666 2647/10/696 2649/10/1429
f 4532/10/3666 4531/10/3665 2650/10/1430 2648/10/699
f 4532/10/3666 4533/11/3667 2653/11/3458 2647/10/696
f 4533/11/3667 4532/10/3666 2648/10/699 2654/11/3459
f 4533/11/3667 4530/11/3664 2655/11/3453 2653/11/3458
f 4530/11/3664 4533/11/3667 2654/11/3459 2656/11/3456
f 4534/72/3668 4535/66/3669 2015/66/3670 2013/72/3671
f 4535/66/3669 4534/72/3668 2014/72/3672 2016/66/3673
f 4535/66/3669 4536/19/3674 2011/19/2407 2015/66/3670
f 4536/19/3674 4535/66/3669 2016/66/3673 2012/19/2410
f 4536/19/3674 4537/18/3675 2005/18/2408 2011/19/2407
f 4537/18/3675 4536/19/3674 2012/19/2410 2006/18/2409
f 4537/18/3675 4534/72/3668 2013/72/3671 2005/18/2408
f 4534/72/3668 4537/18/3675 2006/18/2409 2014/72/3672
f 4538/21/3676 4539/21/3677 1763/21/3678 1757/21/3679
f 4539/21/3677 4538/21/3676 1758/21/3680 1764/21/3681
f 4539/21/3677 4540/21/3682 1765/21/1978 1763/21/3678
f 4540/21/3682 4539/21/3677 1764/21/3681 1766/21/1979
f 4540/21/3682 4541/22/3683 1767/22/1973 1765/21/1978
f 4541/22/3683 4540/21/3682 1766/21/1979 1768/22/1976
f 4541/22/3683 4542/22/3684 1761/22/1984 1767/22/1973
f 4542/22/3684 4541/22/3683 1768/22/1976 1762/22/1985
f 4542/22/3684 4543/22/3685 1753/22/3021 1761/22/1984
f 4543/22/3685 4542/22/3684 1762/22/1985 1754/22/3022
f 4543/22/3685 4544/22/3686 1755/22/3099 1753/22/3021
f 4544/22/3686 4543/22/3685 1754/22/3022 1756/22/3100
f 4544/22/3686 4545/21/3687 1759/21/3688 1755/22/3099
f 4545/21/3687 4544/22/3686 1756/22/3100 1760/21/3689
f 4545/21/3687 4538/21/3676 1757/21/3679 1759/21/3688
f 4538/21/3676 4545/21/3687 1760/21/3689 1758/21/3680
f 4546/68/3690 4547/44/3691 2003/44/3692 1997/68/3693
f 4547/44/3691 4546/68/3690 1998/68/3694 2004/44/3695
f 4547/44/3691 4548/43/3696 1999/43/3697 2003/44/3692
f 4548/43/3696 4547/44/3691 2004/44/3695 2000/43/3698
f 4548/43/3696 4549/67/3699 2001/67/3700 1999/43/3697
f 4549/67/3699 4548/43/3696 2000/43/3698 2002/67/3701
f 4549/67/3699 4546/68/3690 1997/68/3693 2001/67/3700
f 4546/68/3690 4549/67/3699 2002/67/3701 1998/68/3694
f 4550/12/3702 4551/12/3703 2269/12/1465 2279/12/3034
f 4551/12/3703 4550/12/3702 2280/12/3035 2270/12/1468
f 4551/12/3703 4552/24/3704 2267/24/1466 2269/12/1465
f 4552/24/3704 4551/12/3703 2270/12/1468 2268/24/1467
f 4552/24/3704 4553/24/3705 2271/24/2227 2267/24/1466
f 4553/24/3705 4552/24/3704 2268/24/1467 2272/24/2228
f 4553/24/3705 4550/12/3702 2279/12/3034 2271/24/2227
f 4550/12/3702 4553/24/3705 2272/24/2228 2280/12/3035
f 4554/29/3706 4555/30/3707 1065/30/3708 1061/29/3709
f 4555/30/3707 4554/29/3706 1062/29/3710 1066/30/3711
f 4555/30/3707 4556/15/3712 1059/15/3713 1065/30/3708
f 4556/15/3712 4555/30/3707 1066/30/3711 1060/15/3714
f 4556/15/3712 4557/11/3715 1063/11/3716 1059/15/3713
f 4557/11/3715 4556/15/3712 1060/15/3714 1064/11/3717
f 4557/11/3715 4554/29/3706 1061/29/3709 1063/11/3716
f 4554/29/3706 4557/11/3715 1064/11/3717 1062/29/3710
f 4558/12/3718 4559/12/3719 2327/12/2951 2325/12/2857
f 4559/12/3719 4558/12/3718 2326/12/2858 2328/12/2952
f 4559/12/3719 4560/24/3720 2323/24/3721 2327/12/2951
f 4560/24/3720 4559/12/3719 2328/12/2952 2324/24/3722
f 4560/24/3720 4561/24/3723 2317/24/2935 2323/24/3721
f 4561/24/3723 4560/24/3720 2324/24/3722 2318/24/2936
f 4561/24/3723 4558/12/3718 2325/12/2857 2317/24/2935
f 4558/12/3718 4561/24/3723 2318/24/2936 2326/12/2858
f 4562/13/3724 4563/12/3725 2553/12/1603 2545/13/3612
f 4563/12/3725 4562/13/3724 2546/13/3613 2554/12/1604
f 4563/12/3725 4564/12/3726 2551/12/1607 2553/12/1603
f 4564/12/3726 4563/12/3725 2554/12/1604 2552/12/1608
f 4564/12/3726 4565/13/3727 2549/13/3494 2551/12/1607
f 4565/13/3727 4564/12/3726 2552/12/1608 2550/13/3495
f 4565/13/3727 4562/13/3724 2545/13/3612 2549/13/3494
f 4562/13/3724 4565/13/3727 2550/13/3495 2546/13/3613
f 4566/21/3728 4567/20/3729 1935/20/3730 1929/21/3731
f 4567/20/3729 4566/21/3728 1930/21/3732 1936/20/3733
f 4567/20/3729 4568/23/3734 1931/23/3735 1935/20/3730
f 4568/23/3734 4567/20/3729 1936/20/3733 1932/23/3736
f 4568/23/3734 4569/22/3737 1933/22/3738 1931/23/3735
f 4569/22/3737 4568/23/3734 1932/23/3736 1934/22/3739
f 4569/22/3737 4566/21/3728 1929/21/3731 1933/22/3738
f 4566/21/3728 4569/22/3737 1934/22/3739 1930/21/3732
f 4570/48/3740 4571/47/3741 1339/47/3742 1337/48/3743
f 4571/47/3741 4570/48/3740 1338/48/3744 1340/47/3745
f 4571/47/3741 4572/55/3746 1333/55/3747 1339/47/3742
f 4572/55/3746 4571/47/3741 1340/47/3745 1334/55/3748
f 4572/55/3746 4573/54/3749 1335/54/3750 1333/55/3747
f 4573/54/3749 4572/55/3746 1334/55/3748 1336/54/3751
f 4573/54/3749 4570/48/3740 1337/48/3743 1335/54/3750
f 4570/48/3740 4573/54/3749 1336/54/3751 1338/48/3744
f 4574/53/3752 4575/37/3753 1355/37/3754 1349/53/3755
f 4575/37/3753 4574/53/3752 1350/53/3756 1356/37/3757
f 4575/37/3753 4576/38/3758 1351/38/3759 1355/37/3754
f 4576/38/3758 4575/37/3753 1356/37/3757 1352/38/3760
f 4576/38/3758 4577/52/3761 1353/52/3762 1351/38/3759
f 4577/52/3761 4576/38/3758 1352/38/3760 1354/52/3763
f 4577/52/3761 4574/53/3752 1349/53/3755 1353/52/3762
f 4574/53/3752 4577/52/3761 1354/52/3763 1350/53/3756
f 4578/45/3764 4579/46/3765 2713/46/3766 2707/45/3767
f 4579/46/3765 4578/45/3764 2708/45/3768 2714/46/3769
f 4579/46/3765 4580/43/3770 2709/43/3771 2713/46/3766
f 4580/43/3770 4579/46/3765 2714/46/3769 2710/43/3772
f 4580/43/3770 4581/44/3773 2711/44/3774 2709/43/3771
f 4581/44/3773 4580/43/3770 2710/43/3772 2712/44/3775
f 4581/44/3773 4578/45/3764 2707/45/3767 2711/44/3774
f 4578/45/3764 4581/44/3773 2712/44/3775 2708/45/3768
f 4582/59/3776 4583/60/3777 2841/60/3778 2835/59/3779
f 4583/60/3777 4582/59/3776 2836/59/3780 2842/60/3781
f 4583/60/3777 4584/31/3782 2837/31/3783 2841/60/3778
f 4584/31/3782 4583/60/3777 2842/60/3781 2838/31/3784
f 4584/31/3782 4585/63/3785 2839/63/3786 2837/31/3783
f 4585/63/3785 4584/31/3782 2838/31/3784 2840/63/3787
f 4585/63/3785 4582/59/3776 2835/59/3779 2839/63/3786
f 4582/59/3776 4585/63/3785 2840/63/3787 2836/59/3780
f 4586/44/3788 4587/60/3789 2729/60/3790 2727/44/3791
f 4587/60/3789 4586/44/3788 2728/44/3792 2730/60/3793
f 4587/60/3789 4588/59/3794 2723/59/3795 2729/60/3790
f 4588/59/3794 4587/60/3789 2730/60/3793 2724/59/3796
f 4588/59/3794 4589/45/3797 2725/45/3798 2723/59/3795
f 4589/45/3797 4588/59/3794 2724/59/3796 2726/45/3799
f 4589/45/3797 4586/44/3788 2727/44/3791 2725/45/3798
f 4586/44/3788 4589/45/3797 2726/45/3799 2728/44/3792
f 4590/47/3800 4591/55/3801 1563/55/3802 1557/47/3803
f 4591/55/3801 4590/47/3800 1558/47/3804 1564/55/3805
f 4591/55/3801 4592/54/3806 1559/54/3807 1563/55/3802
f 4592/54/3806 4591/55/3801 1564/55/3805 1560/54/3808
f 4592/54/3806 4593/48/3809 1561/48/3810 1559/54/3807
f 4593/48/3809 4592/54/3806 1560/54/3808 1562/48/3811
f 4593/48/3809 4590/47/3800 1557/47/3803 1561/48/3810
f 4590/47/3800 4593/48/3809 1562/48/3811 1558/47/3804
f 4594/34/3812 4595/56/3813 2769/56/3814 2767/34/3815
f 4595/56/3813 4594/34/3812 2768/34/3816 2770/56/3817
f 4595/56/3813 4596/57/3818 2763/57/3819 2769/56/3814
f 4596/57/3818 4595/56/3813 2770/56/3817 2764/57/3820
f 4596/57/3818 4597/58/3821 2765/58/3822 2763/57/3819
f 4597/58/3821 4596/57/3818 2764/57/3820 2766/58/3823
f 4597/58/3821 4594/34/3812 2767/34/3815 2765/58/3822
f 4594/34/3812 4597/58/3821 2766/58/3823 2768/34/3816
f 4598/49/3824 4599/48/3825 2181/48/3826 2175/49/3827
f 4599/48/3825 4598/49/3824 2176/49/3828 2182/48/3829
f 4599/48/3825 4600/39/3830 2177/39/3831 2181/48/3826
f 4600/39/3830 4599/48/3825 2182/48/3829 2178/39/3832
f 4600/39/3830 4601/61/3833 2179/61/3834 2177/39/3831
f 4601/61/3833 4600/39/3830 2178/39/3832 2180/61/3835
f 4601/61/3833 4598/49/3824 2175/49/3827 2179/61/3834
f 4598/49/3824 4601/61/3833 2180/61/3835 2176/49/3828
f 4602/40/3836 4603/10/3837 1291/10/3838 1285/40/3839
f 4603/10/3837 4602/40/3836 1286/40/3840 1292/10/3841
f 4603/10/3837 4604/11/3842 1287/11/3843 1291/10/3838
f 4604/11/3842 4603/10/3837 1292/10/3841 1288/11/3844
f 4604/11/3842 4605/41/3845 1289/41/3846 1287/11/3843
f 4605/41/3845 4604/11/3842 1288/11/3844 1290/41/3847
f 4605/41/3845 4602/40/3836 1285/40/3839 1289/41/3846
f 4602/40/3836 4605/41/3845 1290/41/3847 1286/40/3840
f 4606/57/3848 4607/58/3849 2753/58/3850 2747/57/3851
f 4607/58/3849 4606/57/3848 2748/57/3852 2754/58/3853
f 4607/58/3849 4608/34/3854 2749/34/3855 2753/58/3850
f 4608/34/3854 4607/58/3849 2754/58/3853 2750/34/3856
f 4608/34/3854 4609/56/3857 2751/56/3858 2749/34/3855
f 4609/56/3857 4608/34/3854 2750/34/3856 2752/56/3859
f 4609/56/3857 4606/57/3848 2747/57/3851 2751/56/3858
f 4606/57/3848 4609/56/3857 2752/56/3859 2748/57/3852
f 4610/34/3860 4611/58/3861 2777/58/3862 2771/34/3863
f 4611/58/3861 4610/34/3860 2772/34/3864 2778/58/3865
f 4611/58/3861 4612/63/3866 2773/63/3867 2777/58/3862
f 4612/63/3866 4611/58/3861 2778/58/3865 2774/63/3868
f 4612/63/3866 4613/31/3869 2775/31/3870 2773/63/3867
f 4613/31/3869 4612/63/3866 2774/63/3868 2776/31/3871
f 4613/31/3869 4610/34/3860 2771/34/3863 2775/31/3870
f 4610/34/3860 4613/31/3869 2776/31/3871 2772/34/3864
f 4614/62/3872 4615/58/3873 2117/58/3874 2111/62/3875
f 4615/58/3873 4614/62/3872 2112/62/3876 2118/58/3877
f 4615/58/3873 4616/57/3878 2113/57/3879 2117/58/3874
f 4616/57/3878 4615/58/3873 2118/58/3877 2114/57/3880
f 4616/57/3878 4617/42/3881 2115/42/3882 2113/57/3879
f 4617/42/3881 4616/57/3878 2114/57/3880 2116/42/3883
f 4617/42/3881 4614/62/3872 2111/62/3875 2115/42/3882
f 4614/62/3872 4617/42/3881 2116/42/3883 2112/62/3876
f 4618/63/3884 4619/59/3885 2793/59/3886 2791/63/3887
f 4619/59/3885 4618/63/3884 2792/63/3888 2794/59/3889
f 4619/59/3885 4620/60/3890 2787/60/3891 2793/59/3886
f 4620/60/3890 4619/59/3885 2794/59/3889 2788/60/3892
f 4620/60/3890 4621/31/3893 2789/31/3894 2787/60/3891
f 4621/31/3893 4620/60/3890 2788/60/3892 2790/31/3895
f 4621/31/3893 4618/63/3884 2791/63/3887 2789/31/3894
f 4618/63/3884 4621/31/3893 2790/31/3895 2792/63/3888
f 4622/39/3896 4623/40/3897 1483/40/3898 1477/39/3899
f 4623/40/3897 4622/39/3896 1478/39/3900 1484/40/3901
f 4623/40/3897 4624/41/3902 1479/41/3903 1483/40/3898
f 4624/41/3902 4623/40/3897 1484/40/3901 1480/41/3904
f 4624/41/3902 4625/42/3905 1481/42/3906 1479/41/3903
f 4625/42/3905 4624/41/3902 1480/41/3904 1482/42/3907
f 4625/42/3905 4622/39/3896 1477/39/3899 1481/42/3906
f 4622/39/3896 4625/42/3905 1482/42/3907 1478/39/3900
f 4626/49/3908 4627/48/3909 2149/48/3910 2143/49/3911
f 4627/48/3909 4626/49/3908 2144/49/3912 2150/48/3913
f 4627/48/3909 4628/39/3914 2145/39/3915 2149/48/3910
f 4628/39/3914 4627/48/3909 2150/48/3913 2146/39/3916
f 4628/39/3914 4629/61/3917 2147/61/3918 2145/39/3915
f 4629/61/3917 4628/39/3914 2146/39/3916 2148/61/3919
f 4629/61/3917 4626/49/3908 2143/49/3911 2147/61/3918
f 4626/49/3908 4629/61/3917 2148/61/3919 2144/49/3912
f 4630/61/3920 4631/16/3921 2801/16/3922 2795/61/3923
f 4631/16/3921 4630/61/3920 2796/61/3924 2802/16/3925
f 4631/16/3921 4632/19/3926 2797/19/3927 2801/16/3922
f 4632/19/3926 4631/16/3921 2802/16/3925 2798/19/3928
f 4632/19/3926 4633/49/3929 2799/49/3930 2797/19/3927
f 4633/49/3929 4632/19/3926 2798/19/3928 2800/49/3931
f 4633/49/3929 4630/61/3920 2795/61/3923 2799/49/3930
f 4630/61/3920 4633/49/3929 2800/49/3931 2796/61/3924
f 4634/41/3932 4635/11/3933 1211/11/3934 1205/41/3935
f 4635/11/3933 4634/41/3932 1206/41/3936 1212/11/3937
f 4635/11/3933 4636/29/3938 1207/29/3939 1211/11/3934
f 4636/29/3938 4635/11/3933 1212/11/3937 1208/29/3940
f 4636/29/3938 4637/36/3941 1209/36/3942 1207/29/3939
f 4637/36/3941 4636/29/3938 1208/29/3940 1210/36/3943
f 4637/36/3941 4634/41/3932 1205/41/3935 1209/36/3942
f 4634/41/3932 4637/36/3941 1210/36/3943 1206/41/3936
f 4638/21/3944 4639/22/3945 1275/22/3946 1269/21/3947
f 4639/22/3945 4638/21/3944 1270/21/3948 1276/22/3949
f 4639/22/3945 4640/54/3950 1271/54/3951 1275/22/3946
f 4640/54/3950 4639/22/3945 1276/22/3949 1272/54/3952
f 4640/54/3950 4641/55/3953 1273/55/3954 1271/54/3951
f 4641/55/3953 4640/54/3950 1272/54/3952 1274/55/3955
f 4641/55/3953 4638/21/3944 1269/21/3947 1273/55/3954
f 4638/21/3944 4641/55/3953 1274/55/3955 1270/21/3948
f 4642/62/3956 4643/58/3957 2441/58/3958 2435/62/3959
f 4643/58/3957 4642/62/3956 2436/62/3960 2442/58/3961
f 4643/58/3957 4644/57/3962 2437/57/3963 2441/58/3958
f 4644/57/3962 4643/58/3957 2442/58/3961 2438/57/3964
f 4644/57/3962 4645/42/3965 2439/42/3966 2437/57/3963
f 4645/42/3965 4644/57/3962 2438/57/3964 2440/42/3967
f 4645/42/3965 4642/62/3956 2435/62/3959 2439/42/3966
f 4642/62/3956 4645/42/3965 2440/42/3967 2436/62/3960
f 4646/61/3968 4647/57/3969 2833/57/3970 2827/61/3971
f 4647/57/3969 4646/61/3968 2828/61/3972 2834/57/3973
f 4647/57/3969 4648/56/3974 2829/56/3975 2833/57/3970
f 4648/56/3974 4647/57/3969 2834/57/3973 2830/56/3976
f 4648/56/3974 4649/16/3977 2831/16/3978 2829/56/3975
f 4649/16/3977 4648/56/3974 2830/56/3976 2832/16/3979
f 4649/16/3977 4646/61/3968 2827/61/3971 2831/16/3978
f 4646/61/3968 4649/16/3977 2832/16/3979 2828/61/3972
f 4650/44/3980 4651/60/3981 2857/60/3982 2855/44/3983
f 4651/60/3981 4650/44/3980 2856/44/3984 2858/60/3985
f 4651/60/3981 4652/59/3986 2851/59/3987 2857/60/3982
f 4652/59/3986 4651/60/3981 2858/60/3985 2852/59/3988
f 4652/59/3986 4653/45/3989 2853/45/3990 2851/59/3987
f 4653/45/3989 4652/59/3986 2852/59/3988 2854/45/3991
f 4653/45/3989 4650/44/3980 2855/44/3983 2853/45/3990
f 4650/44/3980 4653/45/3989 2854/45/3991 2856/44/3984
f 4654/49/3992 4655/19/3993 2705/19/3994 2699/49/3995
f 4655/19/3993 4654/49/3992 2700/49/3996 2706/19/3997
f 4655/19/3993 4656/66/3998 2701/66/3999 2705/19/3994
f 4656/66/3998 4655/19/3993 2706/19/3997 2702/66/4000
f 4656/66/3998 4657/50/4001 2703/50/4002 2701/66/3999
f 4657/50/4001 4656/66/3998 2702/66/4000 2704/50/4003
f 4657/50/4001 4654/49/3992 2699/49/3995 2703/50/4002
f 4654/49/3992 4657/50/4001 2704/50/4003 2700/49/3996
f 4658/24/4004 4659/24/4005 2323/24/3721 2317/24/2935
f 4659/24/4005 4658/24/4004 2318/24/2936 2324/24/3722
f 4659/24/4005 4660/25/4006 2321/25/4007 2323/24/3721
f 4660/25/4006 4659/24/4005 2324/24/3722 2322/25/4008
f 4660/25/4006 4661/25/4009 2319/25/4010 2321/25/4007
f 4661/25/4009 4660/25/4006 2322/25/4008 2320/25/4011
f 4661/25/4009 4662/25/4012 2309/25/4013 2319/25/4010
f 4662/25/4012 4661/25/4009 2320/25/4011 2310/25/4014
f 4662/25/4012 4663/25/4015 2297/25/2880 2309/25/4013
f 4663/25/4015 4662/25/4012 2310/25/4014 2298/25/2881
f 4663/25/4015 4664/24/4016 2305/24/579 2297/25/2880
f 4664/24/4016 4663/25/4015 2298/25/2881 2306/24/580
f 4664/24/4016 4665/24/4017 2313/24/576 2305/24/579
f 4665/24/4017 4664/24/4016 2306/24/580 2314/24/577
f 4665/24/4017 4658/24/4004 2317/24/2935 2313/24/576
f 4658/24/4004 4665/24/4017 2314/24/577 2318/24/2936
f 4666/31/4018 4667/60/4019 2049/60/4020 2045/31/4021
f 4667/60/4019 4666/31/4018 2046/31/4022 2050/60/4023
f 4667/60/4019 4668/69/4024 2047/69/4025 2049/60/4020
f 4668/69/4024 4667/60/4019 2050/60/4023 2048/69/4026
f 4668/69/4024 4669/32/4027 2041/32/4028 2047/69/4025
f 4669/32/4027 4668/69/4024 2048/69/4026 2042/32/4029
f 4669/32/4027 4666/31/4018 2045/31/4021 2041/32/4028
f 4666/31/4018 4669/32/4027 2042/32/4029 2046/31/4022
f 4670/21/4030 4671/21/4031 1623/21/4032 1621/21/4033
f 4671/21/4031 4670/21/4030 1622/21/4034 1624/21/4035
f 4671/21/4031 4672/22/4036 1619/22/2369 1623/21/4032
f 4672/22/4036 4671/21/4031 1624/21/4035 1620/22/2372
f 4672/22/4036 4673/22/4037 1617/22/2370 1619/22/2369
f 4673/22/4037 4672/22/4036 1620/22/2372 1618/22/2371
f 4673/22/4037 4674/22/4038 1625/22/2377 1617/22/2370
f 4674/22/4038 4673/22/4037 1618/22/2371 1626/22/2378
f 4674/22/4038 4675/22/4039 1631/22/1577 1625/22/2377
f 4675/22/4039 4674/22/4038 1626/22/2378 1632/22/1578
f 4675/22/4039 4676/21/4040 1629/21/1581 1631/22/1577
f 4676/21/4040 4675/22/4039 1632/22/1578 1630/21/1582
f 4676/21/4040 4677/21/4041 1627/21/4042 1629/21/1581
f 4677/21/4041 4676/21/4040 1630/21/1582 1628/21/4043
f 4677/21/4041 4670/21/4030 1621/21/4033 1627/21/4042
f 4670/21/4030 4677/21/4041 1628/21/4043 1622/21/4034
f 4678/31/4044 4679/32/4045 2041/32/4028 2045/31/4021
f 4679/32/4045 4678/31/4044 2046/31/4022 2042/32/4029
f 4679/32/4045 4680/33/4046 2043/33/4047 2041/32/4028
f 4680/33/4046 4679/32/4045 2042/32/4029 2044/33/4048
f 4680/33/4046 4681/34/4049 2029/34/4050 2043/33/4047
f 4681/34/4049 4680/33/4046 2044/33/4048 2030/34/4051
f 4681/34/4049 4678/31/4044 2045/31/4021 2029/34/4050
f 4678/31/4044 4681/34/4049 2030/34/4051 2046/31/4022
f 4682/13/4052 4683/29/4053 2949/29/4054 2945/13/4055
f 4683/29/4053 4682/13/4052 2946/13/4056 2950/29/4057
f 4683/29/4053 4684/30/4058 2947/30/4059 2949/29/4054
f 4684/30/4058 4683/29/4053 2950/29/4057 2948/30/4060
f 4684/30/4058 4685/28/4061 2943/28/4062 2947/30/4059
f 4685/28/4061 4684/30/4058 2948/30/4060 2944/28/4063
f 4685/28/4061 4682/13/4052 2945/13/4055 2943/28/4062
f 4682/13/4052 4685/28/4061 2944/28/4063 2946/13/4056
f 4686/68/4064 4687/69/4065 2109/69/4066 2099/68/4067
f 4687/69/4065 4686/68/4064 2100/68/4068 2110/69/4069
f 4687/69/4065 4688/60/4070 2105/60/4071 2109/69/4066
f 4688/60/4070 4687/69/4065 2110/69/4069 2106/60/4072
f 4688/60/4070 4689/44/4073 2107/44/4074 2105/60/4071
f 4689/44/4073 4688/60/4070 2106/60/4072 2108/44/4075
f 4689/44/4073 4686/68/4064 2099/68/4067 2107/44/4074
f 4686/68/4064 4689/44/4073 2108/44/4075 2100/68/4068
f 4690/34/4076 4691/33/4077 2035/33/4078 2029/34/4079
f 4691/33/4077 4690/34/4076 2030/34/4080 2036/33/4081
f 4691/33/4077 4692/71/4082 2031/71/2493 2035/33/4078
f 4692/71/4082 4691/33/4077 2036/33/4081 2032/71/2494
f 4692/71/4082 4693/56/4083 2033/56/2490 2031/71/2493
f 4693/56/4083 4692/71/4082 2032/71/2494 2034/56/2491
f 4693/56/4083 4690/34/4076 2029/34/4079 2033/56/2490
f 4690/34/4076 4693/56/4083 2034/56/2491 2030/34/4080
f 4694/19/4084 4695/18/4085 2085/18/4086 2095/19/4087
f 4695/18/4085 4694/19/4084 2096/19/4088 2086/18/4089
f 4695/18/4085 4696/72/4090 2091/72/4091 2085/18/4086
f 4696/72/4090 4695/18/4085 2086/18/4089 2092/72/4092
f 4696/72/4090 4697/66/4093 2093/66/4094 2091/72/4091
f 4697/66/4093 4696/72/4090 2092/72/4092 2094/66/4095
f 4697/66/4093 4694/19/4084 2095/19/4087 2093/66/4094
f 4694/19/4084 4697/66/4093 2094/66/4095 2096/19/4088
f 4698/24/4096 4699/26/4097 2935/26/4098 2929/24/4099
f 4699/26/4097 4698/24/4096 2930/24/4100 2936/26/4101
f 4699/26/4097 4700/27/4102 2931/27/4103 2935/26/4098
f 4700/27/4102 4699/26/4097 2936/26/4101 2932/27/4104
f 4700/27/4102 4701/12/4105 2933/12/4106 2931/27/4103
f 4701/12/4105 4700/27/4102 2932/27/4104 2934/12/4107
f 4701/12/4105 4698/24/4096 2929/24/4099 2933/12/4106
f 4698/24/4096 4701/12/4105 2934/12/4107 2930/24/4100
f 4702/27/4108 4703/12/4109 2897/12/4110 2899/27/4111
f 4703/12/4109 4702/27/4108 2900/27/4112 2898/12/4113
f 4703/12/4109 4704/13/4114 2895/13/4115 2897/12/4110
f 4704/13/4114 4703/12/4109 2898/12/4113 2896/13/4116
f 4704/13/4114 4705/28/4117 2887/28/4118 2895/13/4115
f 4705/28/4117 4704/13/4114 2896/13/4116 2888/28/4119
f 4705/28/4117 4702/27/4108 2899/27/4111 2887/28/4118
f 4702/27/4108 4705/28/4117 2888/28/4119 2900/27/4112
f 4706/26/4120 4707/70/4121 2969/70/4122 2961/26/4123
f 4707/70/4121 4706/26/4120 2962/26/4124 2970/70/4125
f 4707/70/4121 4708/25/4126 2965/25/4127 2969/70/4122
f 4708/25/4126 4707/70/4121 2970/70/4125 2966/25/4128
f 4708/25/4126 4709/24/4129 2967/24/4130 2965/25/4127
f 4709/24/4129 4708/25/4126 2966/25/4128 2968/24/4131
f 4709/24/4129 4706/26/4120 2961/26/4123 2967/24/4130
f 4706/26/4120 4709/24/4129 2968/24/4131 2962/26/4124
f 4710/30/4132 4711/29/4133 2921/29/4134 2919/30/4135
f 4711/29/4133 4710/30/4132 2920/30/4136 2922/29/4137
f 4711/29/4133 4712/13/4138 2915/13/4139 2921/29/4134
f 4712/13/4138 4711/29/4133 2922/29/4137 2916/13/4140
f 4712/13/4138 4713/28/4141 2917/28/4142 2915/13/4139
f 4713/28/4141 4712/13/4138 2916/13/4140 2918/28/4143
f 4713/28/4141 4710/30/4132 2919/30/4135 2917/28/4142
f 4710/30/4132 4713/28/4141 2918/28/4143 2920/30/4136
f 4714/70/4144 4715/25/4145 2909/25/4146 2913/70/4147
f 4715/25/4145 4714/70/4144 2914/70/4148 2910/25/4149
f 4715/25/4145 4716/24/4150 2911/24/4151 2909/25/4146
f 4716/24/4150 4715/25/4145 2910/25/4149 2912/24/4152
f 4716/24/4150 4717/26/4153 2905/26/4154 2911/24/4151
f 4717/26/4153 4716/24/4150 2912/24/4152 2906/26/4155
f 4717/26/4153 4714/70/4144 2913/70/4147 2905/26/4154
f 4714/70/4144 4717/26/4153 2906/26/4155 2914/70/4148
f 4718/30/4156 4719/28/4157 3031/28/4158 1091/30/4159
f 4719/28/4157 4718/30/4156 1092/30/4160 3032/28/4161
f 4719/28/4157 4720/13/4162 3029/13/4163 3031/28/4158
f 4720/13/4162 4719/28/4157 3032/28/4161 3030/13/4164
f 4720/13/4162 4721/29/4165 3027/29/4166 3029/13/4163
f 4721/29/4165 4720/13/4162 3030/13/4164 3028/29/4167
f 4721/29/4165 4718/30/4156 1091/30/4159 3027/29/4166
f 4718/30/4156 4721/29/4165 3028/29/4167 1092/30/4160
f 4722/13/4168 4723/13/4169 2663/13/3503 2661/13/3487
f 4723/13/4169 4722/13/4168 2662/13/3488 2664/13/3504
f 4723/13/4169 4724/29/4170 2657/29/3454 2663/13/3503
f 4724/29/4170 4723/13/4169 2664/13/3504 2658/29/3455
f 4724/29/4170 4725/29/4171 2659/29/3468 2657/29/3454
f 4725/29/4171 4724/29/4170 2658/29/3455 2660/29/3469
f 4725/29/4171 4726/29/4172 2609/29/3465 2659/29/3468
f 4726/29/4172 4725/29/4171 2660/29/3469 2610/29/3466
f 4726/29/4172 4727/13/4173 2607/13/3571 2609/29/3465
f 4727/13/4173 4726/29/4172 2610/29/3466 2608/13/3572
f 4727/13/4173 4728/13/4174 2665/13/3490 2607/13/3571
f 4728/13/4174 4727/13/4173 2608/13/3572 2666/13/3491
f 4728/13/4174 4722/13/4168 2661/13/3487 2665/13/3490
f 4722/13/4168 4728/13/4174 2666/13/3491 2662/13/3488
f 4729/27/4175 4730/12/4176 2951/12/4177 2955/27/4178
f 4730/12/4176 4729/27/4175 2956/27/4179 2952/12/4180
f 4730/12/4176 4731/13/4181 2953/13/4182 2951/12/4177
f 4731/13/4181 4730/12/4176 2952/12/4180 2954/13/4183
f 4731/13/4181 4732/28/4184 2943/28/4185 2953/13/4182
f 4732/28/4184 4731/13/4181 2954/13/4183 2944/28/4186
f 4732/28/4184 4729/27/4175 2955/27/4178 2943/28/4185
f 4729/27/4175 4732/28/4184 2944/28/4186 2956/27/4179
f 4733/11/4187 4734/10/4188 2613/10/2202 2601/11/2147
f 4734/10/4188 4733/11/4187 2602/11/2148 2614/10/2205
f 4734/10/4188 4735/10/4189 2603/10/3357 2613/10/2202
f 4735/10/4189 4734/10/4188 2614/10/2205 2604/10/3358
f 4735/10/4189 4736/11/4190 2593/11/3363 2603/10/3357
f 4736/11/4190 4735/10/4189 2604/10/3358 2594/11/3364
f 4736/11/4190 4733/11/4187 2601/11/2147 2593/11/3363
f 4733/11/4187 4736/11/4190 2594/11/3364 2602/11/2148
f 4737/49/4191 4738/19/4192 2977/19/4193 2971/49/4194
f 4738/19/4192 4737/49/4191 2972/49/4195 2978/19/4196
f 4738/19/4192 4739/66/4197 2973/66/4198 2977/19/4193
f 4739/66/4197 4738/19/4192 2978/19/4196 2974/66/4199
f 4739/66/4197 4740/50/4200 2975/50/4201 2973/66/4198
f 4740/50/4200 4739/66/4197 2974/66/4199 2976/50/4202
f 4740/50/4200 4737/49/4191 2971/49/4194 2975/50/4201
f 4737/49/4191 4740/50/4200 2976/50/4202 2972/49/4195
f 4741/64/4203 4742/59/4204 2141/59/4205 2135/64/4206
f 4742/59/4204 4741/64/4203 2136/64/4207 2142/59/4208
f 4742/59/4204 4743/63/4209 2137/63/4210 2141/59/4205
f 4743/63/4209 4742/59/4204 2142/59/4208 2138/63/4211
f 4743/63/4209 4744/65/4212 2139/65/4213 2137/63/4210
f 4744/65/4212 4743/63/4209 2138/63/4211 2140/65/4214
f 4744/65/4212 4741/64/4203 2135/64/4206 2139/65/4213
f 4741/64/4203 4744/65/4212 2140/65/4214 2136/64/4207
f 4745/39/4215 4746/42/4216 2133/42/4217 2131/39/4218
f 4746/42/4216 4745/39/4215 2132/39/4219 2134/42/4220
f 4746/42/4216 4747/57/4221 2127/57/4222 2133/42/4217
f 4747/57/4221 4746/42/4216 2134/42/4220 2128/57/4223
f 4747/57/4221 4748/61/4224 2129/61/4225 2127/57/4222
f 4748/61/4224 4747/57/4221 2128/57/4223 2130/61/4226
f 4748/61/4224 4745/39/4215 2131/39/4218 2129/61/4225
f 4745/39/4215 4748/61/4224 2130/61/4226 2132/39/4219
f 4749/26/4227 4750/70/4228 3049/70/4229 3043/26/4230
f 4750/70/4228 4749/26/4227 3044/26/4231 3050/70/4232
f 4750/70/4228 4751/25/4233 3045/25/4234 3049/70/4229
f 4751/25/4233 4750/70/4228 3050/70/4232 3046/25/4235
f 4751/25/4233 4752/24/4236 3047/24/4237 3045/25/4234
f 4752/24/4236 4751/25/4233 3046/25/4235 3048/24/4238
f 4752/24/4236 4749/26/4227 3043/26/4230 3047/24/4237
f 4749/26/4227 4752/24/4236 3048/24/4238 3044/26/4231
f 4753/27/4239 4754/12/4240 3035/12/4241 3037/27/4242
f 4754/12/4240 4753/27/4239 3038/27/4243 3036/12/4244
f 4754/12/4240 4755/13/4245 3033/13/4246 3035/12/4241
f 4755/13/4245 4754/12/4240 3036/12/4244 3034/13/4247
f 4755/13/4245 4756/28/4248 3031/28/4249 3033/13/4246
f 4756/28/4248 4755/13/4245 3034/13/4247 3032/28/4250
f 4756/28/4248 4753/27/4239 3037/27/4242 3031/28/4249
f 4753/27/4239 4756/28/4248 3032/28/4250 3038/27/4243
f 4757/12/4251 4758/27/4252 3013/27/4253 3009/12/4254
f 4758/27/4252 4757/12/4251 3010/12/4255 3014/27/4256
f 4758/27/4252 4759/28/4257 3007/28/4258 3013/27/4253
f 4759/28/4257 4758/27/4252 3014/27/4256 3008/28/4259
f 4759/28/4257 4760/13/4260 3011/13/4261 3007/28/4258
f 4760/13/4260 4759/28/4257 3008/28/4259 3012/13/4262
f 4760/13/4260 4757/12/4251 3009/12/4254 3011/13/4261
f 4757/12/4251 4760/13/4260 3012/13/4262 3010/12/4255
f 4761/13/4263 4762/28/4264 3007/28/4265 3003/13/4266
f 4762/28/4264 4761/13/4263 3004/13/4267 3008/28/4268
f 4762/28/4264 4763/30/4269 1065/30/4270 3007/28/4265
f 4763/30/4269 4762/28/4264 3008/28/4268 1066/30/4271
f 4763/30/4269 4764/29/4272 3005/29/4273 1065/30/4270
f 4764/29/4272 4763/30/4269 1066/30/4271 3006/29/4274
f 4764/29/4272 4761/13/4263 3003/13/4266 3005/29/4273
f 4761/13/4263 4764/29/4272 3006/29/4274 3004/13/4267
f 4765/43/4275 4766/67/4276 2103/67/4277 2097/43/4278
f 4766/67/4276 4765/43/4275 2098/43/4279 2104/67/4280
f 4766/67/4276 4767/68/4281 2099/68/4282 2103/67/4277
f 4767/68/4281 4766/67/4276 2104/67/4280 2100/68/4283
f 4767/68/4281 4768/44/4284 2101/44/4285 2099/68/4282
f 4768/44/4284 4767/68/4281 2100/68/4283 2102/44/4286
f 4768/44/4284 4765/43/4275 2097/43/4278 2101/44/4285
f 4765/43/4275 4768/44/4284 2102/44/4286 2098/43/4279
f 4769/26/4287 4770/24/4288 3041/24/4289 3043/26/4290
f 4770/24/4288 4769/26/4287 3044/26/4291 3042/24/4292
f 4770/24/4288 4771/12/4293 3039/12/4294 3041/24/4289
f 4771/12/4293 4770/24/4288 3042/24/4292 3040/12/4295
f 4771/12/4293 4772/27/4296 3037/27/4297 3039/12/4294
f 4772/27/4296 4771/12/4293 3040/12/4295 3038/27/4298
f 4772/27/4296 4769/26/4287 3043/26/4290 3037/27/4297
f 4769/26/4287 4772/27/4296 3038/27/4298 3044/26/4291
f 4773/10/4299 4774/10/4300 1673/10/2432 1675/10/1729
f 4774/10/4300 4773/10/4299 1676/10/1730 1674/10/2433
f 4774/10/4300 4775/11/4301 1657/11/1929 1673/10/2432
f 4775/11/4301 4774/10/4300 1674/10/2433 1658/11/1930
f 4775/11/4301 4776/11/4302 1671/11/1751 1657/11/1929
f 4776/11/4302 4775/11/4301 1658/11/1930 1672/11/1752
f 4776/11/4302 4773/10/4299 1675/10/1729 1671/11/1751
f 4773/10/4299 4776/11/4302 1672/11/1752 1676/10/1730
f 4777/24/4303 4778/12/4304 2963/12/4305 2957/24/4306
f 4778/12/4304 4777/24/4303 2958/24/4307 2964/12/4308
f 4778/12/4304 4779/27/4309 2959/27/4310 2963/12/4305
f 4779/27/4309 4778/12/4304 2964/12/4308 2960/27/4311
f 4779/27/4309 4780/26/4312 2961/26/4313 2959/27/4310
f 4780/26/4312 4779/27/4309 2960/27/4311 2962/26/4314
f 4780/26/4312 4777/24/4303 2957/24/4306 2961/26/4313
f 4777/24/4303 4780/26/4312 2962/26/4314 2958/24/4307
