# Blender 4.5.3 LTS
# www.blender.org
mtllib glass-mainbody.mtl
o RenderMesh_83022326848791
v -0.062856 -0.302668 0.062856
v -0.064270 -0.302668 0.064270
v 0.000000 -0.302668 0.088892
v -0.000000 -0.302668 0.090892
v -0.058071 -0.268651 0.058071
v -0.059387 -0.267917 0.059387
v -0.058071 -0.336686 0.058071
v -0.059387 -0.337420 0.059387
v -0.088892 -0.302668 0.000000
v -0.090892 -0.302668 0.000000
v 0.000000 -0.268651 0.082125
v -0.000000 -0.267917 0.083986
v -0.044446 -0.239812 0.044446
v -0.045478 -0.238444 0.045478
v -0.082125 -0.268651 0.000000
v -0.083986 -0.267917 0.000000
v 0.000000 -0.239812 0.062856
v 0.000000 -0.238444 0.064315
v -0.062856 -0.239812 0.000000
v -0.064315 -0.238444 0.000000
v -0.024054 -0.220543 0.024054
v -0.024840 -0.218880 0.024840
v 0.000000 -0.220543 0.034017
v 0.000000 -0.218880 0.035128
v -0.034017 -0.220543 0.000000
v -0.035128 -0.218880 0.000000
v 0.024054 -0.220543 0.024054
v 0.024840 -0.218880 0.024840
v -0.024054 -0.220543 -0.024054
v -0.024840 -0.218880 -0.024840
v 0.044446 -0.239812 0.044446
v 0.045478 -0.238444 0.045478
v 0.058071 -0.268651 0.058071
v 0.059387 -0.267917 0.059387
v 0.062856 -0.239812 0.000000
v 0.064315 -0.238444 0.000000
v 0.034017 -0.220543 0.000000
v 0.035128 -0.218880 0.000000
v 0.024054 -0.220543 -0.024054
v 0.024840 -0.218880 -0.024840
v 0.082125 -0.268651 0.000000
v 0.083986 -0.267917 0.000000
v 0.044446 -0.239812 -0.044446
v 0.045478 -0.238444 -0.045478
v 0.062856 -0.302668 0.062856
v 0.064270 -0.302668 0.064270
v 0.000000 -0.239812 -0.062856
v -0.000000 -0.238444 -0.064315
v 0.000000 -0.220543 -0.034017
v -0.000000 -0.218880 -0.035128
v 0.088892 -0.302668 0.000000
v 0.090892 -0.302668 0.000000
v 0.058071 -0.336686 0.058071
v 0.059387 -0.337420 0.059387
v -0.044446 -0.239812 -0.044446
v -0.045478 -0.238444 -0.045478
v 0.000000 -0.268651 -0.082125
v -0.000000 -0.267917 -0.083986
v -0.058071 -0.268651 -0.058071
v -0.059387 -0.267917 -0.059387
v 0.058071 -0.268651 -0.058071
v 0.059387 -0.267917 -0.059387
v 0.000000 -0.302668 -0.088892
v -0.000000 -0.302668 -0.090892
v 0.062856 -0.302668 -0.062856
v 0.064270 -0.302668 -0.064270
v -0.062856 -0.302668 -0.062856
v -0.064270 -0.302668 -0.064270
v -0.058071 -0.336686 -0.058071
v -0.059387 -0.337420 -0.059387
v 0.058071 -0.336686 -0.058071
v 0.059387 -0.337420 -0.059387
v 0.082125 -0.336686 0.000000
v 0.083986 -0.337420 0.000000
v 0.000000 -0.336686 -0.082125
v -0.000000 -0.337420 -0.083986
v 0.044446 -0.365524 -0.044446
v 0.045478 -0.366892 -0.045478
v 0.044446 -0.365524 0.044446
v 0.045478 -0.366892 0.045478
v 0.062856 -0.365524 0.000000
v 0.064315 -0.366892 0.000000
v 0.000000 -0.336686 0.082125
v 0.000000 -0.337420 0.083986
v 0.000000 -0.365524 0.062856
v -0.000000 -0.366892 0.064315
v -0.044446 -0.365524 0.044446
v -0.045478 -0.366892 0.045478
v -0.082125 -0.336686 0.000000
v -0.083986 -0.337420 0.000000
v 0.024054 -0.384794 0.024054
v 0.024652 -0.386607 0.024652
v 0.000000 -0.384794 0.034017
v -0.000000 -0.386607 0.034862
v 0.034017 -0.384794 0.000000
v 0.034862 -0.386607 0.000000
v -0.024054 -0.384794 0.024054
v -0.024652 -0.386607 0.024652
v 0.000000 -0.391560 0.000000
v 0.000000 -0.393560 0.000000
v 0.024054 -0.384794 -0.024054
v 0.024652 -0.386607 -0.024652
v -0.034017 -0.384794 0.000000
v -0.034862 -0.386607 0.000000
v -0.062856 -0.365524 0.000000
v -0.064315 -0.366892 0.000000
v 0.000000 -0.384794 -0.034017
v -0.000000 -0.386607 -0.034862
v -0.024054 -0.384794 -0.024054
v -0.024652 -0.386607 -0.024652
v 0.000000 -0.365524 -0.062856
v -0.000000 -0.366892 -0.064315
v -0.044446 -0.365524 -0.044446
v -0.045478 -0.366892 -0.045478
v 0.340917 -0.292869 0.000000
v 0.341751 -0.294687 0.000000
v 0.241065 -0.292869 0.241065
v 0.241655 -0.294687 0.241655
v 0.222305 -0.305049 0.222305
v 0.222895 -0.306867 0.222895
v 0.000000 -0.292869 0.340917
v 0.000000 -0.294687 0.341751
v 0.314386 -0.305049 0.000000
v 0.315220 -0.306867 0.000000
v 0.000000 -0.305049 0.314386
v 0.000000 -0.306867 0.315221
v 0.222305 -0.305049 -0.222305
v 0.222895 -0.306867 -0.222895
v -0.222305 -0.305049 0.222305
v -0.222895 -0.306867 0.222895
v 0.241065 -0.292869 -0.241065
v 0.241655 -0.294687 -0.241655
v -0.241065 -0.292869 0.241065
v -0.241655 -0.294687 0.241655
v 0.000000 -0.292869 -0.340917
v 0.000000 -0.294687 -0.341751
v -0.340917 -0.292869 0.000000
v -0.341751 -0.294687 0.000000
v 0.000000 -0.305049 -0.314386
v 0.000000 -0.306867 -0.315220
v -0.314386 -0.305049 0.000000
v -0.315220 -0.306867 0.000000
v -0.222305 -0.305049 -0.222305
v -0.222895 -0.306867 -0.222895
v -0.241065 -0.292869 -0.241065
v -0.241655 -0.294687 -0.241655
v 0.000000 0.391560 -0.000000
v 0.000000 0.393032 0.001354
v -0.088437 0.348853 0.026437
v -0.089147 0.350105 0.027826
v 0.000000 0.365725 0.026490
v 0.000000 0.367197 0.027844
v 0.088437 0.348853 0.026437
v 0.089147 0.350105 0.027826
v -0.104641 0.368362 -0.000000
v -0.105408 0.369579 0.001390
v 0.104641 0.368362 -0.000000
v 0.105408 0.369579 0.001390
v -0.122430 0.308994 0.026496
v -0.123696 0.309716 0.027866
v 0.122430 0.308994 0.026496
v 0.123696 0.309716 0.027865
v -0.146920 0.317034 -0.000000
v -0.148210 0.317714 0.001369
v 0.146920 0.317034 -0.000000
v 0.148210 0.317714 0.001369
v -0.157776 0.277829 -0.000000
v -0.159212 0.277872 0.001391
v 0.157776 0.277829 -0.000000
v 0.159212 0.277872 0.001391
v -0.132585 0.281521 0.026460
v -0.134020 0.281628 0.027849
v -0.091222 0.081346 0.026468
v -0.092640 0.081052 0.027848
v -0.114744 0.071613 -0.000000
v -0.116162 0.071319 0.001380
v 0.132585 0.281521 0.026460
v 0.134020 0.281628 0.027849
v 0.091222 0.081346 0.026468
v 0.092640 0.081052 0.027848
v 0.114744 0.071613 -0.000000
v 0.116162 0.071319 0.001380
v -0.104641 0.368362 -0.000000
v -0.105408 0.369579 -0.001390
v -0.122430 0.308994 -0.026496
v -0.123696 0.309716 -0.027865
v -0.146920 0.317034 -0.000000
v -0.148210 0.317714 -0.001369
v -0.157776 0.277829 -0.000000
v -0.159212 0.277872 -0.001392
v -0.088437 0.348853 -0.026437
v -0.089147 0.350105 -0.027826
v -0.132585 0.281521 -0.026460
v -0.134020 0.281628 -0.027849
v -0.091222 0.081346 -0.026468
v -0.092640 0.081052 -0.027848
v -0.114744 0.071613 -0.000000
v -0.116162 0.071319 -0.001380
v 0.000000 0.391560 -0.000000
v 0.000000 0.393032 -0.001354
v 0.000000 0.365725 -0.026490
v 0.000000 0.367197 -0.027844
v 0.088437 0.348853 -0.026437
v 0.089147 0.350105 -0.027826
v 0.104641 0.368362 -0.000000
v 0.105408 0.369579 -0.001390
v 0.122430 0.308994 -0.026496
v 0.123696 0.309716 -0.027866
v 0.146920 0.317034 -0.000000
v 0.148210 0.317714 -0.001369
v 0.157776 0.277829 -0.000000
v 0.159212 0.277872 -0.001391
v 0.132585 0.281521 -0.026460
v 0.134020 0.281628 -0.027849
v 0.091222 0.081346 -0.026468
v 0.092640 0.081052 -0.027848
v 0.114744 0.071613 -0.000000
v 0.116162 0.071319 -0.001380
v 0.362938 -0.227259 0.000000
v 0.364938 -0.227259 0.000000
v 0.241065 -0.161649 0.241065
v 0.242406 -0.161013 0.242406
v 0.256636 -0.227259 0.256636
v 0.258050 -0.227259 0.258050
v 0.340917 -0.161649 0.000000
v 0.342813 -0.161013 0.000000
v 0.241065 -0.161649 -0.241065
v 0.242406 -0.161013 -0.242406
v 0.000000 -0.227259 0.362938
v 0.000000 -0.227259 0.364938
v 0.000000 -0.161649 0.340917
v 0.000000 -0.161013 0.342813
v 0.241065 -0.292869 0.241065
v 0.242406 -0.293505 0.242406
v 0.340917 -0.292869 0.000000
v 0.342813 -0.293505 0.000000
v 0.000000 -0.292869 0.340917
v 0.000000 -0.293505 0.342813
v 0.241065 -0.292869 -0.241065
v 0.242406 -0.293505 -0.242406
v -0.241065 -0.161649 0.241065
v -0.242406 -0.161013 0.242406
v -0.241065 -0.292869 0.241065
v -0.242406 -0.293505 0.242406
v -0.256636 -0.227259 0.256636
v -0.258050 -0.227259 0.258050
v 0.256636 -0.227259 -0.256636
v 0.258050 -0.227259 -0.258050
v 0.000000 -0.227259 -0.362938
v 0.000000 -0.227259 -0.364938
v 0.000000 -0.292869 -0.340917
v 0.000000 -0.293505 -0.342813
v 0.000000 -0.161649 -0.340917
v 0.000000 -0.161013 -0.342813
v -0.241065 -0.292869 -0.241065
v -0.242406 -0.293505 -0.242406
v -0.241065 -0.161649 -0.241065
v -0.242406 -0.161013 -0.242406
v -0.256636 -0.227259 -0.256636
v -0.258050 -0.227259 -0.258050
v -0.362938 -0.227259 0.000000
v -0.364938 -0.227259 0.000000
v -0.340917 -0.292869 0.000000
v -0.342813 -0.293505 0.000000
v -0.340917 -0.161649 0.000000
v -0.342813 -0.161013 0.000000
v 0.000000 0.098323 -0.034017
v 0.000000 0.098323 -0.036017
v 0.000000 -0.220543 -0.034017
v 0.000000 -0.220543 -0.036017
v -0.024054 0.098323 -0.024054
v -0.025468 0.098323 -0.025468
v -0.024054 -0.220543 -0.024054
v -0.025468 -0.220543 -0.025468
v 0.024054 -0.220543 -0.024054
v 0.025468 -0.220543 -0.025468
v -0.034017 0.098323 -0.000000
v -0.036017 0.098323 -0.000000
v 0.024054 0.098323 -0.024054
v 0.025468 0.098323 -0.025468
v -0.034017 -0.220543 0.000000
v -0.036017 -0.220543 0.000000
v 0.034017 -0.220543 0.000000
v 0.036017 -0.220543 0.000000
v -0.024054 0.098323 0.024054
v -0.025468 0.098323 0.025468
v 0.034017 0.098323 -0.000000
v 0.036017 0.098323 -0.000000
v -0.024054 -0.220543 0.024054
v -0.025468 -0.220543 0.025468
v 0.024054 -0.220543 0.024054
v 0.025468 -0.220543 0.025468
v 0.000000 0.098323 0.034017
v 0.000000 0.098323 0.036017
v 0.024054 0.098323 0.024054
v 0.025468 0.098323 0.025468
v 0.000000 -0.220543 0.034017
v 0.000000 -0.220543 0.036017
v 0.340917 -0.161649 0.000000
v 0.341751 -0.159831 0.000000
v 0.222305 -0.149469 0.222305
v 0.222895 -0.147651 0.222895
v 0.241065 -0.161649 0.241065
v 0.241655 -0.159831 0.241655
v 0.000000 -0.161649 0.340917
v 0.000000 -0.159831 0.341751
v 0.314386 -0.149469 0.000000
v 0.315220 -0.147651 0.000000
v 0.000000 -0.149469 0.314386
v 0.000000 -0.147651 0.315220
v 0.222305 -0.149469 -0.222305
v 0.222895 -0.147651 -0.222895
v -0.222305 -0.149469 0.222305
v -0.222895 -0.147651 0.222895
v 0.241065 -0.161649 -0.241065
v 0.241655 -0.159831 -0.241655
v -0.241065 -0.161649 0.241065
v -0.241655 -0.159831 0.241655
v 0.000000 -0.161649 -0.340917
v -0.000000 -0.159831 -0.341751
v -0.340917 -0.161649 0.000000
v -0.341751 -0.159831 0.000000
v 0.000000 -0.149469 -0.314386
v -0.000000 -0.147651 -0.315220
v -0.314386 -0.149469 0.000000
v -0.315220 -0.147651 0.000000
v -0.222305 -0.149469 -0.222305
v -0.222895 -0.147651 -0.222895
v -0.241065 -0.161649 -0.241065
v -0.241655 -0.159831 -0.241655
v -0.088437 0.348853 0.026437
v -0.087731 0.347654 0.027873
v -0.097259 0.299730 -0.000000
v -0.096066 0.298946 0.001401
v -0.071943 0.326918 -0.000000
v -0.071288 0.325689 0.001436
v -0.122430 0.308994 0.026496
v -0.121211 0.308248 0.027895
v 0.000000 0.365725 0.026490
v 0.000000 0.364299 0.027892
v -0.105560 0.284023 -0.000000
v -0.104179 0.283838 0.001435
v 0.000000 0.338521 -0.000000
v 0.000000 0.337095 0.001402
v -0.132585 0.281521 0.026460
v -0.131200 0.281412 0.027899
v -0.065941 0.091443 -0.000000
v -0.064567 0.091726 0.001425
v -0.091222 0.081346 0.026468
v -0.089848 0.081629 0.027893
v 0.071943 0.326918 -0.000000
v 0.071288 0.325689 0.001436
v 0.088437 0.348853 0.026437
v 0.087731 0.347654 0.027873
v 0.097259 0.299730 -0.000000
v 0.096066 0.298946 0.001401
v 0.122430 0.308994 0.026496
v 0.121211 0.308248 0.027895
v 0.105560 0.284023 -0.000000
v 0.104179 0.283838 0.001435
v 0.132585 0.281521 0.026460
v 0.131200 0.281412 0.027899
v 0.065941 0.091443 -0.000000
v 0.064567 0.091726 0.001425
v 0.091222 0.081346 0.026468
v 0.089848 0.081629 0.027893
v -0.088437 0.348853 -0.026437
v -0.087731 0.347654 -0.027873
v -0.097259 0.299730 -0.000000
v -0.096066 0.298946 -0.001401
v -0.122430 0.308994 -0.026496
v -0.121211 0.308248 -0.027895
v -0.105560 0.284023 -0.000000
v -0.104179 0.283838 -0.001435
v -0.071943 0.326918 -0.000000
v -0.071288 0.325689 -0.001436
v -0.132585 0.281521 -0.026460
v -0.131200 0.281412 -0.027899
v -0.065941 0.091443 -0.000000
v -0.064567 0.091726 -0.001425
v -0.091222 0.081346 -0.026468
v -0.089848 0.081629 -0.027893
v 0.000000 0.365725 -0.026490
v 0.000000 0.364299 -0.027893
v 0.000000 0.338521 -0.000000
v 0.000000 0.337095 -0.001403
v 0.071943 0.326918 -0.000000
v 0.071288 0.325689 -0.001436
v 0.088437 0.348853 -0.026437
v 0.087731 0.347654 -0.027873
v 0.097259 0.299730 -0.000000
v 0.096066 0.298946 -0.001401
v 0.122430 0.308994 -0.026496
v 0.121211 0.308248 -0.027895
v 0.105560 0.284023 -0.000000
v 0.104179 0.283838 -0.001435
v 0.132585 0.281521 -0.026460
v 0.131200 0.281412 -0.027899
v 0.065941 0.091443 -0.000000
v 0.064567 0.091726 -0.001425
v 0.091222 0.081346 -0.026468
v 0.089848 0.081629 -0.027893
v -0.082095 -0.337904 -0.000945
v -0.058718 -0.337904 -0.057381
v -0.045756 -0.365357 -0.044418
v -0.063763 -0.365357 -0.000945
v -0.089313 -0.303652 0.000926
v -0.082867 -0.336069 0.000926
v -0.059251 -0.336069 0.057941
v -0.063809 -0.303652 0.062498
v 0.062305 -0.238542 0.000975
v 0.035046 -0.220298 0.000975
v 0.025471 -0.220298 0.024092
v 0.044745 -0.238542 0.043367
v 0.059251 -0.336069 0.057941
v 0.082867 -0.336069 0.000926
v 0.089313 -0.303652 0.000926
v 0.063809 -0.303652 0.062498
v 0.363232 -0.226304 0.000931
v 0.341800 -0.162286 0.000931
v 0.242348 -0.162286 0.241031
v 0.257502 -0.226304 0.256186
v 0.044418 -0.239979 -0.045756
v 0.057381 -0.267433 -0.058718
v 0.000945 -0.267433 -0.082095
v 0.000945 -0.239979 -0.063763
v 0.082095 -0.267433 -0.000945
v 0.058718 -0.267433 -0.057381
v 0.045756 -0.239979 -0.044418
v 0.063763 -0.239979 -0.000945
v -0.057381 -0.337904 -0.058718
v -0.000945 -0.337904 -0.082095
v -0.000945 -0.365357 -0.063763
v -0.044418 -0.365357 -0.045756
v 0.025377 -0.385114 0.023998
v 0.034913 -0.385114 0.000975
v 0.062305 -0.366794 0.000975
v 0.044745 -0.366794 0.043367
v -0.045756 -0.239979 0.044418
v -0.063763 -0.239979 0.000946
v -0.082095 -0.267433 0.000946
v -0.058718 -0.267433 0.057381
v 0.242348 -0.292232 -0.241031
v 0.257502 -0.228214 -0.256186
v 0.363232 -0.228214 -0.000931
v 0.341800 -0.292232 -0.000931
v 0.044745 -0.366794 -0.043367
v 0.062305 -0.366794 -0.000975
v 0.034913 -0.385114 -0.000975
v 0.025377 -0.385114 -0.023998
v 0.339957 -0.160295 0.000985
v 0.315364 -0.149005 0.000985
v 0.223694 -0.149005 0.222300
v 0.241083 -0.160295 0.239689
v -0.063809 -0.301684 -0.062498
v -0.089313 -0.301684 -0.000926
v -0.082867 -0.269268 -0.000926
v -0.059251 -0.269268 -0.057941
v -0.000975 -0.238542 0.062305
v -0.000975 -0.220298 0.035046
v -0.024092 -0.220298 0.025471
v -0.043367 -0.238542 0.044745
v -0.082095 -0.337904 0.000946
v -0.063763 -0.365357 0.000946
v -0.045756 -0.365357 0.044418
v -0.058718 -0.337904 0.057381
v -0.057941 -0.336069 0.059251
v -0.000926 -0.336069 0.082867
v -0.000926 -0.303652 0.089313
v -0.062498 -0.303652 0.063809
v 0.045756 -0.365357 0.044418
v 0.063763 -0.365357 0.000946
v 0.082095 -0.337904 0.000946
v 0.058718 -0.337904 0.057381
v 0.363232 -0.226304 -0.000931
v 0.257502 -0.226304 -0.256186
v 0.242348 -0.162286 -0.241031
v 0.341800 -0.162286 -0.000931
v 0.089313 -0.301684 0.000926
v 0.082867 -0.269268 0.000926
v 0.059251 -0.269268 0.057941
v 0.063809 -0.301684 0.062498
v 0.000975 -0.238542 0.062305
v 0.043367 -0.238542 0.044745
v 0.024092 -0.220298 0.025471
v 0.000975 -0.220298 0.035046
v 0.000931 -0.226304 -0.363232
v 0.000931 -0.162286 -0.341800
v 0.241031 -0.162286 -0.242348
v 0.256186 -0.226304 -0.257502
v -0.000945 -0.267433 0.082095
v -0.000945 -0.239979 0.063763
v -0.044418 -0.239979 0.045756
v -0.057381 -0.267433 0.058718
v 0.000975 -0.366794 -0.062305
v 0.043367 -0.366794 -0.044745
v 0.023998 -0.385114 -0.025377
v 0.000975 -0.385114 -0.034913
v 0.057941 -0.336069 -0.059251
v 0.000926 -0.336069 -0.082867
v 0.000926 -0.303652 -0.089313
v 0.062498 -0.303652 -0.063809
v 0.241031 -0.292232 -0.242348
v 0.000931 -0.292232 -0.341800
v 0.000931 -0.228214 -0.363232
v 0.256186 -0.228214 -0.257502
v -0.242348 -0.292232 -0.241031
v -0.341800 -0.292232 -0.000931
v -0.363232 -0.228214 -0.000931
v -0.257502 -0.228214 -0.256186
v 0.339957 -0.160295 -0.000985
v 0.241083 -0.160295 -0.239689
v 0.223694 -0.149005 -0.222300
v 0.315364 -0.149005 -0.000985
v -0.222300 -0.149005 0.223694
v -0.239689 -0.160295 0.241083
v -0.000985 -0.160295 0.339957
v -0.000985 -0.149005 0.315364
v 0.222300 -0.305513 -0.223694
v 0.000985 -0.305513 -0.315364
v 0.000985 -0.294223 -0.339957
v 0.239689 -0.294223 -0.241083
v -0.223694 -0.149005 -0.222300
v -0.241083 -0.160295 -0.239689
v -0.339957 -0.160295 -0.000985
v -0.315364 -0.149005 -0.000985
v -0.059251 -0.269268 0.057941
v -0.082867 -0.269268 0.000926
v -0.089313 -0.301684 0.000926
v -0.063809 -0.301684 0.062498
v -0.000975 -0.238542 -0.062305
v -0.043367 -0.238542 -0.044745
v -0.024092 -0.220298 -0.025471
v -0.000975 -0.220298 -0.035046
v 0.082095 -0.337904 -0.000945
v 0.063763 -0.365357 -0.000945
v 0.045756 -0.365357 -0.044418
v 0.058718 -0.337904 -0.057381
v 0.000975 -0.238542 -0.062305
v 0.000975 -0.220298 -0.035046
v 0.024092 -0.220298 -0.025471
v 0.043367 -0.238542 -0.044745
v 0.044418 -0.365357 -0.045756
v 0.000945 -0.365357 -0.063763
v 0.000945 -0.337904 -0.082095
v 0.057381 -0.337904 -0.058718
v 0.000926 -0.336069 0.082867
v 0.057941 -0.336069 0.059251
v 0.062498 -0.303652 0.063809
v 0.000926 -0.303652 0.089313
v -0.025471 -0.220298 -0.024092
v -0.044745 -0.238542 -0.043367
v -0.062305 -0.238542 -0.000975
v -0.035046 -0.220298 -0.000975
v -0.241031 -0.292232 -0.242348
v -0.256186 -0.228214 -0.257502
v -0.000931 -0.228214 -0.363232
v -0.000931 -0.292232 -0.341800
v -0.044418 -0.365357 0.045756
v -0.000945 -0.365357 0.063763
v -0.000945 -0.337904 0.082095
v -0.057381 -0.337904 0.058718
v 0.066128 0.092304 0.001415
v 0.090068 0.082743 0.026478
v 0.130974 0.280550 0.026479
v 0.105383 0.282882 0.001418
v 0.000997 -0.391999 0.002406
v 0.022608 -0.385911 0.024017
v 0.000997 -0.385911 0.032969
v -0.000997 -0.391999 0.002406
v -0.000997 -0.385911 0.032969
v -0.022608 -0.385911 0.024017
v 0.002406 -0.391999 0.000997
v 0.032969 -0.385911 0.000997
v 0.024017 -0.385911 0.022608
v 0.242348 -0.292232 0.241031
v 0.341800 -0.292232 0.000931
v 0.363232 -0.228214 0.000931
v 0.257502 -0.228214 0.256186
v 0.002406 -0.391999 -0.000997
v 0.024017 -0.385911 -0.022608
v 0.032969 -0.385911 -0.000997
v -0.002406 -0.391999 0.000997
v -0.024017 -0.385911 0.022608
v -0.032969 -0.385911 0.000997
v 0.000945 -0.267433 0.082095
v 0.057381 -0.267433 0.058718
v 0.044418 -0.239979 0.045756
v 0.000945 -0.239979 0.063763
v 0.000997 -0.391999 -0.002406
v 0.000997 -0.385911 -0.032969
v 0.022608 -0.385911 -0.024017
v -0.002406 -0.391999 -0.000997
v -0.032969 -0.385911 -0.000997
v -0.024017 -0.385911 -0.022608
v -0.000997 -0.391999 -0.002406
v -0.022608 -0.385911 -0.024017
v -0.000997 -0.385911 -0.032969
v 0.062305 -0.238542 -0.000975
v 0.044745 -0.238542 -0.043367
v 0.025471 -0.220298 -0.024092
v 0.035046 -0.220298 -0.000975
v -0.043367 -0.366794 -0.044745
v -0.000975 -0.366794 -0.062305
v -0.000975 -0.385114 -0.034913
v -0.023998 -0.385114 -0.025377
v -0.000975 -0.366794 0.062305
v -0.043367 -0.366794 0.044745
v -0.023998 -0.385114 0.025377
v -0.000975 -0.385114 0.034913
v -0.062305 -0.366794 -0.000975
v -0.044745 -0.366794 -0.043367
v -0.025377 -0.385114 -0.023998
v -0.034913 -0.385114 -0.000975
v -0.363232 -0.226304 -0.000931
v -0.341800 -0.162286 -0.000931
v -0.242348 -0.162286 -0.241031
v -0.257502 -0.226304 -0.256186
v 0.000985 -0.160295 -0.339957
v 0.000985 -0.149005 -0.315364
v 0.222300 -0.149005 -0.223694
v 0.239689 -0.160295 -0.241083
v 0.223694 -0.305513 0.222300
v 0.315364 -0.305513 0.000985
v 0.339957 -0.294223 0.000985
v 0.241083 -0.294223 0.239689
v 0.000985 -0.294223 0.339957
v 0.000985 -0.305513 0.315364
v 0.222300 -0.305513 0.223694
v 0.239689 -0.294223 0.241083
v -0.059251 -0.336069 -0.057941
v -0.082867 -0.336069 -0.000926
v -0.089313 -0.303652 -0.000926
v -0.063809 -0.303652 -0.062498
v 0.000945 -0.365357 0.063763
v 0.044418 -0.365357 0.045756
v 0.057381 -0.337904 0.058718
v 0.000945 -0.337904 0.082095
v -0.000926 -0.303652 -0.089313
v -0.000926 -0.336069 -0.082867
v -0.057941 -0.336069 -0.059251
v -0.062498 -0.303652 -0.063809
v -0.000985 -0.294223 0.339957
v -0.239689 -0.294223 0.241083
v -0.222300 -0.305513 0.223694
v -0.000985 -0.305513 0.315364
v -0.062305 -0.366794 0.000975
v -0.034913 -0.385114 0.000975
v -0.025377 -0.385114 0.023998
v -0.044745 -0.366794 0.043367
v 0.000988 0.391371 -0.001401
v 0.103529 0.368637 -0.001456
v 0.088219 0.350243 -0.026366
v 0.000991 0.366976 -0.026445
v -0.000988 0.391371 -0.001401
v -0.000991 0.366976 -0.026445
v -0.088219 0.350243 -0.026366
v -0.103529 0.368637 -0.001456
v 0.105219 0.367655 -0.001423
v 0.146223 0.317947 -0.001426
v 0.123077 0.310369 -0.026437
v 0.089891 0.349249 -0.026406
v -0.105219 0.367655 -0.001423
v -0.089891 0.349249 -0.026406
v -0.123077 0.310369 -0.026437
v -0.146223 0.317947 -0.001426
v -0.157147 0.280104 0.001413
v -0.124813 0.308877 0.025576
v -0.147169 0.316192 0.001402
v 0.157147 0.280104 0.001413
v 0.147169 0.316192 0.001402
v 0.124813 0.308878 0.025576
v -0.124625 0.306990 0.026414
v -0.155871 0.279176 0.003066
v -0.133662 0.282463 0.026392
v 0.092781 0.081919 0.026431
v 0.115013 0.072720 0.001417
v 0.157603 0.276971 0.001417
v 0.133786 0.280494 0.026433
v 0.155871 0.279176 0.003066
v 0.124625 0.306990 0.026414
v 0.133662 0.282463 0.026392
v -0.092781 0.081919 -0.026431
v -0.115013 0.072720 -0.001417
v -0.157603 0.276971 -0.001417
v -0.133786 0.280494 -0.026433
v -0.105219 0.367655 0.001423
v -0.146223 0.317947 0.001426
v -0.123077 0.310369 0.026437
v -0.089891 0.349249 0.026406
v -0.124813 0.308878 -0.025576
v -0.157147 0.280104 -0.001413
v -0.147169 0.316192 -0.001402
v -0.155871 0.279176 -0.003066
v -0.124625 0.306990 -0.026414
v -0.133662 0.282463 -0.026392
v 0.157603 0.276971 -0.001417
v 0.115013 0.072720 -0.001417
v 0.092781 0.081919 -0.026431
v 0.133786 0.280494 -0.026433
v -0.000988 0.391371 0.001401
v -0.103529 0.368637 0.001456
v -0.088219 0.350243 0.026366
v -0.000991 0.366976 0.026445
v 0.071027 0.327084 0.001454
v 0.086592 0.347844 0.026424
v 0.000991 0.364100 0.026487
v 0.000994 0.338369 0.001403
v 0.157147 0.280104 -0.001413
v 0.124813 0.308877 -0.025576
v 0.147169 0.316192 -0.001402
v 0.124625 0.306990 -0.026414
v 0.155871 0.279176 -0.003066
v 0.133662 0.282463 -0.026392
v 0.123077 0.310369 0.026436
v 0.146223 0.317947 0.001426
v 0.105219 0.367655 0.001423
v 0.089891 0.349249 0.026406
v 0.000926 -0.301684 0.089313
v 0.062498 -0.301684 0.063809
v 0.057941 -0.269268 0.059251
v 0.000926 -0.269268 0.082867
v 0.241031 -0.162286 0.242348
v 0.000931 -0.162286 0.341800
v 0.000931 -0.226304 0.363232
v 0.256186 -0.226304 0.257502
v -0.241031 -0.162286 0.242348
v -0.256186 -0.226304 0.257502
v -0.000931 -0.226304 0.363232
v -0.000931 -0.162286 0.341800
v 0.057941 -0.269268 -0.059251
v 0.062498 -0.301684 -0.063808
v 0.000926 -0.301684 -0.089313
v 0.000926 -0.269268 -0.082867
v -0.242348 -0.292232 0.241031
v -0.257502 -0.228214 0.256186
v -0.363232 -0.228214 0.000931
v -0.341800 -0.292232 0.000931
v 0.000931 -0.228214 0.363232
v 0.000931 -0.292232 0.341800
v 0.241031 -0.292232 0.242348
v 0.256186 -0.228214 0.257502
v -0.045756 -0.239979 -0.044418
v -0.058718 -0.267433 -0.057381
v -0.082095 -0.267433 -0.000945
v -0.063763 -0.239979 -0.000945
v -0.339957 -0.294223 -0.000985
v -0.241083 -0.294223 -0.239689
v -0.223694 -0.305513 -0.222300
v -0.315364 -0.305513 -0.000985
v -0.025471 -0.220298 0.024092
v -0.035046 -0.220298 0.000975
v -0.062305 -0.238542 0.000975
v -0.044745 -0.238542 0.043367
v -0.000931 -0.226304 -0.363232
v -0.256186 -0.226304 -0.257502
v -0.241031 -0.162286 -0.242348
v -0.000931 -0.162286 -0.341800
v -0.000945 -0.267433 -0.082095
v -0.057381 -0.267433 -0.058718
v -0.044418 -0.239979 -0.045756
v -0.000945 -0.239979 -0.063763
v -0.242348 -0.162286 0.241031
v -0.341800 -0.162286 0.000931
v -0.363232 -0.226304 0.000931
v -0.257502 -0.226304 0.256186
v 0.089313 -0.301684 -0.000926
v 0.063809 -0.301684 -0.062498
v 0.059251 -0.269268 -0.057941
v 0.082867 -0.269268 -0.000926
v -0.000926 -0.301684 0.089313
v -0.000926 -0.269268 0.082867
v -0.057941 -0.269268 0.059251
v -0.062498 -0.301684 0.063809
v 0.000975 -0.366794 0.062305
v 0.000975 -0.385114 0.034913
v 0.023998 -0.385114 0.025377
v 0.043367 -0.366794 0.044745
v -0.000924 -0.219543 -0.034634
v -0.023837 -0.219543 -0.025144
v -0.023837 0.097323 -0.025144
v -0.000924 0.097323 -0.034634
v -0.034634 -0.219543 -0.000924
v -0.034634 0.097323 -0.000924
v -0.025144 0.097323 -0.023837
v -0.025144 -0.219543 -0.023837
v -0.025144 -0.219543 0.023837
v -0.025144 0.097323 0.023837
v -0.034634 0.097323 0.000924
v -0.034634 -0.219543 0.000924
v 0.023837 0.097323 -0.025144
v 0.023837 -0.219543 -0.025144
v 0.000924 -0.219543 -0.034634
v 0.000924 0.097323 -0.034634
v -0.000924 -0.219543 0.034634
v -0.000924 0.097323 0.034634
v -0.023837 0.097323 0.025144
v -0.023837 -0.219543 0.025144
v 0.025144 0.097323 -0.023837
v 0.034634 0.097323 -0.000924
v 0.034634 -0.219543 -0.000924
v 0.025144 -0.219543 -0.023837
v 0.023837 0.097323 0.025144
v 0.000924 0.097323 0.034634
v 0.000924 -0.219543 0.034634
v 0.023837 -0.219543 0.025144
v 0.034634 0.097323 0.000924
v 0.025144 0.097323 0.023837
v 0.025144 -0.219543 0.023837
v 0.034634 -0.219543 0.000924
v 0.058718 -0.267433 0.057381
v 0.082095 -0.267433 0.000946
v 0.063763 -0.239979 0.000946
v 0.045756 -0.239979 0.044418
v 0.223694 -0.305513 -0.222300
v 0.241083 -0.294223 -0.239689
v 0.339957 -0.294223 -0.000985
v 0.315364 -0.305513 -0.000985
v -0.000931 -0.228214 0.363232
v -0.256186 -0.228214 0.257502
v -0.241031 -0.292232 0.242348
v -0.000931 -0.292232 0.341800
v 0.089313 -0.303652 -0.000926
v 0.082867 -0.336069 -0.000926
v 0.059251 -0.336069 -0.057941
v 0.063809 -0.303652 -0.062498
v -0.000926 -0.301684 -0.089313
v -0.062498 -0.301684 -0.063808
v -0.057941 -0.269268 -0.059251
v -0.000926 -0.269268 -0.082867
v -0.222300 -0.305513 -0.223694
v -0.239689 -0.294223 -0.241083
v -0.000985 -0.294223 -0.339957
v -0.000985 -0.305513 -0.315364
v 0.222300 -0.149005 0.223694
v 0.000985 -0.149005 0.315364
v 0.000985 -0.160295 0.339957
v 0.239689 -0.160295 0.241083
v -0.339957 -0.294223 0.000985
v -0.315364 -0.305513 0.000985
v -0.223694 -0.305513 0.222300
v -0.241083 -0.294223 0.239689
v -0.000985 -0.160295 -0.339957
v -0.239689 -0.160295 -0.241083
v -0.222300 -0.149005 -0.223694
v -0.000985 -0.149005 -0.315364
v 0.088303 0.346900 -0.026454
v 0.120462 0.309153 -0.026469
v 0.096648 0.300355 -0.001432
v 0.072739 0.326146 -0.001417
v -0.000991 0.364100 -0.026487
v -0.000994 0.338369 -0.001404
v -0.071027 0.327084 -0.001454
v -0.086592 0.347844 -0.026424
v -0.119352 0.306652 0.024103
v -0.104819 0.285541 0.001423
v -0.097803 0.298697 0.001407
v -0.106502 0.284732 0.002674
v -0.121739 0.306885 0.026460
v -0.130779 0.282522 0.026447
v -0.090068 0.082743 -0.026478
v -0.130974 0.280550 -0.026479
v -0.105383 0.282882 -0.001418
v -0.066128 0.092304 -0.001415
v -0.071027 0.327084 0.001454
v -0.000994 0.338369 0.001403
v -0.000991 0.364100 0.026487
v -0.086592 0.347844 0.026424
v -0.088303 0.346900 -0.026454
v -0.072739 0.326146 -0.001417
v -0.096648 0.300355 -0.001432
v -0.120462 0.309153 -0.026469
v 0.104819 0.285541 0.001423
v 0.119352 0.306652 0.024103
v 0.097803 0.298697 0.001407
v 0.121739 0.306885 0.026460
v 0.106502 0.284732 0.002674
v 0.130779 0.282522 0.026447
v 0.130974 0.280550 -0.026479
v 0.090068 0.082743 -0.026478
v 0.066128 0.092304 -0.001415
v 0.105383 0.282882 -0.001418
v -0.088303 0.346900 0.026454
v -0.120462 0.309153 0.026469
v -0.096648 0.300355 0.001432
v -0.072739 0.326146 0.001417
v -0.104819 0.285541 -0.001423
v -0.119352 0.306652 -0.024103
v -0.097803 0.298697 -0.001407
v -0.121739 0.306885 -0.026460
v -0.106502 0.284732 -0.002674
v -0.130779 0.282522 -0.026447
v -0.157603 0.276971 0.001417
v -0.115013 0.072720 0.001417
v -0.092781 0.081919 0.026431
v -0.133786 0.280494 0.026433
v 0.000991 0.364100 -0.026487
v 0.086592 0.347844 -0.026424
v 0.071027 0.327084 -0.001454
v 0.000994 0.338369 -0.001404
v 0.096648 0.300355 0.001432
v 0.120462 0.309153 0.026469
v 0.088303 0.346900 0.026454
v 0.072739 0.326146 0.001417
v 0.088219 0.350243 0.026366
v 0.103529 0.368637 0.001456
v 0.000988 0.391371 0.001401
v 0.000991 0.366976 0.026445
v 0.097803 0.298697 -0.001407
v 0.119352 0.306652 -0.024103
v 0.104819 0.285541 -0.001423
v 0.121739 0.306885 -0.026460
v 0.130779 0.282522 -0.026447
v 0.106502 0.284732 -0.002674
v -0.130974 0.280550 0.026479
v -0.090068 0.082743 0.026478
v -0.066128 0.092304 0.001415
v -0.105383 0.282882 0.001418
v -0.223694 -0.149005 0.222300
v -0.315364 -0.149005 0.000985
v -0.339957 -0.160295 0.000985
v -0.241083 -0.160295 0.239689
vn 0.4105 -0.6277 -0.6614
vn -0.1774 -0.6277 0.7580
vn 0.6433 0.4150 0.6433
vn 0.9098 0.4150 -0.0000
vn -0.9391 -0.3437 -0.0000
vn -0.6640 -0.3437 -0.6640
vn -0.7711 0.5324 0.3492
vn 0.4708 0.7462 0.4708
vn -0.5382 -0.6485 -0.5382
vn -0.2983 0.5324 -0.7922
vn 0.6658 0.7462 -0.0000
vn -0.7612 -0.6485 -0.0000
vn 0.1655 -0.6804 0.7139
vn -0.0784 0.6476 0.7579
vn 1.0000 -0.0000 -0.0000
vn -1.0000 -0.0000 -0.0000
vn -0.5913 0.6476 -0.4805
vn 0.6433 0.4150 -0.6433
vn -0.6640 -0.3437 0.6640
vn -0.3878 -0.6804 -0.6218
vn 0.7071 -0.0000 -0.7071
vn -0.7071 -0.0000 0.7071
vn -0.6287 0.4845 0.6082
vn 0.4386 -0.3835 0.8127
vn -0.1344 -0.9909 -0.0000
vn -0.6659 -0.7461 -0.0000
vn 0.7613 0.6483 -0.0000
vn 0.8524 0.5229 -0.0000
vn 0.8849 -0.3835 -0.2646
vn -0.0950 -0.9909 -0.0950
vn 0.6027 0.5229 0.6027
vn -0.0145 0.4845 -0.8747
vn -0.4708 -0.7461 -0.4708
vn 0.5384 0.6483 0.5384
vn 0.5913 0.6476 -0.4805
vn 0.0784 0.6476 0.7579
vn -0.9098 0.4150 -0.0000
vn -0.6433 0.4150 -0.6433
vn 0.6640 -0.3437 0.6640
vn 0.9391 -0.3437 -0.0000
vn -0.1655 -0.6804 0.7139
vn 0.3878 -0.6804 -0.6218
vn -0.7071 -0.0000 -0.7071
vn 0.7071 -0.0000 0.7071
vn -0.1979 0.6800 0.7060
vn 0.0938 -0.6478 0.7560
vn -0.6940 -0.7199 -0.0000
vn 0.9930 -0.1184 -0.0000
vn 0.6009 -0.6478 -0.4683
vn -0.4908 -0.7199 -0.4908
vn 0.7021 -0.1185 0.7021
vn 0.3592 0.6800 -0.6391
vn -0.3492 -0.5324 -0.7711
vn -0.7580 0.6277 -0.1774
vn -0.6433 -0.4150 0.6433
vn -0.4708 -0.7461 0.4708
vn 0.5384 0.6483 -0.5384
vn 0.6640 0.3437 -0.6640
vn 0.6614 0.6277 0.4105
vn -0.0000 -0.4150 0.9098
vn -0.0000 0.3437 -0.9391
vn 0.7922 -0.5324 -0.2983
vn -0.0000 -0.7461 0.6659
vn -0.0000 0.6483 -0.7613
vn -0.4105 0.6277 -0.6614
vn 0.1774 0.6277 0.7580
vn -0.9098 -0.4150 -0.0000
vn 0.9391 0.3437 -0.0000
vn 0.7711 -0.5324 0.3492
vn 0.2983 -0.5324 -0.7922
vn 0.7580 -0.6277 -0.1774
vn -0.6614 -0.6277 0.4105
vn -0.0000 0.4150 0.9098
vn -0.0000 -0.3437 -0.9391
vn -0.7922 0.5324 -0.2983
vn -0.0000 0.7462 0.6658
vn -0.0000 -0.6485 -0.7612
vn 0.3492 0.5324 -0.7711
vn 0.9076 0.3396 -0.2469
vn 0.4672 0.3396 0.8164
vn -0.3259 0.9454 -0.0000
vn -0.2305 0.9454 -0.2305
vn 0.3405 -0.8765 0.3405
vn 0.4815 -0.8765 -0.0000
vn -0.6298 -0.4853 0.6065
vn -0.6658 0.7462 -0.0000
vn 0.7612 -0.6485 -0.0000
vn -0.0165 -0.4853 -0.8742
vn -0.4708 0.7462 -0.4708
vn 0.5382 -0.6485 0.5382
vn -0.7711 -0.5324 -0.3492
vn -0.2983 -0.5324 0.7922
vn 0.6659 -0.7461 -0.0000
vn 0.4708 -0.7461 -0.4708
vn -0.5384 0.6483 0.5384
vn -0.7613 0.6483 -0.0000
vn 0.4105 0.6277 0.6614
vn 0.9098 -0.4150 -0.0000
vn -0.9391 0.3437 -0.0000
vn -0.1774 0.6277 -0.7580
vn 0.6433 -0.4150 -0.6433
vn -0.6640 0.3437 0.6640
vn 0.6009 0.6478 0.4683
vn 0.3592 -0.6800 0.6391
vn -0.4908 0.7199 0.4907
vn 0.7021 0.1185 -0.7021
vn -0.1979 -0.6800 -0.7060
vn 0.0938 0.6478 -0.7560
vn -0.6940 0.7199 -0.0000
vn 0.9930 0.1184 -0.0000
vn -0.0165 -0.4853 0.8742
vn -0.6298 -0.4853 -0.6065
vn -0.4708 0.7462 0.4708
vn 0.5382 -0.6485 -0.5382
vn 0.4672 0.3396 -0.8164
vn 0.9076 0.3396 0.2469
vn -0.2305 0.9454 0.2305
vn 0.3405 -0.8765 -0.3405
vn -0.7589 0.3057 0.5749
vn 0.4911 -0.2880 0.8221
vn 0.0176 -0.9998 -0.0000
vn -0.7675 -0.6411 -0.0000
vn -0.0024 1.0000 -0.0000
vn 0.7582 0.6520 -0.0000
vn 0.9286 -0.2880 -0.2341
vn 0.0124 -0.9998 0.0124
vn 0.5361 0.6520 0.5361
vn -0.1301 0.3057 -0.9432
vn -0.5427 -0.6411 -0.5427
vn -0.0017 1.0000 -0.0017
vn -0.3878 0.6804 0.6218
vn 0.1655 0.6804 -0.7139
vn -0.0784 -0.6476 -0.7579
vn -0.5913 -0.6476 0.4805
vn 0.6433 -0.4150 0.6433
vn -0.6640 0.3437 -0.6640
vn -0.6082 0.4845 -0.6287
vn -0.8127 -0.3835 0.4386
vn -0.0000 -0.9909 -0.1344
vn -0.0000 -0.7461 -0.6659
vn -0.0000 0.6483 0.7613
vn -0.0000 0.5229 0.8524
vn 0.2646 -0.3835 0.8849
vn 0.0950 -0.9909 -0.0950
vn -0.6027 0.5229 0.6027
vn 0.8747 0.4845 -0.0145
vn 0.4105 -0.6277 0.6614
vn -0.2983 0.5324 0.7922
vn -0.7711 0.5324 -0.3492
vn 0.4708 0.7462 -0.4708
vn -0.5382 -0.6485 0.5382
vn -0.1774 -0.6277 -0.7580
vn 0.4805 0.6476 0.5913
vn -0.7579 0.6476 0.0783
vn -0.0000 0.4150 -0.9098
vn -0.0000 -0.3437 0.9391
vn -0.7139 -0.6804 -0.1655
vn -0.0000 -0.0000 -1.0000
vn -0.0000 -0.0000 1.0000
vn 0.6218 -0.6804 0.3878
vn 0.7711 0.5324 -0.3492
vn 0.2983 0.5324 0.7922
vn -0.4105 -0.6277 0.6614
vn 0.1774 -0.6277 -0.7580
vn -0.1979 0.6800 -0.7060
vn 0.3592 0.6800 0.6391
vn 0.6009 -0.6478 0.4683
vn -0.4908 -0.7199 0.4908
vn 0.7021 -0.1185 -0.7021
vn 0.0938 -0.6478 -0.7560
vn -0.1655 0.6804 0.7139
vn 0.0784 -0.6476 0.7579
vn 0.5913 -0.6476 -0.4805
vn -0.6433 -0.4150 -0.6433
vn 0.6640 0.3437 0.6640
vn 0.3878 0.6804 -0.6218
vn 0.6082 0.4845 -0.6287
vn -0.8747 0.4845 -0.0145
vn -0.2646 -0.3835 0.8849
vn 0.8127 -0.3835 0.4386
vn 0.7060 0.6800 0.1979
vn 0.7560 -0.6478 -0.0938
vn -0.0000 -0.7199 0.6940
vn -0.0000 -0.1185 -0.9930
vn -0.4683 -0.6478 -0.6009
vn -0.6391 0.6800 -0.3593
vn -0.6614 0.6277 -0.4105
vn -0.7922 -0.5324 0.2983
vn -0.0000 -0.4150 -0.9098
vn -0.0000 0.3437 0.9391
vn 0.3492 -0.5324 0.7711
vn 0.7580 0.6277 0.1774
vn 0.6065 -0.4853 0.6298
vn -0.8742 -0.4853 0.0165
vn -0.2469 0.3396 -0.9076
vn 0.8164 0.3396 -0.4672
vn -0.0000 0.9454 0.3259
vn -0.0000 -0.8765 -0.4815
vn -0.4805 0.6476 -0.5913
vn 0.7579 0.6476 -0.0783
vn -0.6433 0.4150 0.6433
vn 0.6640 -0.3437 -0.6640
vn 0.7139 -0.6804 0.1655
vn -0.6218 -0.6804 -0.3878
vn -0.4683 0.6478 -0.6009
vn 0.7560 0.6478 -0.0938
vn -0.0000 0.7200 0.6940
vn -0.0000 0.1185 -0.9930
vn 0.7060 -0.6800 0.1979
vn -0.6391 -0.6800 -0.3593
vn -0.6009 0.6478 0.4683
vn -0.0938 0.6478 -0.7560
vn 0.6940 0.7199 -0.0000
vn 0.4908 0.7199 0.4907
vn -0.7021 0.1185 -0.7021
vn -0.9930 0.1184 -0.0000
vn 0.1979 -0.6800 -0.7060
vn -0.3592 -0.6800 0.6391
vn -0.7589 0.3057 -0.5749
vn -0.1301 0.3057 0.9432
vn -0.5427 -0.6411 0.5427
vn -0.0017 1.0000 0.0017
vn 0.9286 -0.2880 0.2341
vn 0.0124 -0.9998 -0.0124
vn 0.5361 0.6520 -0.5361
vn 0.4911 -0.2880 -0.8221
vn 0.2341 -0.2880 0.9286
vn 0.9432 0.3057 -0.1301
vn 0.5427 -0.6411 -0.5427
vn -0.0124 -0.9998 0.0124
vn -0.5361 0.6520 0.5361
vn 0.0017 1.0000 -0.0017
vn -0.5749 0.3057 -0.7589
vn -0.0000 -0.6411 -0.7675
vn -0.0000 1.0000 -0.0024
vn -0.8221 -0.2880 0.4911
vn -0.0000 -0.9998 0.0176
vn -0.0000 0.6520 0.7582
vn -0.2341 0.2880 -0.9286
vn 0.8221 0.2880 -0.4911
vn -0.0000 0.9998 -0.0176
vn 0.0124 0.9998 -0.0124
vn 0.5361 -0.6520 -0.5361
vn -0.0000 -0.6520 -0.7582
vn 0.5749 -0.3057 0.7589
vn -0.0000 0.6411 0.7675
vn -0.0000 -1.0000 0.0024
vn -0.9432 -0.3057 0.1301
vn -0.5427 0.6411 0.5427
vn -0.0017 -1.0000 0.0017
vn -0.9286 -0.2880 0.2341
vn 0.1301 0.3057 0.9432
vn 0.5427 -0.6411 0.5427
vn -0.0124 -0.9998 -0.0124
vn -0.5361 0.6520 -0.5361
vn 0.0017 1.0000 0.0017
vn 0.7589 0.3057 -0.5749
vn 0.7675 -0.6411 -0.0000
vn 0.0024 1.0000 -0.0000
vn -0.4911 -0.2880 -0.8221
vn -0.0176 -0.9998 -0.0000
vn -0.7582 0.6520 -0.0000
vn -0.5913 -0.6476 -0.4805
vn -0.0784 -0.6476 0.7579
vn 0.1655 0.6804 0.7139
vn -0.3878 0.6804 -0.6218
vn -0.6082 0.4845 0.6287
vn 0.8747 0.4845 0.0145
vn 0.4708 -0.7461 0.4708
vn -0.5384 0.6483 -0.5384
vn 0.2646 -0.3835 -0.8849
vn 0.0950 -0.9909 0.0950
vn -0.6027 0.5229 -0.6027
vn -0.8127 -0.3835 -0.4386
vn -0.0000 -0.9909 0.1344
vn -0.0000 0.5229 -0.8524
vn -0.4105 -0.6277 -0.6614
vn 0.2983 0.5324 -0.7922
vn 0.7711 0.5324 0.3492
vn 0.1774 -0.6277 0.7580
vn 0.6082 0.4845 0.6287
vn 0.8127 -0.3835 -0.4386
vn -0.2646 -0.3835 -0.8849
vn -0.0950 -0.9909 0.0950
vn 0.6027 0.5229 -0.6027
vn -0.8747 0.4845 0.0145
vn -0.3492 0.5323 -0.7711
vn 0.7922 0.5324 -0.2983
vn 0.6614 -0.6277 0.4105
vn -0.7580 -0.6277 -0.1774
vn 0.7579 0.6476 0.0783
vn -0.4805 0.6476 0.5913
vn -0.6218 -0.6804 0.3878
vn 0.7139 -0.6804 -0.1655
vn -0.8849 -0.3835 0.2646
vn 0.0145 0.4845 0.8747
vn 0.6287 0.4845 -0.6082
vn -0.4386 -0.3835 -0.8127
vn 0.1344 -0.9909 -0.0000
vn -0.8524 0.5229 -0.0000
vn 0.4683 0.6478 -0.6009
vn 0.6391 -0.6800 -0.3593
vn -0.7060 -0.6800 0.1979
vn -0.7560 0.6478 -0.0938
vn 0.3492 0.5323 0.7711
vn -0.7922 0.5324 0.2983
vn -0.0000 0.7462 -0.6658
vn -0.0000 -0.6485 0.7612
vn -0.6614 -0.6277 -0.4105
vn 0.7580 -0.6277 0.1774
vn 0.6602 0.5412 0.5208
vn -0.3118 0.8324 -0.4580
vn 0.4018 0.3401 -0.8502
vn 0.9421 0.2098 -0.2616
vn -0.1548 0.4375 0.8858
vn -0.7425 0.5746 0.3443
vn -0.5440 -0.6333 -0.5505
vn 0.3346 0.0149 -0.9422
vn -0.9405 -0.1040 0.3235
vn 0.4504 -0.7822 0.4305
vn 0.8715 0.0684 -0.4855
vn -0.4143 -0.1317 0.9006
vn 0.3811 0.0899 0.9201
vn -0.9525 -0.2590 -0.1600
vn -0.0000 1.0000 -0.0000
vn -0.0000 -1.0000 -0.0000
vn 0.5604 -0.2590 -0.7866
vn -0.0000 0.9454 -0.3259
vn -0.0000 -0.8765 0.4815
vn -0.3811 0.0899 0.9201
vn -0.5604 -0.2590 -0.7866
vn 0.9525 -0.2590 -0.1600
vn 0.2305 0.9454 -0.2305
vn -0.3405 -0.8765 0.3405
vn 0.9201 0.0900 0.3811
vn -0.7866 -0.2590 0.5604
vn -0.1600 -0.2590 -0.9525
vn 0.6009 0.6478 -0.4683
vn 0.0938 0.6478 0.7560
vn -0.4908 0.7199 -0.4907
vn 0.7021 0.1185 0.7021
vn -0.1979 -0.6800 0.7060
vn 0.3592 -0.6800 -0.6391
vn 0.9201 0.0900 -0.3811
vn -0.1600 -0.2590 0.9525
vn -0.7867 -0.2590 -0.5604
vn -0.9201 0.0900 0.3811
vn 0.1600 -0.2590 -0.9525
vn 0.7867 -0.2590 0.5604
vn 0.3259 0.9454 -0.0000
vn -0.4815 -0.8765 -0.0000
vn 0.6614 0.6277 -0.4105
vn -0.7580 0.6277 0.1774
vn -0.3492 -0.5324 0.7711
vn 0.7922 -0.5324 0.2983
vn 0.3811 0.0899 -0.9201
vn 0.5604 -0.2590 0.7866
vn -0.9525 -0.2590 0.1600
vn -0.9201 0.0900 -0.3811
vn 0.7866 -0.2590 -0.5604
vn 0.1600 -0.2590 0.9525
vn 0.2305 0.9454 0.2304
vn -0.3405 -0.8765 -0.3405
vn -0.3811 0.0899 -0.9201
vn 0.9525 -0.2590 0.1600
vn -0.5604 -0.2590 0.7866
vn -0.6287 0.4845 -0.6082
vn -0.0145 0.4845 0.8747
vn 0.8849 -0.3835 0.2646
vn 0.4386 -0.3835 -0.8127
vn 0.8742 -0.4853 0.0165
vn -0.6065 -0.4853 0.6298
vn -0.8164 0.3396 -0.4672
vn 0.2469 0.3396 -0.9076
vn -0.6065 -0.4853 -0.6298
vn 0.8742 -0.4853 -0.0165
vn 0.2469 0.3396 0.9076
vn -0.8164 0.3396 0.4672
vn 0.6298 -0.4853 -0.6065
vn 0.0165 -0.4853 0.8742
vn -0.9076 0.3396 0.2469
vn -0.4672 0.3396 -0.8164
vn 0.1979 0.6800 -0.7060
vn -0.0938 -0.6478 -0.7560
vn 0.6940 -0.7199 -0.0000
vn -0.9930 -0.1184 -0.0000
vn -0.6009 -0.6478 0.4683
vn 0.4908 -0.7199 0.4908
vn -0.7021 -0.1185 -0.7021
vn -0.3592 0.6800 0.6391
vn 0.5749 0.3057 0.7589
vn 0.8221 -0.2880 -0.4911
vn -0.0000 -0.9998 -0.0176
vn -0.0000 -0.6411 0.7675
vn -0.0000 1.0000 0.0024
vn -0.0000 0.6520 -0.7582
vn -0.2341 -0.2880 -0.9286
vn -0.9432 0.3057 0.1301
vn 0.9286 0.2880 -0.2341
vn 0.4911 0.2880 0.8221
vn 0.0175 0.9998 -0.0000
vn 0.0124 0.9998 0.0124
vn 0.5361 -0.6520 0.5361
vn 0.7582 -0.6520 -0.0000
vn -0.7589 -0.3057 0.5749
vn -0.7675 0.6411 -0.0000
vn -0.0024 -1.0000 -0.0000
vn -0.1301 -0.3057 -0.9432
vn -0.5427 0.6411 -0.5427
vn -0.0017 -1.0000 -0.0017
vn 0.5749 -0.3057 -0.7589
vn 0.8221 0.2880 0.4911
vn -0.0000 0.9998 0.0176
vn -0.0000 0.6411 -0.7675
vn -0.0000 -1.0000 -0.0024
vn -0.0000 -0.6520 0.7582
vn -0.2341 0.2880 0.9286
vn -0.9432 -0.3057 -0.1301
vn -0.5913 0.6476 0.4805
vn -0.0784 0.6476 -0.7579
vn 0.1655 -0.6804 -0.7139
vn -0.3878 -0.6804 0.6218
vn 0.7922 0.5324 0.2983
vn -0.3492 0.5324 0.7711
vn -0.7580 -0.6277 0.1774
vn 0.6614 -0.6277 -0.4105
vn -0.7139 -0.6804 0.1655
vn -0.7579 0.6476 -0.0783
vn 0.4805 0.6476 -0.5913
vn 0.6218 -0.6804 -0.3878
vn -0.5749 -0.3057 -0.7589
vn 0.9432 -0.3057 -0.1301
vn 0.5427 0.6411 -0.5427
vn 0.0017 -1.0000 -0.0017
vn 0.2341 0.2880 0.9286
vn -0.0124 0.9998 0.0124
vn -0.5361 -0.6520 0.5361
vn -0.8221 0.2880 0.4911
vn 0.6298 -0.4853 0.6065
vn -0.4672 0.3396 0.8164
vn -0.9076 0.3396 -0.2469
vn 0.0165 -0.4853 -0.8742
vn 0.6584 -0.5401 -0.5242
vn -0.8629 -0.1338 -0.4874
vn -0.4863 -0.8259 0.2854
vn -0.0000 -0.9549 0.2969
vn -0.0000 0.3486 -0.9373
vn 0.2066 0.2892 -0.9347
vn -0.4472 0.7217 0.5284
vn -0.1848 -0.2805 0.9419
vn 0.4491 0.8401 -0.3041
vn 0.7530 0.4150 0.5106
vn -0.0000 -0.3355 0.9421
vn -0.0000 0.9515 -0.3077
vn -0.6584 -0.5401 -0.5242
vn -0.7530 0.4150 0.5106
vn 0.4472 0.7217 0.5284
vn 0.1848 -0.2805 0.9419
vn -0.4491 0.8401 -0.3041
vn 0.8629 -0.1338 -0.4874
vn 0.4863 -0.8259 0.2854
vn -0.2066 0.2892 -0.9347
vn 0.1915 -0.8139 -0.5486
vn -0.8055 0.3686 -0.4640
vn -0.8288 -0.4657 0.3101
vn 0.3224 0.1512 -0.9344
vn 0.0511 0.8430 0.5355
vn -0.4294 -0.0647 0.9008
vn 0.7366 0.5599 -0.3794
vn 0.8742 -0.1285 0.4683
vn -0.1915 -0.8139 -0.5486
vn -0.8742 -0.1285 0.4683
vn -0.0512 0.8430 0.5355
vn 0.4293 -0.0647 0.9009
vn -0.7366 0.5599 -0.3794
vn 0.8055 0.3686 -0.4639
vn 0.8288 -0.4657 0.3101
vn -0.3224 0.1512 -0.9345
vn 0.4853 0.8323 0.2679
vn -0.7915 -0.1868 -0.5819
vn 0.4294 -0.0647 -0.9008
vn 0.9185 -0.1454 -0.3677
vn -0.4289 -0.0672 0.9009
vn -0.7366 0.5599 0.3794
vn 0.2357 -0.8136 0.5315
vn 0.8288 -0.4657 -0.3101
vn -0.3224 0.1512 0.9344
vn -0.4846 0.8325 0.2684
vn -0.2357 -0.8136 0.5315
vn -0.8288 -0.4658 -0.3101
vn -0.9186 -0.1453 -0.3676
vn 0.4288 -0.0674 0.9009
vn 0.3224 0.1512 0.9344
vn 0.7916 -0.1867 -0.5818
vn -0.4293 -0.0647 -0.9008
vn 0.7366 0.5599 0.3794
vn -0.5291 -0.8068 -0.2628
vn 0.5904 0.3971 0.7027
vn -0.3469 0.7482 -0.5655
vn 0.3586 0.0171 -0.9333
vn -0.9467 0.0889 0.3097
vn 0.6440 0.5422 -0.5397
vn -0.2947 0.8302 0.4732
vn -0.7527 0.5779 -0.3155
vn -0.1820 0.4435 -0.8776
vn 0.9513 0.2064 0.2290
vn 0.4314 0.3340 0.8380
vn -0.5599 -0.6186 0.5511
vn 0.3809 -0.7907 -0.4793
vn -0.3586 0.0171 -0.9333
vn 0.9467 0.0889 0.3097
vn -0.5902 0.3972 0.7028
vn 0.5269 -0.8083 -0.2626
vn 0.3470 0.7482 -0.5655
vn -0.6440 0.5422 0.5397
vn 0.2947 0.8302 -0.4732
vn 0.7526 0.5779 0.3155
vn 0.1820 0.4435 0.8776
vn -0.9513 0.2064 -0.2290
vn -0.4314 0.3340 -0.8380
vn 0.5600 -0.6185 -0.5512
vn 0.9186 -0.1453 0.3675
vn -0.4287 -0.0674 -0.9009
vn -0.3809 -0.7907 0.4793
vn 0.3586 0.0171 0.9333
vn -0.9467 0.0889 -0.3097
vn -0.1915 -0.8139 0.5486
vn 0.8055 0.3686 0.4640
vn 0.4863 -0.8259 -0.2854
vn -0.2066 0.2892 0.9347
vn -0.0511 0.8430 -0.5355
vn -0.8742 -0.1285 -0.4683
vn 0.1848 -0.2805 -0.9419
vn -0.4491 0.8401 0.3041
vn -0.7924 -0.1877 0.5803
vn 0.4847 0.8327 -0.2678
vn 0.2357 -0.8136 -0.5315
vn 0.5901 0.3972 -0.7028
vn -0.5269 -0.8083 0.2626
vn -0.3470 0.7482 0.5655
vn -0.5598 -0.6190 -0.5508
vn -0.2946 0.8302 -0.4732
vn -0.7527 0.5779 0.3155
vn -0.9185 -0.1454 0.3677
vn 0.4289 -0.0672 -0.9009
vn 0.4315 0.3340 -0.8380
vn 0.6440 0.5422 0.5397
vn -0.1820 0.4435 0.8776
vn 0.9513 0.2064 -0.2290
vn 0.3809 -0.7907 0.4793
vn -0.3586 0.0171 0.9333
vn 0.9467 0.0889 -0.3097
vn -0.6584 -0.5401 0.5242
vn 0.8629 -0.1338 0.4874
vn -0.0000 -0.9549 -0.2969
vn -0.0000 0.3486 0.9373
vn 0.4472 0.7217 -0.5284
vn -0.7530 0.4150 -0.5106
vn -0.0000 -0.3355 -0.9421
vn -0.0000 0.9515 0.3077
vn -0.4663 0.7240 0.5083
vn -0.8605 -0.1785 -0.4772
vn 0.1791 0.2692 -0.9463
vn 0.4174 0.8436 -0.3380
vn -0.1604 -0.2575 0.9529
vn -0.4625 -0.8266 0.3206
vn 0.6633 -0.5510 -0.5064
vn -0.0000 0.3189 -0.9478
vn -0.0000 -0.9455 0.3256
vn 0.7477 0.4427 0.4950
vn -0.0000 0.9425 -0.3343
vn -0.0000 -0.3082 0.9513
vn -0.4853 0.8323 -0.2680
vn 0.7915 -0.1868 0.5819
vn -0.2357 -0.8136 -0.5315
vn 0.5291 -0.8068 0.2628
vn -0.5904 0.3971 -0.7027
vn 0.3469 0.7482 0.5655
vn 0.0540 0.8430 -0.5351
vn -0.8055 0.3686 0.4639
vn 0.1915 -0.8139 0.5486
vn -0.4863 -0.8259 -0.2854
vn 0.2066 0.2892 0.9347
vn 0.8742 -0.1285 -0.4683
vn -0.1848 -0.2805 -0.9419
vn 0.4491 0.8401 0.3041
vn 0.7139 0.6804 -0.1655
vn -0.6218 0.6804 0.3878
vn -0.4805 -0.6476 0.5913
vn 0.7579 -0.6476 0.0784
vn -0.4683 -0.6478 0.6009
vn 0.7560 -0.6478 0.0938
vn -0.0000 -0.7199 -0.6940
vn -0.0000 -0.1185 0.9930
vn 0.7060 0.6800 -0.1979
vn -0.6391 0.6800 0.3592
vn 0.4683 -0.6478 0.6009
vn 0.6391 0.6800 0.3593
vn 0.4908 -0.7199 -0.4908
vn -0.7021 -0.1185 0.7021
vn -0.7060 0.6800 -0.1979
vn -0.7560 -0.6478 0.0938
vn -0.4805 -0.6476 -0.5913
vn -0.6218 0.6804 -0.3878
vn 0.7139 0.6804 0.1655
vn 0.7579 -0.6476 -0.0784
vn -0.6009 0.6478 -0.4683
vn -0.3592 -0.6800 -0.6391
vn 0.4908 0.7199 -0.4907
vn -0.7021 0.1185 0.7021
vn 0.1979 -0.6800 0.7060
vn -0.0938 0.6478 0.7560
vn 0.7060 -0.6800 -0.1979
vn 0.7560 0.6478 0.0938
vn -0.0000 0.7200 -0.6940
vn -0.0000 0.1185 0.9930
vn -0.4683 0.6478 0.6009
vn -0.6391 -0.6800 0.3593
vn -0.7711 -0.5324 0.3492
vn -0.1774 0.6277 0.7580
vn 0.4105 0.6277 -0.6614
vn -0.2983 -0.5324 -0.7922
vn 0.7589 -0.3057 -0.5749
vn 0.1301 -0.3057 0.9432
vn 0.5427 0.6411 0.5427
vn 0.7675 0.6411 -0.0000
vn 0.0024 -1.0000 -0.0000
vn 0.0017 -1.0000 0.0017
vn -0.9286 0.2880 0.2341
vn -0.0124 0.9998 -0.0124
vn -0.5361 -0.6520 -0.5361
vn -0.4911 0.2880 -0.8221
vn -0.0175 0.9998 -0.0000
vn -0.7582 -0.6520 -0.0000
vn -0.8849 -0.3835 -0.2646
vn -0.4386 -0.3835 0.8127
vn 0.6287 0.4845 0.6082
vn 0.0145 0.4845 -0.8747
vn -0.7060 0.6800 0.1979
vn 0.6391 0.6800 -0.3592
vn 0.4683 -0.6478 -0.6009
vn -0.7560 -0.6478 -0.0938
vn -0.6614 0.6277 0.4105
vn 0.7580 0.6277 -0.1774
vn 0.3492 -0.5324 -0.7711
vn -0.7922 -0.5324 -0.2983
vn -0.6009 -0.6478 -0.4683
vn -0.0938 -0.6478 0.7560
vn 0.1979 0.6800 0.7060
vn -0.3592 0.6800 -0.6391
vn -0.1655 0.6804 -0.7139
vn 0.3878 0.6804 0.6218
vn 0.5913 -0.6476 0.4805
vn 0.0784 -0.6476 -0.7579
vn -0.7139 0.6804 -0.1655
vn -0.7579 -0.6476 0.0784
vn 0.4805 -0.6476 0.5913
vn 0.6218 0.6804 0.3878
vn 0.6065 -0.4853 -0.6298
vn 0.8164 0.3396 0.4672
vn -0.2469 0.3396 0.9076
vn -0.8742 -0.4853 -0.0165
vn -0.7230 0.6815 0.1134
vn 0.5915 0.6815 -0.4310
vn 0.6255 0.4664 0.6255
vn -0.0000 0.4664 0.8846
vn -0.0000 0.4327 -0.9016
vn -0.6375 0.4327 -0.6375
vn 0.5915 -0.6815 -0.4310
vn 0.6255 -0.4664 0.6255
vn -0.6375 -0.4327 -0.6375
vn -0.7230 -0.6815 0.1134
vn -0.0000 -0.4664 0.8846
vn -0.0000 -0.4327 -0.9015
vn 0.1134 0.6815 -0.7230
vn 0.1134 -0.6815 -0.7230
vn 0.8846 -0.4664 -0.0000
vn 0.8846 0.4664 -0.0000
vn -0.9015 0.4327 -0.0000
vn -0.9015 -0.4327 -0.0000
vn -0.4310 -0.6815 0.5915
vn -0.4310 0.6815 0.5915
vn -0.4310 0.6815 -0.5915
vn -0.4310 -0.6815 -0.5915
vn 0.6255 -0.4664 -0.6255
vn 0.6255 0.4664 -0.6255
vn -0.6375 0.4327 0.6375
vn -0.6375 -0.4327 0.6375
vn 0.1134 -0.6815 0.7230
vn 0.1134 0.6815 0.7230
vn -0.5915 -0.6815 -0.4310
vn -0.5915 0.6815 -0.4310
vn -0.6255 0.4664 0.6255
vn -0.6255 -0.4664 0.6255
vn 0.6375 -0.4327 -0.6375
vn 0.6375 0.4327 -0.6375
vn 0.7230 0.6815 0.1134
vn 0.7230 -0.6815 0.1134
vn -0.7230 0.6815 -0.1134
vn -0.7230 -0.6815 -0.1134
vn -0.0000 -0.4664 -0.8846
vn -0.0000 0.4664 -0.8846
vn -0.0000 0.4327 0.9016
vn -0.0000 -0.4327 0.9015
vn 0.5915 -0.6815 0.4310
vn 0.5915 0.6815 0.4310
vn 0.4310 -0.6815 0.5915
vn -0.1134 -0.6815 -0.7230
vn -0.8846 -0.4664 -0.0000
vn 0.9015 -0.4327 -0.0000
vn -0.1134 0.6815 -0.7230
vn -0.8846 0.4664 -0.0000
vn 0.9015 0.4327 -0.0000
vn 0.4310 0.6815 0.5915
vn -0.5915 -0.6815 0.4310
vn 0.7230 -0.6815 -0.1134
vn -0.6255 -0.4664 -0.6255
vn 0.6375 -0.4327 0.6375
vn 0.7230 0.6815 -0.1134
vn -0.5915 0.6815 0.4310
vn -0.6255 0.4664 -0.6255
vn 0.6375 0.4327 0.6375
vn -0.1134 -0.6815 0.7230
vn 0.4310 -0.6815 -0.5915
vn 0.4310 0.6815 -0.5915
vn -0.1134 0.6815 0.7230
vn 0.1774 0.6277 -0.7580
vn -0.4105 0.6277 0.6614
vn 0.2983 -0.5324 0.7922
vn 0.7711 -0.5324 -0.3492
vn 0.9286 0.2880 0.2341
vn -0.1301 -0.3057 0.9432
vn -0.7589 -0.3057 -0.5749
vn 0.4911 0.2880 -0.8221
vn -0.7060 -0.6800 -0.1979
vn 0.6391 -0.6800 0.3593
vn 0.4683 0.6478 0.6009
vn -0.7560 0.6478 0.0938
vn -0.1655 -0.6804 -0.7139
vn 0.0784 0.6476 -0.7579
vn 0.5913 0.6476 0.4805
vn 0.3878 -0.6804 0.6218
vn -0.7139 0.6804 0.1655
vn 0.6218 0.6804 -0.3878
vn 0.4805 -0.6476 -0.5913
vn -0.7579 -0.6476 -0.0784
vn 0.2341 0.2880 -0.9286
vn 0.9432 -0.3057 0.1301
vn -0.5749 -0.3057 0.7589
vn -0.8221 0.2880 -0.4911
vn -0.2341 -0.2880 0.9286
vn 0.8221 -0.2880 0.4911
vn 0.5749 0.3057 -0.7589
vn -0.9432 0.3057 -0.1301
vn 0.7589 -0.3057 0.5749
vn -0.4911 0.2880 0.8221
vn -0.9286 0.2880 -0.2341
vn 0.1301 -0.3057 -0.9432
vn -0.5749 0.3057 0.7589
vn 0.9432 0.3057 0.1301
vn 0.2341 -0.2880 -0.9286
vn -0.8221 -0.2880 -0.4911
vn 0.2078 -0.8190 0.5348
vn -0.8198 0.3419 0.4594
vn 0.3719 0.2472 0.8948
vn 0.1791 0.2692 0.9463
vn -0.4625 -0.8266 -0.3206
vn -0.8003 -0.4351 -0.4125
vn 0.0475 0.8632 -0.5026
vn 0.7648 0.5547 0.3277
vn -0.2985 -0.1272 -0.9459
vn 0.8827 -0.0831 -0.4626
vn 0.4174 0.8436 0.3380
vn -0.1604 -0.2575 -0.9529
vn -0.6633 -0.5510 0.5064
vn -0.7477 0.4427 -0.4950
vn -0.0000 0.9425 0.3343
vn -0.0000 0.3189 0.9478
vn -0.0000 -0.9455 -0.3256
vn -0.0000 -0.3082 -0.9513
vn 0.4663 0.7240 -0.5083
vn -0.4174 0.8436 0.3380
vn 0.1604 -0.2575 -0.9529
vn 0.8605 -0.1785 0.4772
vn -0.1791 0.2692 0.9463
vn 0.4625 -0.8266 -0.3206
vn 0.4485 -0.3896 -0.8044
vn -0.0234 0.9409 0.3377
vn -0.8715 0.0684 -0.4855
vn -0.3719 0.2472 -0.8948
vn 0.8003 -0.4351 0.4125
vn 0.4143 -0.1317 0.9006
vn -0.8045 -0.4111 0.4287
vn -0.7648 0.5547 -0.3277
vn 0.2985 -0.1272 0.9459
vn -0.6951 0.3428 0.6319
vn 0.0469 -0.9200 -0.3892
vn 0.5922 0.6405 -0.4890
vn -0.3346 0.0149 -0.9422
vn 0.9405 -0.1040 0.3235
vn 0.3118 0.8324 0.4580
vn 0.5440 -0.6333 0.5505
vn -0.3346 0.0149 0.9422
vn -0.4018 0.3401 0.8502
vn 0.7425 0.5746 -0.3443
vn 0.9405 -0.1040 -0.3235
vn -0.4504 -0.7822 -0.4305
vn -0.8715 0.0684 0.4855
vn 0.4143 -0.1317 -0.9006
vn -0.6602 0.5412 -0.5208
vn -0.9421 0.2098 0.2616
vn 0.1548 0.4375 -0.8858
vn 0.4663 0.7240 0.5083
vn -0.7477 0.4427 0.4950
vn -0.4174 0.8436 -0.3380
vn 0.1604 -0.2575 0.9529
vn -0.6633 -0.5510 -0.5064
vn 0.8605 -0.1785 -0.4772
vn -0.1791 0.2692 -0.9463
vn 0.4625 -0.8266 0.3206
vn -0.2078 -0.8190 0.5348
vn -0.8827 -0.0831 -0.4626
vn -0.0475 0.8632 -0.5026
vn -0.7648 0.5547 0.3277
vn 0.2985 -0.1272 -0.9459
vn 0.8198 0.3419 0.4594
vn -0.3719 0.2472 0.8948
vn 0.8003 -0.4351 -0.4125
vn 0.0237 0.9337 0.3573
vn -0.4446 -0.3819 -0.8102
vn 0.3719 0.2472 -0.8948
vn -0.8003 -0.4351 0.4125
vn 0.8045 -0.4111 0.4287
vn 0.7648 0.5547 -0.3277
vn -0.2985 -0.1272 0.9459
vn -0.0546 -0.9198 -0.3885
vn 0.7124 0.3329 0.6178
vn -0.5922 0.6405 -0.4890
vn -0.5519 -0.6495 0.5230
vn -0.3118 0.8324 0.4580
vn 0.4018 0.3401 0.8502
vn 0.3346 0.0149 0.9422
vn -0.9405 -0.1040 -0.3235
vn -0.7425 0.5746 -0.3443
vn 0.6602 0.5412 -0.5208
vn 0.9421 0.2098 0.2616
vn -0.1548 0.4375 -0.8858
vn 0.4504 -0.7822 -0.4305
vn 0.8715 0.0684 0.4855
vn -0.4143 -0.1317 -0.9006
vn -0.2078 -0.8190 -0.5348
vn 0.8198 0.3419 -0.4594
vn -0.0475 0.8632 0.5026
vn -0.8827 -0.0831 0.4626
vn -0.0237 0.9337 -0.3573
vn 0.4446 -0.3819 0.8103
vn -0.8045 -0.4111 -0.4287
vn 0.0546 -0.9198 0.3885
vn -0.7124 0.3329 -0.6178
vn 0.5922 0.6405 0.4890
vn 0.5598 -0.6190 0.5508
vn 0.2946 0.8302 0.4732
vn 0.7527 0.5779 -0.3155
vn -0.4315 0.3340 0.8380
vn -0.6440 0.5422 -0.5397
vn 0.1820 0.4435 -0.8776
vn -0.9513 0.2064 0.2290
vn -0.3809 -0.7907 -0.4793
vn 0.6633 -0.5510 0.5064
vn -0.8605 -0.1785 0.4772
vn -0.4663 0.7240 -0.5083
vn 0.7477 0.4427 -0.4950
vn 0.0545 0.8400 0.5398
vn -0.8198 0.3419 -0.4594
vn 0.2078 -0.8190 -0.5348
vn 0.8827 -0.0831 0.4626
vn -0.4472 0.7217 -0.5284
vn -0.8629 -0.1338 0.4874
vn 0.6584 -0.5401 0.5242
vn 0.7530 0.4150 -0.5106
vn 0.7900 -0.3976 -0.4667
vn -0.4446 -0.3819 0.8103
vn 0.0234 0.9409 -0.3377
vn -0.0462 -0.9233 0.3813
vn -0.5922 0.6405 0.4890
vn 0.7124 0.3329 -0.6178
vn 0.5519 -0.6495 -0.5230
vn 0.3118 0.8324 -0.4580
vn -0.4018 0.3401 -0.8502
vn 0.7425 0.5746 0.3443
vn -0.6602 0.5412 0.5208
vn -0.9421 0.2098 -0.2616
vn 0.1548 0.4375 0.8858
vn -0.4504 -0.7822 0.4305
vn -0.9286 -0.2880 -0.2341
vn -0.4911 -0.2880 0.8221
vn 0.7589 0.3057 0.5749
vn 0.1301 0.3057 -0.9432
vt 0.000000 0.000000
s 1
f 403/1/1 404/1/2 69/1/3 89/1/4
f 404/1/2 403/1/1 90/1/5 70/1/6
f 404/1/2 405/1/7 113/1/8 69/1/3
f 405/1/7 404/1/2 70/1/6 114/1/9
f 405/1/7 406/1/10 105/1/11 113/1/8
f 406/1/10 405/1/7 114/1/9 106/1/12
f 406/1/10 403/1/1 89/1/4 105/1/11
f 403/1/1 406/1/10 106/1/12 90/1/5
f 407/1/13 408/1/14 89/1/4 9/1/15
f 408/1/14 407/1/13 10/1/16 90/1/5
f 408/1/14 409/1/17 7/1/18 89/1/4
f 409/1/17 408/1/14 90/1/5 8/1/19
f 409/1/17 410/1/20 1/1/21 7/1/18
f 410/1/20 409/1/17 8/1/19 2/1/22
f 410/1/20 407/1/13 9/1/15 1/1/21
f 407/1/13 410/1/20 2/1/22 10/1/16
f 411/1/23 412/1/24 37/1/25 35/1/26
f 412/1/24 411/1/23 36/1/27 38/1/28
f 412/1/24 413/1/29 27/1/30 37/1/25
f 413/1/29 412/1/24 38/1/28 28/1/31
f 413/1/29 414/1/32 31/1/33 27/1/30
f 414/1/32 413/1/29 28/1/31 32/1/34
f 414/1/32 411/1/23 35/1/26 31/1/33
f 411/1/23 414/1/32 32/1/34 36/1/27
f 415/1/35 416/1/36 73/1/37 53/1/38
f 416/1/36 415/1/35 54/1/39 74/1/40
f 416/1/36 417/1/41 51/1/16 73/1/37
f 417/1/41 416/1/36 74/1/40 52/1/15
f 417/1/41 418/1/42 45/1/43 51/1/16
f 418/1/42 417/1/41 52/1/15 46/1/44
f 418/1/42 415/1/35 53/1/38 45/1/43
f 415/1/35 418/1/42 46/1/44 54/1/39
f 419/1/45 420/1/46 225/1/47 219/1/16
f 420/1/46 419/1/45 220/1/15 226/1/48
f 420/1/46 421/1/49 221/1/50 225/1/47
f 421/1/49 420/1/46 226/1/48 222/1/51
f 421/1/49 422/1/52 223/1/43 221/1/50
f 422/1/52 421/1/49 222/1/51 224/1/44
f 422/1/52 419/1/45 219/1/16 223/1/43
f 419/1/45 422/1/52 224/1/44 220/1/15
f 423/1/53 424/1/54 61/1/55 43/1/56
f 424/1/54 423/1/53 44/1/57 62/1/58
f 424/1/54 425/1/59 57/1/60 61/1/55
f 425/1/59 424/1/54 62/1/58 58/1/61
f 425/1/59 426/1/62 47/1/63 57/1/60
f 426/1/62 425/1/59 58/1/61 48/1/64
f 426/1/62 423/1/53 43/1/56 47/1/63
f 423/1/53 426/1/62 48/1/64 44/1/57
f 427/1/65 428/1/66 61/1/55 41/1/67
f 428/1/66 427/1/65 42/1/68 62/1/58
f 428/1/66 429/1/69 43/1/56 61/1/55
f 429/1/69 428/1/66 62/1/58 44/1/57
f 429/1/69 430/1/70 35/1/26 43/1/56
f 430/1/70 429/1/69 44/1/57 36/1/27
f 430/1/70 427/1/65 41/1/67 35/1/26
f 427/1/65 430/1/70 36/1/27 42/1/68
f 431/1/71 432/1/72 75/1/73 69/1/3
f 432/1/72 431/1/71 70/1/6 76/1/74
f 432/1/72 433/1/75 111/1/76 75/1/73
f 433/1/75 432/1/72 76/1/74 112/1/77
f 433/1/75 434/1/78 113/1/8 111/1/76
f 434/1/78 433/1/75 112/1/77 114/1/9
f 434/1/78 431/1/71 69/1/3 113/1/8
f 431/1/71 434/1/78 114/1/9 70/1/6
f 435/1/79 436/1/80 95/1/81 91/1/82
f 436/1/80 435/1/79 92/1/83 96/1/84
f 436/1/80 437/1/85 81/1/86 95/1/81
f 437/1/85 436/1/80 96/1/84 82/1/87
f 437/1/85 438/1/88 79/1/89 81/1/86
f 438/1/88 437/1/85 82/1/87 80/1/90
f 438/1/88 435/1/79 91/1/82 79/1/89
f 435/1/79 438/1/88 80/1/90 92/1/83
f 439/1/91 440/1/92 19/1/93 13/1/94
f 440/1/92 439/1/91 14/1/95 20/1/96
f 440/1/92 441/1/97 15/1/98 19/1/93
f 441/1/97 440/1/92 20/1/96 16/1/99
f 441/1/97 442/1/100 5/1/101 15/1/98
f 442/1/100 441/1/97 16/1/99 6/1/102
f 442/1/100 439/1/91 13/1/94 5/1/101
f 439/1/91 442/1/100 6/1/102 14/1/95
f 443/1/103 444/1/104 247/1/22 239/1/105
f 444/1/104 443/1/103 240/1/106 248/1/21
f 444/1/104 445/1/107 219/1/16 247/1/22
f 445/1/107 444/1/104 248/1/21 220/1/15
f 445/1/107 446/1/108 235/1/109 219/1/16
f 446/1/108 445/1/107 220/1/15 236/1/110
f 446/1/108 443/1/103 239/1/105 235/1/109
f 443/1/103 446/1/108 236/1/110 240/1/106
f 447/1/111 448/1/112 81/1/86 77/1/113
f 448/1/112 447/1/111 78/1/114 82/1/87
f 448/1/112 449/1/115 95/1/81 81/1/86
f 449/1/115 448/1/112 82/1/87 96/1/84
f 449/1/115 450/1/116 101/1/117 95/1/81
f 450/1/116 449/1/115 96/1/84 102/1/118
f 450/1/116 447/1/111 77/1/113 101/1/117
f 447/1/111 450/1/116 102/1/118 78/1/114
f 451/1/119 452/1/120 307/1/121 299/1/122
f 452/1/120 451/1/119 300/1/123 308/1/124
f 452/1/120 453/1/125 301/1/126 307/1/121
f 453/1/125 452/1/120 308/1/124 302/1/127
f 453/1/125 454/1/128 303/1/129 301/1/126
f 454/1/128 453/1/125 302/1/127 304/1/130
f 454/1/128 451/1/119 299/1/122 303/1/129
f 451/1/119 454/1/128 304/1/130 300/1/123
f 455/1/131 456/1/132 9/1/15 67/1/44
f 456/1/132 455/1/131 68/1/43 10/1/16
f 456/1/132 457/1/133 15/1/98 9/1/15
f 457/1/133 456/1/132 10/1/16 16/1/99
f 457/1/133 458/1/134 59/1/135 15/1/98
f 458/1/134 457/1/133 16/1/99 60/1/136
f 458/1/134 455/1/131 67/1/44 59/1/135
f 455/1/131 458/1/134 60/1/136 68/1/43
f 459/1/137 460/1/138 23/1/139 17/1/140
f 460/1/138 459/1/137 18/1/141 24/1/142
f 460/1/138 461/1/143 21/1/144 23/1/139
f 461/1/143 460/1/138 24/1/142 22/1/145
f 461/1/143 462/1/146 13/1/94 21/1/144
f 462/1/146 461/1/143 22/1/145 14/1/95
f 462/1/146 459/1/137 17/1/140 13/1/94
f 459/1/137 462/1/146 14/1/95 18/1/141
f 463/1/147 464/1/148 105/1/11 89/1/4
f 464/1/148 463/1/147 90/1/5 106/1/12
f 464/1/148 465/1/149 87/1/150 105/1/11
f 465/1/149 464/1/148 106/1/12 88/1/151
f 465/1/149 466/1/152 7/1/18 87/1/150
f 466/1/152 465/1/149 88/1/151 8/1/19
f 466/1/152 463/1/147 89/1/4 7/1/18
f 463/1/147 466/1/152 8/1/19 90/1/5
f 467/1/153 468/1/154 83/1/155 7/1/18
f 468/1/154 467/1/153 8/1/19 84/1/156
f 468/1/154 469/1/157 3/1/158 83/1/155
f 469/1/157 468/1/154 84/1/156 4/1/159
f 469/1/157 470/1/160 1/1/21 3/1/158
f 470/1/160 469/1/157 4/1/159 2/1/22
f 470/1/160 467/1/153 7/1/18 1/1/21
f 467/1/153 470/1/160 2/1/22 8/1/19
f 471/1/161 472/1/162 81/1/86 79/1/89
f 472/1/162 471/1/161 80/1/90 82/1/87
f 472/1/162 473/1/163 73/1/37 81/1/86
f 473/1/163 472/1/162 82/1/87 74/1/40
f 473/1/163 474/1/164 53/1/38 73/1/37
f 474/1/164 473/1/163 74/1/40 54/1/39
f 474/1/164 471/1/161 79/1/89 53/1/38
f 471/1/161 474/1/164 54/1/39 80/1/90
f 475/1/165 476/1/166 247/1/22 219/1/16
f 476/1/166 475/1/165 220/1/15 248/1/21
f 476/1/166 477/1/167 227/1/168 247/1/22
f 477/1/167 476/1/166 248/1/21 228/1/169
f 477/1/167 478/1/170 225/1/47 227/1/168
f 478/1/170 477/1/167 228/1/169 226/1/48
f 478/1/170 475/1/165 219/1/16 225/1/47
f 475/1/165 478/1/170 226/1/48 220/1/15
f 479/1/171 480/1/172 41/1/67 51/1/16
f 480/1/172 479/1/171 52/1/15 42/1/68
f 480/1/172 481/1/173 33/1/174 41/1/67
f 481/1/173 480/1/172 42/1/68 34/1/175
f 481/1/173 482/1/176 45/1/43 33/1/174
f 482/1/176 481/1/173 34/1/175 46/1/44
f 482/1/176 479/1/171 51/1/16 45/1/43
f 479/1/171 482/1/176 46/1/44 52/1/15
f 483/1/177 484/1/178 31/1/33 17/1/140
f 484/1/178 483/1/177 18/1/141 32/1/34
f 484/1/178 485/1/179 27/1/30 31/1/33
f 485/1/179 484/1/178 32/1/34 28/1/31
f 485/1/179 486/1/180 23/1/139 27/1/30
f 486/1/180 485/1/179 28/1/31 24/1/142
f 486/1/180 483/1/177 17/1/140 23/1/139
f 483/1/177 486/1/180 24/1/142 18/1/141
f 487/1/181 488/1/182 253/1/183 249/1/159
f 488/1/182 487/1/181 250/1/158 254/1/184
f 488/1/182 489/1/185 227/1/168 253/1/183
f 489/1/185 488/1/182 254/1/184 228/1/169
f 489/1/185 490/1/186 247/1/22 227/1/168
f 490/1/186 489/1/185 228/1/169 248/1/21
f 490/1/186 487/1/181 249/1/159 247/1/22
f 487/1/181 490/1/186 248/1/21 250/1/158
f 491/1/187 492/1/188 17/1/140 11/1/189
f 492/1/188 491/1/187 12/1/190 18/1/141
f 492/1/188 493/1/191 13/1/94 17/1/140
f 493/1/191 492/1/188 18/1/141 14/1/95
f 493/1/191 494/1/192 5/1/101 13/1/94
f 494/1/192 493/1/191 14/1/95 6/1/102
f 494/1/192 491/1/187 11/1/189 5/1/101
f 491/1/187 494/1/192 6/1/102 12/1/190
f 495/1/193 496/1/194 77/1/113 111/1/76
f 496/1/194 495/1/193 112/1/77 78/1/114
f 496/1/194 497/1/195 101/1/117 77/1/113
f 497/1/195 496/1/194 78/1/114 102/1/118
f 497/1/195 498/1/196 107/1/197 101/1/117
f 498/1/196 497/1/195 102/1/118 108/1/198
f 498/1/196 495/1/193 111/1/76 107/1/197
f 495/1/193 498/1/196 108/1/198 112/1/77
f 499/1/199 500/1/200 75/1/73 71/1/201
f 500/1/200 499/1/199 72/1/202 76/1/74
f 500/1/200 501/1/203 63/1/159 75/1/73
f 501/1/203 500/1/200 76/1/74 64/1/158
f 501/1/203 502/1/204 65/1/22 63/1/159
f 502/1/204 501/1/203 64/1/158 66/1/21
f 502/1/204 499/1/199 71/1/201 65/1/22
f 499/1/199 502/1/204 66/1/21 72/1/202
f 503/1/205 504/1/206 251/1/207 239/1/105
f 504/1/206 503/1/205 240/1/106 252/1/208
f 504/1/206 505/1/209 249/1/159 251/1/207
f 505/1/209 504/1/206 252/1/208 250/1/158
f 505/1/209 506/1/210 247/1/22 249/1/159
f 506/1/210 505/1/209 250/1/158 248/1/21
f 506/1/210 503/1/205 239/1/105 247/1/22
f 503/1/205 506/1/210 248/1/21 240/1/106
f 507/1/211 508/1/212 263/1/213 255/1/214
f 508/1/212 507/1/211 256/1/215 264/1/216
f 508/1/212 509/1/217 261/1/15 263/1/213
f 509/1/217 508/1/212 264/1/216 262/1/16
f 509/1/217 510/1/218 259/1/44 261/1/15
f 510/1/218 509/1/217 262/1/16 260/1/43
f 510/1/218 507/1/211 255/1/214 259/1/44
f 507/1/211 510/1/218 260/1/43 256/1/215
f 511/1/219 512/1/220 315/1/221 299/1/122
f 512/1/220 511/1/219 300/1/123 316/1/222
f 512/1/220 513/1/223 311/1/224 315/1/221
f 513/1/223 512/1/220 316/1/222 312/1/225
f 513/1/223 514/1/226 307/1/121 311/1/224
f 514/1/226 513/1/223 312/1/225 308/1/124
f 514/1/226 511/1/219 299/1/122 307/1/121
f 511/1/219 514/1/226 308/1/124 300/1/123
f 515/1/227 516/1/228 317/1/229 313/1/230
f 516/1/228 515/1/227 314/1/231 318/1/232
f 516/1/228 517/1/233 305/1/234 317/1/229
f 517/1/233 516/1/228 318/1/232 306/1/235
f 517/1/233 518/1/236 309/1/237 305/1/234
f 518/1/236 517/1/233 306/1/235 310/1/238
f 518/1/236 515/1/227 313/1/230 309/1/237
f 515/1/227 518/1/236 310/1/238 314/1/231
f 519/1/239 520/1/240 139/1/241 127/1/242
f 520/1/240 519/1/239 128/1/243 140/1/244
f 520/1/240 521/1/245 135/1/246 139/1/241
f 521/1/245 520/1/240 140/1/244 136/1/247
f 521/1/245 522/1/248 131/1/249 135/1/246
f 522/1/248 521/1/245 136/1/247 132/1/250
f 522/1/248 519/1/239 127/1/242 131/1/249
f 519/1/239 522/1/248 132/1/250 128/1/243
f 523/1/251 524/1/252 329/1/253 327/1/254
f 524/1/252 523/1/251 328/1/255 330/1/256
f 524/1/252 525/1/257 321/1/258 329/1/253
f 525/1/257 524/1/252 330/1/256 322/1/259
f 525/1/257 526/1/260 325/1/261 321/1/258
f 526/1/260 525/1/257 322/1/259 326/1/262
f 526/1/260 523/1/251 327/1/254 325/1/261
f 523/1/251 526/1/260 326/1/262 328/1/255
f 527/1/263 528/1/264 15/1/98 5/1/101
f 528/1/264 527/1/263 6/1/102 16/1/99
f 528/1/264 529/1/265 9/1/15 15/1/98
f 529/1/265 528/1/264 16/1/99 10/1/16
f 529/1/265 530/1/266 1/1/21 9/1/15
f 530/1/266 529/1/265 10/1/16 2/1/22
f 530/1/266 527/1/263 5/1/101 1/1/21
f 527/1/263 530/1/266 2/1/22 6/1/102
f 531/1/267 532/1/268 55/1/269 47/1/63
f 532/1/268 531/1/267 48/1/64 56/1/270
f 532/1/268 533/1/271 29/1/272 55/1/269
f 533/1/271 532/1/268 56/1/270 30/1/273
f 533/1/271 534/1/274 49/1/275 29/1/272
f 534/1/274 533/1/271 30/1/273 50/1/276
f 534/1/274 531/1/267 47/1/63 49/1/275
f 531/1/267 534/1/274 50/1/276 48/1/64
f 535/1/277 536/1/278 81/1/86 73/1/37
f 536/1/278 535/1/277 74/1/40 82/1/87
f 536/1/278 537/1/279 77/1/113 81/1/86
f 537/1/279 536/1/278 82/1/87 78/1/114
f 537/1/279 538/1/280 71/1/201 77/1/113
f 538/1/280 537/1/279 78/1/114 72/1/202
f 538/1/280 535/1/277 73/1/37 71/1/201
f 535/1/277 538/1/280 72/1/202 74/1/40
f 539/1/281 540/1/282 49/1/275 47/1/63
f 540/1/282 539/1/281 48/1/64 50/1/276
f 540/1/282 541/1/283 39/1/284 49/1/275
f 541/1/283 540/1/282 50/1/276 40/1/285
f 541/1/283 542/1/286 43/1/56 39/1/284
f 542/1/286 541/1/283 40/1/285 44/1/57
f 542/1/286 539/1/281 47/1/63 43/1/56
f 539/1/281 542/1/286 44/1/57 48/1/64
f 543/1/287 544/1/288 111/1/76 77/1/113
f 544/1/288 543/1/287 78/1/114 112/1/77
f 544/1/288 545/1/289 75/1/73 111/1/76
f 545/1/289 544/1/288 112/1/77 76/1/74
f 545/1/289 546/1/290 71/1/201 75/1/73
f 546/1/290 545/1/289 76/1/74 72/1/202
f 546/1/290 543/1/287 77/1/113 71/1/201
f 543/1/287 546/1/290 72/1/202 78/1/114
f 547/1/291 548/1/292 53/1/38 83/1/155
f 548/1/292 547/1/291 84/1/156 54/1/39
f 548/1/292 549/1/293 45/1/43 53/1/38
f 549/1/293 548/1/292 54/1/39 46/1/44
f 549/1/293 550/1/294 3/1/158 45/1/43
f 550/1/294 549/1/293 46/1/44 4/1/159
f 550/1/294 547/1/291 83/1/155 3/1/158
f 547/1/291 550/1/294 4/1/159 84/1/156
f 551/1/295 552/1/296 55/1/269 29/1/272
f 552/1/296 551/1/295 30/1/273 56/1/270
f 552/1/296 553/1/297 19/1/93 55/1/269
f 553/1/297 552/1/296 56/1/270 20/1/96
f 553/1/297 554/1/298 25/1/299 19/1/93
f 554/1/298 553/1/297 20/1/96 26/1/300
f 554/1/298 551/1/295 29/1/272 25/1/299
f 551/1/295 554/1/298 26/1/300 30/1/273
f 555/1/301 556/1/302 259/1/44 255/1/214
f 556/1/302 555/1/301 256/1/215 260/1/43
f 556/1/302 557/1/303 249/1/159 259/1/44
f 557/1/303 556/1/302 260/1/43 250/1/158
f 557/1/303 558/1/304 251/1/207 249/1/159
f 558/1/304 557/1/303 250/1/158 252/1/208
f 558/1/304 555/1/301 255/1/214 251/1/207
f 555/1/301 558/1/304 252/1/208 256/1/215
f 559/1/305 560/1/306 85/1/307 87/1/150
f 560/1/306 559/1/305 88/1/151 86/1/308
f 560/1/306 561/1/309 83/1/155 85/1/307
f 561/1/309 560/1/306 86/1/308 84/1/156
f 561/1/309 562/1/310 7/1/18 83/1/155
f 562/1/310 561/1/309 84/1/156 8/1/19
f 562/1/310 559/1/305 87/1/150 7/1/18
f 559/1/305 562/1/310 8/1/19 88/1/151
f 563/1/311 564/1/312 365/1/313 363/1/314
f 564/1/312 563/1/311 364/1/315 366/1/316
f 564/1/312 565/1/317 361/1/318 365/1/313
f 565/1/317 564/1/312 366/1/316 362/1/319
f 565/1/317 566/1/320 359/1/321 361/1/318
f 566/1/320 565/1/317 362/1/319 360/1/322
f 566/1/320 563/1/311 363/1/314 359/1/321
f 563/1/311 566/1/320 360/1/322 364/1/315
f 567/1/323 568/1/324 91/1/82 99/1/325
f 568/1/324 567/1/323 100/1/326 92/1/83
f 568/1/324 569/1/327 93/1/328 91/1/82
f 569/1/327 568/1/324 92/1/83 94/1/329
f 569/1/327 567/1/323 99/1/325 93/1/328
f 567/1/323 569/1/327 94/1/329 100/1/326
f 570/1/330 571/1/331 93/1/328 99/1/325
f 571/1/331 570/1/330 100/1/326 94/1/329
f 571/1/331 572/1/332 97/1/333 93/1/328
f 572/1/332 571/1/331 94/1/329 98/1/334
f 572/1/332 570/1/330 99/1/325 97/1/333
f 570/1/330 572/1/332 98/1/334 100/1/326
f 573/1/335 574/1/336 95/1/81 99/1/325
f 574/1/336 573/1/335 100/1/326 96/1/84
f 574/1/336 575/1/337 91/1/82 95/1/81
f 575/1/337 574/1/336 96/1/84 92/1/83
f 575/1/337 573/1/335 99/1/325 91/1/82
f 573/1/335 575/1/337 92/1/83 100/1/326
f 576/1/338 577/1/339 235/1/109 233/1/340
f 577/1/339 576/1/338 234/1/341 236/1/110
f 577/1/339 578/1/342 219/1/16 235/1/109
f 578/1/342 577/1/339 236/1/110 220/1/15
f 578/1/342 579/1/343 223/1/43 219/1/16
f 579/1/343 578/1/342 220/1/15 224/1/44
f 579/1/343 576/1/338 233/1/340 223/1/43
f 576/1/338 579/1/343 224/1/44 234/1/341
f 580/1/344 581/1/345 101/1/117 99/1/325
f 581/1/345 580/1/344 100/1/326 102/1/118
f 581/1/345 582/1/346 95/1/81 101/1/117
f 582/1/346 581/1/345 102/1/118 96/1/84
f 582/1/346 580/1/344 99/1/325 95/1/81
f 580/1/344 582/1/346 96/1/84 100/1/326
f 583/1/347 584/1/348 97/1/333 99/1/325
f 584/1/348 583/1/347 100/1/326 98/1/334
f 584/1/348 585/1/349 103/1/350 97/1/333
f 585/1/349 584/1/348 98/1/334 104/1/351
f 585/1/349 583/1/347 99/1/325 103/1/350
f 583/1/347 585/1/349 104/1/351 100/1/326
f 586/1/352 587/1/353 33/1/174 11/1/189
f 587/1/353 586/1/352 12/1/190 34/1/175
f 587/1/353 588/1/354 31/1/33 33/1/174
f 588/1/354 587/1/353 34/1/175 32/1/34
f 588/1/354 589/1/355 17/1/140 31/1/33
f 589/1/355 588/1/354 32/1/34 18/1/141
f 589/1/355 586/1/352 11/1/189 17/1/140
f 586/1/352 589/1/355 18/1/141 12/1/190
f 590/1/356 591/1/357 107/1/197 99/1/325
f 591/1/357 590/1/356 100/1/326 108/1/198
f 591/1/357 592/1/358 101/1/117 107/1/197
f 592/1/358 591/1/357 108/1/198 102/1/118
f 592/1/358 590/1/356 99/1/325 101/1/117
f 590/1/356 592/1/358 102/1/118 100/1/326
f 593/1/359 594/1/360 103/1/350 99/1/325
f 594/1/360 593/1/359 100/1/326 104/1/351
f 594/1/360 595/1/361 109/1/362 103/1/350
f 595/1/361 594/1/360 104/1/351 110/1/363
f 595/1/361 593/1/359 99/1/325 109/1/362
f 593/1/359 595/1/361 110/1/363 100/1/326
f 596/1/364 597/1/365 109/1/362 99/1/325
f 597/1/365 596/1/364 100/1/326 110/1/363
f 597/1/365 598/1/366 107/1/197 109/1/362
f 598/1/366 597/1/365 110/1/363 108/1/198
f 598/1/366 596/1/364 99/1/325 107/1/197
f 596/1/364 598/1/366 108/1/198 100/1/326
f 599/1/367 600/1/368 43/1/56 35/1/26
f 600/1/368 599/1/367 36/1/27 44/1/57
f 600/1/368 601/1/369 39/1/284 43/1/56
f 601/1/369 600/1/368 44/1/57 40/1/285
f 601/1/369 602/1/370 37/1/25 39/1/284
f 602/1/370 601/1/369 40/1/285 38/1/28
f 602/1/370 599/1/367 35/1/26 37/1/25
f 599/1/367 602/1/370 38/1/28 36/1/27
f 603/1/371 604/1/372 111/1/76 113/1/8
f 604/1/372 603/1/371 114/1/9 112/1/77
f 604/1/372 605/1/373 107/1/197 111/1/76
f 605/1/373 604/1/372 112/1/77 108/1/198
f 605/1/373 606/1/374 109/1/362 107/1/197
f 606/1/374 605/1/373 108/1/198 110/1/363
f 606/1/374 603/1/371 113/1/8 109/1/362
f 603/1/371 606/1/374 110/1/363 114/1/9
f 607/1/375 608/1/376 87/1/150 85/1/307
f 608/1/376 607/1/375 86/1/308 88/1/151
f 608/1/376 609/1/377 97/1/333 87/1/150
f 609/1/377 608/1/376 88/1/151 98/1/334
f 609/1/377 610/1/378 93/1/328 97/1/333
f 610/1/378 609/1/377 98/1/334 94/1/329
f 610/1/378 607/1/375 85/1/307 93/1/328
f 607/1/375 610/1/378 94/1/329 86/1/308
f 611/1/379 612/1/380 113/1/8 105/1/11
f 612/1/380 611/1/379 106/1/12 114/1/9
f 612/1/380 613/1/381 109/1/362 113/1/8
f 613/1/381 612/1/380 114/1/9 110/1/363
f 613/1/381 614/1/382 103/1/350 109/1/362
f 614/1/382 613/1/381 110/1/363 104/1/351
f 614/1/382 611/1/379 105/1/11 103/1/350
f 611/1/379 614/1/382 104/1/351 106/1/12
f 615/1/383 616/1/384 265/1/385 261/1/15
f 616/1/384 615/1/383 262/1/16 266/1/386
f 616/1/384 617/1/387 257/1/388 265/1/385
f 617/1/387 616/1/384 266/1/386 258/1/389
f 617/1/387 618/1/390 259/1/44 257/1/388
f 618/1/390 617/1/387 258/1/389 260/1/43
f 618/1/390 615/1/383 261/1/15 259/1/44
f 615/1/383 618/1/390 260/1/43 262/1/16
f 619/1/391 620/1/392 323/1/393 319/1/394
f 620/1/392 619/1/391 320/1/395 324/1/396
f 620/1/392 621/1/397 311/1/224 323/1/393
f 621/1/397 620/1/392 324/1/396 312/1/225
f 621/1/397 622/1/398 315/1/221 311/1/224
f 622/1/398 621/1/397 312/1/225 316/1/222
f 622/1/398 619/1/391 319/1/394 315/1/221
f 619/1/391 622/1/398 316/1/222 320/1/395
f 623/1/399 624/1/400 123/1/401 119/1/402
f 624/1/400 623/1/399 120/1/403 124/1/404
f 624/1/400 625/1/405 115/1/406 123/1/401
f 625/1/405 624/1/400 124/1/404 116/1/407
f 625/1/405 626/1/408 117/1/409 115/1/406
f 626/1/408 625/1/405 116/1/407 118/1/410
f 626/1/408 623/1/399 119/1/402 117/1/409
f 623/1/399 626/1/408 118/1/410 120/1/403
f 627/1/411 628/1/412 125/1/413 121/1/414
f 628/1/412 627/1/411 122/1/415 126/1/416
f 628/1/412 629/1/417 119/1/402 125/1/413
f 629/1/417 628/1/412 126/1/416 120/1/403
f 629/1/417 630/1/418 117/1/409 119/1/402
f 630/1/418 629/1/417 120/1/403 118/1/410
f 630/1/418 627/1/411 121/1/414 117/1/409
f 627/1/411 630/1/418 118/1/410 122/1/415
f 631/1/419 632/1/420 89/1/4 69/1/3
f 632/1/420 631/1/419 70/1/6 90/1/5
f 632/1/420 633/1/421 9/1/15 89/1/4
f 633/1/421 632/1/420 90/1/5 10/1/16
f 633/1/421 634/1/422 67/1/44 9/1/15
f 634/1/422 633/1/421 10/1/16 68/1/43
f 634/1/422 631/1/419 69/1/3 67/1/44
f 631/1/419 634/1/422 68/1/43 70/1/6
f 635/1/423 636/1/424 79/1/89 85/1/307
f 636/1/424 635/1/423 86/1/308 80/1/90
f 636/1/424 637/1/425 53/1/38 79/1/89
f 637/1/425 636/1/424 80/1/90 54/1/39
f 637/1/425 638/1/426 83/1/155 53/1/38
f 638/1/426 637/1/425 54/1/39 84/1/156
f 638/1/426 635/1/423 85/1/307 83/1/155
f 635/1/423 638/1/426 84/1/156 86/1/308
f 639/1/427 640/1/428 75/1/73 63/1/159
f 640/1/428 639/1/427 64/1/158 76/1/74
f 640/1/428 641/1/429 69/1/3 75/1/73
f 641/1/429 640/1/428 76/1/74 70/1/6
f 641/1/429 642/1/430 67/1/44 69/1/3
f 642/1/430 641/1/429 70/1/6 68/1/43
f 642/1/430 639/1/427 63/1/159 67/1/44
f 639/1/427 642/1/430 68/1/43 64/1/158
f 643/1/431 644/1/432 133/1/433 121/1/414
f 644/1/432 643/1/431 122/1/415 134/1/434
f 644/1/432 645/1/435 129/1/436 133/1/433
f 645/1/435 644/1/432 134/1/434 130/1/437
f 645/1/435 646/1/438 125/1/413 129/1/436
f 646/1/438 645/1/435 130/1/437 126/1/416
f 646/1/438 643/1/431 121/1/414 125/1/413
f 643/1/431 646/1/438 126/1/416 122/1/415
f 647/1/439 648/1/440 103/1/350 105/1/11
f 648/1/440 647/1/439 106/1/12 104/1/351
f 648/1/440 649/1/441 97/1/333 103/1/350
f 649/1/441 648/1/440 104/1/351 98/1/334
f 649/1/441 650/1/442 87/1/150 97/1/333
f 650/1/442 649/1/441 98/1/334 88/1/151
f 650/1/442 647/1/439 105/1/11 87/1/150
f 647/1/439 650/1/442 88/1/151 106/1/12
f 651/1/443 652/1/444 205/1/445 199/1/446
f 652/1/444 651/1/443 200/1/447 206/1/448
f 652/1/444 653/1/449 203/1/450 205/1/445
f 653/1/449 652/1/444 206/1/448 204/1/451
f 653/1/449 654/1/452 201/1/453 203/1/450
f 654/1/452 653/1/449 204/1/451 202/1/454
f 654/1/452 651/1/443 199/1/446 201/1/453
f 651/1/443 654/1/452 202/1/454 200/1/447
f 655/1/455 656/1/456 201/1/453 199/1/446
f 656/1/456 655/1/455 200/1/447 202/1/454
f 656/1/456 657/1/457 191/1/458 201/1/453
f 657/1/457 656/1/456 202/1/454 192/1/459
f 657/1/457 658/1/460 183/1/461 191/1/458
f 658/1/460 657/1/457 192/1/459 184/1/462
f 658/1/460 655/1/455 199/1/446 183/1/461
f 655/1/455 658/1/460 184/1/462 200/1/447
f 659/1/463 660/1/464 209/1/465 205/1/445
f 660/1/464 659/1/463 206/1/448 210/1/466
f 660/1/464 661/1/467 207/1/468 209/1/465
f 661/1/467 660/1/464 210/1/466 208/1/469
f 661/1/467 662/1/470 203/1/450 207/1/468
f 662/1/470 661/1/467 208/1/469 204/1/451
f 662/1/470 659/1/463 205/1/445 203/1/450
f 659/1/463 662/1/470 204/1/451 206/1/448
f 663/1/471 664/1/472 191/1/458 183/1/461
f 664/1/472 663/1/471 184/1/462 192/1/459
f 664/1/472 665/1/473 185/1/474 191/1/458
f 665/1/473 664/1/472 192/1/459 186/1/475
f 665/1/473 666/1/476 187/1/477 185/1/474
f 666/1/476 665/1/473 186/1/475 188/1/478
f 666/1/476 663/1/471 183/1/461 187/1/477
f 663/1/471 666/1/476 188/1/478 184/1/462
f 667/1/479 668/1/480 159/1/481 167/1/482
f 668/1/480 667/1/479 168/1/483 160/1/484
f 668/1/480 669/1/485 163/1/486 159/1/481
f 669/1/485 668/1/480 160/1/484 164/1/487
f 669/1/485 667/1/479 167/1/482 163/1/486
f 667/1/479 669/1/485 164/1/487 168/1/483
f 670/1/488 671/1/489 165/1/490 169/1/491
f 671/1/489 670/1/488 170/1/492 166/1/493
f 671/1/489 672/1/494 161/1/495 165/1/490
f 672/1/494 671/1/489 166/1/493 162/1/496
f 672/1/494 670/1/488 169/1/491 161/1/495
f 670/1/488 672/1/494 162/1/496 170/1/492
f 673/1/497 674/1/498 167/1/482 159/1/481
f 674/1/498 673/1/497 160/1/484 168/1/483
f 674/1/498 675/1/499 171/1/500 167/1/482
f 675/1/499 674/1/498 168/1/483 172/1/501
f 675/1/499 673/1/497 159/1/481 171/1/500
f 673/1/497 675/1/499 172/1/501 160/1/484
f 676/1/502 677/1/503 181/1/504 179/1/505
f 677/1/503 676/1/502 180/1/506 182/1/507
f 677/1/503 678/1/508 169/1/491 181/1/504
f 678/1/508 677/1/503 182/1/507 170/1/492
f 678/1/508 679/1/509 177/1/510 169/1/491
f 679/1/509 678/1/508 170/1/492 178/1/511
f 679/1/509 676/1/502 179/1/505 177/1/510
f 676/1/502 679/1/509 178/1/511 180/1/506
f 680/1/512 681/1/513 161/1/495 169/1/491
f 681/1/513 680/1/512 170/1/492 162/1/496
f 681/1/513 682/1/514 177/1/510 161/1/495
f 682/1/514 681/1/513 162/1/496 178/1/511
f 682/1/514 680/1/512 169/1/491 177/1/510
f 680/1/512 682/1/514 178/1/511 170/1/492
f 683/1/515 684/1/516 197/1/517 195/1/518
f 684/1/516 683/1/515 196/1/519 198/1/520
f 684/1/516 685/1/521 189/1/522 197/1/517
f 685/1/521 684/1/516 198/1/520 190/1/523
f 685/1/521 686/1/524 193/1/525 189/1/522
f 686/1/524 685/1/521 190/1/523 194/1/526
f 686/1/524 683/1/515 195/1/518 193/1/525
f 683/1/515 686/1/524 194/1/526 196/1/519
f 687/1/527 688/1/528 163/1/486 155/1/529
f 688/1/528 687/1/527 156/1/530 164/1/487
f 688/1/528 689/1/531 159/1/481 163/1/486
f 689/1/531 688/1/528 164/1/487 160/1/484
f 689/1/531 690/1/532 149/1/533 159/1/481
f 690/1/532 689/1/531 160/1/484 150/1/534
f 690/1/532 687/1/527 155/1/529 149/1/533
f 687/1/527 690/1/532 150/1/534 156/1/530
f 691/1/535 692/1/536 189/1/522 185/1/474
f 692/1/536 691/1/535 186/1/475 190/1/523
f 692/1/536 693/1/537 187/1/477 189/1/522
f 693/1/537 692/1/536 190/1/523 188/1/478
f 693/1/537 691/1/535 185/1/474 187/1/477
f 691/1/535 693/1/537 188/1/478 186/1/475
f 694/1/538 695/1/539 185/1/474 189/1/522
f 695/1/539 694/1/538 190/1/523 186/1/475
f 695/1/539 696/1/540 193/1/525 185/1/474
f 696/1/540 695/1/539 186/1/475 194/1/526
f 696/1/540 694/1/538 189/1/522 193/1/525
f 694/1/538 696/1/540 194/1/526 190/1/523
f 697/1/541 698/1/542 217/1/543 211/1/544
f 698/1/542 697/1/541 212/1/545 218/1/546
f 698/1/542 699/1/547 215/1/548 217/1/543
f 699/1/547 698/1/542 218/1/546 216/1/549
f 699/1/547 700/1/550 213/1/551 215/1/548
f 700/1/550 699/1/547 216/1/549 214/1/552
f 700/1/550 697/1/541 211/1/544 213/1/551
f 697/1/541 700/1/550 214/1/552 212/1/545
f 701/1/553 702/1/554 155/1/529 147/1/555
f 702/1/554 701/1/553 148/1/556 156/1/530
f 702/1/554 703/1/557 149/1/533 155/1/529
f 703/1/557 702/1/554 156/1/530 150/1/534
f 703/1/557 704/1/558 151/1/559 149/1/533
f 704/1/558 703/1/557 150/1/534 152/1/560
f 704/1/558 701/1/553 147/1/555 151/1/559
f 701/1/553 704/1/558 152/1/560 148/1/556
f 705/1/561 706/1/562 353/1/563 351/1/564
f 706/1/562 705/1/561 352/1/565 354/1/566
f 706/1/562 707/1/567 339/1/568 353/1/563
f 707/1/567 706/1/562 354/1/566 340/1/569
f 707/1/567 708/1/570 343/1/571 339/1/568
f 708/1/570 707/1/567 340/1/569 344/1/572
f 708/1/570 705/1/561 351/1/564 343/1/571
f 705/1/561 708/1/570 344/1/572 352/1/565
f 709/1/573 710/1/574 207/1/468 211/1/544
f 710/1/574 709/1/573 212/1/545 208/1/469
f 710/1/574 711/1/575 209/1/465 207/1/468
f 711/1/575 710/1/574 208/1/469 210/1/466
f 711/1/575 709/1/573 211/1/544 209/1/465
f 709/1/573 711/1/575 210/1/466 212/1/545
f 712/1/576 713/1/577 211/1/544 207/1/468
f 713/1/577 712/1/576 208/1/469 212/1/545
f 713/1/577 714/1/578 213/1/551 211/1/544
f 714/1/578 713/1/577 212/1/545 214/1/552
f 714/1/578 712/1/576 207/1/468 213/1/551
f 712/1/576 714/1/578 214/1/552 208/1/469
f 715/1/579 716/1/580 165/1/490 161/1/495
f 716/1/580 715/1/579 162/1/496 166/1/493
f 716/1/580 717/1/581 157/1/582 165/1/490
f 717/1/581 716/1/580 166/1/493 158/1/583
f 717/1/581 718/1/584 153/1/585 157/1/582
f 718/1/584 717/1/581 158/1/583 154/1/586
f 718/1/584 715/1/579 161/1/495 153/1/585
f 715/1/579 718/1/584 154/1/586 162/1/496
f 719/1/587 720/1/588 45/1/43 3/1/158
f 720/1/588 719/1/587 4/1/159 46/1/44
f 720/1/588 721/1/589 33/1/174 45/1/43
f 721/1/589 720/1/588 46/1/44 34/1/175
f 721/1/589 722/1/590 11/1/189 33/1/174
f 722/1/590 721/1/589 34/1/175 12/1/190
f 722/1/590 719/1/587 3/1/158 11/1/189
f 719/1/587 722/1/590 12/1/190 4/1/159
f 723/1/591 724/1/592 231/1/593 221/1/50
f 724/1/592 723/1/591 222/1/51 232/1/594
f 724/1/592 725/1/595 229/1/158 231/1/593
f 725/1/595 724/1/592 232/1/594 230/1/159
f 725/1/595 726/1/596 223/1/43 229/1/158
f 726/1/596 725/1/595 230/1/159 224/1/44
f 726/1/596 723/1/591 221/1/50 223/1/43
f 723/1/591 726/1/596 224/1/44 222/1/51
f 727/1/597 728/1/598 245/1/21 241/1/599
f 728/1/598 727/1/597 242/1/600 246/1/22
f 728/1/598 729/1/601 229/1/158 245/1/21
f 729/1/601 728/1/598 246/1/22 230/1/159
f 729/1/601 730/1/602 231/1/593 229/1/158
f 730/1/602 729/1/601 230/1/159 232/1/594
f 730/1/602 727/1/597 241/1/599 231/1/593
f 727/1/597 730/1/602 232/1/594 242/1/600
f 731/1/603 732/1/604 65/1/22 61/1/55
f 732/1/604 731/1/603 62/1/58 66/1/21
f 732/1/604 733/1/605 63/1/159 65/1/22
f 733/1/605 732/1/604 66/1/21 64/1/158
f 733/1/605 734/1/606 57/1/60 63/1/159
f 734/1/606 733/1/605 64/1/158 58/1/61
f 734/1/606 731/1/603 61/1/55 57/1/60
f 731/1/603 734/1/606 58/1/61 62/1/58
f 735/1/607 736/1/608 245/1/21 243/1/609
f 736/1/608 735/1/607 244/1/610 246/1/22
f 736/1/608 737/1/611 261/1/15 245/1/21
f 737/1/611 736/1/608 246/1/22 262/1/16
f 737/1/611 738/1/612 263/1/213 261/1/15
f 738/1/612 737/1/611 262/1/16 264/1/216
f 738/1/612 735/1/607 243/1/609 263/1/213
f 735/1/607 738/1/612 264/1/216 244/1/610
f 739/1/613 740/1/614 237/1/615 229/1/158
f 740/1/614 739/1/613 230/1/159 238/1/616
f 740/1/614 741/1/617 233/1/340 237/1/615
f 741/1/617 740/1/614 238/1/616 234/1/341
f 741/1/617 742/1/618 223/1/43 233/1/340
f 742/1/618 741/1/617 234/1/341 224/1/44
f 742/1/618 739/1/613 229/1/158 223/1/43
f 739/1/613 742/1/618 224/1/44 230/1/159
f 743/1/619 744/1/620 59/1/135 55/1/269
f 744/1/620 743/1/619 56/1/270 60/1/136
f 744/1/620 745/1/621 15/1/98 59/1/135
f 745/1/621 744/1/620 60/1/136 16/1/99
f 745/1/621 746/1/622 19/1/93 15/1/98
f 746/1/622 745/1/621 16/1/99 20/1/96
f 746/1/622 743/1/619 55/1/269 19/1/93
f 743/1/619 746/1/622 20/1/96 56/1/270
f 747/1/623 748/1/624 145/1/625 137/1/626
f 748/1/624 747/1/623 138/1/627 146/1/628
f 748/1/624 749/1/629 143/1/630 145/1/625
f 749/1/629 748/1/624 146/1/628 144/1/631
f 749/1/629 750/1/632 141/1/633 143/1/630
f 750/1/632 749/1/629 144/1/631 142/1/634
f 750/1/632 747/1/623 137/1/626 141/1/633
f 747/1/623 750/1/632 142/1/634 138/1/627
f 751/1/635 752/1/636 25/1/299 21/1/144
f 752/1/636 751/1/635 22/1/145 26/1/300
f 752/1/636 753/1/637 19/1/93 25/1/299
f 753/1/637 752/1/636 26/1/300 20/1/96
f 753/1/637 754/1/638 13/1/94 19/1/93
f 754/1/638 753/1/637 20/1/96 14/1/95
f 754/1/638 751/1/635 21/1/144 13/1/94
f 751/1/635 754/1/638 14/1/95 22/1/145
f 755/1/639 756/1/640 259/1/44 249/1/159
f 756/1/640 755/1/639 250/1/158 260/1/43
f 756/1/640 757/1/641 257/1/388 259/1/44
f 757/1/641 756/1/640 260/1/43 258/1/389
f 757/1/641 758/1/642 253/1/183 257/1/388
f 758/1/642 757/1/641 258/1/389 254/1/184
f 758/1/642 755/1/639 249/1/159 253/1/183
f 755/1/639 758/1/642 254/1/184 250/1/158
f 759/1/643 760/1/644 59/1/135 57/1/60
f 760/1/644 759/1/643 58/1/61 60/1/136
f 760/1/644 761/1/645 55/1/269 59/1/135
f 761/1/645 760/1/644 60/1/136 56/1/270
f 761/1/645 762/1/646 47/1/63 55/1/269
f 762/1/646 761/1/645 56/1/270 48/1/64
f 762/1/646 759/1/643 57/1/60 47/1/63
f 759/1/643 762/1/646 48/1/64 58/1/61
f 763/1/647 764/1/648 265/1/385 241/1/599
f 764/1/648 763/1/647 242/1/600 266/1/386
f 764/1/648 765/1/649 261/1/15 265/1/385
f 765/1/649 764/1/648 266/1/386 262/1/16
f 765/1/649 766/1/650 245/1/21 261/1/15
f 766/1/650 765/1/649 262/1/16 246/1/22
f 766/1/650 763/1/647 241/1/599 245/1/21
f 763/1/647 766/1/650 246/1/22 242/1/600
f 767/1/651 768/1/652 65/1/22 51/1/16
f 768/1/652 767/1/651 52/1/15 66/1/21
f 768/1/652 769/1/653 61/1/55 65/1/22
f 769/1/653 768/1/652 66/1/21 62/1/58
f 769/1/653 770/1/654 41/1/67 61/1/55
f 770/1/654 769/1/653 62/1/58 42/1/68
f 770/1/654 767/1/651 51/1/16 41/1/67
f 767/1/651 770/1/654 42/1/68 52/1/15
f 771/1/655 772/1/656 11/1/189 3/1/158
f 772/1/656 771/1/655 4/1/159 12/1/190
f 772/1/656 773/1/657 5/1/101 11/1/189
f 773/1/657 772/1/656 12/1/190 6/1/102
f 773/1/657 774/1/658 1/1/21 5/1/101
f 774/1/658 773/1/657 6/1/102 2/1/22
f 774/1/658 771/1/655 3/1/158 1/1/21
f 771/1/655 774/1/658 2/1/22 4/1/159
f 775/1/659 776/1/660 93/1/328 85/1/307
f 776/1/660 775/1/659 86/1/308 94/1/329
f 776/1/660 777/1/661 91/1/82 93/1/328
f 777/1/661 776/1/660 94/1/329 92/1/83
f 777/1/661 778/1/662 79/1/89 91/1/82
f 778/1/662 777/1/661 92/1/83 80/1/90
f 778/1/662 775/1/659 85/1/307 79/1/89
f 775/1/659 778/1/662 80/1/90 86/1/308
f 779/1/663 780/1/664 273/1/665 269/1/666
f 780/1/664 779/1/663 270/1/667 274/1/668
f 780/1/664 781/1/669 271/1/670 273/1/665
f 781/1/669 780/1/664 274/1/668 272/1/671
f 781/1/669 782/1/672 267/1/673 271/1/670
f 782/1/672 781/1/669 272/1/671 268/1/674
f 782/1/672 779/1/663 269/1/666 267/1/673
f 779/1/663 782/1/672 268/1/674 270/1/667
f 783/1/675 784/1/676 277/1/677 281/1/678
f 784/1/676 783/1/675 282/1/679 278/1/680
f 784/1/676 785/1/681 271/1/670 277/1/677
f 785/1/681 784/1/676 278/1/680 272/1/671
f 785/1/681 786/1/682 273/1/665 271/1/670
f 786/1/682 785/1/681 272/1/671 274/1/668
f 786/1/682 783/1/675 281/1/678 273/1/665
f 783/1/675 786/1/682 274/1/668 282/1/679
f 787/1/683 788/1/684 285/1/685 289/1/686
f 788/1/684 787/1/683 290/1/687 286/1/688
f 788/1/684 789/1/689 277/1/677 285/1/685
f 789/1/689 788/1/684 286/1/688 278/1/680
f 789/1/689 790/1/690 281/1/678 277/1/677
f 790/1/690 789/1/689 278/1/680 282/1/679
f 790/1/690 787/1/683 289/1/686 281/1/678
f 787/1/683 790/1/690 282/1/679 290/1/687
f 791/1/691 792/1/692 275/1/693 279/1/694
f 792/1/692 791/1/691 280/1/695 276/1/696
f 792/1/692 793/1/697 269/1/666 275/1/693
f 793/1/697 792/1/692 276/1/696 270/1/667
f 793/1/697 794/1/698 267/1/673 269/1/666
f 794/1/698 793/1/697 270/1/667 268/1/674
f 794/1/698 791/1/691 279/1/694 267/1/673
f 791/1/691 794/1/698 268/1/674 280/1/695
f 795/1/699 796/1/700 293/1/701 297/1/702
f 796/1/700 795/1/699 298/1/703 294/1/704
f 796/1/700 797/1/705 285/1/685 293/1/701
f 797/1/705 796/1/700 294/1/704 286/1/688
f 797/1/705 798/1/706 289/1/686 285/1/685
f 798/1/706 797/1/705 286/1/688 290/1/687
f 798/1/706 795/1/699 297/1/702 289/1/686
f 795/1/699 798/1/706 290/1/687 298/1/703
f 799/1/707 800/1/708 287/1/709 279/1/694
f 800/1/708 799/1/707 280/1/695 288/1/710
f 800/1/708 801/1/711 283/1/712 287/1/709
f 801/1/711 800/1/708 288/1/710 284/1/713
f 801/1/711 802/1/714 275/1/693 283/1/712
f 802/1/714 801/1/711 284/1/713 276/1/696
f 802/1/714 799/1/707 279/1/694 275/1/693
f 799/1/707 802/1/714 276/1/696 280/1/695
f 803/1/715 804/1/716 293/1/701 295/1/717
f 804/1/716 803/1/715 296/1/718 294/1/704
f 804/1/716 805/1/719 297/1/702 293/1/701
f 805/1/719 804/1/716 294/1/704 298/1/703
f 805/1/719 806/1/720 291/1/721 297/1/702
f 806/1/720 805/1/719 298/1/703 292/1/722
f 806/1/720 803/1/715 295/1/717 291/1/721
f 803/1/715 806/1/720 292/1/722 296/1/718
f 807/1/723 808/1/724 295/1/717 287/1/709
f 808/1/724 807/1/723 288/1/710 296/1/718
f 808/1/724 809/1/725 291/1/721 295/1/717
f 809/1/725 808/1/724 296/1/718 292/1/722
f 809/1/725 810/1/726 283/1/712 291/1/721
f 810/1/726 809/1/725 292/1/722 284/1/713
f 810/1/726 807/1/723 287/1/709 283/1/712
f 807/1/723 810/1/726 284/1/713 288/1/710
f 811/1/727 812/1/728 41/1/67 33/1/174
f 812/1/728 811/1/727 34/1/175 42/1/68
f 812/1/728 813/1/729 35/1/26 41/1/67
f 813/1/729 812/1/728 42/1/68 36/1/27
f 813/1/729 814/1/730 31/1/33 35/1/26
f 814/1/730 813/1/729 36/1/27 32/1/34
f 814/1/730 811/1/727 33/1/174 31/1/33
f 811/1/727 814/1/730 32/1/34 34/1/175
f 815/1/731 816/1/732 131/1/249 127/1/242
f 816/1/732 815/1/731 128/1/243 132/1/250
f 816/1/732 817/1/733 115/1/406 131/1/249
f 817/1/733 816/1/732 132/1/250 116/1/407
f 817/1/733 818/1/734 123/1/401 115/1/406
f 818/1/734 817/1/733 116/1/407 124/1/404
f 818/1/734 815/1/731 127/1/242 123/1/401
f 815/1/731 818/1/734 124/1/404 128/1/243
f 819/1/735 820/1/736 245/1/21 229/1/158
f 820/1/736 819/1/735 230/1/159 246/1/22
f 820/1/736 821/1/737 243/1/609 245/1/21
f 821/1/737 820/1/736 246/1/22 244/1/610
f 821/1/737 822/1/738 237/1/615 243/1/609
f 822/1/738 821/1/737 244/1/610 238/1/616
f 822/1/738 819/1/735 229/1/158 237/1/615
f 819/1/735 822/1/738 238/1/616 230/1/159
f 823/1/739 824/1/740 73/1/37 51/1/16
f 824/1/740 823/1/739 52/1/15 74/1/40
f 824/1/740 825/1/741 71/1/201 73/1/37
f 825/1/741 824/1/740 74/1/40 72/1/202
f 825/1/741 826/1/742 65/1/22 71/1/201
f 826/1/742 825/1/741 72/1/202 66/1/21
f 826/1/742 823/1/739 51/1/16 65/1/22
f 823/1/739 826/1/742 66/1/21 52/1/15
f 827/1/743 828/1/744 67/1/44 63/1/159
f 828/1/744 827/1/743 64/1/158 68/1/43
f 828/1/744 829/1/745 59/1/135 67/1/44
f 829/1/745 828/1/744 68/1/43 60/1/136
f 829/1/745 830/1/746 57/1/60 59/1/135
f 830/1/746 829/1/745 60/1/136 58/1/61
f 830/1/746 827/1/743 63/1/159 57/1/60
f 827/1/743 830/1/746 58/1/61 64/1/158
f 831/1/747 832/1/748 145/1/625 143/1/630
f 832/1/748 831/1/747 144/1/631 146/1/628
f 832/1/748 833/1/749 135/1/246 145/1/625
f 833/1/749 832/1/748 146/1/628 136/1/247
f 833/1/749 834/1/750 139/1/241 135/1/246
f 834/1/750 833/1/749 136/1/247 140/1/244
f 834/1/750 831/1/747 143/1/630 139/1/241
f 831/1/747 834/1/750 140/1/244 144/1/631
f 835/1/751 836/1/752 309/1/237 301/1/126
f 836/1/752 835/1/751 302/1/127 310/1/238
f 836/1/752 837/1/753 305/1/234 309/1/237
f 837/1/753 836/1/752 310/1/238 306/1/235
f 837/1/753 838/1/754 303/1/129 305/1/234
f 838/1/754 837/1/753 306/1/235 304/1/130
f 838/1/754 835/1/751 301/1/126 303/1/129
f 835/1/751 838/1/754 304/1/130 302/1/127
f 839/1/755 840/1/756 141/1/633 137/1/626
f 840/1/756 839/1/755 138/1/627 142/1/634
f 840/1/756 841/1/757 129/1/436 141/1/633
f 841/1/757 840/1/756 142/1/634 130/1/437
f 841/1/757 842/1/758 133/1/433 129/1/436
f 842/1/758 841/1/757 130/1/437 134/1/434
f 842/1/758 839/1/755 137/1/626 133/1/433
f 839/1/755 842/1/758 134/1/434 138/1/627
f 843/1/759 844/1/760 329/1/253 319/1/394
f 844/1/760 843/1/759 320/1/395 330/1/256
f 844/1/760 845/1/761 327/1/254 329/1/253
f 845/1/761 844/1/760 330/1/256 328/1/255
f 845/1/761 846/1/762 323/1/393 327/1/254
f 846/1/762 845/1/761 328/1/255 324/1/396
f 846/1/762 843/1/759 319/1/394 323/1/393
f 843/1/759 846/1/762 324/1/396 320/1/395
f 847/1/763 848/1/764 393/1/765 389/1/766
f 848/1/764 847/1/763 390/1/767 394/1/768
f 848/1/764 849/1/769 391/1/770 393/1/765
f 849/1/769 848/1/764 394/1/768 392/1/771
f 849/1/769 850/1/772 387/1/773 391/1/770
f 850/1/772 849/1/769 392/1/771 388/1/774
f 850/1/772 847/1/763 389/1/766 387/1/773
f 847/1/763 850/1/772 388/1/774 390/1/767
f 851/1/775 852/1/776 385/1/777 383/1/778
f 852/1/776 851/1/775 384/1/779 386/1/780
f 852/1/776 853/1/781 375/1/782 385/1/777
f 853/1/781 852/1/776 386/1/780 376/1/783
f 853/1/781 854/1/784 367/1/785 375/1/782
f 854/1/784 853/1/781 376/1/783 368/1/786
f 854/1/784 851/1/775 383/1/778 367/1/785
f 851/1/775 854/1/784 368/1/786 384/1/779
f 855/1/787 856/1/788 341/1/789 337/1/790
f 856/1/788 855/1/787 338/1/791 342/1/792
f 856/1/788 857/1/793 333/1/794 341/1/789
f 857/1/793 856/1/788 342/1/792 334/1/795
f 857/1/793 855/1/787 337/1/790 333/1/794
f 855/1/787 857/1/793 334/1/795 338/1/791
f 858/1/796 859/1/797 337/1/790 341/1/789
f 859/1/797 858/1/796 342/1/792 338/1/791
f 859/1/797 860/1/798 345/1/799 337/1/790
f 860/1/798 859/1/797 338/1/791 346/1/800
f 860/1/798 858/1/796 341/1/789 345/1/799
f 858/1/796 860/1/798 346/1/800 342/1/792
f 861/1/801 862/1/802 377/1/803 381/1/804
f 862/1/802 861/1/801 382/1/805 378/1/806
f 862/1/802 863/1/807 373/1/808 377/1/803
f 863/1/807 862/1/802 378/1/806 374/1/809
f 863/1/807 864/1/810 379/1/811 373/1/808
f 864/1/810 863/1/807 374/1/809 380/1/812
f 864/1/810 861/1/801 381/1/804 379/1/811
f 861/1/801 864/1/810 380/1/812 382/1/805
f 865/1/813 866/1/814 343/1/571 335/1/815
f 866/1/814 865/1/813 336/1/816 344/1/572
f 866/1/814 867/1/817 339/1/568 343/1/571
f 867/1/817 866/1/814 344/1/572 340/1/569
f 867/1/817 868/1/818 331/1/819 339/1/568
f 868/1/818 867/1/817 340/1/569 332/1/820
f 868/1/818 865/1/813 335/1/815 331/1/819
f 865/1/813 868/1/818 332/1/820 336/1/816
f 869/1/821 870/1/822 375/1/782 367/1/785
f 870/1/822 869/1/821 368/1/786 376/1/783
f 870/1/822 871/1/823 369/1/824 375/1/782
f 871/1/823 870/1/822 376/1/783 370/1/825
f 871/1/823 872/1/826 371/1/827 369/1/824
f 872/1/826 871/1/823 370/1/825 372/1/828
f 872/1/826 869/1/821 367/1/785 371/1/827
f 869/1/821 872/1/826 372/1/828 368/1/786
f 873/1/829 874/1/830 357/1/831 359/1/321
f 874/1/830 873/1/829 360/1/322 358/1/832
f 874/1/830 875/1/833 355/1/834 357/1/831
f 875/1/833 874/1/830 358/1/832 356/1/835
f 875/1/833 873/1/829 359/1/321 355/1/834
f 873/1/829 875/1/833 356/1/835 360/1/322
f 876/1/836 877/1/837 359/1/321 357/1/831
f 877/1/837 876/1/836 358/1/832 360/1/322
f 877/1/837 878/1/838 361/1/318 359/1/321
f 878/1/838 877/1/837 360/1/322 362/1/319
f 878/1/838 876/1/836 357/1/831 361/1/318
f 876/1/836 878/1/838 362/1/319 358/1/832
f 879/1/839 880/1/840 401/1/841 397/1/842
f 880/1/840 879/1/839 398/1/843 402/1/844
f 880/1/840 881/1/845 399/1/846 401/1/841
f 881/1/845 880/1/840 402/1/844 400/1/847
f 881/1/845 882/1/848 395/1/849 399/1/846
f 882/1/848 881/1/845 400/1/847 396/1/850
f 882/1/848 879/1/839 397/1/842 395/1/849
f 879/1/839 882/1/848 396/1/850 398/1/843
f 883/1/851 884/1/852 337/1/790 331/1/819
f 884/1/852 883/1/851 332/1/820 338/1/791
f 884/1/852 885/1/853 333/1/794 337/1/790
f 885/1/853 884/1/852 338/1/791 334/1/795
f 885/1/853 886/1/854 335/1/815 333/1/794
f 886/1/854 885/1/853 334/1/795 336/1/816
f 886/1/854 883/1/851 331/1/819 335/1/815
f 883/1/851 886/1/854 336/1/816 332/1/820
f 887/1/855 888/1/856 371/1/827 373/1/808
f 888/1/856 887/1/855 374/1/809 372/1/828
f 888/1/856 889/1/857 369/1/824 371/1/827
f 889/1/857 888/1/856 372/1/828 370/1/825
f 889/1/857 887/1/855 373/1/808 369/1/824
f 887/1/855 889/1/857 370/1/825 374/1/809
f 890/1/858 891/1/859 373/1/808 371/1/827
f 891/1/859 890/1/858 372/1/828 374/1/809
f 891/1/859 892/1/860 377/1/803 373/1/808
f 892/1/860 891/1/859 374/1/809 378/1/806
f 892/1/860 890/1/858 371/1/827 377/1/803
f 890/1/858 892/1/860 378/1/806 372/1/828
f 893/1/861 894/1/862 175/1/863 167/1/482
f 894/1/862 893/1/861 168/1/483 176/1/864
f 894/1/862 895/1/865 173/1/866 175/1/863
f 895/1/865 894/1/862 176/1/864 174/1/867
f 895/1/865 896/1/868 171/1/500 173/1/866
f 896/1/868 895/1/865 174/1/867 172/1/501
f 896/1/868 893/1/861 167/1/482 171/1/500
f 893/1/861 896/1/868 172/1/501 168/1/483
f 897/1/869 898/1/870 389/1/766 383/1/778
f 898/1/870 897/1/869 384/1/779 390/1/767
f 898/1/870 899/1/871 387/1/773 389/1/766
f 899/1/871 898/1/870 390/1/767 388/1/774
f 899/1/871 900/1/872 385/1/777 387/1/773
f 900/1/872 899/1/871 388/1/774 386/1/780
f 900/1/872 897/1/869 383/1/778 385/1/777
f 897/1/869 900/1/872 386/1/780 384/1/779
f 901/1/873 902/1/874 357/1/831 355/1/834
f 902/1/874 901/1/873 356/1/835 358/1/832
f 902/1/874 903/1/875 353/1/563 357/1/831
f 903/1/875 902/1/874 358/1/832 354/1/566
f 903/1/875 904/1/876 351/1/564 353/1/563
f 904/1/876 903/1/875 354/1/566 352/1/565
f 904/1/876 901/1/873 355/1/834 351/1/564
f 901/1/873 904/1/876 352/1/565 356/1/835
f 905/1/877 906/1/878 157/1/582 153/1/585
f 906/1/878 905/1/877 154/1/586 158/1/583
f 906/1/878 907/1/879 147/1/555 157/1/582
f 907/1/879 906/1/878 158/1/583 148/1/556
f 907/1/879 908/1/880 151/1/559 147/1/555
f 908/1/880 907/1/879 148/1/556 152/1/560
f 908/1/880 905/1/877 153/1/585 151/1/559
f 905/1/877 908/1/880 152/1/560 154/1/586
f 909/1/881 910/1/882 393/1/765 391/1/770
f 910/1/882 909/1/881 392/1/771 394/1/768
f 910/1/882 911/1/883 395/1/849 393/1/765
f 911/1/883 910/1/882 394/1/768 396/1/850
f 911/1/883 909/1/881 391/1/770 395/1/849
f 909/1/881 911/1/883 396/1/850 392/1/771
f 912/1/884 913/1/885 397/1/842 393/1/765
f 913/1/885 912/1/884 394/1/768 398/1/843
f 913/1/885 914/1/886 395/1/849 397/1/842
f 914/1/886 913/1/885 398/1/843 396/1/850
f 914/1/886 912/1/884 393/1/765 395/1/849
f 912/1/884 914/1/886 396/1/850 394/1/768
f 915/1/887 916/1/888 349/1/889 345/1/799
f 916/1/888 915/1/887 346/1/800 350/1/890
f 916/1/888 917/1/891 347/1/892 349/1/889
f 917/1/891 916/1/888 350/1/890 348/1/893
f 917/1/891 918/1/894 341/1/789 347/1/892
f 918/1/894 917/1/891 348/1/893 342/1/792
f 918/1/894 915/1/887 345/1/799 341/1/789
f 915/1/887 918/1/894 342/1/792 346/1/800
f 919/1/895 920/1/896 325/1/261 313/1/230
f 920/1/896 919/1/895 314/1/231 326/1/262
f 920/1/896 921/1/897 321/1/258 325/1/261
f 921/1/897 920/1/896 326/1/262 322/1/259
f 921/1/897 922/1/898 317/1/229 321/1/258
f 922/1/898 921/1/897 322/1/259 318/1/232
f 922/1/898 919/1/895 313/1/230 317/1/229
f 919/1/895 922/1/898 318/1/232 314/1/231
o RenderMesh_135207395523007
v 0.131224 -0.318584 0.000000
v 0.132069 -0.320397 0.000000
v 0.099594 -0.317110 -0.081688
v 0.100677 -0.318731 -0.082137
v 0.098034 -0.318584 -0.080128
v 0.098867 -0.320370 -0.080473
v 0.017906 -0.341124 0.000000
v 0.018296 -0.343086 0.000000
v 0.098034 -0.318584 0.080128
v 0.098867 -0.320370 0.080473
v 0.099594 -0.317110 0.081688
v 0.100677 -0.318731 0.082137
v 0.242470 -0.244251 0.000000
v 0.243929 -0.245619 0.000000
v 0.187755 -0.244251 -0.132095
v 0.189103 -0.245619 -0.132653
v 0.187755 -0.244251 0.132095
v 0.189103 -0.245619 0.132653
v 0.196330 -0.230806 -0.133080
v 0.197902 -0.231857 -0.133731
v 0.196330 -0.230806 0.133080
v 0.197902 -0.231857 0.133731
v 0.220925 -0.194993 -0.131476
v 0.222497 -0.196044 -0.132127
v 0.220925 -0.194993 0.131476
v 0.222497 -0.196044 0.132127
v 0.316803 -0.133005 0.000000
v 0.318664 -0.133739 0.000000
v 0.239665 -0.139087 -0.176415
v 0.241237 -0.140138 -0.177066
v 0.239665 -0.139087 0.176415
v 0.241237 -0.140138 0.177066
v 0.237673 -0.133005 -0.191035
v 0.239470 -0.133472 -0.191779
v 0.237673 -0.133005 0.191035
v 0.239470 -0.133472 0.191779
v 0.342905 -0.001781 0.000000
v 0.344905 -0.001781 0.000000
v 0.092789 0.315022 0.092789
v 0.093387 0.316835 0.093387
v 0.000000 0.341124 -0.000000
v 0.000000 0.343124 -0.000000
v 0.000000 0.315022 0.131224
v 0.000000 0.316835 0.132069
v -0.092789 0.315022 0.092789
v -0.093387 0.316835 0.093387
v 0.171452 0.240689 0.171452
v 0.172484 0.242057 0.172484
v 0.000000 0.240689 0.242470
v 0.000000 0.242057 0.243929
v -0.171452 0.240689 0.171452
v -0.172484 0.242057 0.172484
v -0.131224 0.315022 -0.000000
v -0.132069 0.316835 -0.000000
v 0.131224 0.315022 -0.000000
v 0.132069 0.316835 -0.000000
v -0.092789 0.315022 -0.092789
v -0.093387 0.316835 -0.093387
v 0.092789 0.315022 -0.092789
v 0.093387 0.316835 -0.093387
v 0.000000 0.315022 -0.131224
v 0.000000 0.316835 -0.132069
v 0.171452 0.240689 -0.171452
v 0.172484 0.242057 -0.172484
v 0.242470 0.240689 -0.000000
v 0.243929 0.242057 -0.000000
v -0.171452 0.240689 -0.171452
v -0.172484 0.242057 -0.172484
v 0.000000 0.240689 -0.242470
v -0.000000 0.242057 -0.243929
v 0.316803 0.129443 -0.000000
v 0.318664 0.130177 -0.000000
v 0.000000 0.129443 -0.316803
v -0.000000 0.130177 -0.318664
v -0.242470 0.240689 -0.000000
v -0.243929 0.242057 -0.000000
v -0.316803 0.129443 -0.000000
v -0.318664 0.130177 -0.000000
v -0.224013 0.129443 -0.224013
v -0.225329 0.130177 -0.225329
v -0.224013 0.129443 0.224013
v -0.225329 0.130177 0.225329
v 0.224013 0.129443 -0.224013
v 0.225329 0.130177 -0.225329
v 0.000000 -0.001781 -0.342905
v 0.000000 -0.001781 -0.344905
v -0.342905 -0.001781 0.000000
v -0.344905 -0.001781 0.000000
v 0.000000 0.129443 0.316803
v 0.000000 0.130177 0.318664
v 0.224013 0.129443 0.224013
v 0.225329 0.130177 0.225329
v 0.000000 -0.001781 0.342905
v 0.000000 -0.001781 0.344905
v 0.242470 -0.001781 0.242470
v 0.243884 -0.001781 0.243884
v -0.242470 -0.001781 0.242470
v -0.243884 -0.001781 0.243884
v 0.191035 -0.133005 0.237673
v 0.191779 -0.133472 0.239470
v 0.226415 -0.115930 0.226415
v 0.227802 -0.116320 0.227802
v -0.191035 -0.133005 0.237673
v -0.191779 -0.133472 0.239470
v -0.226415 -0.115930 0.226415
v -0.227802 -0.116320 0.227802
v -0.237673 -0.133005 0.191035
v -0.239470 -0.133472 0.191779
v 0.000000 -0.133005 0.316803
v 0.000000 -0.133739 0.318664
v -0.176415 -0.139087 0.239665
v -0.177066 -0.140138 0.241237
v 0.176415 -0.139087 0.239665
v 0.177066 -0.140138 0.241237
v -0.131476 -0.194993 0.220925
v -0.132127 -0.196044 0.222497
v 0.131476 -0.194993 0.220925
v 0.132127 -0.196044 0.222497
v 0.000000 -0.244251 0.242470
v 0.000000 -0.245619 0.243929
v -0.133080 -0.230806 0.196330
v -0.133731 -0.231857 0.197902
v 0.133080 -0.230806 0.196330
v 0.133731 -0.231857 0.197902
v -0.132095 -0.244251 0.187755
v -0.132653 -0.245619 0.189103
v 0.132095 -0.244251 0.187755
v 0.132653 -0.245619 0.189103
v 0.000000 -0.318584 0.131224
v 0.000000 -0.320397 0.132069
v -0.081688 -0.317110 0.099594
v -0.082137 -0.318731 0.100677
v 0.081688 -0.317110 0.099594
v 0.082137 -0.318731 0.100677
v -0.080128 -0.318584 0.098034
v -0.080473 -0.320370 0.098867
v 0.080128 -0.318584 0.098034
v 0.080473 -0.320370 0.098867
v 0.000000 -0.341124 0.017906
v 0.000000 -0.343086 0.018296
v -0.242470 -0.244251 0.000000
v -0.243929 -0.245619 0.000000
v -0.187755 -0.244251 0.132095
v -0.189103 -0.245619 0.132653
v -0.196330 -0.230806 0.133080
v -0.197902 -0.231857 0.133731
v -0.220925 -0.194993 0.131476
v -0.222497 -0.196044 0.132127
v -0.131224 -0.318584 0.000000
v -0.132069 -0.320397 0.000000
v -0.099594 -0.317110 0.081688
v -0.100677 -0.318731 0.082137
v -0.098034 -0.318584 0.080128
v -0.098867 -0.320370 0.080473
v -0.017906 -0.341124 0.000000
v -0.018296 -0.343086 0.000000
v -0.098034 -0.318584 -0.080128
v -0.098867 -0.320370 -0.080473
v -0.099594 -0.317110 -0.081688
v -0.100677 -0.318731 -0.082137
v -0.187755 -0.244251 -0.132095
v -0.189103 -0.245619 -0.132653
v -0.196330 -0.230806 -0.133080
v -0.197902 -0.231857 -0.133731
v -0.220925 -0.194993 -0.131476
v -0.222497 -0.196044 -0.132127
v -0.316803 -0.133005 0.000000
v -0.318664 -0.133739 0.000000
v -0.239665 -0.139087 -0.176415
v -0.241237 -0.140138 -0.177066
v -0.239665 -0.139087 0.176415
v -0.241237 -0.140138 0.177066
v -0.237673 -0.133005 -0.191035
v -0.239470 -0.133472 -0.191779
v -0.242470 -0.001781 -0.242470
v -0.243884 -0.001781 -0.243884
v -0.226415 -0.115930 -0.226415
v -0.227802 -0.116320 -0.227802
v -0.191035 -0.133005 -0.237673
v -0.191779 -0.133472 -0.239470
v 0.000000 -0.133005 -0.316803
v -0.000000 -0.133739 -0.318664
v -0.176415 -0.139087 -0.239665
v -0.177066 -0.140138 -0.241237
v -0.131476 -0.194993 -0.220925
v -0.132127 -0.196044 -0.222497
v 0.191035 -0.133005 -0.237673
v 0.191779 -0.133472 -0.239470
v 0.176415 -0.139087 -0.239665
v 0.177066 -0.140138 -0.241237
v 0.131476 -0.194993 -0.220925
v 0.132127 -0.196044 -0.222497
v 0.242470 -0.001781 -0.242470
v 0.243884 -0.001781 -0.243884
v 0.226415 -0.115930 -0.226415
v 0.227802 -0.116320 -0.227802
v 0.000000 -0.244251 -0.242470
v -0.000000 -0.245619 -0.243929
v 0.133080 -0.230806 -0.196330
v 0.133731 -0.231857 -0.197902
v -0.133080 -0.230806 -0.196330
v -0.133731 -0.231857 -0.197902
v 0.132095 -0.244251 -0.187755
v 0.132653 -0.245619 -0.189103
v -0.132095 -0.244251 -0.187755
v -0.132653 -0.245619 -0.189103
v 0.000000 -0.318584 -0.131224
v 0.000000 -0.320397 -0.132069
v 0.081688 -0.317110 -0.099594
v 0.082137 -0.318731 -0.100677
v -0.081688 -0.317110 -0.099594
v -0.082137 -0.318731 -0.100677
v 0.080128 -0.318584 -0.098034
v 0.080473 -0.320370 -0.098867
v -0.080128 -0.318584 -0.098034
v -0.080473 -0.320370 -0.098867
v 0.000000 -0.341124 -0.017906
v 0.000000 -0.343086 -0.018296
v -0.217326 -0.124889 -0.192856
v -0.216676 -0.126665 -0.193506
v -0.221976 -0.139087 -0.158726
v -0.220770 -0.140131 -0.159932
v -0.239665 -0.139087 -0.176415
v -0.238753 -0.140615 -0.177327
v -0.220925 -0.194993 -0.131476
v -0.219512 -0.195090 -0.132889
v -0.237673 -0.133005 -0.191035
v -0.237023 -0.134781 -0.191685
v -0.211419 -0.115930 -0.211419
v -0.210769 -0.117706 -0.212069
v -0.226415 -0.115930 -0.226415
v -0.225765 -0.117706 -0.227065
v -0.203236 -0.194993 -0.113787
v -0.201859 -0.194538 -0.115164
v -0.196330 -0.230806 -0.133080
v -0.195051 -0.229951 -0.134359
v -0.179706 -0.229255 -0.115322
v -0.178450 -0.228336 -0.116578
v -0.177733 -0.230806 -0.114483
v -0.176431 -0.230024 -0.115785
v -0.187755 -0.244251 -0.132095
v -0.186442 -0.243510 -0.133408
v -0.099594 -0.317110 -0.081688
v -0.098228 -0.316592 -0.083054
v -0.094814 -0.298991 -0.068308
v -0.093473 -0.298355 -0.069649
v -0.027885 -0.317110 -0.009979
v -0.026471 -0.317067 -0.011393
v -0.098034 -0.318584 -0.080128
v -0.096620 -0.318584 -0.081542
v -0.017906 -0.341124 0.000000
v -0.016492 -0.341124 -0.001414
v -0.017906 -0.319917 0.000000
v -0.016492 -0.319917 -0.001414
v -0.192856 -0.124889 0.217326
v -0.193506 -0.126665 0.216676
v -0.176415 -0.139087 0.239665
v -0.177327 -0.140615 0.238753
v -0.191035 -0.133005 0.237673
v -0.191685 -0.134781 0.237023
v -0.211419 -0.115930 0.211419
v -0.212069 -0.117706 0.210769
v -0.226415 -0.115930 0.226415
v -0.227065 -0.117706 0.225765
v -0.158726 -0.139087 0.221976
v -0.159932 -0.140131 0.220770
v -0.131476 -0.194993 0.220925
v -0.132889 -0.195090 0.219512
v -0.113787 -0.194993 0.203236
v -0.115164 -0.194538 0.201859
v -0.133080 -0.230806 0.196330
v -0.134359 -0.229951 0.195051
v -0.115322 -0.229255 0.179706
v -0.116578 -0.228336 0.178450
v -0.114483 -0.230806 0.177733
v -0.115785 -0.230024 0.176431
v -0.132095 -0.244251 0.187755
v -0.133408 -0.243510 0.186442
v -0.081688 -0.317110 0.099594
v -0.083054 -0.316592 0.098228
v -0.068308 -0.298991 0.094814
v -0.069649 -0.298355 0.093473
v -0.009979 -0.317110 0.027885
v -0.011393 -0.317067 0.026471
v -0.080128 -0.318584 0.098034
v -0.081542 -0.318584 0.096620
v 0.000000 -0.341124 0.017906
v -0.001414 -0.341124 0.016492
v 0.000000 -0.319917 0.017906
v -0.001414 -0.319917 0.016492
v -0.220925 -0.194993 0.131476
v -0.219512 -0.195090 0.132889
v -0.196330 -0.230806 0.133080
v -0.195051 -0.229951 0.134359
v -0.203236 -0.194993 0.113787
v -0.201859 -0.194538 0.115164
v -0.179706 -0.229255 0.115322
v -0.178450 -0.228336 0.116578
v -0.221976 -0.139087 0.158726
v -0.220770 -0.140131 0.159932
v -0.177733 -0.230806 0.114483
v -0.176431 -0.230024 0.115785
v -0.239665 -0.139087 0.176415
v -0.238753 -0.140615 0.177327
v -0.187755 -0.244251 0.132095
v -0.186442 -0.243510 0.133408
v -0.217326 -0.124889 0.192856
v -0.216676 -0.126665 0.193506
v -0.237673 -0.133005 0.191035
v -0.237023 -0.134781 0.191685
v -0.211419 -0.115930 0.211419
v -0.210769 -0.117706 0.212069
v -0.226415 -0.115930 0.226415
v -0.225765 -0.117706 0.227065
v -0.099594 -0.317110 0.081688
v -0.098228 -0.316592 0.083054
v -0.094814 -0.298991 0.068308
v -0.093473 -0.298355 0.069649
v -0.027885 -0.317110 0.009979
v -0.026471 -0.317067 0.011393
v -0.098034 -0.318584 0.080128
v -0.096620 -0.318584 0.081542
v -0.017906 -0.341124 0.000000
v -0.016492 -0.341124 0.001414
v -0.017906 -0.319917 0.000000
v -0.016492 -0.319917 0.001414
v 0.158726 -0.139087 0.221976
v 0.159932 -0.140131 0.220770
v 0.192856 -0.124889 0.217326
v 0.193506 -0.126665 0.216676
v 0.176415 -0.139087 0.239665
v 0.177327 -0.140615 0.238753
v 0.191035 -0.133005 0.237673
v 0.191685 -0.134781 0.237023
v 0.131476 -0.194993 0.220925
v 0.132889 -0.195090 0.219512
v 0.211419 -0.115930 0.211419
v 0.211419 -0.117930 0.211419
v 0.113787 -0.194993 0.203236
v 0.115164 -0.194538 0.201859
v 0.226415 -0.115930 0.226415
v 0.226415 -0.117930 0.226415
v 0.133080 -0.230806 0.196330
v 0.134359 -0.229951 0.195051
v 0.237673 -0.133005 0.191035
v 0.237023 -0.134781 0.191685
v 0.115322 -0.229255 0.179706
v 0.116578 -0.228336 0.178450
v 0.217326 -0.124889 0.192856
v 0.216676 -0.126665 0.193506
v 0.114483 -0.230806 0.177733
v 0.115785 -0.230024 0.176431
v 0.239665 -0.139087 0.176415
v 0.238753 -0.140615 0.177327
v 0.132095 -0.244251 0.187755
v 0.133408 -0.243510 0.186442
v 0.221976 -0.139087 0.158726
v 0.220770 -0.140131 0.159932
v 0.220925 -0.194993 0.131476
v 0.219512 -0.195090 0.132889
v 0.203236 -0.194993 0.113787
v 0.201859 -0.194538 0.115164
v 0.081688 -0.317110 0.099594
v 0.083054 -0.316592 0.098228
v 0.196330 -0.230806 0.133080
v 0.195051 -0.229951 0.134359
v 0.068308 -0.298991 0.094814
v 0.069649 -0.298355 0.093473
v 0.179706 -0.229255 0.115322
v 0.178450 -0.228336 0.116578
v 0.009979 -0.317110 0.027885
v 0.011393 -0.317067 0.026471
v 0.177733 -0.230806 0.114483
v 0.176431 -0.230024 0.115785
v 0.080128 -0.318584 0.098034
v 0.081542 -0.318584 0.096620
v 0.000000 -0.341124 0.017906
v 0.001414 -0.341124 0.016492
v 0.000000 -0.319917 0.017906
v 0.001414 -0.319917 0.016492
v 0.187755 -0.244251 0.132095
v 0.186442 -0.243510 0.133408
v 0.099594 -0.317110 0.081688
v 0.098228 -0.316592 0.083054
v 0.094814 -0.298991 0.068308
v 0.093473 -0.298355 0.069649
v 0.027885 -0.317110 0.009979
v 0.026471 -0.317067 0.011393
v 0.098034 -0.318584 0.080128
v 0.096620 -0.318584 0.081542
v 0.017906 -0.341124 0.000000
v 0.016492 -0.341124 0.001414
v 0.017906 -0.319917 0.000000
v 0.016492 -0.319917 0.001414
v 0.217326 -0.124889 -0.192856
v 0.216676 -0.126665 -0.193506
v 0.239665 -0.139087 -0.176415
v 0.238753 -0.140615 -0.177327
v 0.221976 -0.139087 -0.158726
v 0.220770 -0.140131 -0.159932
v 0.220925 -0.194993 -0.131476
v 0.219512 -0.195090 -0.132889
v 0.237673 -0.133005 -0.191035
v 0.237023 -0.134781 -0.191685
v 0.203236 -0.194993 -0.113787
v 0.201859 -0.194538 -0.115164
v 0.211419 -0.115930 -0.211419
v 0.211419 -0.117930 -0.211419
v 0.196330 -0.230806 -0.133080
v 0.195051 -0.229951 -0.134359
v 0.226415 -0.115930 -0.226415
v 0.226415 -0.117930 -0.226415
v 0.179706 -0.229255 -0.115322
v 0.178450 -0.228336 -0.116578
v 0.191035 -0.133005 -0.237673
v 0.191685 -0.134781 -0.237023
v 0.177733 -0.230806 -0.114483
v 0.176431 -0.230024 -0.115785
v 0.192856 -0.124889 -0.217326
v 0.193506 -0.126665 -0.216676
v 0.187755 -0.244251 -0.132095
v 0.186442 -0.243510 -0.133408
v 0.176415 -0.139087 -0.239665
v 0.177327 -0.140615 -0.238753
v 0.158726 -0.139087 -0.221976
v 0.159932 -0.140131 -0.220770
v 0.131476 -0.194993 -0.220925
v 0.132889 -0.195090 -0.219512
v 0.099594 -0.317110 -0.081688
v 0.098228 -0.316592 -0.083054
v 0.113787 -0.194993 -0.203236
v 0.115164 -0.194538 -0.201859
v 0.094814 -0.298991 -0.068308
v 0.093473 -0.298355 -0.069649
v 0.133080 -0.230806 -0.196330
v 0.134359 -0.229951 -0.195051
v 0.027885 -0.317110 -0.009979
v 0.026471 -0.317067 -0.011393
v 0.115322 -0.229255 -0.179706
v 0.116578 -0.228336 -0.178450
v 0.098034 -0.318584 -0.080128
v 0.096620 -0.318584 -0.081542
v 0.017906 -0.341124 0.000000
v 0.016492 -0.341124 -0.001414
v 0.017906 -0.319917 0.000000
v 0.016492 -0.319917 -0.001414
v 0.114483 -0.230806 -0.177733
v 0.115785 -0.230024 -0.176431
v 0.132095 -0.244251 -0.187755
v 0.133408 -0.243510 -0.186442
v 0.081688 -0.317110 -0.099594
v 0.083054 -0.316592 -0.098228
v 0.068308 -0.298991 -0.094814
v 0.069649 -0.298355 -0.093473
v 0.009979 -0.317110 -0.027885
v 0.011393 -0.317067 -0.026471
v 0.080128 -0.318584 -0.098034
v 0.081542 -0.318584 -0.096620
v 0.000000 -0.341124 -0.017906
v 0.001414 -0.341124 -0.016492
v 0.000000 -0.319917 -0.017906
v 0.001414 -0.319917 -0.016492
v 0.000000 0.225693 -0.227474
v 0.000000 0.224325 -0.226015
v 0.087051 0.295429 -0.087051
v 0.086453 0.293616 -0.086453
v 0.000000 0.295429 -0.123108
v 0.000000 0.293616 -0.122263
v -0.087051 0.295429 -0.087051
v -0.086453 0.293616 -0.086453
v 0.160849 0.225693 -0.160849
v 0.159817 0.224325 -0.159817
v 0.227474 0.225693 -0.000000
v 0.226015 0.224325 -0.000000
v -0.160849 0.225693 -0.160849
v -0.159817 0.224325 -0.159817
v -0.227474 0.225693 -0.000000
v -0.226015 0.224325 -0.000000
v 0.000000 0.121327 -0.297210
v 0.000000 0.120593 -0.295349
v 0.297210 0.121327 -0.000000
v 0.295349 0.120593 -0.000000
v 0.160849 0.225693 0.160849
v 0.159817 0.224325 0.159817
v 0.210159 0.121327 -0.210159
v 0.208843 0.120593 -0.208843
v -0.297210 0.121327 -0.000000
v -0.295349 0.120593 -0.000000
v -0.160849 0.225693 0.160849
v -0.159817 0.224325 0.159817
v -0.210159 0.121327 -0.210159
v -0.208843 0.120593 -0.208843
v 0.000000 -0.001781 -0.321697
v 0.000000 -0.001781 -0.319697
v 0.321697 -0.001781 0.000000
v 0.319697 -0.001781 0.000000
v -0.210159 0.121327 0.210159
v -0.208843 0.120593 0.208843
v 0.000000 0.121327 0.297210
v 0.000000 0.120593 0.295349
v -0.321697 -0.001781 0.000000
v -0.319697 -0.001781 0.000000
v 0.210159 0.121327 0.210159
v 0.208843 0.120593 0.208843
v 0.000000 -0.001781 0.321697
v 0.000000 -0.001781 0.319697
v -0.227474 -0.001781 0.227474
v -0.226060 -0.001781 0.226060
v -0.217326 -0.124889 0.192856
v -0.215529 -0.124422 0.192112
v -0.211419 -0.115930 0.211419
v -0.210032 -0.115540 0.210032
v -0.192856 -0.124889 0.217326
v -0.192112 -0.124422 0.215529
v -0.297210 -0.124889 0.000000
v -0.295349 -0.124155 0.000000
v -0.221976 -0.139087 0.158726
v -0.220404 -0.138036 0.158075
v -0.203236 -0.194993 0.113787
v -0.201664 -0.193942 0.113136
v 0.000000 -0.124889 0.297210
v 0.000000 -0.124155 0.295349
v -0.158726 -0.139087 0.221976
v -0.158075 -0.138036 0.220404
v -0.113787 -0.194993 0.203236
v -0.113136 -0.193942 0.201664
v 0.192856 -0.124889 0.217326
v 0.192112 -0.124422 0.215529
v 0.158726 -0.139087 0.221976
v 0.158075 -0.138036 0.220404
v 0.113787 -0.194993 0.203236
v 0.113136 -0.193942 0.201664
v 0.227474 -0.001781 0.227474
v 0.226060 -0.001781 0.226060
v 0.211419 -0.115930 0.211419
v 0.210032 -0.115540 0.210032
v 0.217326 -0.124889 0.192856
v 0.215529 -0.124422 0.192112
v 0.000000 -0.229255 0.227474
v -0.000000 -0.227887 0.226015
v 0.115322 -0.229255 0.179706
v 0.114770 -0.227869 0.178374
v -0.115322 -0.229255 0.179706
v -0.114770 -0.227869 0.178374
v 0.000000 -0.298991 0.123108
v 0.000000 -0.297178 0.122263
v 0.068308 -0.298991 0.094814
v 0.067975 -0.297190 0.094010
v -0.068308 -0.298991 0.094814
v -0.067975 -0.297190 0.094010
v 0.000000 -0.319917 0.017906
v 0.000000 -0.317955 0.017516
v 0.000000 -0.124889 -0.297210
v 0.000000 -0.124155 -0.295349
v -0.192856 -0.124889 -0.217326
v -0.192762 -0.125789 -0.215542
v -0.158726 -0.139087 -0.221976
v -0.158075 -0.138036 -0.220404
v -0.113787 -0.194993 -0.203236
v -0.113136 -0.193942 -0.201664
v 0.000000 -0.229255 -0.227474
v 0.000000 -0.227887 -0.226015
v -0.115322 -0.229255 -0.179706
v -0.114770 -0.227869 -0.178374
v 0.192856 -0.124889 -0.217326
v 0.192112 -0.124423 -0.215529
v 0.158726 -0.139087 -0.221976
v 0.158075 -0.138036 -0.220404
v 0.113787 -0.194993 -0.203236
v 0.113136 -0.193942 -0.201664
v 0.115322 -0.229255 -0.179706
v 0.114770 -0.227869 -0.178374
v 0.227474 -0.001781 -0.227474
v 0.226060 -0.001781 -0.226060
v 0.211419 -0.115930 -0.211419
v 0.210032 -0.115540 -0.210032
v 0.217326 -0.124889 -0.192856
v 0.215529 -0.124423 -0.192112
v 0.000000 -0.298991 -0.123108
v 0.000000 -0.297178 -0.122263
v 0.068308 -0.298991 -0.094814
v 0.067975 -0.297190 -0.094010
v -0.068308 -0.298991 -0.094814
v -0.067975 -0.297190 -0.094010
v 0.000000 -0.319917 -0.017906
v 0.000000 -0.317955 -0.017516
v 0.297210 -0.124889 0.000000
v 0.295349 -0.124155 0.000000
v 0.221976 -0.139087 -0.158726
v 0.220404 -0.138036 -0.158075
v 0.221976 -0.139087 0.158726
v 0.220404 -0.138036 0.158075
v 0.203236 -0.194993 -0.113787
v 0.201664 -0.193942 -0.113136
v 0.203236 -0.194993 0.113787
v 0.201664 -0.193942 0.113136
v 0.227474 -0.229255 0.000000
v 0.226015 -0.227887 0.000000
v 0.179706 -0.229255 -0.115322
v 0.178374 -0.227869 -0.114770
v 0.179706 -0.229255 0.115322
v 0.178374 -0.227869 0.114770
v 0.123108 -0.298991 0.000000
v 0.122263 -0.297178 0.000000
v 0.094814 -0.298991 -0.068308
v 0.094010 -0.297190 -0.067975
v 0.094814 -0.298991 0.068308
v 0.094010 -0.297190 0.067975
v 0.017906 -0.319917 0.000000
v 0.017516 -0.317955 0.000000
v -0.227474 -0.229255 0.000000
v -0.226015 -0.227887 0.000000
v -0.179706 -0.229255 0.115322
v -0.178374 -0.227869 0.114770
v -0.203236 -0.194993 -0.113787
v -0.201664 -0.193942 -0.113136
v -0.221976 -0.139087 -0.158726
v -0.220404 -0.138036 -0.158075
v -0.217326 -0.124889 -0.192856
v -0.215529 -0.124423 -0.192112
v -0.179706 -0.229255 -0.115322
v -0.178374 -0.227869 -0.114770
v -0.227474 -0.001781 -0.227474
v -0.226060 -0.001781 -0.226060
v -0.211419 -0.115930 -0.211419
v -0.210413 -0.116438 -0.209767
v -0.123108 -0.298991 0.000000
v -0.122263 -0.297178 0.000000
v -0.094814 -0.298991 -0.068308
v -0.094010 -0.297190 -0.067975
v -0.094814 -0.298991 0.068308
v -0.094010 -0.297190 0.067975
v -0.017906 -0.319917 0.000000
v -0.017516 -0.317955 0.000000
v -0.226415 -0.115930 -0.226415
v -0.227065 -0.117706 -0.225765
v -0.191035 -0.133005 -0.237673
v -0.191685 -0.134781 -0.237023
v -0.176415 -0.139087 -0.239665
v -0.177327 -0.140615 -0.238753
v -0.158726 -0.139087 -0.221976
v -0.159932 -0.140131 -0.220770
v -0.131476 -0.194993 -0.220925
v -0.132889 -0.195090 -0.219512
v -0.113787 -0.194993 -0.203236
v -0.115164 -0.194538 -0.201859
v -0.133080 -0.230806 -0.196330
v -0.134359 -0.229951 -0.195051
v -0.115322 -0.229255 -0.179706
v -0.116578 -0.228336 -0.178450
v -0.114483 -0.230806 -0.177733
v -0.115785 -0.230024 -0.176431
v -0.132095 -0.244251 -0.187755
v -0.133408 -0.243510 -0.186442
v -0.081688 -0.317110 -0.099594
v -0.083054 -0.316592 -0.098228
v -0.068308 -0.298991 -0.094814
v -0.069649 -0.298355 -0.093473
v -0.009979 -0.317110 -0.027885
v -0.011393 -0.317067 -0.026471
v -0.080128 -0.318584 -0.098034
v -0.081542 -0.318584 -0.096620
v 0.000000 -0.341124 -0.017906
v -0.001414 -0.341124 -0.016492
v 0.000000 -0.319917 -0.017906
v -0.001414 -0.319917 -0.016492
v 0.087051 0.295429 0.087051
v 0.086453 0.293616 0.086453
v 0.000000 0.295429 0.123108
v 0.000000 0.293616 0.122263
v 0.000000 0.319916 -0.000000
v -0.000000 0.317916 -0.000000
v -0.087051 0.295429 0.087051
v -0.086453 0.293616 0.086453
v 0.000000 0.225693 0.227474
v 0.000000 0.224325 0.226015
v 0.123108 0.295429 -0.000000
v 0.122263 0.293616 -0.000000
v -0.123108 0.295429 -0.000000
v -0.122263 0.293616 -0.000000
v 0.000945 0.121811 -0.295319
v 0.208154 0.121811 -0.209491
v 0.159790 0.224158 -0.161127
v 0.000945 0.224158 -0.226921
v 0.098115 -0.319687 -0.078555
v 0.130176 -0.319701 -0.000997
v 0.020507 -0.341544 -0.000997
v 0.130176 -0.319701 0.000997
v 0.098115 -0.319687 0.078555
v 0.020507 -0.341544 0.000997
v 0.225193 0.128826 0.223883
v 0.243423 -0.000797 0.242112
v 0.343326 -0.000797 0.000926
v 0.317545 0.128826 0.000926
v -0.087776 0.293937 0.086398
v -0.160117 0.225595 0.158738
v -0.225464 0.225595 0.000975
v -0.123159 0.293937 0.000975
v -0.208713 0.119977 -0.210023
v -0.225702 -0.000797 -0.227012
v -0.000926 -0.000797 -0.320118
v -0.000926 0.119977 -0.296092
v 0.222178 -0.195414 0.130843
v 0.197395 -0.231502 0.132459
v 0.189359 -0.244084 0.131502
v 0.243377 -0.244084 0.000946
v 0.316773 -0.134223 0.000946
v 0.239705 -0.134089 0.187299
v 0.241097 -0.138975 0.176211
v -0.159456 -0.140558 0.221945
v -0.116129 -0.193816 0.203756
v -0.132055 -0.194092 0.219647
v -0.175218 -0.140800 0.238001
v 0.222178 -0.195414 -0.130843
v 0.241097 -0.138975 -0.176211
v 0.239705 -0.134089 -0.187299
v 0.316773 -0.134223 -0.000945
v 0.243377 -0.244084 -0.000945
v 0.189359 -0.244084 -0.131502
v 0.197395 -0.231502 -0.132459
v 0.343326 -0.002765 0.000926
v 0.243423 -0.002765 0.242112
v 0.227583 -0.115479 0.226273
v 0.238824 -0.132255 0.191270
v 0.317545 -0.132388 0.000926
v 0.091343 0.316139 0.092752
v 0.000997 0.341563 0.002406
v 0.000997 0.316139 0.130176
v -0.000997 0.316139 0.130176
v -0.000997 0.341563 0.002406
v -0.091343 0.316139 0.092752
v 0.160117 0.225595 0.158738
v 0.087776 0.293937 0.086398
v 0.123159 0.293937 0.000975
v 0.225464 0.225595 0.000975
v -0.002406 0.341563 0.000997
v -0.130176 0.316139 0.000997
v -0.092752 0.316139 0.091343
v 0.130176 0.316139 0.000997
v 0.002406 0.341563 0.000997
v 0.092752 0.316139 0.091343
v -0.002406 0.341563 -0.000997
v -0.092752 0.316139 -0.091343
v -0.130176 0.316139 -0.000997
v 0.130176 0.316139 -0.000997
v 0.092752 0.316139 -0.091343
v 0.002406 0.341563 -0.000997
v -0.000997 0.316139 -0.130176
v -0.091343 0.316139 -0.092752
v -0.000997 0.341563 -0.002406
v 0.091343 0.316139 -0.092752
v 0.000997 0.316139 -0.130176
v 0.000997 0.341563 -0.002406
v -0.086398 0.293937 -0.087776
v -0.158738 0.225595 -0.160117
v -0.000975 0.225595 -0.225464
v -0.000975 0.293937 -0.123159
v -0.000945 0.130661 -0.316773
v -0.223323 0.130661 -0.224660
v -0.171424 0.240522 -0.172762
v -0.000945 0.240522 -0.243377
v 0.225702 -0.002765 -0.227012
v 0.000926 -0.002765 -0.320118
v 0.000926 -0.123539 -0.296092
v 0.192347 -0.123672 -0.216680
v 0.209890 -0.115089 -0.211200
v -0.132055 -0.194092 -0.219647
v -0.116129 -0.193816 -0.203756
v -0.159456 -0.140558 -0.221945
v -0.175218 -0.140800 -0.238001
v -0.001414 -0.339906 0.017906
v -0.080559 -0.317642 0.097051
v -0.080040 -0.317851 0.096580
v -0.010756 -0.318089 0.027248
v -0.001414 -0.320738 0.017906
v -0.343326 -0.000797 0.000926
v -0.243423 -0.000797 0.242112
v -0.225193 0.128826 0.223883
v -0.317545 0.128826 0.000926
v 0.236421 -0.133667 -0.191050
v 0.238205 -0.139391 -0.177123
v 0.222075 -0.139149 -0.161287
v 0.217928 -0.126003 -0.193491
v 0.212500 -0.117390 -0.211244
v 0.225940 -0.117390 -0.224684
v 0.000945 0.130661 0.316773
v 0.223323 0.130661 0.224660
v 0.171424 0.240522 0.172762
v 0.000945 0.240522 0.243377
v 0.159456 -0.140558 -0.221945
v 0.116129 -0.193816 -0.203756
v 0.132055 -0.194092 -0.219647
v 0.175218 -0.140800 -0.238001
v -0.295319 0.121811 -0.000946
v -0.209491 0.121811 -0.208154
v -0.161127 0.224158 -0.159790
v -0.226921 0.224158 -0.000946
v 0.000975 0.225595 -0.225464
v 0.158738 0.225595 -0.160117
v 0.086398 0.293937 -0.087776
v 0.000975 0.293937 -0.123159
v -0.191270 -0.132255 0.238824
v -0.000926 -0.132388 0.317545
v -0.000926 -0.002765 0.343326
v -0.242112 -0.002765 0.243423
v -0.226273 -0.115479 0.227583
v -0.221945 -0.140558 -0.159456
v -0.203756 -0.193816 -0.116129
v -0.219647 -0.194092 -0.132055
v -0.238001 -0.140800 -0.175218
v -0.177078 -0.231349 -0.115633
v -0.094209 -0.299533 -0.069536
v -0.034032 -0.316141 -0.017090
v -0.098908 -0.315912 -0.081882
v -0.186722 -0.243303 -0.131989
v -0.194318 -0.231307 -0.132871
v 0.170373 0.241959 -0.171751
v 0.000975 0.241959 -0.241919
v 0.000975 0.315342 -0.132120
v 0.092733 0.315342 -0.094112
v -0.017906 -0.339906 -0.001414
v -0.097051 -0.317642 -0.080559
v -0.096580 -0.317851 -0.080040
v -0.027248 -0.318089 -0.010756
v -0.017906 -0.320738 -0.001414
v -0.000945 -0.244084 0.243377
v -0.000945 -0.134223 0.316773
v -0.187299 -0.134089 0.239705
v -0.176211 -0.138975 0.241097
v -0.130843 -0.195414 0.222178
v -0.132459 -0.231502 0.197395
v -0.131502 -0.244084 0.189359
v -0.087776 0.293937 -0.086398
v -0.123159 0.293937 -0.000975
v -0.225464 0.225595 -0.000975
v -0.160117 0.225595 -0.158738
v -0.000926 -0.000797 0.320118
v -0.225702 -0.000797 0.227012
v -0.208713 0.119977 0.210023
v -0.000926 0.119977 0.296092
v -0.177078 -0.231349 0.115633
v -0.194318 -0.231307 0.132871
v -0.186722 -0.243303 0.131989
v -0.098908 -0.315912 0.081882
v -0.034032 -0.316141 0.017090
v -0.094209 -0.299533 0.069536
v 0.316773 0.130661 -0.000946
v 0.224660 0.130661 -0.223323
v 0.172762 0.240522 -0.171424
v 0.243377 0.240522 -0.000946
v -0.000997 -0.341544 0.020507
v -0.000997 -0.319701 0.130176
v -0.078555 -0.319687 0.098115
v 0.078555 -0.319687 0.098115
v 0.000997 -0.319701 0.130176
v 0.000997 -0.341544 0.020507
v 0.224660 0.130661 0.223323
v 0.316773 0.130661 0.000945
v 0.243377 0.240522 0.000945
v 0.172762 0.240522 0.171424
v 0.171424 0.240522 -0.172762
v 0.223323 0.130661 -0.224660
v 0.000945 0.130661 -0.316773
v 0.000945 0.240522 -0.243377
v -0.020507 -0.341544 0.000997
v -0.098115 -0.319687 0.078555
v -0.130176 -0.319701 0.000997
v -0.020507 -0.341544 -0.000997
v -0.130176 -0.319701 -0.000997
v -0.098115 -0.319687 -0.078555
v 0.017906 -0.339906 0.001414
v 0.097051 -0.317642 0.080559
v 0.096580 -0.317851 0.080040
v 0.027248 -0.318089 0.010756
v 0.017906 -0.320738 0.001414
v -0.222178 -0.195414 -0.130843
v -0.197395 -0.231502 -0.132459
v -0.189359 -0.244084 -0.131502
v -0.243377 -0.244084 -0.000945
v -0.316773 -0.134223 -0.000945
v -0.239705 -0.134089 -0.187299
v -0.241097 -0.138975 -0.176211
v -0.193119 -0.125565 -0.217361
v -0.210741 -0.116644 -0.211674
v -0.225009 -0.117278 -0.225615
v -0.191050 -0.133667 -0.236421
v -0.177123 -0.139391 -0.238205
v -0.161288 -0.139149 -0.222075
v 0.223883 0.128826 -0.225193
v 0.242112 -0.000797 -0.243423
v 0.000926 -0.000797 -0.343326
v 0.000926 0.128826 -0.317545
v -0.241919 0.241959 0.000975
v -0.171751 0.241959 0.170373
v -0.094112 0.315342 0.092733
v -0.132120 0.315342 0.000975
v -0.000926 -0.002765 -0.343326
v -0.000926 -0.132388 -0.317545
v -0.191270 -0.132255 -0.238824
v -0.226273 -0.115479 -0.227583
v -0.242112 -0.002765 -0.243423
v 0.027248 -0.318089 -0.010756
v 0.096580 -0.317851 -0.080040
v 0.097051 -0.317642 -0.080559
v 0.017906 -0.339906 -0.001414
v 0.017906 -0.320738 -0.001414
v 0.191270 -0.132255 -0.238824
v 0.000926 -0.132388 -0.317545
v 0.000926 -0.002765 -0.343326
v 0.242112 -0.002765 -0.243423
v 0.226273 -0.115479 -0.227583
v -0.242112 -0.000797 0.243423
v -0.000926 -0.000797 0.343326
v -0.000926 0.128826 0.317545
v -0.223883 0.128826 0.225193
v 0.000945 -0.244084 -0.243377
v 0.000945 -0.134223 -0.316773
v 0.187299 -0.134089 -0.239705
v 0.176211 -0.138975 -0.241097
v 0.130843 -0.195414 -0.222178
v 0.132459 -0.231502 -0.197395
v 0.131502 -0.244084 -0.189359
v 0.219647 -0.194092 -0.132055
v 0.203756 -0.193816 -0.116129
v 0.221945 -0.140558 -0.159456
v 0.238001 -0.140800 -0.175218
v 0.000926 -0.000797 0.343326
v 0.242112 -0.000797 0.243423
v 0.223883 0.128826 0.225193
v 0.000926 0.128826 0.317545
v -0.172762 0.240522 -0.171424
v -0.224660 0.130661 -0.223323
v -0.316773 0.130661 -0.000946
v -0.243377 0.240522 -0.000946
v 0.225464 0.225595 -0.000975
v 0.123159 0.293937 -0.000975
v 0.087776 0.293937 -0.086398
v 0.160117 0.225595 -0.158738
v -0.159790 0.224158 0.161127
v -0.000945 0.224158 0.226921
v -0.000945 0.121811 0.295319
v -0.208154 0.121811 0.209491
v 0.000997 -0.319701 -0.130176
v 0.078555 -0.319687 -0.098115
v 0.000997 -0.341544 -0.020507
v -0.000997 -0.319701 -0.130176
v -0.000997 -0.341544 -0.020507
v -0.078555 -0.319687 -0.098115
v -0.159790 0.224158 -0.161127
v -0.208154 0.121811 -0.209491
v -0.000945 0.121811 -0.295319
v -0.000945 0.224158 -0.226921
v -0.236421 -0.133667 -0.191050
v -0.225615 -0.117278 -0.225009
v -0.212175 -0.117278 -0.211570
v -0.217928 -0.126003 -0.193491
v -0.222075 -0.139149 -0.161287
v -0.238205 -0.139391 -0.177123
v 0.000945 0.121811 0.295319
v 0.000945 0.224158 0.226921
v 0.159790 0.224158 0.161127
v 0.208154 0.121811 0.209491
v -0.000997 -0.298295 0.121214
v -0.000997 -0.318332 0.020335
v -0.066479 -0.298301 0.094042
v -0.000975 -0.297499 0.123159
v -0.067609 -0.297505 0.095510
v -0.113723 -0.229148 0.178711
v -0.000975 -0.229157 0.225464
v 0.132120 0.315342 -0.000975
v 0.241919 0.241959 -0.000975
v 0.171751 0.241959 -0.170373
v 0.094112 0.315342 -0.092733
v -0.116686 -0.229527 0.179284
v -0.132917 -0.229490 0.195538
v -0.131460 -0.195930 0.218846
v -0.115278 -0.195654 0.202700
v -0.116736 -0.229323 0.179478
v -0.225464 -0.229157 -0.000975
v -0.123159 -0.297499 -0.000975
v -0.095510 -0.297505 -0.067609
v -0.178711 -0.229148 -0.113723
v -0.000975 -0.318904 0.132120
v -0.000975 -0.245521 0.241919
v -0.131040 -0.245521 0.188104
v -0.081070 -0.317795 0.100671
v -0.079946 -0.318891 0.099474
v 0.094042 -0.298301 -0.066479
v 0.020335 -0.318332 -0.000997
v 0.121214 -0.298295 -0.000997
v 0.343326 -0.000797 -0.000926
v 0.243423 -0.000797 -0.242112
v 0.225193 0.128826 -0.223883
v 0.317545 0.128826 -0.000926
v -0.217561 -0.125507 -0.188375
v -0.295319 -0.125373 -0.000945
v -0.226921 -0.227720 -0.000945
v -0.180020 -0.227711 -0.114054
v -0.202917 -0.194364 -0.112502
v -0.221835 -0.137924 -0.157870
v -0.100671 -0.317795 -0.081070
v -0.099474 -0.318891 -0.079946
v -0.132120 -0.318904 -0.000975
v -0.241919 -0.245521 -0.000975
v -0.188104 -0.245521 -0.131040
v -0.243423 -0.000797 -0.242112
v -0.343326 -0.000797 -0.000926
v -0.317545 0.128826 -0.000926
v -0.225193 0.128826 -0.223883
v -0.000926 -0.000797 -0.343326
v -0.242112 -0.000797 -0.243423
v -0.223883 0.128826 -0.225193
v -0.000926 0.128826 -0.317545
v 0.000975 0.315342 0.132120
v 0.000975 0.241959 0.241919
v 0.170373 0.241959 0.171751
v 0.092733 0.315342 0.094112
v 0.116736 -0.229323 0.179478
v 0.115278 -0.195654 0.202700
v 0.131460 -0.195930 0.218846
v 0.132917 -0.229490 0.195538
v 0.116686 -0.229527 0.179284
v 0.179284 -0.229527 0.116686
v 0.195538 -0.229490 0.132917
v 0.218846 -0.195930 0.131460
v 0.202700 -0.195654 0.115278
v 0.179478 -0.229323 0.116736
v 0.115633 -0.231349 -0.177078
v 0.069536 -0.299533 -0.094209
v 0.017090 -0.316140 -0.034032
v 0.081882 -0.315912 -0.098908
v 0.131989 -0.243303 -0.186722
v 0.132871 -0.231307 -0.194318
v 0.221945 -0.140558 0.159456
v 0.203756 -0.193816 0.116129
v 0.219647 -0.194092 0.132055
v 0.238001 -0.140800 0.175218
v -0.243423 -0.002765 -0.242112
v -0.227583 -0.115479 -0.226273
v -0.238824 -0.132255 -0.191270
v -0.317545 -0.132388 -0.000926
v -0.343326 -0.002765 -0.000926
v -0.225464 -0.229157 0.000975
v -0.178711 -0.229148 0.113723
v -0.095509 -0.297505 0.067609
v -0.123159 -0.297499 0.000975
v 0.179478 -0.229323 -0.116736
v 0.202700 -0.195654 -0.115278
v 0.218846 -0.195930 -0.131460
v 0.195538 -0.229490 -0.132917
v 0.179284 -0.229527 -0.116686
v 0.212500 -0.117390 0.211244
v 0.217928 -0.126003 0.193491
v 0.222075 -0.139149 0.161288
v 0.238205 -0.139391 0.177123
v 0.236421 -0.133667 0.191050
v 0.225940 -0.117390 0.224684
v -0.116736 -0.229323 -0.179477
v -0.115278 -0.195654 -0.202700
v -0.131460 -0.195930 -0.218846
v -0.132917 -0.229490 -0.195538
v -0.116686 -0.229527 -0.179284
v 0.000975 -0.318904 -0.132120
v 0.000975 -0.245521 -0.241919
v 0.131040 -0.245521 -0.188104
v 0.081070 -0.317795 -0.100671
v 0.079946 -0.318891 -0.099474
v 0.243423 -0.002765 -0.242112
v 0.343326 -0.002765 -0.000926
v 0.317545 -0.132388 -0.000926
v 0.238824 -0.132255 -0.191270
v 0.227583 -0.115479 -0.226273
v 0.191270 -0.132255 0.238824
v 0.226273 -0.115479 0.227583
v 0.242112 -0.002765 0.243423
v 0.000926 -0.002765 0.343326
v 0.000926 -0.132388 0.317545
v -0.170373 0.241959 0.171751
v -0.000975 0.241959 0.241919
v -0.000975 0.315342 0.132120
v -0.092733 0.315342 0.094112
v 0.116686 -0.229527 -0.179284
v 0.132917 -0.229490 -0.195538
v 0.131460 -0.195930 -0.218846
v 0.115278 -0.195654 -0.202700
v 0.116736 -0.229323 -0.179477
v -0.191050 -0.133667 0.236421
v -0.225009 -0.117278 0.225615
v -0.211570 -0.117278 0.212175
v -0.193491 -0.126003 0.217928
v -0.161288 -0.139149 0.222075
v -0.177123 -0.139391 0.238205
v 0.001414 -0.339906 -0.017906
v 0.080559 -0.317642 -0.097051
v 0.080040 -0.317851 -0.096580
v 0.010756 -0.318089 -0.027248
v 0.001414 -0.320738 -0.017906
v -0.171751 0.241959 -0.170373
v -0.241919 0.241959 -0.000975
v -0.132120 0.315342 -0.000975
v -0.094112 0.315342 -0.092733
v -0.131989 -0.243303 0.186722
v -0.132871 -0.231307 0.194318
v -0.115633 -0.231349 0.177078
v -0.069536 -0.299533 0.094209
v -0.017090 -0.316140 0.034032
v -0.081882 -0.315912 0.098908
v -0.131040 -0.245521 -0.188104
v -0.000975 -0.245521 -0.241919
v -0.000975 -0.318904 -0.132120
v -0.079946 -0.318891 -0.099474
v -0.081070 -0.317795 -0.100671
v 0.227012 -0.000797 -0.225702
v 0.320118 -0.000797 -0.000926
v 0.296092 0.119977 -0.000926
v 0.210023 0.119977 -0.208713
v -0.000975 0.241959 -0.241919
v -0.170373 0.241959 -0.171751
v -0.092733 0.315342 -0.094112
v -0.000975 0.315342 -0.132120
v -0.020335 -0.318332 0.000997
v -0.121214 -0.298295 0.000997
v -0.094042 -0.298301 0.066479
v 0.115633 -0.231349 0.177078
v 0.132871 -0.231307 0.194318
v 0.131989 -0.243303 0.186722
v 0.081882 -0.315912 0.098908
v 0.017090 -0.316140 0.034032
v 0.069536 -0.299533 0.094209
v 0.209491 0.121811 -0.208154
v 0.295319 0.121811 -0.000946
v 0.226921 0.224158 -0.000946
v 0.161127 0.224158 -0.159790
v -0.212175 -0.117278 0.211570
v -0.225615 -0.117278 0.225009
v -0.236421 -0.133667 0.191050
v -0.238205 -0.139391 0.177123
v -0.222075 -0.139149 0.161288
v -0.217928 -0.126003 0.193491
v 0.295319 0.121811 0.000945
v 0.209491 0.121811 0.208154
v 0.161127 0.224158 0.159790
v 0.226921 0.224158 0.000945
v 0.208713 0.119977 0.210023
v 0.225702 -0.000797 0.227012
v 0.000926 -0.000797 0.320118
v 0.000926 0.119977 0.296092
v 0.000926 -0.000797 -0.320118
v 0.225702 -0.000797 -0.227012
v 0.208713 0.119977 -0.210023
v 0.000926 0.119977 -0.296092
v -0.210023 0.119977 0.208713
v -0.227012 -0.000797 0.225702
v -0.320118 -0.000797 0.000926
v -0.296092 0.119977 0.000926
v 0.320118 -0.000797 0.000926
v 0.227012 -0.000797 0.225702
v 0.210023 0.119977 0.208713
v 0.296092 0.119977 0.000926
v -0.320118 -0.000797 -0.000926
v -0.227012 -0.000797 -0.225702
v -0.210023 0.119977 -0.208713
v -0.296092 0.119977 -0.000926
v 0.130843 -0.195414 0.222178
v 0.176211 -0.138975 0.241097
v 0.187299 -0.134089 0.239705
v 0.000945 -0.134223 0.316773
v 0.000945 -0.244084 0.243377
v 0.131502 -0.244084 0.189359
v 0.132459 -0.231502 0.197395
v -0.227012 -0.002765 0.225702
v -0.211200 -0.115089 0.209890
v -0.216680 -0.123672 0.192347
v -0.296092 -0.123539 0.000926
v -0.320118 -0.002765 0.000926
v -0.000926 -0.002765 0.320118
v -0.000926 -0.123539 0.296092
v -0.192347 -0.123672 0.216680
v -0.209890 -0.115089 0.211200
v -0.225702 -0.002765 0.227012
v -0.179284 -0.229527 -0.116686
v -0.195538 -0.229490 -0.132917
v -0.218846 -0.195930 -0.131460
v -0.202700 -0.195654 -0.115278
v -0.179478 -0.229323 -0.116736
v -0.226921 -0.227720 0.000946
v -0.295319 -0.125373 0.000946
v -0.217561 -0.125507 0.188376
v -0.221835 -0.137924 0.157871
v -0.202917 -0.194364 0.112502
v -0.180020 -0.227711 0.114054
v -0.243423 -0.002765 0.242112
v -0.343326 -0.002765 0.000926
v -0.317545 -0.132388 0.000926
v -0.238824 -0.132255 0.191270
v -0.227583 -0.115479 0.226273
v -0.112502 -0.194364 0.202917
v -0.157871 -0.137924 0.221835
v -0.188376 -0.125507 0.217561
v -0.000945 -0.125373 0.295319
v -0.000945 -0.227720 0.226921
v -0.114054 -0.227711 0.180020
v -0.316773 -0.134223 0.000946
v -0.243377 -0.244084 0.000946
v -0.189359 -0.244084 0.131502
v -0.197395 -0.231502 0.132459
v -0.222178 -0.195414 0.130843
v -0.241097 -0.138975 0.176211
v -0.239705 -0.134089 0.187299
v 0.216680 -0.123672 0.192347
v 0.211200 -0.115089 0.209890
v 0.227012 -0.002765 0.225702
v 0.320118 -0.002765 0.000926
v 0.296092 -0.123539 0.000926
v 0.114054 -0.227711 0.180020
v 0.000945 -0.227720 0.226921
v 0.000945 -0.125373 0.295319
v 0.188376 -0.125507 0.217561
v 0.157871 -0.137924 0.221835
v 0.112502 -0.194364 0.202917
v 0.177078 -0.231349 0.115633
v 0.094209 -0.299533 0.069536
v 0.034032 -0.316141 0.017090
v 0.098908 -0.315912 0.081882
v 0.186722 -0.243303 0.131989
v 0.194318 -0.231307 0.132871
v 0.000975 -0.229157 -0.225464
v 0.000975 -0.297499 -0.123159
v 0.067609 -0.297505 -0.095509
v 0.113723 -0.229148 -0.178711
v 0.131040 -0.245521 0.188104
v 0.000975 -0.245521 0.241919
v 0.000975 -0.318904 0.132120
v 0.079946 -0.318891 0.099474
v 0.081070 -0.317795 0.100671
v 0.000997 -0.318332 0.020335
v 0.000997 -0.298295 0.121214
v 0.066479 -0.298301 0.094042
v -0.192672 -0.124356 -0.216687
v -0.000926 -0.123539 -0.296092
v -0.000926 -0.002765 -0.320118
v -0.225702 -0.002765 -0.227012
v -0.210080 -0.115538 -0.211068
v -0.000975 -0.297499 -0.123159
v -0.000975 -0.229157 -0.225464
v -0.113723 -0.229148 -0.178711
v -0.067609 -0.297505 -0.095509
v 0.000975 -0.297499 0.123159
v 0.000975 -0.229157 0.225464
v 0.113723 -0.229148 0.178711
v 0.067609 -0.297505 0.095510
v 0.000945 -0.227720 -0.226921
v 0.114054 -0.227711 -0.180020
v 0.112502 -0.194364 -0.202917
v 0.157871 -0.137924 -0.221835
v 0.188376 -0.125507 -0.217561
v 0.000945 -0.125373 -0.295319
v 0.320118 -0.002765 -0.000926
v 0.227012 -0.002765 -0.225702
v 0.211200 -0.115089 -0.209890
v 0.216680 -0.123672 -0.192347
v 0.296092 -0.123539 -0.000926
v 0.211244 -0.117390 -0.212500
v 0.193491 -0.126003 -0.217928
v 0.161288 -0.139149 -0.222075
v 0.177123 -0.139391 -0.238205
v 0.191050 -0.133667 -0.236421
v 0.224684 -0.117390 -0.225940
v 0.178711 -0.229148 -0.113723
v 0.095509 -0.297505 -0.067609
v 0.123159 -0.297499 -0.000975
v 0.225464 -0.229157 -0.000975
v 0.000997 -0.298295 -0.121214
v 0.000997 -0.318332 -0.020335
v 0.066479 -0.298301 -0.094042
v -0.121214 -0.298295 -0.000997
v -0.020335 -0.318332 -0.000997
v -0.094042 -0.298301 -0.066479
v -0.112502 -0.194364 -0.202917
v -0.114054 -0.227711 -0.180020
v -0.000945 -0.227720 -0.226921
v -0.000945 -0.125373 -0.295319
v -0.188701 -0.126190 -0.217567
v -0.157871 -0.137924 -0.221835
v -0.000997 -0.318332 -0.020335
v -0.000997 -0.298295 -0.121214
v -0.066479 -0.298301 -0.094042
v 0.295319 -0.125373 0.000946
v 0.226921 -0.227720 0.000946
v 0.180020 -0.227711 0.114054
v 0.202917 -0.194364 0.112502
v 0.221835 -0.137924 0.157871
v 0.217561 -0.125507 0.188376
v 0.202917 -0.194364 -0.112502
v 0.180020 -0.227711 -0.114054
v 0.226921 -0.227720 -0.000945
v 0.295319 -0.125373 -0.000945
v 0.217561 -0.125507 -0.188375
v 0.221835 -0.137924 -0.157870
v -0.238001 -0.140800 0.175218
v -0.219647 -0.194092 0.132055
v -0.203756 -0.193816 0.116129
v -0.221945 -0.140558 0.159456
v 0.123159 -0.297499 0.000975
v 0.095509 -0.297505 0.067609
v 0.178711 -0.229148 0.113723
v 0.225464 -0.229157 0.000975
v -0.316773 0.130661 0.000945
v -0.224660 0.130661 0.223323
v -0.172762 0.240522 0.171424
v -0.243377 0.240522 0.000945
v 0.121214 -0.298295 0.000997
v 0.020335 -0.318332 0.000997
v 0.094042 -0.298301 0.066479
v -0.188104 -0.245521 0.131040
v -0.241919 -0.245521 0.000975
v -0.132120 -0.318904 0.000975
v -0.099474 -0.318891 0.079946
v -0.100671 -0.317795 0.081070
v 0.000926 -0.002765 0.320118
v 0.225702 -0.002765 0.227012
v 0.209890 -0.115089 0.211200
v 0.192347 -0.123672 0.216680
v 0.000926 -0.123539 0.296092
v -0.081882 -0.315912 -0.098908
v -0.017090 -0.316140 -0.034032
v -0.069536 -0.299533 -0.094209
v -0.115633 -0.231349 -0.177078
v -0.132871 -0.231307 -0.194318
v -0.131989 -0.243303 -0.186722
v -0.216680 -0.123672 -0.192347
v -0.211391 -0.115538 -0.209757
v -0.227012 -0.002765 -0.225702
v -0.320118 -0.002765 -0.000926
v -0.296092 -0.123539 -0.000926
v -0.179478 -0.229323 0.116736
v -0.202700 -0.195654 0.115278
v -0.218846 -0.195930 0.131460
v -0.195538 -0.229490 0.132917
v -0.179284 -0.229527 0.116686
v 0.241919 -0.245521 0.000975
v 0.188104 -0.245521 0.131040
v 0.100671 -0.317795 0.081070
v 0.099474 -0.318891 0.079946
v 0.132120 -0.318904 0.000975
v 0.188104 -0.245521 -0.131040
v 0.241919 -0.245521 -0.000975
v 0.132120 -0.318904 -0.000975
v 0.099474 -0.318891 -0.079946
v 0.100671 -0.317795 -0.081070
v -0.097051 -0.317642 0.080559
v -0.017906 -0.339906 0.001414
v -0.017906 -0.320738 0.001414
v -0.027248 -0.318089 0.010756
v -0.096580 -0.317851 0.080040
v -0.161127 0.224158 0.159790
v -0.209491 0.121811 0.208154
v -0.295319 0.121811 0.000945
v -0.226921 0.224158 0.000945
v 0.132055 -0.194092 0.219647
v 0.116129 -0.193816 0.203756
v 0.159456 -0.140558 0.221945
v 0.175218 -0.140800 0.238001
v -0.130843 -0.195414 -0.222178
v -0.176211 -0.138975 -0.241097
v -0.187299 -0.134089 -0.239705
v -0.000945 -0.134223 -0.316773
v -0.000945 -0.244084 -0.243377
v -0.131502 -0.244084 -0.189359
v -0.132459 -0.231502 -0.197395
v -0.080559 -0.317642 -0.097051
v -0.001414 -0.339906 -0.017906
v -0.001414 -0.320738 -0.017906
v -0.010756 -0.318088 -0.027248
v -0.080040 -0.317851 -0.096580
v -0.000975 0.225595 0.225464
v -0.158738 0.225595 0.160117
v -0.086398 0.293937 0.087776
v -0.000975 0.293937 0.123159
v 0.177078 -0.231349 -0.115633
v 0.194318 -0.231307 -0.132871
v 0.186722 -0.243303 -0.131989
v 0.098908 -0.315912 -0.081882
v 0.034032 -0.316141 -0.017090
v 0.094209 -0.299533 -0.069536
v 0.086398 0.293937 0.087776
v 0.158738 0.225595 0.160117
v 0.000975 0.225595 0.225464
v 0.000975 0.293937 0.123159
v 0.085007 0.294733 0.086417
v 0.000997 0.294733 0.121214
v 0.000997 0.318355 0.002406
v -0.000997 0.294733 0.121214
v -0.085007 0.294733 0.086417
v -0.000997 0.318355 0.002406
v 0.080559 -0.317642 0.097051
v 0.001414 -0.339906 0.017906
v 0.001414 -0.320738 0.017906
v 0.010756 -0.318088 0.027248
v 0.080040 -0.317851 0.096580
v 0.171751 0.241959 0.170373
v 0.241919 0.241959 0.000975
v 0.132120 0.315342 0.000975
v 0.094112 0.315342 0.092733
v 0.121214 0.294733 0.000997
v 0.086417 0.294733 0.085007
v 0.002406 0.318355 0.000997
v 0.121214 0.294733 -0.000997
v 0.002406 0.318355 -0.000997
v 0.086417 0.294733 -0.085007
v -0.002406 0.318355 0.000997
v -0.086417 0.294733 0.085007
v -0.121214 0.294733 0.000997
v 0.085007 0.294733 -0.086417
v 0.000997 0.318355 -0.002406
v 0.000997 0.294733 -0.121214
v -0.000945 0.130661 0.316773
v -0.000945 0.240522 0.243377
v -0.171424 0.240522 0.172762
v -0.223323 0.130661 0.224660
v -0.002406 0.318355 -0.000997
v -0.121214 0.294733 -0.000997
v -0.086417 0.294733 -0.085007
v -0.000997 0.294733 -0.121214
v -0.000997 0.318355 -0.002406
v -0.085007 0.294733 -0.086417
v 0.211244 -0.117390 0.212500
v 0.224684 -0.117390 0.225940
v 0.191050 -0.133667 0.236421
v 0.177123 -0.139391 0.238205
v 0.161288 -0.139149 0.222075
v 0.193491 -0.126003 0.217928
vn 0.6614 0.6278 0.4104
vn -0.7579 0.6278 -0.1775
vn 0.6640 0.3438 -0.6640
vn -0.0000 0.3438 -0.9390
vn -0.0000 -0.4151 0.9098
vn -0.6433 -0.4151 0.6433
vn -0.3493 -0.5324 -0.7711
vn 0.5381 0.6487 -0.5381
vn -0.4707 -0.7463 0.4707
vn 0.7922 -0.5324 -0.2983
vn -0.0000 0.6487 -0.7610
vn -0.0000 -0.7463 0.6656
vn -0.1735 -0.1968 0.9650
vn -0.7806 -0.2717 -0.5629
vn -0.3323 0.9432 -0.0000
vn 0.0028 0.8906 0.4548
vn 0.6994 -0.6967 0.1593
vn 0.4880 -0.8729 -0.0000
vn 0.9042 0.2057 -0.3744
vn 0.1301 0.9915 -0.0000
vn 0.5056 -0.8628 -0.0000
vn -0.7806 -0.2717 0.5629
vn -0.1735 -0.1968 -0.9650
vn 0.0028 0.8906 -0.4548
vn 0.6994 -0.6967 -0.1593
vn 0.9042 0.2057 0.3744
vn 0.5913 -0.6476 -0.4805
vn 0.3878 0.6804 -0.6218
vn -0.7071 -0.0002 -0.7071
vn -0.6433 -0.4151 -0.6433
vn 0.6640 0.3438 0.6640
vn 0.7071 0.0002 0.7071
vn -0.1654 0.6804 0.7139
vn -1.0000 -0.0000 -0.0000
vn 1.0000 -0.0000 -0.0000
vn 0.0783 -0.6476 0.7579
vn -0.9098 -0.4151 -0.0000
vn 0.9390 0.3438 -0.0000
vn -0.9076 -0.3396 -0.2470
vn 0.0164 0.4854 -0.8741
vn -0.5381 0.6487 0.5381
vn -0.3403 0.8766 0.3403
vn 0.2303 -0.9455 -0.2303
vn 0.4707 -0.7463 -0.4707
vn 0.6297 0.4854 0.6065
vn -0.7610 0.6487 -0.0000
vn 0.6656 -0.7463 -0.0000
vn -0.4671 -0.3396 0.8164
vn -0.4813 0.8766 -0.0000
vn 0.3257 -0.9455 -0.0000
vn 0.4805 -0.6476 -0.5913
vn 0.6218 0.6804 -0.3879
vn -0.6962 -0.0011 -0.7178
vn -0.6640 0.3438 -0.6640
vn 0.6433 -0.4151 0.6433
vn 0.6977 0.0007 0.7163
vn -0.7139 0.6804 0.1654
vn -0.0000 -0.0000 -1.0000
vn -0.0000 -0.0000 1.0000
vn -0.7579 -0.6476 -0.0783
vn 0.4356 0.0969 -0.8949
vn 0.2757 -0.1678 -0.9465
vn -0.3643 0.2549 -0.8957
vn -0.2776 0.4502 -0.8487
vn 0.8719 -0.3179 -0.3725
vn 0.7526 -0.4913 -0.4385
vn 0.6738 0.5047 -0.5397
vn -0.4322 0.6000 -0.6732
vn 0.7613 -0.6294 -0.1558
vn 0.2974 0.5385 0.7884
vn -0.6683 0.7439 -0.0000
vn 0.7647 -0.6444 -0.0000
vn -0.3822 -0.6440 0.6627
vn -0.9183 0.3958 -0.0000
vn 0.9463 -0.3232 -0.0000
vn 0.3313 -0.2886 -0.8983
vn -0.4799 0.7886 -0.3846
vn 0.9160 0.3434 0.2075
vn 0.5898 0.6148 -0.5236
vn -0.1896 0.7863 -0.5880
vn 0.9907 0.0472 -0.1274
vn -0.0334 -0.8217 0.5690
vn -0.5806 0.4862 0.6531
vn 0.3012 -0.4727 0.8282
vn 0.4000 0.1484 0.9044
vn -0.5793 -0.8063 -0.1191
vn -0.9180 -0.1937 -0.3460
vn 0.1775 0.8886 -0.4230
vn 0.8754 0.3475 0.3359
vn -0.3727 0.3237 -0.8697
vn 0.8480 -0.3630 -0.3862
vn 0.4586 0.8883 -0.0244
vn -0.3609 -0.3264 -0.8736
vn 0.4356 0.0969 0.8949
vn 0.5898 0.6148 0.5236
vn -0.1896 0.7863 0.5880
vn -0.2776 0.4502 0.8487
vn 0.8719 -0.3179 0.3725
vn 0.9907 0.0472 0.1274
vn 0.3313 -0.2886 0.8983
vn -0.4799 0.7886 0.3846
vn 0.9160 0.3434 -0.2075
vn -0.3822 -0.6440 -0.6627
vn 0.2974 0.5385 -0.7884
vn 0.6738 0.5047 0.5397
vn -0.4322 0.6001 0.6732
vn 0.7613 -0.6294 0.1558
vn 0.2757 -0.1678 0.9465
vn -0.3643 0.2549 0.8957
vn 0.7526 -0.4913 0.4385
vn -0.1654 -0.6804 0.7139
vn 0.3897 -0.6788 -0.6224
vn 0.5617 0.5149 -0.6476
vn -0.5758 0.5804 -0.5758
vn 0.6884 0.2286 0.6884
vn 0.3048 0.9463 -0.1073
vn 0.0580 0.6642 0.7453
vn -0.9525 0.2590 -0.1600
vn 0.3811 -0.0902 0.9201
vn -0.0000 -1.0000 -0.0000
vn -0.2304 -0.9454 -0.2304
vn 0.3404 0.8765 0.3404
vn -0.0000 1.0000 -0.0000
vn 0.5604 0.2590 -0.7867
vn -0.0000 -0.9454 -0.3258
vn -0.0000 0.8765 0.4813
vn -0.5604 0.2590 -0.7867
vn -0.3811 -0.0902 0.9201
vn 0.9525 0.2590 -0.1600
vn 0.2304 -0.9454 -0.2304
vn -0.3404 0.8765 0.3404
vn -0.0164 0.4854 -0.8741
vn 0.9076 -0.3396 -0.2470
vn 0.3403 0.8766 0.3403
vn 0.5381 0.6487 0.5381
vn -0.4707 -0.7463 -0.4707
vn -0.2303 -0.9455 -0.2303
vn 0.4671 -0.3396 0.8164
vn 0.4813 0.8766 -0.0000
vn -0.3257 -0.9455 -0.0000
vn -0.6297 0.4854 0.6065
vn 0.7610 0.6487 -0.0000
vn -0.6656 -0.7463 -0.0000
vn -0.9201 -0.0903 0.3811
vn 0.7867 0.2590 0.5604
vn 0.3258 -0.9454 -0.0000
vn -0.4813 0.8765 -0.0000
vn 0.1600 0.2590 -0.9525
vn -0.7867 0.2590 0.5604
vn 0.9201 -0.0903 0.3811
vn -0.3258 -0.9454 -0.0000
vn 0.4813 0.8765 -0.0000
vn -0.1600 0.2590 -0.9525
vn -0.9201 -0.0903 -0.3811
vn 0.1600 0.2590 0.9525
vn 0.2304 -0.9454 0.2304
vn -0.3404 0.8765 -0.3404
vn 0.7867 0.2590 -0.5604
vn -0.7867 0.2590 -0.5604
vn -0.1600 0.2590 0.9525
vn -0.2304 -0.9454 0.2304
vn 0.3404 0.8765 -0.3404
vn 0.9201 -0.0903 -0.3811
vn -0.5604 0.2590 0.7867
vn 0.9525 0.2590 0.1600
vn -0.0000 -0.9454 0.3258
vn -0.0000 0.8765 -0.4813
vn -0.3811 -0.0902 -0.9201
vn -0.9525 0.2590 0.1600
vn 0.5604 0.2590 0.7867
vn 0.3811 -0.0902 -0.9201
vn 0.2470 -0.3396 -0.9076
vn 0.8741 0.4854 0.0164
vn -0.5381 0.6487 -0.5381
vn -0.3403 0.8766 -0.3403
vn 0.2303 -0.9455 0.2303
vn 0.4707 -0.7463 0.4707
vn -0.6065 0.4854 0.6297
vn -0.8164 -0.3396 -0.4671
vn -0.0000 0.8766 -0.4813
vn -0.0000 -0.9455 0.3257
vn -0.6614 0.6278 0.4105
vn 0.7579 0.6277 -0.1774
vn 0.3493 -0.5324 -0.7711
vn 0.4707 -0.7462 0.4707
vn -0.5382 0.6487 -0.5382
vn -0.7922 -0.5324 -0.2983
vn -0.0000 -0.7462 0.6657
vn -0.0000 0.6487 -0.7611
vn -0.6223 -0.6788 -0.3898
vn 0.7139 -0.6804 0.1654
vn 0.7071 0.0002 -0.7071
vn -0.7071 -0.0001 0.7071
vn 0.7461 0.6633 -0.0578
vn -0.0088 -0.2840 -0.9588
vn 0.0106 0.3589 0.9333
vn -0.1114 0.9456 -0.3057
vn 0.2069 0.3450 -0.9155
vn -0.3842 0.7894 0.4788
vn -0.6506 0.5095 -0.5631
vn 0.6889 0.2258 -0.6889
vn -0.5757 0.5805 0.5757
vn 0.1775 0.8886 0.4230
vn -0.5806 0.4862 -0.6531
vn 0.3012 -0.4727 -0.8282
vn 0.8754 0.3475 -0.3359
vn -0.3727 0.3237 0.8697
vn -0.9180 -0.1937 0.3460
vn -0.0334 -0.8217 -0.5690
vn 0.3874 0.1234 -0.9136
vn -0.5719 -0.8032 0.1669
vn 0.8480 -0.3630 0.3862
vn 0.4586 0.8883 0.0244
vn -0.3609 -0.3264 0.8736
vn -0.4486 0.7730 0.4486
vn 0.3070 0.8976 -0.3163
vn 0.7340 0.5837 0.3473
vn 0.3568 0.4141 0.8374
vn -0.8374 0.4141 -0.3568
vn -0.3282 0.5793 -0.7461
vn 0.0116 -0.9987 -0.0500
vn 0.8150 0.3125 0.4879
vn -0.2959 0.6764 -0.6745
vn -0.0995 -0.9941 0.0437
vn 0.4435 -0.7089 0.5484
vn -0.6012 -0.6269 -0.4956
vn -0.5496 -0.6335 0.5446
vn 0.2234 -0.3901 0.8933
vn -0.8945 -0.3856 -0.2264
vn 0.1654 0.6804 0.7139
vn -0.3878 0.6804 -0.6218
vn 0.7071 -0.0002 -0.7071
vn -0.7071 0.0002 0.7071
vn -0.5913 -0.6476 -0.4805
vn 0.6433 -0.4151 -0.6433
vn -0.6640 0.3438 0.6640
vn -0.0783 -0.6476 0.7579
vn 0.9098 -0.4151 -0.0000
vn -0.9390 0.3438 -0.0000
vn -0.9284 0.2210 0.2988
vn -0.8294 0.5279 -0.1831
vn -0.0244 0.8883 0.4586
vn -0.4155 0.7916 0.4480
vn -0.8744 -0.4841 -0.0319
vn -0.8736 -0.3264 -0.3609
vn 0.3782 0.3451 -0.8590
vn 0.9044 0.1484 0.4000
vn -0.1191 -0.8063 -0.5793
vn 0.9215 -0.2399 -0.3055
vn 0.8766 0.4804 0.0261
vn 0.3883 -0.8078 -0.4435
vn 0.9533 -0.1965 0.2294
vn 0.3100 0.8988 -0.3100
vn 0.3041 -0.9028 -0.3041
vn -0.1773 -0.0624 0.9822
vn -0.2766 0.9203 0.2766
vn -0.3366 -0.8794 0.3366
vn 0.6614 0.6278 -0.4105
vn -0.7579 0.6277 0.1774
vn -0.0000 -0.4151 -0.9098
vn -0.0000 0.3438 0.9390
vn -0.3493 -0.5324 0.7711
vn -0.4707 -0.7462 -0.4707
vn 0.5382 0.6487 0.5382
vn 0.7922 -0.5324 0.2983
vn -0.0000 -0.7462 -0.6657
vn -0.0000 0.6487 0.7611
vn 0.0334 -0.8217 -0.5690
vn 0.5806 0.4862 -0.6531
vn -0.3012 -0.4727 -0.8282
vn -0.4000 0.1484 -0.9044
vn 0.5793 -0.8063 0.1191
vn 0.9180 -0.1937 0.3460
vn -0.1775 0.8886 0.4230
vn -0.8754 0.3475 -0.3359
vn 0.3727 0.3237 0.8697
vn -0.8480 -0.3630 0.3862
vn -0.4586 0.8883 0.0244
vn 0.3609 -0.3264 0.8736
vn 0.4104 0.6278 -0.6614
vn -0.1775 0.6278 0.7579
vn -0.7711 -0.5324 0.3493
vn -0.2983 -0.5324 -0.7922
vn 0.6065 0.4854 0.6297
vn -0.8741 0.4854 0.0164
vn -0.2470 -0.3396 -0.9076
vn 0.3403 0.8766 -0.3403
vn -0.2303 -0.9455 0.2303
vn 0.8164 -0.3396 -0.4671
vn 0.1073 0.9463 0.3048
vn -0.7453 0.6642 0.0580
vn -0.0000 0.3958 -0.9183
vn 0.3846 0.7886 -0.4799
vn -0.2075 0.3434 0.9160
vn -0.0000 -0.3232 0.9463
vn -0.7139 -0.6804 -0.1654
vn 0.6224 -0.6788 0.3897
vn 0.6476 0.5149 0.5617
vn 0.5758 0.5804 -0.5758
vn -0.6884 0.2286 0.6884
vn -0.5690 -0.8217 -0.0334
vn -0.6531 0.4862 -0.5806
vn -0.8282 -0.4727 0.3012
vn -0.9044 0.1484 0.4000
vn 0.1191 -0.8063 -0.5793
vn 0.3460 -0.1937 -0.9180
vn 0.4230 0.8886 0.1775
vn -0.3359 0.3475 0.8754
vn 0.8697 0.3237 -0.3727
vn 0.3861 -0.3630 0.8480
vn 0.0244 0.8883 0.4586
vn 0.8736 -0.3264 -0.3609
vn 0.0390 -0.8824 -0.4689
vn -0.1149 -0.8409 -0.5289
vn -0.5589 -0.8213 0.1144
vn -0.5721 -0.7859 0.2346
vn 0.4904 -0.1113 -0.8644
vn 0.4050 -0.3916 -0.8262
vn -0.6469 0.2109 -0.7329
vn -0.5484 -0.7089 0.4435
vn 0.4955 -0.6269 -0.6012
vn 0.0312 0.8997 0.4354
vn -0.4879 0.3125 0.8151
vn 0.6745 0.6764 -0.2959
vn 0.4104 0.5440 0.7319
vn -0.1734 0.1398 0.9749
vn 0.7329 0.6789 0.0450
vn 0.7343 -0.5101 0.4478
vn -0.3430 -0.1308 0.9302
vn 0.7556 0.6176 -0.2183
vn -0.8741 0.4854 0.0165
vn 0.6065 0.4854 0.6298
vn -0.4707 -0.7462 0.4707
vn 0.5382 0.6487 -0.5382
vn -0.4486 0.7730 -0.4486
vn 0.3163 0.8976 0.3070
vn -0.3473 0.5837 0.7340
vn -0.8374 0.4141 0.3568
vn 0.3568 0.4141 -0.8374
vn 0.7461 0.5793 -0.3282
vn 0.0500 -0.9987 0.0116
vn -0.0437 -0.9941 -0.0995
vn -0.5446 -0.6335 -0.5496
vn -0.8933 -0.3901 0.2234
vn 0.2264 -0.3856 -0.8945
vn -0.7884 0.5385 0.2974
vn -0.6627 -0.6440 -0.3822
vn -0.0000 0.7439 -0.6683
vn -0.0000 -0.6444 0.7647
vn 0.8983 -0.2886 0.3313
vn 0.5236 0.6148 0.5898
vn 0.5880 0.7863 -0.1896
vn 0.1274 0.0472 0.9907
vn 0.8949 0.0969 0.4356
vn 0.8487 0.4502 -0.2776
vn 0.3725 -0.3179 0.8719
vn 0.9465 -0.1679 0.2757
vn 0.8957 0.2549 -0.3643
vn 0.4385 -0.4913 0.7526
vn 0.5397 0.5047 0.6738
vn 0.6732 0.6000 -0.4322
vn 0.1558 -0.6294 0.7613
vn -0.9076 -0.3396 0.2470
vn -0.4671 -0.3396 -0.8164
vn 0.6297 0.4854 -0.6065
vn 0.0164 0.4854 0.8741
vn -0.7139 0.6804 -0.1654
vn 0.6218 0.6804 0.3879
vn 0.7071 -0.0001 -0.7071
vn 0.4805 -0.6476 0.5913
vn -0.7579 -0.6476 0.0783
vn -0.0051 -0.8642 0.5032
vn 0.7343 -0.5101 -0.4478
vn -0.3430 -0.1308 -0.9302
vn -0.5721 -0.7859 -0.2346
vn 0.4904 -0.1113 0.8644
vn 0.7556 0.6176 0.2183
vn 0.4104 0.5440 -0.7319
vn -0.1734 0.1398 -0.9749
vn 0.7329 0.6789 -0.0450
vn 0.0312 0.8997 -0.4354
vn -0.4879 0.3125 -0.8150
vn 0.6745 0.6764 0.2959
vn -0.6469 0.2109 0.7329
vn -0.5484 -0.7090 -0.4435
vn 0.4955 -0.6269 0.6012
vn -0.1149 -0.8409 0.5288
vn -0.5589 -0.8213 -0.1144
vn 0.4050 -0.3916 0.8262
vn -0.4105 0.6278 -0.6614
vn 0.1774 0.6278 0.7579
vn 0.7711 -0.5324 0.3493
vn 0.2983 -0.5324 -0.7922
vn -0.6657 -0.7462 -0.0000
vn 0.7611 0.6487 -0.0000
vn -0.3744 0.2057 0.9041
vn -0.5629 -0.2717 -0.7806
vn -0.0000 0.9432 -0.3323
vn -0.0000 0.9915 0.1301
vn -0.0000 -0.8628 0.5056
vn -0.0000 -0.8729 0.4880
vn 0.9650 -0.1968 -0.1735
vn 0.4548 0.8906 0.0028
vn 0.1593 -0.6967 0.6994
vn -0.9650 -0.1968 -0.1735
vn 0.5629 -0.2717 -0.7806
vn -0.4548 0.8906 0.0028
vn -0.1593 -0.6967 0.6994
vn 0.3744 0.2057 0.9041
vn 0.1774 0.6278 -0.7579
vn -0.4105 0.6278 0.6614
vn 0.2983 -0.5324 0.7922
vn 0.7711 -0.5324 -0.3493
vn -0.7579 0.6277 -0.1774
vn 0.6614 0.6278 0.4105
vn -0.9042 0.2057 0.3744
vn 0.1735 -0.1968 -0.9650
vn -0.0028 0.8906 -0.4548
vn -0.1301 0.9915 -0.0000
vn -0.5056 -0.8628 -0.0000
vn -0.6994 -0.6967 -0.1593
vn 0.7806 -0.2717 0.5629
vn 0.3323 0.9432 -0.0000
vn -0.4880 -0.8729 -0.0000
vn -0.9042 0.2057 -0.3744
vn 0.7806 -0.2717 -0.5629
vn 0.1735 -0.1968 0.9650
vn -0.0028 0.8906 0.4548
vn -0.6994 -0.6967 0.1593
vn 0.4486 0.7730 0.4486
vn -0.3163 0.8976 -0.3070
vn 0.3473 0.5837 -0.7340
vn 0.8374 0.4141 -0.3568
vn -0.3568 0.4141 0.8374
vn -0.7461 0.5793 0.3282
vn -0.0500 -0.9987 -0.0116
vn 0.4879 0.3125 -0.8151
vn -0.6745 0.6764 0.2959
vn 0.0437 -0.9941 0.0995
vn 0.5484 -0.7089 -0.4435
vn -0.4955 -0.6269 0.6012
vn 0.5446 -0.6335 0.5496
vn 0.8933 -0.3901 -0.2234
vn -0.2264 -0.3856 0.8945
vn -0.4356 0.0969 0.8949
vn -0.2757 -0.1678 0.9465
vn 0.3643 0.2549 0.8957
vn 0.2776 0.4502 0.8487
vn -0.8719 -0.3179 0.3725
vn -0.7526 -0.4913 0.4385
vn -0.6738 0.5047 0.5397
vn 0.4322 0.6000 0.6732
vn -0.7613 -0.6294 0.1558
vn -0.2974 0.5385 -0.7884
vn 0.6683 0.7439 -0.0000
vn -0.7647 -0.6444 -0.0000
vn 0.3822 -0.6440 -0.6627
vn 0.9183 0.3958 -0.0000
vn -0.9463 -0.3232 -0.0000
vn -0.3313 -0.2886 0.8983
vn 0.4799 0.7886 0.3846
vn -0.9160 0.3434 -0.2075
vn -0.5898 0.6148 0.5236
vn 0.1896 0.7863 0.5880
vn -0.9907 0.0472 0.1274
vn -0.4139 -0.5156 -0.7502
vn -0.0895 -0.6646 -0.7418
vn -0.1620 0.3893 -0.9067
vn -0.1557 0.3443 -0.9259
vn -0.0628 -0.4290 0.9011
vn 0.5818 0.1152 0.8051
vn 0.8790 -0.1969 0.4343
vn 0.6691 0.7306 -0.1359
vn 0.0769 -0.8620 0.5011
vn 0.3103 0.2402 0.9198
vn 0.4478 0.7968 0.4057
vn -0.0105 -0.4586 0.8886
vn -0.1831 0.5279 0.8294
vn -0.9442 0.1979 -0.2632
vn -0.4805 -0.6476 -0.5913
vn -0.6218 0.6804 -0.3878
vn -0.7071 -0.0002 0.7071
vn 0.7139 0.6804 0.1655
vn 0.7579 -0.6476 -0.0783
vn 0.6298 0.4854 0.6064
vn 0.0165 0.4854 -0.8741
vn 0.4707 -0.7462 -0.4707
vn 0.6657 -0.7462 -0.0000
vn -0.7611 0.6487 -0.0000
vn -0.5382 0.6487 0.5382
vn -0.7139 -0.6804 0.1654
vn -0.7453 0.6642 -0.0580
vn -0.0000 0.3958 0.9183
vn -0.0000 -0.3232 -0.9463
vn 0.1073 0.9463 -0.3048
vn 0.3846 0.7886 0.4799
vn -0.2075 0.3434 -0.9160
vn 0.6476 0.5149 -0.5617
vn 0.5758 0.5804 0.5758
vn -0.6884 0.2286 -0.6884
vn 0.6224 -0.6788 -0.3897
vn 0.7071 -0.0002 0.7071
vn -0.7071 0.0002 -0.7071
vn 0.0421 -0.9943 -0.0976
vn -0.0500 -0.9987 0.0116
vn 0.4879 0.3125 0.8150
vn 0.5484 -0.7090 0.4435
vn -0.4955 -0.6269 -0.6012
vn -0.6745 0.6764 -0.2959
vn -0.3163 0.8976 0.3070
vn 0.3473 0.5837 0.7340
vn -0.7461 0.5793 -0.3282
vn 0.4486 0.7730 -0.4486
vn 0.8374 0.4141 0.3568
vn -0.3568 0.4141 -0.8374
vn 0.5446 -0.6335 -0.5496
vn 0.8933 -0.3901 0.2234
vn -0.2264 -0.3856 -0.8945
vn -0.1073 0.9463 -0.3048
vn 0.7453 0.6642 -0.0580
vn -0.3846 0.7886 0.4799
vn 0.2075 0.3434 -0.9160
vn -0.6224 -0.6788 -0.3897
vn -0.6476 0.5149 -0.5617
vn -0.5758 0.5804 0.5758
vn 0.6884 0.2286 -0.6884
vn 0.6218 0.6804 0.3878
vn -0.7139 0.6804 -0.1655
vn 0.7884 0.5385 -0.2974
vn 0.6627 -0.6440 0.3822
vn -0.0000 0.7439 0.6683
vn -0.0000 -0.6444 -0.7647
vn -0.8983 -0.2886 -0.3313
vn -0.5236 0.6148 -0.5898
vn -0.5880 0.7863 0.1896
vn -0.1274 0.0472 -0.9907
vn -0.8949 0.0969 -0.4356
vn -0.8487 0.4502 0.2776
vn -0.3725 -0.3179 -0.8719
vn -0.9465 -0.1679 -0.2757
vn -0.8957 0.2549 0.3643
vn -0.4385 -0.4913 -0.7526
vn -0.5397 0.5047 -0.6738
vn -0.6732 0.6000 0.4322
vn -0.1558 -0.6294 -0.7613
vn -0.4230 0.8886 0.1775
vn 0.6531 0.4862 -0.5806
vn 0.8282 -0.4727 0.3012
vn 0.3359 0.3475 0.8754
vn -0.8697 0.3237 -0.3727
vn -0.3460 -0.1937 -0.9180
vn 0.5690 -0.8217 -0.0334
vn -0.3861 -0.3630 0.8480
vn 0.7139 0.6804 -0.1655
vn -0.6218 0.6804 0.3878
vn -0.4805 -0.6476 0.5913
vn 0.7579 -0.6476 0.0783
vn -0.1774 0.6278 0.7579
vn 0.4105 0.6278 -0.6614
vn -0.6297 0.4854 -0.6065
vn 0.4671 -0.3396 -0.8164
vn 0.9076 -0.3396 0.2470
vn -0.0164 0.4854 0.8741
vn 0.3493 -0.5324 0.7711
vn -0.7922 -0.5324 0.2983
vn -0.0000 0.6487 0.7610
vn -0.0000 -0.7463 -0.6656
vn -0.6614 0.6278 -0.4104
vn 0.7579 0.6278 0.1775
vn 0.5629 -0.2717 0.7806
vn -0.9650 -0.1968 0.1735
vn -0.4548 0.8906 -0.0028
vn -0.0000 0.9432 0.3323
vn -0.0000 -0.8729 -0.4880
vn -0.1593 -0.6967 -0.6994
vn 0.3744 0.2057 -0.9041
vn -0.0000 0.9915 -0.1301
vn -0.0000 -0.8628 -0.5056
vn -0.5629 -0.2717 0.7806
vn -0.3744 0.2057 -0.9041
vn 0.9650 -0.1968 0.1735
vn 0.4548 0.8906 -0.0028
vn 0.1593 -0.6967 -0.6994
vn 0.7579 0.6278 -0.1775
vn -0.6614 0.6278 0.4104
vn 0.9198 0.2402 0.3103
vn 0.2564 -0.2482 0.9342
vn -0.1643 0.6636 0.7298
vn 0.4057 0.7968 0.4478
vn 0.8886 -0.4586 -0.0105
vn 0.4079 -0.8993 0.1576
vn -0.9103 -0.3871 0.1470
vn -0.8349 0.4301 0.3434
vn -0.3375 -0.9286 -0.1541
vn -0.9127 -0.2582 -0.3168
vn -0.8918 0.4524 0.0047
vn -0.3786 -0.8115 -0.4452
vn -0.3782 0.3451 -0.8590
vn 0.8294 0.5279 -0.1831
vn 0.6614 0.6278 -0.4104
vn -0.7579 0.6278 0.1775
vn -0.5618 -0.2686 -0.7825
vn -0.3472 0.2010 0.9160
vn -0.0000 -0.8733 0.4872
vn -0.0000 -0.8737 0.4865
vn -0.0000 0.9440 -0.3298
vn -0.0000 0.9934 0.1145
vn 0.9593 -0.1995 -0.2000
vn 0.2028 -0.7491 0.6306
vn 0.5032 0.8619 -0.0629
vn -0.8150 0.3456 0.4651
vn 0.3719 0.3664 0.8529
vn 0.8718 -0.4569 -0.1765
vn 0.1601 -0.6655 0.7290
vn 0.6785 0.5781 -0.4532
vn -0.6017 -0.4935 -0.6280
vn -0.0000 -0.6455 0.7638
vn -0.0000 0.7451 -0.6670
vn -0.6298 0.4854 -0.6064
vn -0.0165 0.4854 0.8741
vn -0.5077 0.4137 0.7557
vn 0.6363 0.7568 -0.1499
vn 0.9302 -0.1308 0.3430
vn 0.2346 -0.7859 0.5721
vn -0.8644 -0.1113 -0.4904
vn -0.2183 0.6176 -0.7556
vn 0.4932 -0.5689 -0.6581
vn -0.5622 -0.7991 0.2131
vn -0.7602 -0.5112 0.4009
vn -0.0562 -0.6813 0.7298
vn -0.9862 -0.0122 -0.1654
vn 0.6280 -0.4935 -0.6017
vn -0.4651 0.3456 -0.8150
vn -0.4865 -0.8737 -0.0000
vn -0.7638 -0.6455 -0.0000
vn 0.6670 0.7451 -0.0000
vn 0.3298 0.9440 -0.0000
vn -0.8529 0.3664 0.3719
vn -0.6306 -0.7491 0.2029
vn 0.0629 0.8619 0.5032
vn 0.1765 -0.4570 0.8718
vn -0.7290 -0.6655 0.1601
vn 0.4532 0.5781 0.6785
vn -0.8142 0.3482 0.4645
vn -0.6025 -0.4948 -0.6263
vn 0.8763 -0.4484 -0.1761
vn 0.8424 0.1144 0.5266
vn 0.7507 0.6606 -0.0095
vn 0.4356 -0.4968 0.7506
vn 0.2860 0.4076 0.8672
vn -0.2016 -0.1985 0.9591
vn 0.9160 0.2010 -0.3472
vn 0.4872 -0.8733 -0.0000
vn 0.6306 -0.7491 0.2029
vn -0.0629 0.8619 0.5032
vn 0.1145 0.9934 -0.0000
vn -0.7825 -0.2686 -0.5618
vn 0.4865 -0.8737 -0.0000
vn -0.3298 0.9440 -0.0000
vn -0.1654 0.6804 -0.7139
vn 0.3878 0.6804 0.6218
vn 0.5913 -0.6476 0.4805
vn 0.0783 -0.6476 -0.7579
vn -0.3753 -0.1965 0.9058
vn 0.3823 -0.6442 -0.6625
vn -0.9466 -0.3225 -0.0000
vn -0.9139 0.3510 -0.2042
vn 0.5311 0.7605 0.3737
vn 0.9179 0.3968 -0.0000
vn -0.2986 0.5370 -0.7890
vn -0.6738 0.4618 0.5768
vn -0.4301 0.1009 0.8971
vn -0.8705 -0.3172 0.3763
vn 0.2848 0.4539 0.8443
vn -0.5869 0.6268 0.5125
vn -0.9898 0.0694 0.1244
vn 0.1786 0.7946 0.5803
vn -0.5266 0.1144 0.8424
vn -0.8672 0.4076 0.2860
vn 0.0095 0.6606 0.7507
vn -0.7506 -0.4968 0.4356
vn -0.4646 0.3482 -0.8142
vn 0.6263 -0.4948 -0.6025
vn 0.1761 -0.4484 0.8763
vn -0.3878 0.6804 0.6218
vn 0.1654 0.6804 -0.7139
vn -0.0783 -0.6476 -0.7579
vn -0.5913 -0.6476 0.4805
vn -0.7139 0.6804 0.1655
vn 0.6218 0.6804 -0.3878
vn 0.8164 -0.3396 0.4671
vn 0.6065 0.4854 -0.6298
vn -0.8741 0.4854 -0.0165
vn -0.2470 -0.3396 0.9076
vn 0.7602 -0.5112 0.4009
vn 0.5622 -0.7991 0.2131
vn -0.3012 -0.4727 0.8282
vn 0.0562 -0.6813 0.7298
vn 0.9862 -0.0122 -0.1654
vn 0.9180 -0.1937 -0.3460
vn -0.4932 -0.5689 -0.6581
vn -0.8754 0.3475 0.3359
vn 0.3727 0.3237 -0.8697
vn -0.6362 0.7568 -0.1499
vn -0.9302 -0.1308 0.3430
vn 0.2183 0.6176 -0.7556
vn 0.4710 0.4336 0.7682
vn -0.2346 -0.7859 0.5721
vn 0.8644 -0.1113 -0.4904
vn 0.7557 0.4138 0.5077
vn -0.1499 0.7568 -0.6363
vn 0.3430 -0.1308 -0.9302
vn 0.5721 -0.7859 -0.2346
vn -0.4904 -0.1113 0.8644
vn -0.7556 0.6176 0.2183
vn -0.6581 -0.5689 -0.4932
vn 0.3359 0.3475 -0.8754
vn -0.8697 0.3237 0.3727
vn 0.2131 -0.7991 0.5622
vn 0.8282 -0.4727 -0.3012
vn -0.3460 -0.1937 0.9180
vn 0.4009 -0.5112 0.7602
vn 0.7298 -0.6813 0.0562
vn -0.1654 -0.0122 0.9862
vn 0.4689 -0.8824 0.0390
vn 0.5289 -0.8409 -0.1149
vn -0.1144 -0.8213 -0.5589
vn -0.2346 -0.7859 -0.5721
vn 0.8644 -0.1113 0.4904
vn 0.8262 -0.3916 0.4050
vn 0.7328 0.2109 -0.6469
vn -0.4435 -0.7089 -0.5484
vn 0.6012 -0.6269 0.4956
vn -0.4354 0.8997 0.0312
vn -0.8150 0.3125 -0.4879
vn 0.2959 0.6764 0.6745
vn -0.7319 0.5440 0.4104
vn -0.9749 0.1398 -0.1734
vn -0.0450 0.6789 0.7329
vn -0.4478 -0.5101 0.7343
vn -0.9302 -0.1308 -0.3430
vn 0.2183 0.6176 0.7556
vn 0.5690 -0.8217 0.0334
vn 0.6531 0.4862 0.5806
vn 0.9044 0.1484 -0.4000
vn -0.1191 -0.8063 0.5793
vn -0.4230 0.8886 -0.1775
vn -0.3861 -0.3630 -0.8480
vn -0.0244 0.8883 -0.4586
vn -0.8736 -0.3264 0.3609
vn -0.3897 -0.6788 0.6224
vn -0.5617 0.5149 0.6476
vn -0.3048 0.9463 0.1073
vn -0.0580 0.6642 -0.7453
vn 0.1654 -0.6804 -0.7139
vn 0.6280 -0.4935 0.6017
vn 0.1765 -0.4570 -0.8718
vn -0.7290 -0.6655 -0.1601
vn 0.4532 0.5781 -0.6785
vn -0.8529 0.3664 -0.3719
vn -0.6306 -0.7491 -0.2029
vn 0.0629 0.8619 -0.5032
vn -0.4651 0.3456 0.8150
vn 0.4009 -0.5112 -0.7602
vn 0.2131 -0.7991 -0.5622
vn 0.7298 -0.6813 -0.0562
vn -0.1654 -0.0122 -0.9862
vn -0.6581 -0.5689 0.4932
vn -0.1499 0.7568 0.6363
vn 0.3430 -0.1308 0.9302
vn -0.7556 0.6176 -0.2183
vn 0.7682 0.4336 -0.4709
vn 0.5721 -0.7859 0.2346
vn -0.4904 -0.1113 -0.8644
vn 0.9533 -0.1965 -0.2294
vn 0.9215 -0.2399 0.3055
vn 0.8766 0.4804 -0.0261
vn 0.3100 0.8988 0.3100
vn 0.3041 -0.9028 0.3041
vn 0.3883 -0.8078 0.4435
vn 0.3782 0.3451 0.8590
vn -0.8294 0.5279 0.1831
vn -0.9284 0.2210 -0.2988
vn -0.4155 0.7916 -0.4480
vn -0.8744 -0.4841 0.0319
vn -0.1773 -0.0624 -0.9822
vn -0.2766 0.9203 -0.2766
vn -0.3366 -0.8794 -0.3366
vn -0.7602 -0.5112 -0.4009
vn -0.5622 -0.7991 -0.2131
vn -0.0562 -0.6813 -0.7298
vn -0.9862 -0.0122 0.1654
vn 0.4932 -0.5689 0.6581
vn 0.6362 0.7568 0.1499
vn 0.9302 -0.1308 -0.3430
vn -0.2183 0.6176 0.7556
vn -0.4710 0.4336 -0.7682
vn 0.2346 -0.7859 -0.5721
vn -0.8644 -0.1113 0.4904
vn 0.8142 0.3482 -0.4646
vn 0.6025 -0.4948 0.6263
vn -0.8763 -0.4484 0.1761
vn -0.8424 0.1144 -0.5266
vn -0.7507 0.6606 0.0095
vn -0.4356 -0.4968 -0.7506
vn -0.2860 0.4076 -0.8672
vn 0.3897 -0.6788 0.6224
vn -0.1654 -0.6804 -0.7139
vn 0.0580 0.6642 -0.7453
vn 0.3048 0.9463 0.1073
vn 0.5617 0.5149 0.6476
vn -0.1073 0.9463 0.3048
vn -0.6476 0.5149 0.5617
vn -0.3846 0.7886 -0.4799
vn 0.2075 0.3434 0.9160
vn -0.6224 -0.6788 0.3897
vn 0.7139 -0.6804 -0.1654
vn 0.7453 0.6642 0.0580
vn 0.8741 0.4854 -0.0165
vn -0.6065 0.4854 -0.6298
vn -0.8164 -0.3396 0.4671
vn 0.2470 -0.3396 0.9076
vn 0.5077 0.4137 -0.7557
vn -0.6363 0.7568 0.1499
vn -0.4932 -0.5689 0.6581
vn 0.5622 -0.7991 -0.2131
vn 0.7602 -0.5112 -0.4009
vn 0.0562 -0.6813 -0.7298
vn 0.9862 -0.0122 0.1654
vn 0.3103 0.2402 -0.9198
vn 0.9342 -0.2482 -0.2564
vn 0.7298 0.6636 0.1643
vn 0.4478 0.7968 -0.4057
vn -0.0105 -0.4586 -0.8886
vn 0.1576 -0.8993 -0.4079
vn 0.1470 -0.3871 0.9103
vn 0.3434 0.4301 0.8349
vn -0.1541 -0.9286 0.3375
vn -0.3168 -0.2582 0.9127
vn 0.0047 0.4524 0.8918
vn -0.4452 -0.8115 0.3786
vn -0.8590 0.3451 0.3782
vn -0.1831 0.5279 -0.8294
vn -0.3070 0.8976 0.3163
vn -0.7340 0.5837 -0.3473
vn 0.3282 0.5793 0.7461
vn -0.0116 -0.9987 0.0500
vn 0.0995 -0.9941 -0.0437
vn 0.5496 -0.6335 -0.5446
vn -0.2234 -0.3901 -0.8933
vn 0.8945 -0.3856 0.2264
vn 0.0165 0.4854 0.8741
vn 0.6298 0.4854 -0.6064
vn 0.7363 0.5714 -0.3624
vn 0.4478 -0.5101 -0.7343
vn 0.9749 0.1398 0.1734
vn 0.0450 0.6789 -0.7329
vn -0.4669 -0.8843 0.0020
vn -0.5289 -0.8409 0.1149
vn 0.1144 -0.8213 0.5589
vn -0.8262 -0.3916 -0.4050
vn -0.7328 0.2109 0.6469
vn 0.4354 0.8997 -0.0312
vn 0.8766 -0.4486 0.1741
vn -0.6025 -0.4948 0.6263
vn 0.6732 0.6000 0.4322
vn 0.1558 -0.6294 -0.7613
vn -0.8142 0.3482 -0.4646
vn 0.2860 0.4076 -0.8672
vn 0.8424 0.1144 -0.5266
vn 0.7507 0.6606 0.0095
vn 0.4356 -0.4968 -0.7506
vn 0.3879 0.6804 0.6218
vn -0.6065 0.4854 0.6298
vn 0.8741 0.4854 0.0165
vn -0.9160 0.2010 0.3472
vn 0.7825 -0.2686 0.5618
vn -0.4872 -0.8733 -0.0000
vn -0.1145 0.9934 -0.0000
vn 0.2000 -0.1995 -0.9593
vn 0.5032 -0.8642 0.0051
vn -0.4478 -0.5101 -0.7343
vn -0.7319 0.5440 -0.4104
vn -0.9749 0.1398 0.1734
vn -0.0450 0.6789 -0.7329
vn -0.4354 0.8997 -0.0311
vn -0.8150 0.3125 0.4879
vn 0.2959 0.6764 -0.6745
vn 0.7328 0.2109 0.6469
vn -0.4435 -0.7089 0.5484
vn 0.6012 -0.6269 -0.4956
vn 0.5289 -0.8409 0.1149
vn -0.1144 -0.8213 0.5589
vn 0.8262 -0.3916 -0.4050
vn 0.1775 0.6278 0.7579
vn -0.4104 0.6278 -0.6614
vn -0.9103 -0.3871 -0.1470
vn 0.2564 -0.2482 -0.9342
vn -0.1643 0.6636 -0.7298
vn -0.8349 0.4301 -0.3434
vn -0.3375 -0.9286 0.1541
vn 0.4079 -0.8993 -0.1576
vn 0.9198 0.2402 -0.3103
vn 0.4057 0.7968 -0.4478
vn 0.8886 -0.4586 0.0105
vn 0.8294 0.5279 0.1831
vn 0.0244 0.8883 -0.4586
vn 0.8736 -0.3264 0.3609
vn -0.3782 0.3451 0.8590
vn -0.9044 0.1484 -0.4000
vn 0.1191 -0.8063 0.5793
vn -0.9127 -0.2582 0.3168
vn -0.8918 0.4524 -0.0047
vn -0.3786 -0.8115 0.4452
vn -0.4104 0.6278 0.6614
vn 0.1775 0.6278 -0.7579
vn -0.6218 0.6804 0.3879
vn -0.7071 -0.0001 -0.7071
vn 0.7139 0.6804 -0.1654
vn 0.7139 0.6804 0.1654
vn -0.6218 0.6804 -0.3879
vn -0.3879 0.6804 -0.6218
vn 0.3879 0.6804 -0.6218
vn -0.3879 0.6804 0.6218
vn -0.0783 -0.6477 -0.7579
vn -0.8949 0.0969 0.4356
vn -0.5236 0.6148 0.5898
vn -0.5880 0.7863 -0.1896
vn -0.8487 0.4502 -0.2776
vn -0.3725 -0.3179 0.8719
vn -0.1274 0.0472 0.9907
vn -0.8983 -0.2886 0.3313
vn 0.6627 -0.6440 -0.3822
vn 0.7884 0.5385 0.2974
vn -0.5397 0.5047 0.6738
vn -0.6732 0.6000 -0.4322
vn -0.1558 -0.6294 0.7613
vn -0.9465 -0.1679 0.2757
vn -0.8957 0.2549 -0.3643
vn -0.4385 -0.4913 0.7526
vn -0.3898 -0.6788 -0.6223
vn -0.5631 0.5095 -0.6506
vn -0.6889 0.2258 0.6889
vn 0.5757 0.5805 -0.5757
vn -0.3057 0.9456 -0.1114
vn -0.9155 0.3450 0.2069
vn 0.4788 0.7894 -0.3842
vn -0.0578 0.6633 0.7461
vn 0.1654 -0.6804 0.7139
vn -0.7461 0.6633 0.0578
vn -0.0000 -0.3225 0.9466
vn -0.0000 0.3968 -0.9179
vn 0.1114 0.9456 0.3057
vn -0.2069 0.3450 0.9155
vn 0.3842 0.7894 -0.4788
vn 0.6506 0.5095 0.5631
vn 0.6223 -0.6788 0.3898
vn -0.7557 0.4138 -0.5077
vn 0.1499 0.7568 0.6363
vn 0.6581 -0.5689 0.4932
vn -0.2131 -0.7991 -0.5622
vn -0.4009 -0.5112 -0.7602
vn -0.7298 -0.6813 -0.0562
vn 0.1654 -0.0122 -0.9862
vn -0.2986 0.5370 0.7890
vn 0.3823 -0.6442 0.6625
vn -0.3753 -0.1965 -0.9058
vn -0.5869 0.6268 -0.5125
vn -0.9898 0.0694 -0.1244
vn 0.1786 0.7946 -0.5803
vn -0.4301 0.1009 -0.8971
vn -0.8705 -0.3172 -0.3763
vn 0.2848 0.4539 -0.8443
vn -0.6738 0.4618 -0.5768
vn -0.3897 -0.6788 -0.6224
vn -0.0580 0.6642 0.7453
vn -0.3048 0.9463 -0.1073
vn 0.4799 0.7886 -0.3846
vn -0.9160 0.3434 0.2075
vn -0.5617 0.5149 -0.6476
vn 0.8971 0.1009 0.4301
vn 0.5125 0.6268 0.5869
vn 0.1244 0.0695 0.9898
vn 0.3763 -0.3172 0.8705
vn 0.8443 0.4539 -0.2848
vn 0.5803 0.7946 -0.1786
vn 0.9058 -0.1965 0.3753
vn -0.6625 -0.6442 -0.3823
vn -0.7890 0.5370 0.2986
vn 0.5768 0.4618 0.6738
vn 0.3822 -0.6440 0.6627
vn -0.2974 0.5385 0.7884
vn -0.6738 0.5047 -0.5397
vn 0.4322 0.6001 -0.6732
vn -0.7613 -0.6294 -0.1558
vn -0.2757 -0.1678 -0.9465
vn 0.3643 0.2549 -0.8957
vn -0.7526 -0.4913 -0.4385
vn -0.4356 0.0969 -0.8949
vn 0.2776 0.4502 -0.8487
vn -0.8719 -0.3179 -0.3725
vn -0.5898 0.6148 -0.5236
vn 0.1896 0.7863 -0.5880
vn -0.9907 0.0472 -0.1274
vn -0.3313 -0.2886 -0.8983
vn 0.3057 0.9456 -0.1114
vn 0.5631 0.5095 -0.6506
vn 0.6889 0.2258 0.6889
vn 0.9155 0.3450 0.2069
vn -0.4788 0.7894 -0.3842
vn -0.5757 0.5805 -0.5757
vn 0.3898 -0.6788 -0.6223
vn 0.0578 0.6633 0.7461
vn 0.9466 -0.3225 -0.0000
vn -0.9179 0.3968 -0.0000
vn -0.5831 0.4622 0.6681
vn 0.7890 0.5370 0.2986
vn -0.1602 -0.6655 0.7290
vn -0.6785 0.5781 -0.4532
vn 0.6625 -0.6442 -0.3823
vn -0.9058 -0.1965 0.3753
vn 0.2069 0.3450 0.9155
vn -0.3842 0.7894 -0.4788
vn -0.5125 0.6268 0.5869
vn -0.1244 0.0695 0.9898
vn -0.5803 0.7946 -0.1786
vn -0.8971 0.1009 0.4301
vn -0.3763 -0.3172 0.8705
vn -0.8443 0.4539 -0.2848
vn -0.0390 -0.8824 0.4689
vn 0.1149 -0.8409 0.5289
vn 0.5589 -0.8213 -0.1144
vn -0.4050 -0.3916 0.8262
vn 0.6469 0.2109 0.7329
vn -0.0312 0.8997 -0.4354
vn -0.4104 0.5440 -0.7319
vn 0.1734 0.1398 -0.9749
vn -0.7329 0.6789 -0.0450
vn -0.7343 -0.5101 -0.4478
vn 0.6017 -0.4935 0.6280
vn 0.8150 0.3456 -0.4651
vn -0.0000 -0.8737 -0.4865
vn -0.0000 -0.6455 -0.7638
vn -0.0000 0.7451 0.6670
vn -0.0000 0.9440 0.3298
vn -0.3719 0.3664 -0.8529
vn -0.2028 -0.7491 -0.6306
vn -0.5032 0.8619 0.0629
vn -0.8718 -0.4570 0.1765
vn -0.1602 -0.6655 -0.7290
vn -0.6785 0.5781 0.4532
vn -0.8766 -0.4486 -0.1741
vn 0.6025 -0.4948 -0.6263
vn 0.8142 0.3482 0.4645
vn -0.2860 0.4076 0.8672
vn -0.8424 0.1144 0.5266
vn -0.7507 0.6606 -0.0095
vn -0.4356 -0.4968 0.7506
vn 0.3472 0.2010 0.9160
vn 0.5618 -0.2686 -0.7825
vn -0.9593 -0.1995 -0.2000
vn -0.2028 -0.7491 0.6306
vn -0.5032 0.8619 -0.0629
vn 0.2324 0.9714 -0.0478
vn -0.7398 0.6714 0.0436
vn 0.6416 -0.6864 -0.3423
vn 0.7575 0.5652 -0.3267
vn -0.8150 0.3456 -0.4651
vn -0.6017 -0.4935 0.6280
vn 0.8718 -0.4570 0.1765
vn 0.1602 -0.6655 -0.7290
vn 0.6785 0.5781 0.4532
vn 0.3719 0.3664 -0.8529
vn 0.2028 -0.7491 -0.6306
vn 0.5032 0.8619 0.0629
vn 0.8150 0.3456 0.4651
vn 0.6017 -0.4935 -0.6280
vn -0.8718 -0.4570 -0.1765
vn -0.3719 0.3664 0.8529
vn 0.7890 0.5370 -0.2986
vn -0.5768 0.4618 -0.6738
vn -0.8971 0.1009 -0.4301
vn -0.3763 -0.3172 -0.8705
vn -0.8443 0.4539 0.2848
vn -0.5125 0.6268 -0.5869
vn -0.1244 0.0695 -0.9898
vn -0.5803 0.7946 0.1786
vn -0.9058 -0.1965 -0.3753
vn 0.6625 -0.6442 0.3823
vn 0.3898 -0.6788 0.6223
vn 0.5631 0.5095 0.6506
vn 0.3057 0.9456 0.1114
vn 0.9155 0.3450 -0.2069
vn -0.4788 0.7894 0.3842
vn 0.0578 0.6633 -0.7461
vn -0.2294 -0.1965 -0.9533
vn 0.3055 -0.2399 -0.9215
vn -0.0261 0.4804 -0.8766
vn 0.4435 -0.8078 -0.3883
vn 0.8590 0.3451 -0.3782
vn 0.1831 0.5279 0.8294
vn -0.2988 0.2210 0.9284
vn -0.4480 0.7916 0.4155
vn 0.0319 -0.4841 0.8744
vn -0.9822 -0.0624 0.1773
vn -0.1858 -0.4548 0.8710
vn 0.8529 0.3664 0.3719
vn 0.7290 -0.6655 0.1601
vn -0.4532 0.5781 0.6785
vn 0.4651 0.3456 -0.8150
vn -0.6280 -0.4935 -0.6017
vn 0.7638 -0.6455 -0.0000
vn -0.6670 0.7451 -0.0000
vn 0.5618 -0.2686 0.7825
vn 0.3472 0.2010 -0.9160
vn -0.0000 -0.8733 -0.4872
vn -0.0000 0.9934 -0.1145
vn -0.9593 -0.1995 0.2000
vn 0.7825 -0.2686 -0.5618
vn -0.9160 0.2010 -0.3472
vn 0.2000 -0.1995 0.9593
vn 0.8971 0.1009 -0.4301
vn 0.5768 0.4618 -0.6738
vn 0.3763 -0.3172 -0.8705
vn 0.8443 0.4539 0.2848
vn -0.7890 0.5370 -0.2986
vn -0.7246 -0.6303 0.2787
vn 0.9158 -0.0854 -0.3926
vn 0.5357 0.6602 -0.5265
vn 0.1402 0.1073 -0.9843
vn 0.5699 0.7738 0.2763
vn -0.3472 0.2010 -0.9160
vn -0.5618 -0.2686 0.7825
vn 0.9593 -0.1995 0.2000
vn -0.3823 -0.6442 0.6625
vn 0.2986 0.5370 0.7890
vn 0.6738 0.4618 -0.5768
vn 0.7290 -0.6655 -0.1601
vn -0.4532 0.5781 -0.6785
vn 0.4301 0.1009 -0.8971
vn 0.8705 -0.3172 -0.3763
vn -0.2848 0.4539 -0.8443
vn 0.5869 0.6268 -0.5125
vn 0.9898 0.0694 -0.1244
vn -0.1786 0.7946 -0.5803
vn 0.3753 -0.1965 -0.9058
vn 0.4301 0.1009 0.8971
vn 0.6738 0.4618 0.5768
vn 0.8705 -0.3172 0.3763
vn -0.2848 0.4539 0.8443
vn 0.2986 0.5370 -0.7890
vn -0.3823 -0.6442 -0.6625
vn 0.3753 -0.1965 0.9058
vn 0.5869 0.6268 0.5125
vn 0.9898 0.0694 0.1244
vn -0.1786 0.7946 0.5803
vn 0.3861 -0.3630 -0.8480
vn 0.4230 0.8886 -0.1775
vn -0.3359 0.3475 -0.8754
vn 0.8697 0.3237 0.3727
vn -0.6531 0.4862 0.5806
vn -0.8282 -0.4727 -0.3012
vn 0.3460 -0.1937 0.9180
vn -0.5690 -0.8217 0.0334
vn 0.4651 0.3456 0.8150
vn 0.8529 0.3664 -0.3719
vn 0.6306 -0.7491 -0.2029
vn -0.0629 0.8619 -0.5032
vn -0.1765 -0.4569 -0.8718
vn -0.6280 -0.4935 0.6017
vn 0.4105 0.6278 0.6614
vn -0.1774 0.6278 -0.7579
vn -0.7711 -0.5324 -0.3493
vn -0.2983 -0.5324 0.7922
vn -0.7825 -0.2686 0.5618
vn 0.9160 0.2010 0.3472
vn -0.2000 -0.1995 -0.9593
vn 0.1741 -0.4486 -0.8766
vn 0.6263 -0.4948 0.6025
vn -0.4646 0.3482 0.8142
vn -0.8672 0.4076 -0.2860
vn -0.5266 0.1144 -0.8424
vn 0.0095 0.6606 -0.7507
vn -0.7506 -0.4968 -0.4356
vn -0.6223 -0.6788 0.3898
vn -0.6506 0.5095 0.5631
vn -0.1114 0.9456 0.3057
vn 0.7461 0.6633 0.0578
vn 0.4339 0.8989 0.0600
vn -0.7328 0.2109 -0.6469
vn 0.4435 -0.7089 -0.5484
vn 0.8150 0.3125 -0.4879
vn -0.2959 0.6764 0.6745
vn -0.6012 -0.6269 0.4956
vn -0.5289 -0.8409 -0.1149
vn 0.1144 -0.8213 -0.5589
vn -0.8262 -0.3916 0.4050
vn -0.4669 -0.8843 -0.0020
vn 0.4478 -0.5101 0.7343
vn 0.7319 0.5440 0.4104
vn 0.9749 0.1398 -0.1734
vn 0.0450 0.6789 0.7329
vn -0.2642 0.9582 0.1097
vn -0.5513 0.5027 0.6659
vn -0.4067 -0.6952 0.5927
vn -0.0578 0.6633 -0.7461
vn -0.4009 -0.5112 0.7602
vn -0.2131 -0.7991 0.5622
vn -0.7298 -0.6813 0.0562
vn 0.1654 -0.0122 0.9862
vn 0.6581 -0.5689 -0.4932
vn 0.1499 0.7568 -0.6363
vn -0.7682 0.4336 0.4709
vn -0.6263 -0.4948 0.6025
vn -0.1761 -0.4484 -0.8763
vn 0.5266 0.1144 -0.8424
vn -0.0095 0.6606 -0.7507
vn 0.7506 -0.4968 -0.4356
vn 0.8672 0.4076 -0.2860
vn 0.4646 0.3482 0.8142
vn -0.1741 -0.4486 0.8766
vn -0.6263 -0.4948 -0.6025
vn 0.4646 0.3482 -0.8142
vn 0.8672 0.4076 0.2860
vn 0.5266 0.1144 0.8424
vn -0.0095 0.6606 0.7507
vn 0.7506 -0.4968 0.4356
vn 0.3163 0.8976 -0.3070
vn -0.3473 0.5837 -0.7340
vn 0.7461 0.5793 0.3282
vn -0.5446 -0.6335 0.5496
vn -0.8933 -0.3901 -0.2234
vn 0.2264 -0.3856 0.8945
vn -0.0437 -0.9941 0.0996
vn 0.0500 -0.9987 -0.0116
vn -0.1775 0.6278 -0.7579
vn 0.4104 0.6278 0.6614
vn -0.1775 0.8886 -0.4230
vn 0.5806 0.4862 0.6531
vn 0.0334 -0.8217 0.5690
vn -0.4000 0.1484 0.9044
vn 0.5793 -0.8063 -0.1191
vn -0.8480 -0.3630 -0.3862
vn -0.4586 0.8883 -0.0244
vn 0.3609 -0.3264 -0.8736
vn 0.8949 0.0969 -0.4356
vn 0.5236 0.6148 -0.5898
vn 0.5880 0.7863 0.1896
vn 0.8487 0.4502 0.2776
vn 0.3725 -0.3179 -0.8719
vn 0.1274 0.0472 -0.9907
vn 0.8983 -0.2886 -0.3313
vn -0.6627 -0.6440 0.3822
vn -0.7884 0.5385 -0.2974
vn 0.5397 0.5047 -0.6738
vn 0.9465 -0.1679 -0.2757
vn 0.8957 0.2549 0.3643
vn 0.4385 -0.4913 -0.7526
vn 0.3070 0.8976 0.3163
vn 0.7340 0.5837 -0.3473
vn -0.3282 0.5793 0.7461
vn -0.5496 -0.6335 -0.5446
vn 0.2234 -0.3901 -0.8933
vn -0.8945 -0.3856 0.2264
vn -0.0995 -0.9941 -0.0437
vn 0.0116 -0.9987 0.0500
vn -0.6065 0.4854 -0.6297
vn 0.8741 0.4854 -0.0164
vn -0.0000 0.8766 0.4813
vn -0.0000 -0.9455 -0.3257
vn 0.0051 -0.8642 -0.5032
vn -0.7343 -0.5101 0.4478
vn -0.4104 0.5440 0.7319
vn 0.1734 0.1398 0.9749
vn -0.7329 0.6789 0.0450
vn -0.0312 0.8997 0.4354
vn 0.6469 0.2109 -0.7329
vn 0.1149 -0.8409 -0.5288
vn 0.5589 -0.8213 0.1144
vn -0.4050 -0.3916 -0.8262
vn -0.8741 0.4854 -0.0164
vn 0.6065 0.4854 -0.6297
vn 0.3811 -0.0904 0.9201
vn -0.3811 -0.0904 0.9201
vn -0.3070 0.8976 -0.3163
vn -0.7340 0.5837 0.3473
vn 0.3282 0.5793 -0.7461
vn 0.5496 -0.6335 0.5446
vn -0.2234 -0.3901 0.8933
vn 0.8945 -0.3856 -0.2264
vn 0.0995 -0.9941 0.0437
vn -0.0116 -0.9987 -0.0500
vn -0.0165 0.4854 -0.8741
vn -0.6298 0.4854 0.6064
vn 0.9201 -0.0904 0.3811
vn 0.9201 -0.0904 -0.3811
vn -0.9201 -0.0904 0.3811
vn 0.3811 -0.0904 -0.9201
vn -0.6614 0.6278 -0.4105
vn 0.7579 0.6277 0.1774
vn -0.9201 -0.0904 -0.3811
vn -0.3811 -0.0904 -0.9201
vn -0.2294 -0.1965 0.9533
vn -0.9822 -0.0624 -0.1773
vn -0.2988 0.2210 -0.9284
vn -0.4480 0.7916 -0.4155
vn 0.0319 -0.4841 -0.8744
vn 0.1831 0.5279 -0.8294
vn 0.8590 0.3451 0.3782
vn 0.3055 -0.2399 0.9215
vn -0.0261 0.4804 0.8766
vn 0.4435 -0.8078 0.3883
vt 0.000000 0.000000
s 1
f 1603/2/899 1604/2/900 1407/2/901 1401/2/902
f 1604/2/900 1603/2/899 1402/2/903 1408/2/904
f 1604/2/900 1605/2/905 1393/2/906 1407/2/901
f 1605/2/905 1604/2/900 1408/2/904 1394/2/907
f 1605/2/905 1606/2/908 1385/2/909 1393/2/906
f 1606/2/908 1605/2/905 1394/2/907 1386/2/910
f 1606/2/908 1603/2/899 1401/2/902 1385/2/909
f 1603/2/899 1606/2/908 1386/2/910 1402/2/903
f 1607/2/911 1608/2/912 923/2/913 927/2/914
f 1608/2/912 1607/2/911 928/2/915 924/2/916
f 1608/2/912 1609/2/917 929/2/918 923/2/913
f 1609/2/917 1608/2/912 924/2/916 930/2/919
f 1609/2/917 1607/2/911 927/2/914 929/2/918
f 1607/2/911 1609/2/917 930/2/919 928/2/915
f 1610/2/920 1611/2/921 931/2/922 923/2/913
f 1611/2/921 1610/2/920 924/2/916 932/2/923
f 1611/2/921 1612/2/924 929/2/918 931/2/922
f 1612/2/924 1611/2/921 932/2/923 930/2/919
f 1612/2/924 1610/2/920 923/2/913 929/2/918
f 1610/2/920 1612/2/924 930/2/919 924/2/916
f 1613/2/925 1614/2/926 1017/2/927 1013/2/928
f 1614/2/926 1613/2/925 1014/2/929 1018/2/930
f 1614/2/926 1615/2/931 959/2/932 1017/2/927
f 1615/2/931 1614/2/926 1018/2/930 960/2/933
f 1615/2/931 1616/2/934 993/2/935 959/2/932
f 1616/2/934 1615/2/931 960/2/933 994/2/936
f 1616/2/934 1613/2/925 1013/2/928 993/2/935
f 1613/2/925 1616/2/934 994/2/936 1014/2/929
f 1617/2/937 1618/2/938 1411/2/939 1595/2/940
f 1618/2/938 1617/2/937 1596/2/941 1412/2/942
f 1618/2/938 1619/2/943 1399/2/944 1411/2/939
f 1619/2/943 1618/2/938 1412/2/942 1400/2/945
f 1619/2/943 1620/2/946 1601/2/947 1399/2/944
f 1620/2/946 1619/2/943 1400/2/945 1602/2/948
f 1620/2/946 1617/2/937 1595/2/940 1601/2/947
f 1617/2/937 1620/2/946 1602/2/948 1596/2/941
f 1621/2/949 1622/2/950 1545/2/951 1413/2/952
f 1622/2/950 1621/2/949 1414/2/953 1546/2/954
f 1622/2/950 1623/2/955 1415/2/956 1545/2/951
f 1623/2/955 1622/2/950 1546/2/954 1416/2/957
f 1623/2/955 1624/2/958 1401/2/902 1415/2/956
f 1624/2/958 1623/2/955 1416/2/957 1402/2/903
f 1624/2/958 1621/2/949 1413/2/952 1401/2/902
f 1621/2/949 1624/2/958 1402/2/903 1414/2/953
f 1625/2/959 1626/2/960 943/2/961 947/2/962
f 1626/2/960 1625/2/959 948/2/963 944/2/964
f 1626/2/960 1627/2/965 939/2/966 943/2/961
f 1627/2/965 1626/2/960 944/2/964 940/2/967
f 1627/2/965 1628/2/968 935/2/969 939/2/966
f 1628/2/968 1627/2/965 940/2/967 936/2/970
f 1628/2/968 1629/2/971 949/2/972 935/2/969
f 1629/2/971 1628/2/968 936/2/970 950/2/973
f 1629/2/971 1630/2/974 957/2/975 949/2/972
f 1630/2/974 1629/2/971 950/2/973 958/2/976
f 1630/2/974 1631/2/977 953/2/978 957/2/975
f 1631/2/977 1630/2/974 958/2/976 954/2/979
f 1631/2/977 1625/2/959 947/2/962 953/2/978
f 1625/2/959 1631/2/977 954/2/979 948/2/963
f 1632/2/980 1633/2/981 1191/2/982 1187/2/983
f 1633/2/981 1632/2/980 1188/2/984 1192/2/985
f 1633/2/981 1634/2/986 1189/2/987 1191/2/982
f 1634/2/986 1633/2/981 1192/2/985 1190/2/988
f 1634/2/986 1635/2/989 1179/2/990 1189/2/987
f 1635/2/989 1634/2/986 1190/2/988 1180/2/991
f 1635/2/989 1632/2/980 1187/2/983 1179/2/990
f 1632/2/980 1635/2/989 1180/2/991 1188/2/984
f 1636/2/992 1637/2/993 951/2/994 945/2/995
f 1637/2/993 1636/2/992 946/2/996 952/2/997
f 1637/2/993 1638/2/998 955/2/999 951/2/994
f 1638/2/998 1637/2/993 952/2/997 956/2/1000
f 1638/2/998 1639/2/1001 949/2/972 955/2/999
f 1639/2/1001 1638/2/998 956/2/1000 950/2/973
f 1639/2/1001 1640/2/1002 935/2/969 949/2/972
f 1640/2/1002 1639/2/1001 950/2/973 936/2/970
f 1640/2/1002 1641/2/1003 937/2/1004 935/2/969
f 1641/2/1003 1640/2/1002 936/2/970 938/2/1005
f 1641/2/1003 1642/2/1006 941/2/1007 937/2/1004
f 1642/2/1006 1641/2/1003 938/2/1005 942/2/1008
f 1642/2/1006 1636/2/992 945/2/995 941/2/1007
f 1636/2/992 1642/2/1006 942/2/1008 946/2/996
f 1643/2/1009 1644/2/1010 1017/2/927 959/2/932
f 1644/2/1010 1643/2/1009 960/2/933 1018/2/930
f 1644/2/1010 1645/2/1011 1023/2/1012 1017/2/927
f 1645/2/1011 1644/2/1010 1018/2/930 1024/2/1013
f 1645/2/1011 1646/2/1014 957/2/975 1023/2/1012
f 1646/2/1014 1645/2/1011 1024/2/1013 958/2/976
f 1646/2/1014 1647/2/1015 949/2/972 957/2/975
f 1647/2/1015 1646/2/1014 958/2/976 950/2/973
f 1647/2/1015 1643/2/1009 959/2/932 949/2/972
f 1643/2/1009 1647/2/1015 950/2/973 960/2/933
f 1648/2/1016 1649/2/1017 963/2/1018 961/2/1019
f 1649/2/1017 1648/2/1016 962/2/1020 964/2/1021
f 1649/2/1017 1650/2/1022 965/2/1023 963/2/1018
f 1650/2/1022 1649/2/1017 964/2/1021 966/2/1024
f 1650/2/1022 1648/2/1016 961/2/1019 965/2/1023
f 1648/2/1016 1650/2/1022 966/2/1024 962/2/1020
f 1651/2/1025 1652/2/1026 963/2/1018 965/2/1023
f 1652/2/1026 1651/2/1025 966/2/1024 964/2/1021
f 1652/2/1026 1653/2/1027 967/2/1028 963/2/1018
f 1653/2/1027 1652/2/1026 964/2/1021 968/2/1029
f 1653/2/1027 1651/2/1025 965/2/1023 967/2/1028
f 1651/2/1025 1653/2/1027 968/2/1029 966/2/1024
f 1654/2/1030 1655/2/1031 1589/2/1032 1405/2/1033
f 1655/2/1031 1654/2/1030 1406/2/1034 1590/2/1035
f 1655/2/1031 1656/2/1036 1599/2/1037 1589/2/1032
f 1656/2/1036 1655/2/1031 1590/2/1035 1600/2/1038
f 1656/2/1036 1657/2/1039 1395/2/1040 1599/2/1037
f 1657/2/1039 1656/2/1036 1600/2/1038 1396/2/1041
f 1657/2/1039 1654/2/1030 1405/2/1033 1395/2/1040
f 1654/2/1030 1657/2/1039 1396/2/1041 1406/2/1034
f 1658/2/1042 1659/2/1043 975/2/1044 963/2/1018
f 1659/2/1043 1658/2/1042 964/2/1021 976/2/1045
f 1659/2/1043 1660/2/1046 967/2/1028 975/2/1044
f 1660/2/1046 1659/2/1043 976/2/1045 968/2/1029
f 1660/2/1046 1658/2/1042 963/2/1018 967/2/1028
f 1658/2/1042 1660/2/1046 968/2/1029 964/2/1021
f 1661/2/1047 1662/2/1048 963/2/1018 977/2/1049
f 1662/2/1048 1661/2/1047 978/2/1050 964/2/1021
f 1662/2/1048 1663/2/1051 961/2/1019 963/2/1018
f 1663/2/1051 1662/2/1048 964/2/1021 962/2/1020
f 1663/2/1051 1661/2/1047 977/2/1049 961/2/1019
f 1661/2/1047 1663/2/1051 962/2/1020 978/2/1050
f 1664/2/1052 1665/2/1053 979/2/1054 963/2/1018
f 1665/2/1053 1664/2/1052 964/2/1021 980/2/1055
f 1665/2/1053 1666/2/1056 975/2/1044 979/2/1054
f 1666/2/1056 1665/2/1053 980/2/1055 976/2/1045
f 1666/2/1056 1664/2/1052 963/2/1018 975/2/1044
f 1664/2/1052 1666/2/1056 976/2/1045 964/2/1021
f 1667/2/1057 1668/2/1058 981/2/1059 977/2/1049
f 1668/2/1058 1667/2/1057 978/2/1050 982/2/1060
f 1668/2/1058 1669/2/1061 963/2/1018 981/2/1059
f 1669/2/1061 1668/2/1058 982/2/1060 964/2/1021
f 1669/2/1061 1667/2/1057 977/2/1049 963/2/1018
f 1667/2/1057 1669/2/1061 964/2/1021 978/2/1050
f 1670/2/1062 1671/2/1063 979/2/1054 983/2/1064
f 1671/2/1063 1670/2/1062 984/2/1065 980/2/1055
f 1671/2/1063 1672/2/1066 963/2/1018 979/2/1054
f 1672/2/1066 1671/2/1063 980/2/1055 964/2/1021
f 1672/2/1066 1670/2/1062 983/2/1064 963/2/1018
f 1670/2/1062 1672/2/1066 964/2/1021 984/2/1065
f 1673/2/1067 1674/2/1068 983/2/1064 981/2/1059
f 1674/2/1068 1673/2/1067 982/2/1060 984/2/1065
f 1674/2/1068 1675/2/1069 963/2/1018 983/2/1064
f 1675/2/1069 1674/2/1068 984/2/1065 964/2/1021
f 1675/2/1069 1673/2/1067 981/2/1059 963/2/1018
f 1673/2/1067 1675/2/1069 964/2/1021 982/2/1060
f 1676/2/1070 1677/2/1071 1397/2/1072 1391/2/1073
f 1677/2/1071 1676/2/1070 1392/2/1074 1398/2/1075
f 1677/2/1071 1678/2/1076 1385/2/909 1397/2/1072
f 1678/2/1076 1677/2/1071 1398/2/1075 1386/2/910
f 1678/2/1076 1679/2/1077 1389/2/1078 1385/2/909
f 1679/2/1077 1678/2/1076 1386/2/910 1390/2/1079
f 1679/2/1077 1676/2/1070 1391/2/1073 1389/2/1078
f 1676/2/1070 1679/2/1077 1390/2/1079 1392/2/1074
f 1680/2/1080 1681/2/1081 1001/2/953 995/2/903
f 1681/2/1081 1680/2/1080 996/2/902 1002/2/952
f 1681/2/1081 1682/2/1082 989/2/1083 1001/2/953
f 1682/2/1082 1681/2/1081 1002/2/952 990/2/1084
f 1682/2/1082 1683/2/1085 991/2/1086 989/2/1083
f 1683/2/1085 1682/2/1082 990/2/1084 992/2/1087
f 1683/2/1085 1680/2/1080 995/2/903 991/2/1086
f 1680/2/1080 1683/2/1085 992/2/1087 996/2/902
f 1684/2/1088 1685/2/1089 1415/2/956 1495/2/1090
f 1685/2/1089 1684/2/1088 1496/2/1091 1416/2/957
f 1685/2/1089 1686/2/1092 1475/2/1093 1415/2/956
f 1686/2/1092 1685/2/1089 1416/2/957 1476/2/1094
f 1686/2/1092 1687/2/1095 1487/2/1096 1475/2/1093
f 1687/2/1095 1686/2/1092 1476/2/1094 1488/2/1097
f 1687/2/1095 1688/2/1098 1497/2/1099 1487/2/1096
f 1688/2/1098 1687/2/1095 1488/2/1097 1498/2/1100
f 1688/2/1098 1684/2/1088 1495/2/1090 1497/2/1099
f 1684/2/1088 1688/2/1098 1498/2/1100 1496/2/1091
f 1689/2/1101 1690/2/1102 1567/2/1103 1565/2/1104
f 1690/2/1102 1689/2/1101 1566/2/1105 1568/2/1106
f 1690/2/1102 1691/2/1107 1563/2/1108 1567/2/1103
f 1691/2/1107 1690/2/1102 1568/2/1106 1564/2/1109
f 1691/2/1107 1692/2/1110 1561/2/1111 1563/2/1108
f 1692/2/1110 1691/2/1107 1564/2/1109 1562/2/1112
f 1692/2/1110 1689/2/1101 1565/2/1104 1561/2/1111
f 1689/2/1101 1692/2/1110 1562/2/1112 1566/2/1105
f 1693/2/1113 1694/2/1114 1207/2/1115 1209/2/1116
f 1694/2/1114 1693/2/1113 1210/2/1117 1208/2/1118
f 1694/2/1114 1695/2/1119 1201/2/1120 1207/2/1115
f 1695/2/1119 1694/2/1114 1208/2/1118 1202/2/1121
f 1695/2/1119 1696/2/1122 1205/2/1123 1201/2/1120
f 1696/2/1122 1695/2/1119 1202/2/1121 1206/2/1124
f 1696/2/1122 1697/2/1125 1211/2/1126 1205/2/1123
f 1697/2/1125 1696/2/1122 1206/2/1124 1212/2/1127
f 1697/2/1125 1693/2/1113 1209/2/1116 1211/2/1126
f 1693/2/1113 1697/2/1125 1212/2/1127 1210/2/1117
f 1698/2/1128 1699/2/1129 1019/2/1130 1009/2/933
f 1699/2/1129 1698/2/1128 1010/2/932 1020/2/1131
f 1699/2/1129 1700/2/1132 1003/2/1133 1019/2/1130
f 1700/2/1132 1699/2/1129 1020/2/1131 1004/2/1134
f 1700/2/1132 1701/2/1135 999/2/1136 1003/2/1133
f 1701/2/1135 1700/2/1132 1004/2/1134 1000/2/1137
f 1701/2/1135 1698/2/1128 1009/2/933 999/2/1136
f 1698/2/1128 1701/2/1135 1000/2/1137 1010/2/932
f 1702/2/1138 1703/2/1139 1319/2/1140 1325/2/1141
f 1703/2/1139 1702/2/1138 1326/2/1142 1320/2/1143
f 1703/2/1139 1704/2/1144 1321/2/1145 1319/2/1140
f 1704/2/1144 1703/2/1139 1320/2/1143 1322/2/1146
f 1704/2/1144 1705/2/1147 1317/2/1148 1321/2/1145
f 1705/2/1147 1704/2/1144 1322/2/1146 1318/2/1149
f 1705/2/1147 1706/2/1150 1329/2/1151 1317/2/1148
f 1706/2/1150 1705/2/1147 1318/2/1149 1330/2/1152
f 1706/2/1150 1707/2/1153 1333/2/1154 1329/2/1151
f 1707/2/1153 1706/2/1150 1330/2/1152 1334/2/1155
f 1707/2/1153 1702/2/1138 1325/2/1141 1333/2/1154
f 1702/2/1138 1707/2/1153 1334/2/1155 1326/2/1142
f 1708/2/1156 1709/2/1157 1013/2/928 1011/2/1158
f 1709/2/1157 1708/2/1156 1012/2/1159 1014/2/929
f 1709/2/1157 1710/2/1160 969/2/1161 1013/2/928
f 1710/2/1160 1709/2/1157 1014/2/929 970/2/1162
f 1710/2/1160 1711/2/1163 971/2/1164 969/2/1161
f 1711/2/1163 1710/2/1160 970/2/1162 972/2/1165
f 1711/2/1163 1708/2/1156 1011/2/1158 971/2/1164
f 1708/2/1156 1711/2/1163 972/2/1165 1012/2/1159
f 1712/2/1166 1713/2/1167 1353/2/1168 1347/2/1169
f 1713/2/1167 1712/2/1166 1348/2/1170 1354/2/1171
f 1713/2/1167 1714/2/1172 1349/2/1173 1353/2/1168
f 1714/2/1172 1713/2/1167 1354/2/1171 1350/2/1174
f 1714/2/1172 1715/2/1175 1345/2/1176 1349/2/1173
f 1715/2/1175 1714/2/1172 1350/2/1174 1346/2/1177
f 1715/2/1175 1712/2/1166 1347/2/1169 1345/2/1176
f 1712/2/1166 1715/2/1175 1346/2/1177 1348/2/1170
f 1716/2/1178 1717/2/1179 1413/2/952 1409/2/1137
f 1717/2/1179 1716/2/1178 1410/2/1136 1414/2/953
f 1717/2/1179 1718/2/1180 1397/2/1072 1413/2/952
f 1718/2/1180 1717/2/1179 1414/2/953 1398/2/1075
f 1718/2/1180 1719/2/1181 1399/2/944 1397/2/1072
f 1719/2/1181 1718/2/1180 1398/2/1075 1400/2/945
f 1719/2/1181 1716/2/1178 1409/2/1137 1399/2/944
f 1716/2/1178 1719/2/1181 1400/2/945 1410/2/1136
f 1720/2/1182 1721/2/1183 1393/2/906 1385/2/909
f 1721/2/1183 1720/2/1182 1386/2/910 1394/2/907
f 1721/2/1183 1722/2/1184 1387/2/1185 1393/2/906
f 1722/2/1184 1721/2/1183 1394/2/907 1388/2/1186
f 1722/2/1184 1723/2/1187 1389/2/1078 1387/2/1185
f 1723/2/1187 1722/2/1184 1388/2/1186 1390/2/1079
f 1723/2/1187 1720/2/1182 1385/2/909 1389/2/1078
f 1720/2/1182 1723/2/1187 1390/2/1079 1386/2/910
f 1724/2/1188 1725/2/1189 1031/2/1190 1025/2/1191
f 1725/2/1189 1724/2/1188 1026/2/1192 1032/2/1193
f 1725/2/1189 1726/2/1194 1015/2/956 1031/2/1190
f 1726/2/1194 1725/2/1189 1032/2/1193 1016/2/957
f 1726/2/1194 1727/2/1195 1019/2/1130 1015/2/956
f 1727/2/1195 1726/2/1194 1016/2/957 1020/2/1131
f 1727/2/1195 1728/2/1196 1027/2/1197 1019/2/1130
f 1728/2/1196 1727/2/1195 1020/2/1131 1028/2/1198
f 1728/2/1196 1724/2/1188 1025/2/1191 1027/2/1197
f 1724/2/1188 1728/2/1196 1028/2/1198 1026/2/1192
f 1729/2/1199 1730/2/1200 1155/2/1201 1143/2/1202
f 1730/2/1200 1729/2/1199 1144/2/1203 1156/2/1204
f 1730/2/1200 1731/2/1205 1147/2/1206 1155/2/1201
f 1731/2/1205 1730/2/1200 1156/2/1204 1148/2/1207
f 1731/2/1205 1732/2/1208 1145/2/1209 1147/2/1206
f 1732/2/1208 1731/2/1205 1148/2/1207 1146/2/1210
f 1732/2/1208 1729/2/1199 1143/2/1202 1145/2/1209
f 1729/2/1199 1732/2/1208 1146/2/1210 1144/2/1203
f 1733/2/1211 1734/2/1212 1167/2/1213 1161/2/1214
f 1734/2/1212 1733/2/1211 1162/2/1215 1168/2/1216
f 1734/2/1212 1735/2/1217 1169/2/1218 1167/2/1213
f 1735/2/1217 1734/2/1212 1168/2/1216 1170/2/1219
f 1735/2/1217 1736/2/1220 1165/2/1221 1169/2/1218
f 1736/2/1220 1735/2/1217 1170/2/1219 1166/2/1222
f 1736/2/1220 1737/2/1223 1163/2/1224 1165/2/1221
f 1737/2/1223 1736/2/1220 1166/2/1222 1164/2/1225
f 1737/2/1223 1738/2/1226 1157/2/1227 1163/2/1224
f 1738/2/1226 1737/2/1223 1164/2/1225 1158/2/1228
f 1738/2/1226 1733/2/1211 1161/2/1214 1157/2/1227
f 1733/2/1211 1738/2/1226 1158/2/1228 1162/2/1215
f 1739/2/1229 1740/2/1230 991/2/1086 985/2/1231
f 1740/2/1230 1739/2/1229 986/2/1232 992/2/1087
f 1740/2/1230 1741/2/1187 983/2/1064 991/2/1086
f 1741/2/1187 1740/2/1230 992/2/1087 984/2/1065
f 1741/2/1187 1742/2/1184 981/2/1059 983/2/1064
f 1742/2/1184 1741/2/1187 984/2/1065 982/2/1060
f 1742/2/1184 1739/2/1229 985/2/1231 981/2/1059
f 1739/2/1229 1742/2/1184 982/2/1060 986/2/1232
f 1743/2/1233 1744/2/1234 1171/2/1235 1173/2/1236
f 1744/2/1234 1743/2/1233 1174/2/1237 1172/2/1238
f 1744/2/1234 1745/2/1239 1165/2/1221 1171/2/1235
f 1745/2/1239 1744/2/1234 1172/2/1238 1166/2/1222
f 1745/2/1239 1746/2/1240 1169/2/1218 1165/2/1221
f 1746/2/1240 1745/2/1239 1166/2/1222 1170/2/1219
f 1746/2/1240 1747/2/1241 1175/2/1242 1169/2/1218
f 1747/2/1241 1746/2/1240 1170/2/1219 1176/2/1243
f 1747/2/1241 1743/2/1233 1173/2/1236 1175/2/1242
f 1743/2/1233 1747/2/1241 1176/2/1243 1174/2/1237
f 1748/2/1244 1749/2/1245 1031/2/1190 1041/2/1246
f 1749/2/1245 1748/2/1244 1042/2/1247 1032/2/1193
f 1749/2/1245 1750/2/1248 1025/2/1191 1031/2/1190
f 1750/2/1248 1749/2/1245 1032/2/1193 1026/2/1192
f 1750/2/1248 1751/2/1249 1033/2/1250 1025/2/1191
f 1751/2/1249 1750/2/1248 1026/2/1192 1034/2/1251
f 1751/2/1249 1752/2/1252 1037/2/1253 1033/2/1250
f 1752/2/1252 1751/2/1249 1034/2/1251 1038/2/1254
f 1752/2/1252 1753/2/1255 1043/2/1256 1037/2/1253
f 1753/2/1255 1752/2/1252 1038/2/1254 1044/2/1257
f 1753/2/1255 1754/2/1258 1047/2/1259 1043/2/1256
f 1754/2/1258 1753/2/1255 1044/2/1257 1048/2/1260
f 1754/2/1258 1748/2/1244 1041/2/1246 1047/2/1259
f 1748/2/1244 1754/2/1258 1048/2/1260 1042/2/1247
f 1755/2/1261 1756/2/1262 1601/2/947 1391/2/1073
f 1756/2/1262 1755/2/1261 1392/2/1074 1602/2/948
f 1756/2/1262 1757/2/1263 1399/2/944 1601/2/947
f 1757/2/1263 1756/2/1262 1602/2/948 1400/2/945
f 1757/2/1263 1758/2/1264 1397/2/1072 1399/2/944
f 1758/2/1264 1757/2/1263 1400/2/945 1398/2/1075
f 1758/2/1264 1755/2/1261 1391/2/1073 1397/2/1072
f 1755/2/1261 1758/2/1264 1398/2/1075 1392/2/1074
f 1759/2/1265 1760/2/1266 1429/2/1131 1427/2/957
f 1760/2/1266 1759/2/1265 1428/2/956 1430/2/1267
f 1760/2/1266 1761/2/1268 1419/2/1134 1429/2/1131
f 1761/2/1268 1760/2/1266 1430/2/1267 1420/2/1133
f 1761/2/1268 1762/2/1269 1421/2/1159 1419/2/1134
f 1762/2/1269 1761/2/1268 1420/2/1133 1422/2/1158
f 1762/2/1269 1759/2/1265 1427/2/957 1421/2/1159
f 1759/2/1265 1762/2/1269 1422/2/1158 1428/2/956
f 1763/2/1270 1764/2/1271 1215/2/1272 1223/2/1273
f 1764/2/1271 1763/2/1270 1224/2/1274 1216/2/1275
f 1764/2/1271 1765/2/1276 1227/2/1277 1215/2/1272
f 1765/2/1276 1764/2/1271 1216/2/1275 1228/2/1278
f 1765/2/1276 1766/2/1279 1237/2/1280 1227/2/1277
f 1766/2/1279 1765/2/1276 1228/2/1278 1238/2/1281
f 1766/2/1279 1767/2/1282 1241/2/1283 1237/2/1280
f 1767/2/1282 1766/2/1279 1238/2/1281 1242/2/1284
f 1767/2/1282 1768/2/1285 1239/2/1286 1241/2/1283
f 1768/2/1285 1767/2/1282 1242/2/1284 1240/2/1287
f 1768/2/1285 1763/2/1270 1223/2/1273 1239/2/1286
f 1763/2/1270 1768/2/1285 1240/2/1287 1224/2/1274
f 1769/2/1288 1770/2/1289 1005/2/904 993/2/935
f 1770/2/1289 1769/2/1288 994/2/936 1006/2/901
f 1770/2/1289 1771/2/1290 985/2/1231 1005/2/904
f 1771/2/1290 1770/2/1289 1006/2/901 986/2/1232
f 1771/2/1290 1772/2/1291 987/2/1292 985/2/1231
f 1772/2/1291 1771/2/1290 986/2/1232 988/2/1293
f 1772/2/1291 1769/2/1288 993/2/935 987/2/1292
f 1769/2/1288 1772/2/1291 988/2/1293 994/2/936
f 1773/2/1294 1774/2/1295 1051/2/1296 1061/2/1297
f 1774/2/1295 1773/2/1294 1062/2/1298 1052/2/1299
f 1774/2/1295 1775/2/1300 1057/2/1301 1051/2/1296
f 1775/2/1300 1774/2/1295 1052/2/1299 1058/2/1302
f 1775/2/1300 1773/2/1294 1061/2/1297 1057/2/1301
f 1773/2/1294 1775/2/1300 1058/2/1302 1062/2/1298
f 1776/2/1303 1777/2/1304 1051/2/1296 1059/2/1305
f 1777/2/1304 1776/2/1303 1060/2/1306 1052/2/1299
f 1777/2/1304 1778/2/1307 1061/2/1297 1051/2/1296
f 1778/2/1307 1777/2/1304 1052/2/1299 1062/2/1298
f 1778/2/1307 1776/2/1303 1059/2/1305 1061/2/1297
f 1776/2/1303 1778/2/1307 1062/2/1298 1060/2/1306
f 1779/2/1308 1780/2/1309 993/2/935 1013/2/928
f 1780/2/1309 1779/2/1308 1014/2/929 994/2/936
f 1780/2/1309 1781/2/1310 987/2/1292 993/2/935
f 1781/2/1310 1780/2/1309 994/2/936 988/2/1293
f 1781/2/1310 1782/2/1311 969/2/1161 987/2/1292
f 1782/2/1311 1781/2/1310 988/2/1293 970/2/1162
f 1782/2/1311 1779/2/1308 1013/2/928 969/2/1161
f 1779/2/1308 1782/2/1311 970/2/1162 1014/2/929
f 1783/2/905 1784/2/1312 1005/2/904 985/2/1231
f 1784/2/1312 1783/2/905 986/2/1232 1006/2/901
f 1784/2/1312 1785/2/1313 995/2/903 1005/2/904
f 1785/2/1313 1784/2/1312 1006/2/901 996/2/902
f 1785/2/1313 1786/2/908 991/2/1086 995/2/903
f 1786/2/908 1785/2/1313 996/2/902 992/2/1087
f 1786/2/908 1783/2/905 985/2/1231 991/2/1086
f 1783/2/905 1786/2/908 992/2/1087 986/2/1232
f 1787/2/1314 1788/2/1315 1075/2/1316 1077/2/1317
f 1788/2/1315 1787/2/1314 1078/2/1318 1076/2/1319
f 1788/2/1315 1789/2/1320 1071/2/1321 1075/2/1316
f 1789/2/1320 1788/2/1315 1076/2/1319 1072/2/1322
f 1789/2/1320 1787/2/1314 1077/2/1317 1071/2/1321
f 1787/2/1314 1789/2/1320 1072/2/1322 1078/2/1318
f 1790/2/1323 1791/2/1324 1071/2/1321 1077/2/1317
f 1791/2/1324 1790/2/1323 1078/2/1318 1072/2/1322
f 1791/2/1324 1792/2/1325 1079/2/1326 1071/2/1321
f 1792/2/1325 1791/2/1324 1072/2/1322 1080/2/1327
f 1792/2/1325 1790/2/1323 1077/2/1317 1079/2/1326
f 1790/2/1323 1792/2/1325 1080/2/1327 1078/2/1318
f 1793/2/1328 1794/2/1329 1311/2/1330 1313/2/1331
f 1794/2/1329 1793/2/1328 1314/2/1332 1312/2/1333
f 1794/2/1329 1795/2/1334 1305/2/1335 1311/2/1330
f 1795/2/1334 1794/2/1329 1312/2/1333 1306/2/1336
f 1795/2/1334 1796/2/1337 1309/2/1338 1305/2/1335
f 1796/2/1337 1795/2/1334 1306/2/1336 1310/2/1339
f 1796/2/1337 1797/2/1340 1315/2/1341 1309/2/1338
f 1797/2/1340 1796/2/1337 1310/2/1339 1316/2/1342
f 1797/2/1340 1793/2/1328 1313/2/1331 1315/2/1341
f 1793/2/1328 1797/2/1340 1316/2/1342 1314/2/1332
f 1798/2/1343 1799/2/1344 1085/2/1345 1087/2/1346
f 1799/2/1344 1798/2/1343 1088/2/1347 1086/2/1348
f 1799/2/1344 1800/2/1349 1083/2/1350 1085/2/1345
f 1800/2/1349 1799/2/1344 1086/2/1348 1084/2/1351
f 1800/2/1349 1801/2/1352 1063/2/1353 1083/2/1350
f 1801/2/1352 1800/2/1349 1084/2/1351 1064/2/1354
f 1801/2/1352 1802/2/1355 1089/2/1356 1063/2/1353
f 1802/2/1355 1801/2/1352 1064/2/1354 1090/2/1357
f 1802/2/1355 1803/2/1358 1095/2/1359 1089/2/1356
f 1803/2/1358 1802/2/1355 1090/2/1357 1096/2/1360
f 1803/2/1358 1804/2/1361 1091/2/1362 1095/2/1359
f 1804/2/1361 1803/2/1358 1096/2/1360 1092/2/1363
f 1804/2/1361 1798/2/1343 1087/2/1346 1091/2/1362
f 1798/2/1343 1804/2/1361 1092/2/1363 1088/2/1347
f 1805/2/1364 1806/2/1365 1547/2/1366 1477/2/1367
f 1806/2/1365 1805/2/1364 1478/2/1368 1548/2/1369
f 1806/2/1365 1807/2/1370 1557/2/1371 1547/2/1366
f 1807/2/1370 1806/2/1365 1548/2/1369 1558/2/1372
f 1807/2/1370 1808/2/1373 1559/2/1374 1557/2/1371
f 1808/2/1373 1807/2/1370 1558/2/1372 1560/2/1375
f 1808/2/1373 1809/2/1376 1561/2/1111 1559/2/1374
f 1809/2/1376 1808/2/1373 1560/2/1375 1562/2/1112
f 1809/2/1376 1810/2/1377 1563/2/1108 1561/2/1111
f 1810/2/1377 1809/2/1376 1562/2/1112 1564/2/1109
f 1810/2/1377 1805/2/1364 1477/2/1367 1563/2/1108
f 1805/2/1364 1810/2/1377 1564/2/1109 1478/2/1368
f 1811/2/1378 1812/2/1379 1115/2/1380 1005/2/904
f 1812/2/1379 1811/2/1378 1006/2/901 1116/2/1090
f 1812/2/1379 1813/2/1381 1007/2/957 1115/2/1380
f 1813/2/1381 1812/2/1379 1116/2/1090 1008/2/956
f 1813/2/1381 1814/2/1382 995/2/903 1007/2/957
f 1814/2/1382 1813/2/1381 1008/2/956 996/2/902
f 1814/2/1382 1811/2/1378 1005/2/904 995/2/903
f 1811/2/1378 1814/2/1382 996/2/902 1006/2/901
f 1815/2/1383 1816/2/1384 973/2/1385 997/2/1386
f 1816/2/1384 1815/2/1383 998/2/1387 974/2/1388
f 1816/2/1384 1817/2/937 967/2/1028 973/2/1385
f 1817/2/937 1816/2/1384 974/2/1388 968/2/1029
f 1817/2/937 1818/2/946 975/2/1044 967/2/1028
f 1818/2/946 1817/2/937 968/2/1029 976/2/1045
f 1818/2/946 1815/2/1383 997/2/1386 975/2/1044
f 1815/2/1383 1818/2/946 976/2/1045 998/2/1387
f 1819/2/1389 1820/2/1390 1103/2/1391 1007/2/957
f 1820/2/1390 1819/2/1389 1008/2/956 1104/2/1392
f 1820/2/1390 1821/2/1393 1101/2/1394 1103/2/1391
f 1821/2/1393 1820/2/1390 1104/2/1392 1102/2/1395
f 1821/2/1393 1822/2/1396 1099/2/1397 1101/2/1394
f 1822/2/1396 1821/2/1393 1102/2/1395 1100/2/1398
f 1822/2/1396 1823/2/1399 1097/2/1400 1099/2/1397
f 1823/2/1399 1822/2/1396 1100/2/1398 1098/2/1401
f 1823/2/1399 1819/2/1389 1007/2/957 1097/2/1400
f 1819/2/1389 1823/2/1399 1098/2/1401 1008/2/956
f 1824/2/1402 1825/2/1403 1351/2/1404 1359/2/1405
f 1825/2/1403 1824/2/1402 1360/2/1406 1352/2/1407
f 1825/2/1403 1826/2/1408 1363/2/1409 1351/2/1404
f 1826/2/1408 1825/2/1403 1352/2/1407 1364/2/1410
f 1826/2/1408 1827/2/1411 1365/2/1412 1363/2/1409
f 1827/2/1411 1826/2/1408 1364/2/1410 1366/2/1413
f 1827/2/1411 1828/2/1414 1367/2/1415 1365/2/1412
f 1828/2/1414 1827/2/1411 1366/2/1413 1368/2/1416
f 1828/2/1414 1824/2/1402 1359/2/1405 1367/2/1415
f 1824/2/1402 1828/2/1414 1368/2/1416 1360/2/1406
f 1829/2/1417 1830/2/1418 1103/2/1391 1109/2/1419
f 1830/2/1418 1829/2/1417 1110/2/1420 1104/2/1392
f 1830/2/1418 1831/2/1089 1007/2/957 1103/2/1391
f 1831/2/1089 1830/2/1418 1104/2/1392 1008/2/956
f 1831/2/1089 1832/2/1421 1115/2/1380 1007/2/957
f 1832/2/1421 1831/2/1089 1008/2/956 1116/2/1090
f 1832/2/1421 1833/2/1422 1117/2/1423 1115/2/1380
f 1833/2/1422 1832/2/1421 1116/2/1090 1118/2/1424
f 1833/2/1422 1829/2/1417 1109/2/1419 1117/2/1423
f 1829/2/1417 1833/2/1422 1118/2/1424 1110/2/1420
f 1834/2/1425 1835/2/1426 1015/2/956 1019/2/1130
f 1835/2/1426 1834/2/1425 1020/2/1131 1016/2/957
f 1835/2/1426 1836/2/1269 1011/2/1158 1015/2/956
f 1836/2/1269 1835/2/1426 1016/2/957 1012/2/1159
f 1836/2/1269 1837/2/1268 1003/2/1133 1011/2/1158
f 1837/2/1268 1836/2/1269 1012/2/1159 1004/2/1134
f 1837/2/1268 1834/2/1425 1019/2/1130 1003/2/1133
f 1834/2/1425 1837/2/1268 1004/2/1134 1020/2/1131
f 1838/2/1427 1839/2/1428 1103/2/1391 1119/2/1429
f 1839/2/1428 1838/2/1427 1120/2/1430 1104/2/1392
f 1839/2/1428 1840/2/1431 1109/2/1419 1103/2/1391
f 1840/2/1431 1839/2/1428 1104/2/1392 1110/2/1420
f 1840/2/1431 1841/2/1432 1111/2/1433 1109/2/1419
f 1841/2/1432 1840/2/1431 1110/2/1420 1112/2/1434
f 1841/2/1432 1842/2/1435 1113/2/1436 1111/2/1433
f 1842/2/1435 1841/2/1432 1112/2/1434 1114/2/1437
f 1842/2/1435 1843/2/1438 1121/2/1439 1113/2/1436
f 1843/2/1438 1842/2/1435 1114/2/1437 1122/2/1440
f 1843/2/1438 1844/2/1441 1125/2/1442 1121/2/1439
f 1844/2/1441 1843/2/1438 1122/2/1440 1126/2/1443
f 1844/2/1441 1838/2/1427 1119/2/1429 1125/2/1442
f 1838/2/1427 1844/2/1441 1126/2/1443 1120/2/1430
f 1845/2/1444 1846/2/1445 1327/2/1446 1323/2/1447
f 1846/2/1445 1845/2/1444 1324/2/1448 1328/2/1449
f 1846/2/1445 1847/2/1450 1321/2/1145 1327/2/1446
f 1847/2/1450 1846/2/1445 1328/2/1449 1322/2/1146
f 1847/2/1450 1848/2/1451 1319/2/1140 1321/2/1145
f 1848/2/1451 1847/2/1450 1322/2/1146 1320/2/1143
f 1848/2/1451 1845/2/1444 1323/2/1447 1319/2/1140
f 1845/2/1444 1848/2/1451 1320/2/1143 1324/2/1448
f 1849/2/1452 1850/2/1453 1017/2/927 1015/2/956
f 1850/2/1453 1849/2/1452 1016/2/957 1018/2/930
f 1850/2/1453 1851/2/1454 1013/2/928 1017/2/927
f 1851/2/1454 1850/2/1453 1018/2/930 1014/2/929
f 1851/2/1454 1852/2/1455 1011/2/1158 1013/2/928
f 1852/2/1455 1851/2/1454 1014/2/929 1012/2/1159
f 1852/2/1455 1849/2/1452 1015/2/956 1011/2/1158
f 1849/2/1452 1852/2/1455 1012/2/1159 1016/2/957
f 1853/2/1180 1854/2/1456 1001/2/953 989/2/1083
f 1854/2/1456 1853/2/1180 990/2/1084 1002/2/952
f 1854/2/1456 1855/2/1457 999/2/1136 1001/2/953
f 1855/2/1457 1854/2/1456 1002/2/952 1000/2/1137
f 1855/2/1457 1856/2/1181 997/2/1386 999/2/1136
f 1856/2/1181 1855/2/1457 1000/2/1137 998/2/1387
f 1856/2/1181 1853/2/1180 989/2/1083 997/2/1386
f 1853/2/1180 1856/2/1181 998/2/1387 990/2/1084
f 1857/2/1458 1858/2/1459 1599/2/1037 1395/2/1040
f 1858/2/1459 1857/2/1458 1396/2/1041 1600/2/1038
f 1858/2/1459 1859/2/1460 1387/2/1185 1599/2/1037
f 1859/2/1460 1858/2/1459 1600/2/1038 1388/2/1186
f 1859/2/1460 1860/2/1461 1393/2/906 1387/2/1185
f 1860/2/1461 1859/2/1460 1388/2/1186 1394/2/907
f 1860/2/1461 1857/2/1458 1395/2/1040 1393/2/906
f 1857/2/1458 1860/2/1461 1394/2/907 1396/2/1041
f 1861/2/1462 1862/2/1463 1597/2/1464 1411/2/939
f 1862/2/1463 1861/2/1462 1412/2/942 1598/2/1465
f 1862/2/1463 1863/2/1466 1421/2/1159 1597/2/1464
f 1863/2/1466 1862/2/1463 1598/2/1465 1422/2/1158
f 1863/2/1466 1864/2/1467 1419/2/1134 1421/2/1159
f 1864/2/1467 1863/2/1466 1422/2/1158 1420/2/1133
f 1864/2/1467 1861/2/1462 1411/2/939 1419/2/1134
f 1861/2/1462 1864/2/1467 1420/2/1133 1412/2/942
f 1865/2/1468 1866/2/1469 1135/2/1470 1129/2/1471
f 1866/2/1469 1865/2/1468 1130/2/1472 1136/2/1473
f 1866/2/1469 1867/2/1474 1139/2/1475 1135/2/1470
f 1867/2/1474 1866/2/1469 1136/2/1473 1140/2/1476
f 1867/2/1474 1865/2/1468 1129/2/1471 1139/2/1475
f 1865/2/1468 1867/2/1474 1140/2/1476 1130/2/1472
f 1868/2/1477 1869/2/1478 1139/2/1475 1129/2/1471
f 1869/2/1478 1868/2/1477 1130/2/1472 1140/2/1476
f 1869/2/1478 1870/2/1479 1137/2/1480 1139/2/1475
f 1870/2/1479 1869/2/1478 1140/2/1476 1138/2/1481
f 1870/2/1479 1868/2/1477 1129/2/1471 1137/2/1480
f 1868/2/1477 1870/2/1479 1138/2/1481 1130/2/1472
f 1871/2/1082 1872/2/1482 1413/2/952 1397/2/1072
f 1872/2/1482 1871/2/1082 1398/2/1075 1414/2/953
f 1872/2/1482 1873/2/1483 1401/2/902 1413/2/952
f 1873/2/1483 1872/2/1482 1414/2/953 1402/2/903
f 1873/2/1483 1874/2/1085 1385/2/909 1401/2/902
f 1874/2/1085 1873/2/1483 1402/2/903 1386/2/910
f 1874/2/1085 1871/2/1082 1397/2/1072 1385/2/909
f 1871/2/1082 1874/2/1085 1386/2/910 1398/2/1075
f 1875/2/1484 1876/2/1485 1153/2/1486 1149/2/1487
f 1876/2/1485 1875/2/1484 1150/2/1488 1154/2/1489
f 1876/2/1485 1877/2/1490 1151/2/1491 1153/2/1486
f 1877/2/1490 1876/2/1485 1154/2/1489 1152/2/1492
f 1877/2/1490 1878/2/1493 1141/2/1494 1151/2/1491
f 1878/2/1493 1877/2/1490 1152/2/1492 1142/2/1495
f 1878/2/1493 1879/2/1496 1143/2/1202 1141/2/1494
f 1879/2/1496 1878/2/1493 1142/2/1495 1144/2/1203
f 1879/2/1496 1880/2/1497 1145/2/1209 1143/2/1202
f 1880/2/1497 1879/2/1496 1144/2/1203 1146/2/1210
f 1880/2/1497 1875/2/1484 1149/2/1487 1145/2/1209
f 1875/2/1484 1880/2/1497 1146/2/1210 1150/2/1488
f 1881/2/1498 1882/2/1163 1597/2/1464 1421/2/1159
f 1882/2/1163 1881/2/1498 1422/2/1158 1598/2/1465
f 1882/2/1163 1883/2/1160 1405/2/1033 1597/2/1464
f 1883/2/1160 1882/2/1163 1598/2/1465 1406/2/1034
f 1883/2/1160 1884/2/1499 1425/2/929 1405/2/1033
f 1884/2/1499 1883/2/1160 1406/2/1034 1426/2/928
f 1884/2/1499 1881/2/1498 1421/2/1159 1425/2/929
f 1881/2/1498 1884/2/1499 1426/2/928 1422/2/1158
f 1885/2/1500 1886/2/1501 1473/2/1502 1467/2/1503
f 1886/2/1501 1885/2/1500 1468/2/1504 1474/2/1505
f 1886/2/1501 1887/2/1506 1471/2/1507 1473/2/1502
f 1887/2/1506 1886/2/1501 1474/2/1505 1472/2/1508
f 1887/2/1506 1885/2/1500 1467/2/1503 1471/2/1507
f 1885/2/1500 1887/2/1506 1472/2/1508 1468/2/1504
f 1888/2/1509 1889/2/1510 1471/2/1507 1467/2/1503
f 1889/2/1510 1888/2/1509 1468/2/1504 1472/2/1508
f 1889/2/1510 1890/2/1511 1465/2/1512 1471/2/1507
f 1890/2/1511 1889/2/1510 1472/2/1508 1466/2/1513
f 1890/2/1511 1891/2/1514 1461/2/1515 1465/2/1512
f 1891/2/1514 1890/2/1511 1466/2/1513 1462/2/1516
f 1891/2/1514 1888/2/1509 1467/2/1503 1461/2/1515
f 1888/2/1509 1891/2/1514 1462/2/1516 1468/2/1504
f 1892/2/1459 1893/2/1517 987/2/1292 977/2/1049
f 1893/2/1517 1892/2/1459 978/2/1050 988/2/1293
f 1893/2/1517 1894/2/1518 985/2/1231 987/2/1292
f 1894/2/1518 1893/2/1517 988/2/1293 986/2/1232
f 1894/2/1518 1895/2/1460 981/2/1059 985/2/1231
f 1895/2/1460 1894/2/1518 986/2/1232 982/2/1060
f 1895/2/1460 1892/2/1459 977/2/1049 981/2/1059
f 1892/2/1459 1895/2/1460 982/2/1060 978/2/1050
f 1896/2/1519 1897/2/1520 1193/2/1521 1197/2/1522
f 1897/2/1520 1896/2/1519 1198/2/1523 1194/2/1524
f 1897/2/1520 1898/2/1525 1189/2/987 1193/2/1521
f 1898/2/1525 1897/2/1520 1194/2/1524 1190/2/988
f 1898/2/1525 1899/2/1526 1191/2/982 1189/2/987
f 1899/2/1526 1898/2/1525 1190/2/988 1192/2/985
f 1899/2/1526 1900/2/1527 1195/2/1528 1191/2/982
f 1900/2/1527 1899/2/1526 1192/2/985 1196/2/1529
f 1900/2/1527 1896/2/1519 1197/2/1522 1195/2/1528
f 1896/2/1519 1900/2/1527 1196/2/1529 1198/2/1523
f 1901/2/1530 1902/2/1531 1549/2/1532 1533/2/1533
f 1902/2/1531 1901/2/1530 1534/2/1534 1550/2/1535
f 1902/2/1531 1903/2/1536 1551/2/1537 1549/2/1532
f 1903/2/1536 1902/2/1531 1550/2/1535 1552/2/1538
f 1903/2/1536 1904/2/1539 1543/2/1540 1551/2/1537
f 1904/2/1539 1903/2/1536 1552/2/1538 1544/2/1541
f 1904/2/1539 1901/2/1530 1533/2/1533 1543/2/1540
f 1901/2/1530 1904/2/1539 1544/2/1541 1534/2/1534
f 1905/2/1542 1906/2/1543 1041/2/1246 1051/2/1296
f 1906/2/1543 1905/2/1542 1052/2/1299 1042/2/1247
f 1906/2/1543 1907/2/1544 1047/2/1259 1041/2/1246
f 1907/2/1544 1906/2/1543 1042/2/1247 1048/2/1260
f 1907/2/1544 1908/2/1545 1053/2/1546 1047/2/1259
f 1908/2/1545 1907/2/1544 1048/2/1260 1054/2/1547
f 1908/2/1545 1909/2/1548 1057/2/1301 1053/2/1546
f 1909/2/1548 1908/2/1545 1054/2/1547 1058/2/1302
f 1909/2/1548 1905/2/1542 1051/2/1296 1057/2/1301
f 1905/2/1542 1909/2/1548 1058/2/1302 1052/2/1299
f 1910/2/1549 1911/2/1550 1531/2/1551 1527/2/1552
f 1911/2/1550 1910/2/1549 1528/2/1553 1532/2/1554
f 1911/2/1550 1912/2/1555 1525/2/1556 1531/2/1551
f 1912/2/1555 1911/2/1550 1532/2/1554 1526/2/1557
f 1912/2/1555 1910/2/1549 1527/2/1552 1525/2/1556
f 1910/2/1549 1912/2/1555 1526/2/1557 1528/2/1553
f 1913/2/1558 1914/2/1559 1115/2/1380 959/2/932
f 1914/2/1559 1913/2/1558 960/2/933 1116/2/1090
f 1914/2/1559 1915/2/1560 1005/2/904 1115/2/1380
f 1915/2/1560 1914/2/1559 1116/2/1090 1006/2/901
f 1915/2/1560 1916/2/1561 993/2/935 1005/2/904
f 1916/2/1561 1915/2/1560 1006/2/901 994/2/936
f 1916/2/1561 1913/2/1558 959/2/932 993/2/935
f 1913/2/1558 1916/2/1561 994/2/936 960/2/933
f 1917/2/1562 1918/2/1563 1437/2/1564 1541/2/1565
f 1918/2/1563 1917/2/1562 1542/2/1566 1438/2/1567
f 1918/2/1563 1919/2/1568 1533/2/1533 1437/2/1564
f 1919/2/1568 1918/2/1563 1438/2/1567 1534/2/1534
f 1919/2/1568 1920/2/1569 1543/2/1540 1533/2/1533
f 1920/2/1569 1919/2/1568 1534/2/1534 1544/2/1541
f 1920/2/1569 1921/2/1570 1537/2/1571 1543/2/1540
f 1921/2/1570 1920/2/1569 1544/2/1541 1538/2/1572
f 1921/2/1570 1922/2/1573 1539/2/1574 1537/2/1571
f 1922/2/1573 1921/2/1570 1538/2/1572 1540/2/1575
f 1922/2/1573 1917/2/1562 1541/2/1565 1539/2/1574
f 1917/2/1562 1922/2/1573 1540/2/1575 1542/2/1566
f 1923/2/1576 1924/2/1577 1079/2/1326 1081/2/1578
f 1924/2/1577 1923/2/1576 1082/2/1579 1080/2/1327
f 1924/2/1577 1925/2/1580 1071/2/1321 1079/2/1326
f 1925/2/1580 1924/2/1577 1080/2/1327 1072/2/1322
f 1925/2/1580 1926/2/1581 1063/2/1353 1071/2/1321
f 1926/2/1581 1925/2/1580 1072/2/1322 1064/2/1354
f 1926/2/1581 1927/2/1582 1083/2/1350 1063/2/1353
f 1927/2/1582 1926/2/1581 1064/2/1354 1084/2/1351
f 1927/2/1582 1923/2/1576 1081/2/1578 1083/2/1350
f 1923/2/1576 1927/2/1582 1084/2/1351 1082/2/1579
f 1928/2/1583 1929/2/1584 1009/2/933 1097/2/1400
f 1929/2/1584 1928/2/1583 1098/2/1401 1010/2/932
f 1929/2/1584 1930/2/1585 999/2/1136 1009/2/933
f 1930/2/1585 1929/2/1584 1010/2/932 1000/2/1137
f 1930/2/1585 1931/2/1586 1001/2/953 999/2/1136
f 1931/2/1586 1930/2/1585 1000/2/1137 1002/2/952
f 1931/2/1586 1928/2/1583 1097/2/1400 1001/2/953
f 1928/2/1583 1931/2/1586 1002/2/952 1098/2/1401
f 1932/2/1587 1933/2/1588 1097/2/1400 1007/2/957
f 1933/2/1588 1932/2/1587 1008/2/956 1098/2/1401
f 1933/2/1588 1934/2/949 1001/2/953 1097/2/1400
f 1934/2/949 1933/2/1588 1098/2/1401 1002/2/952
f 1934/2/949 1935/2/958 995/2/903 1001/2/953
f 1935/2/958 1934/2/949 1002/2/952 996/2/902
f 1935/2/958 1932/2/1587 1007/2/957 995/2/903
f 1932/2/1587 1935/2/958 996/2/902 1008/2/956
f 1936/2/1589 1937/2/1590 971/2/1164 965/2/1023
f 1937/2/1590 1936/2/1589 966/2/1024 972/2/1165
f 1937/2/1590 1938/2/1591 969/2/1161 971/2/1164
f 1938/2/1591 1937/2/1590 972/2/1165 970/2/1162
f 1938/2/1591 1939/2/1592 961/2/1019 969/2/1161
f 1939/2/1592 1938/2/1591 970/2/1162 962/2/1020
f 1939/2/1592 1936/2/1589 965/2/1023 961/2/1019
f 1936/2/1589 1939/2/1592 962/2/1020 966/2/1024
f 1940/2/1593 1941/2/1594 1261/2/1595 1269/2/1596
f 1941/2/1594 1940/2/1593 1270/2/1597 1262/2/1598
f 1941/2/1594 1942/2/1599 1257/2/1600 1261/2/1595
f 1942/2/1599 1941/2/1594 1262/2/1598 1258/2/1601
f 1942/2/1599 1943/2/1602 1265/2/1603 1257/2/1600
f 1943/2/1602 1942/2/1599 1258/2/1601 1266/2/1604
f 1943/2/1602 1944/2/1605 1273/2/1606 1265/2/1603
f 1944/2/1605 1943/2/1602 1266/2/1604 1274/2/1607
f 1944/2/1605 1940/2/1593 1269/2/1596 1273/2/1606
f 1940/2/1593 1944/2/1605 1274/2/1607 1270/2/1597
f 1945/2/1608 1946/2/1609 1287/2/1610 1295/2/1611
f 1946/2/1609 1945/2/1608 1296/2/1612 1288/2/1613
f 1946/2/1609 1947/2/1614 1281/2/1615 1287/2/1610
f 1947/2/1614 1946/2/1609 1288/2/1613 1282/2/1616
f 1947/2/1614 1948/2/1617 1283/2/1618 1281/2/1615
f 1948/2/1617 1947/2/1614 1282/2/1616 1284/2/1619
f 1948/2/1617 1949/2/1620 1291/2/1621 1283/2/1618
f 1949/2/1620 1948/2/1617 1284/2/1619 1292/2/1622
f 1949/2/1620 1945/2/1608 1295/2/1611 1291/2/1621
f 1945/2/1608 1949/2/1620 1292/2/1622 1296/2/1612
f 1950/2/1623 1951/2/1624 1375/2/1625 1369/2/1626
f 1951/2/1624 1950/2/1623 1370/2/1627 1376/2/1628
f 1951/2/1624 1952/2/1629 1377/2/1630 1375/2/1625
f 1952/2/1629 1951/2/1624 1376/2/1628 1378/2/1631
f 1952/2/1629 1953/2/1632 1373/2/1633 1377/2/1630
f 1953/2/1632 1952/2/1629 1378/2/1631 1374/2/1634
f 1953/2/1632 1954/2/1635 1371/2/1636 1373/2/1633
f 1954/2/1635 1953/2/1632 1374/2/1634 1372/2/1637
f 1954/2/1635 1955/2/1638 1357/2/1639 1371/2/1636
f 1955/2/1638 1954/2/1635 1372/2/1637 1358/2/1640
f 1955/2/1638 1950/2/1623 1369/2/1626 1357/2/1639
f 1950/2/1623 1955/2/1638 1358/2/1640 1370/2/1627
f 1956/2/1641 1957/2/1642 1283/2/1618 1279/2/1643
f 1957/2/1642 1956/2/1641 1280/2/1644 1284/2/1619
f 1957/2/1642 1958/2/1645 1281/2/1615 1283/2/1618
f 1958/2/1645 1957/2/1642 1284/2/1619 1282/2/1616
f 1958/2/1645 1959/2/1646 1275/2/1647 1281/2/1615
f 1959/2/1646 1958/2/1645 1282/2/1616 1276/2/1648
f 1959/2/1646 1956/2/1641 1279/2/1643 1275/2/1647
f 1956/2/1641 1959/2/1646 1276/2/1648 1280/2/1644
f 1960/2/1649 1961/2/1650 1099/2/1397 1097/2/1400
f 1961/2/1650 1960/2/1649 1098/2/1401 1100/2/1398
f 1961/2/1650 1962/2/1651 1095/2/1359 1099/2/1397
f 1962/2/1651 1961/2/1650 1100/2/1398 1096/2/1360
f 1962/2/1651 1963/2/1652 1089/2/1356 1095/2/1359
f 1963/2/1652 1962/2/1651 1096/2/1360 1090/2/1357
f 1963/2/1652 1964/2/1653 1009/2/933 1089/2/1356
f 1964/2/1653 1963/2/1652 1090/2/1357 1010/2/932
f 1964/2/1653 1960/2/1649 1097/2/1400 1009/2/933
f 1960/2/1649 1964/2/1653 1010/2/932 1098/2/1401
f 1965/2/1654 1966/2/1655 1535/2/1656 1533/2/1533
f 1966/2/1655 1965/2/1654 1534/2/1534 1536/2/1657
f 1966/2/1655 1967/2/1658 1553/2/1659 1535/2/1656
f 1967/2/1658 1966/2/1655 1536/2/1657 1554/2/1660
f 1967/2/1658 1968/2/1661 1549/2/1532 1553/2/1659
f 1968/2/1661 1967/2/1658 1554/2/1660 1550/2/1535
f 1968/2/1661 1965/2/1654 1533/2/1533 1549/2/1532
f 1965/2/1654 1968/2/1661 1550/2/1535 1534/2/1534
f 1969/2/1662 1970/2/1663 1327/2/1446 1335/2/1664
f 1970/2/1663 1969/2/1662 1336/2/1665 1328/2/1449
f 1970/2/1663 1971/2/1666 1323/2/1447 1327/2/1446
f 1971/2/1666 1970/2/1663 1328/2/1449 1324/2/1448
f 1971/2/1666 1972/2/1667 1331/2/1668 1323/2/1447
f 1972/2/1667 1971/2/1666 1324/2/1448 1332/2/1669
f 1972/2/1667 1973/2/1670 1339/2/1671 1331/2/1668
f 1973/2/1670 1972/2/1667 1332/2/1669 1340/2/1672
f 1973/2/1670 1969/2/1662 1335/2/1664 1339/2/1671
f 1969/2/1662 1973/2/1670 1340/2/1672 1336/2/1665
f 1974/2/1673 1975/2/1674 1271/2/1675 1259/2/1676
f 1975/2/1674 1974/2/1673 1260/2/1677 1272/2/1678
f 1975/2/1674 1976/2/1679 1279/2/1643 1271/2/1675
f 1976/2/1679 1975/2/1674 1272/2/1678 1280/2/1644
f 1976/2/1679 1977/2/1680 1275/2/1647 1279/2/1643
f 1977/2/1680 1976/2/1679 1280/2/1644 1276/2/1648
f 1977/2/1680 1978/2/1681 1267/2/1682 1275/2/1647
f 1978/2/1681 1977/2/1680 1276/2/1648 1268/2/1683
f 1978/2/1681 1979/2/1684 1263/2/1685 1267/2/1682
f 1979/2/1684 1978/2/1681 1268/2/1683 1264/2/1686
f 1979/2/1684 1974/2/1673 1259/2/1676 1263/2/1685
f 1974/2/1673 1979/2/1684 1264/2/1686 1260/2/1677
f 1980/2/1687 1981/2/1688 1567/2/1103 1571/2/1689
f 1981/2/1688 1980/2/1687 1572/2/1690 1568/2/1106
f 1981/2/1688 1982/2/1691 1565/2/1104 1567/2/1103
f 1982/2/1691 1981/2/1688 1568/2/1106 1566/2/1105
f 1982/2/1691 1983/2/1692 1569/2/1693 1565/2/1104
f 1983/2/1692 1982/2/1691 1566/2/1105 1570/2/1694
f 1983/2/1692 1984/2/1695 1573/2/1696 1569/2/1693
f 1984/2/1695 1983/2/1692 1570/2/1694 1574/2/1697
f 1984/2/1695 1980/2/1687 1571/2/1689 1573/2/1696
f 1980/2/1687 1984/2/1695 1574/2/1697 1572/2/1690
f 1985/2/1698 1986/2/1699 1119/2/1429 1129/2/1471
f 1986/2/1699 1985/2/1698 1130/2/1472 1120/2/1430
f 1986/2/1699 1987/2/1700 1125/2/1442 1119/2/1429
f 1987/2/1700 1986/2/1699 1120/2/1430 1126/2/1443
f 1987/2/1700 1988/2/1701 1131/2/1702 1125/2/1442
f 1988/2/1701 1987/2/1700 1126/2/1443 1132/2/1703
f 1988/2/1701 1989/2/1704 1135/2/1470 1131/2/1702
f 1989/2/1704 1988/2/1701 1132/2/1703 1136/2/1473
f 1989/2/1704 1985/2/1698 1129/2/1471 1135/2/1470
f 1985/2/1698 1989/2/1704 1136/2/1473 1130/2/1472
f 1990/2/1705 1991/2/1706 959/2/932 1115/2/1380
f 1991/2/1706 1990/2/1705 1116/2/1090 960/2/933
f 1991/2/1706 1992/2/1707 949/2/972 959/2/932
f 1992/2/1707 1991/2/1706 960/2/933 950/2/973
f 1992/2/1707 1993/2/1708 955/2/999 949/2/972
f 1993/2/1708 1992/2/1707 950/2/973 956/2/1000
f 1993/2/1708 1994/2/1709 1117/2/1423 955/2/999
f 1994/2/1709 1993/2/1708 956/2/1000 1118/2/1424
f 1994/2/1709 1990/2/1705 1115/2/1380 1117/2/1423
f 1990/2/1705 1994/2/1709 1118/2/1424 1116/2/1090
f 1995/2/1710 1996/2/1711 1023/2/1012 1021/2/1712
f 1996/2/1711 1995/2/1710 1022/2/1713 1024/2/1013
f 1996/2/1711 1997/2/1714 1017/2/927 1023/2/1012
f 1997/2/1714 1996/2/1711 1024/2/1013 1018/2/930
f 1997/2/1714 1998/2/1715 1015/2/956 1017/2/927
f 1998/2/1715 1997/2/1714 1018/2/930 1016/2/957
f 1998/2/1715 1999/2/1716 1031/2/1190 1015/2/956
f 1999/2/1716 1998/2/1715 1016/2/957 1032/2/1193
f 1999/2/1716 1995/2/1710 1021/2/1712 1031/2/1190
f 1995/2/1710 1999/2/1716 1032/2/1193 1022/2/1713
f 2000/2/1717 2001/2/1718 971/2/1164 973/2/1385
f 2001/2/1718 2000/2/1717 974/2/1388 972/2/1165
f 2001/2/1718 2002/2/1719 965/2/1023 971/2/1164
f 2002/2/1719 2001/2/1718 972/2/1165 966/2/1024
f 2002/2/1719 2003/2/1720 967/2/1028 965/2/1023
f 2003/2/1720 2002/2/1719 966/2/1024 968/2/1029
f 2003/2/1720 2000/2/1717 973/2/1385 967/2/1028
f 2000/2/1717 2003/2/1720 968/2/1029 974/2/1388
f 2004/2/1721 2005/2/1722 1357/2/1639 1369/2/1626
f 2005/2/1722 2004/2/1721 1370/2/1627 1358/2/1640
f 2005/2/1722 2006/2/1723 1349/2/1173 1357/2/1639
f 2006/2/1723 2005/2/1722 1358/2/1640 1350/2/1174
f 2006/2/1723 2007/2/1724 1353/2/1168 1349/2/1173
f 2007/2/1724 2006/2/1723 1350/2/1174 1354/2/1171
f 2007/2/1724 2008/2/1725 1361/2/1726 1353/2/1168
f 2008/2/1725 2007/2/1724 1354/2/1171 1362/2/1727
f 2008/2/1725 2004/2/1721 1369/2/1626 1361/2/1726
f 2004/2/1721 2008/2/1725 1362/2/1727 1370/2/1627
f 2009/2/1728 2010/2/1729 1185/2/1730 1181/2/1731
f 2010/2/1729 2009/2/1728 1182/2/1732 1186/2/1733
f 2010/2/1729 2011/2/1734 1183/2/1735 1185/2/1730
f 2011/2/1734 2010/2/1729 1186/2/1733 1184/2/1736
f 2011/2/1734 2012/2/1737 1177/2/1738 1183/2/1735
f 2012/2/1737 2011/2/1734 1184/2/1736 1178/2/1739
f 2012/2/1737 2013/2/1740 1187/2/983 1177/2/1738
f 2013/2/1740 2012/2/1737 1178/2/1739 1188/2/984
f 2013/2/1740 2014/2/1741 1179/2/990 1187/2/983
f 2014/2/1741 2013/2/1740 1188/2/984 1180/2/991
f 2014/2/1741 2009/2/1728 1181/2/1731 1179/2/990
f 2009/2/1728 2014/2/1741 1180/2/991 1182/2/1732
f 2015/2/1411 2016/2/1742 1379/2/1743 1381/2/1413
f 2016/2/1742 2015/2/1411 1382/2/1412 1380/2/1744
f 2016/2/1742 2017/2/1745 1373/2/1633 1379/2/1743
f 2017/2/1745 2016/2/1742 1380/2/1744 1374/2/1634
f 2017/2/1745 2018/2/1746 1377/2/1630 1373/2/1633
f 2018/2/1746 2017/2/1745 1374/2/1634 1378/2/1631
f 2018/2/1746 2019/2/1747 1383/2/1748 1377/2/1630
f 2019/2/1747 2018/2/1746 1378/2/1631 1384/2/1749
f 2019/2/1747 2015/2/1411 1381/2/1413 1383/2/1748
f 2015/2/1411 2019/2/1747 1384/2/1749 1382/2/1412
f 2020/2/1750 2021/2/1751 997/2/1386 989/2/1083
f 2021/2/1751 2020/2/1750 990/2/1084 998/2/1387
f 2021/2/1751 2022/2/1262 975/2/1044 997/2/1386
f 2022/2/1262 2021/2/1751 998/2/1387 976/2/1045
f 2022/2/1262 2023/2/1261 979/2/1054 975/2/1044
f 2023/2/1261 2022/2/1262 976/2/1045 980/2/1055
f 2023/2/1261 2020/2/1750 989/2/1083 979/2/1054
f 2020/2/1750 2023/2/1261 980/2/1055 990/2/1084
f 2024/2/1752 2025/2/1753 1193/2/1521 1199/2/1754
f 2025/2/1753 2024/2/1752 1200/2/1755 1194/2/1524
f 2025/2/1753 2026/2/1756 1197/2/1522 1193/2/1521
f 2026/2/1756 2025/2/1753 1194/2/1524 1198/2/1523
f 2026/2/1756 2027/2/1757 1203/2/1758 1197/2/1522
f 2027/2/1757 2026/2/1756 1198/2/1523 1204/2/1759
f 2027/2/1757 2028/2/1760 1205/2/1123 1203/2/1758
f 2028/2/1760 2027/2/1757 1204/2/1759 1206/2/1124
f 2028/2/1760 2029/2/1761 1201/2/1120 1205/2/1123
f 2029/2/1761 2028/2/1760 1206/2/1124 1202/2/1121
f 2029/2/1761 2024/2/1752 1199/2/1754 1201/2/1120
f 2024/2/1752 2029/2/1761 1202/2/1121 1200/2/1755
f 2030/2/1762 2031/2/1763 1119/2/1429 1127/2/1764
f 2031/2/1763 2030/2/1762 1128/2/1765 1120/2/1430
f 2031/2/1763 2032/2/1766 1129/2/1471 1119/2/1429
f 2032/2/1766 2031/2/1763 1120/2/1430 1130/2/1472
f 2032/2/1766 2033/2/1767 1137/2/1480 1129/2/1471
f 2033/2/1767 2032/2/1766 1130/2/1472 1138/2/1481
f 2033/2/1767 2034/2/1768 1133/2/1769 1137/2/1480
f 2034/2/1768 2033/2/1767 1138/2/1481 1134/2/1770
f 2034/2/1768 2030/2/1762 1127/2/1764 1133/2/1769
f 2030/2/1762 2034/2/1768 1134/2/1770 1128/2/1765
f 2035/2/1771 2036/2/1558 1417/2/933 1495/2/1090
f 2036/2/1558 2035/2/1771 1496/2/1091 1418/2/932
f 2036/2/1558 2037/2/1561 1403/2/936 1417/2/933
f 2037/2/1561 2036/2/1558 1418/2/932 1404/2/935
f 2037/2/1561 2038/2/1560 1407/2/901 1403/2/936
f 2038/2/1560 2037/2/1561 1404/2/935 1408/2/904
f 2038/2/1560 2035/2/1771 1495/2/1090 1407/2/901
f 2035/2/1771 2038/2/1560 1408/2/904 1496/2/1091
f 2039/2/1772 2040/2/1773 989/2/1083 991/2/1086
f 2040/2/1773 2039/2/1772 992/2/1087 990/2/1084
f 2040/2/1773 2041/2/1070 979/2/1054 989/2/1083
f 2041/2/1070 2040/2/1773 990/2/1084 980/2/1055
f 2041/2/1070 2042/2/1077 983/2/1064 979/2/1054
f 2042/2/1077 2041/2/1070 980/2/1055 984/2/1065
f 2042/2/1077 2039/2/1772 991/2/1086 983/2/1064
f 2039/2/1772 2042/2/1077 984/2/1065 992/2/1087
f 2043/2/1774 2044/2/1775 1549/2/1532 1555/2/1776
f 2044/2/1775 2043/2/1774 1556/2/1777 1550/2/1535
f 2044/2/1775 2045/2/1778 1553/2/1659 1549/2/1532
f 2045/2/1778 2044/2/1775 1550/2/1535 1554/2/1660
f 2045/2/1778 2043/2/1774 1555/2/1776 1553/2/1659
f 2043/2/1774 2045/2/1778 1554/2/1660 1556/2/1777
f 2046/2/1779 2047/2/1780 1265/2/1603 1273/2/1606
f 2047/2/1780 2046/2/1779 1274/2/1607 1266/2/1604
f 2047/2/1780 2048/2/1781 1277/2/1782 1265/2/1603
f 2048/2/1781 2047/2/1780 1266/2/1604 1278/2/1783
f 2048/2/1781 2049/2/1784 1285/2/1785 1277/2/1782
f 2049/2/1784 2048/2/1781 1278/2/1783 1286/2/1786
f 2049/2/1784 2050/2/1787 1293/2/1788 1285/2/1785
f 2050/2/1787 2049/2/1784 1286/2/1786 1294/2/1789
f 2050/2/1787 2051/2/1790 1289/2/1791 1293/2/1788
f 2051/2/1790 2050/2/1787 1294/2/1789 1290/2/1792
f 2051/2/1790 2046/2/1779 1273/2/1606 1289/2/1791
f 2046/2/1779 2051/2/1790 1290/2/1792 1274/2/1607
f 2052/2/1793 2053/2/1794 1403/2/936 1407/2/901
f 2053/2/1794 2052/2/1793 1408/2/904 1404/2/935
f 2053/2/1794 2054/2/1291 1395/2/1040 1403/2/936
f 2054/2/1291 2053/2/1794 1404/2/935 1396/2/1041
f 2054/2/1291 2055/2/1290 1393/2/906 1395/2/1040
f 2055/2/1290 2054/2/1291 1396/2/1041 1394/2/907
f 2055/2/1290 2052/2/1793 1407/2/901 1393/2/906
f 2052/2/1793 2055/2/1290 1394/2/907 1408/2/904
f 2056/2/1795 2057/2/1796 1235/2/1797 1233/2/1798
f 2057/2/1796 2056/2/1795 1234/2/1799 1236/2/1800
f 2057/2/1796 2058/2/1801 1231/2/1802 1235/2/1797
f 2058/2/1801 2057/2/1796 1236/2/1800 1232/2/1803
f 2058/2/1801 2059/2/1804 1225/2/1805 1231/2/1802
f 2059/2/1804 2058/2/1801 1232/2/1803 1226/2/1806
f 2059/2/1804 2060/2/1807 1221/2/1808 1225/2/1805
f 2060/2/1807 2059/2/1804 1226/2/1806 1222/2/1809
f 2060/2/1807 2061/2/1810 1229/2/1811 1221/2/1808
f 2061/2/1810 2060/2/1807 1222/2/1809 1230/2/1812
f 2061/2/1810 2056/2/1795 1233/2/1798 1229/2/1811
f 2056/2/1795 2061/2/1810 1230/2/1812 1234/2/1799
f 2062/2/1813 2063/2/1814 1425/2/929 1403/2/936
f 2063/2/1814 2062/2/1813 1404/2/935 1426/2/928
f 2063/2/1814 2064/2/1311 1405/2/1033 1425/2/929
f 2064/2/1311 2063/2/1814 1426/2/928 1406/2/1034
f 2064/2/1311 2065/2/1310 1395/2/1040 1405/2/1033
f 2065/2/1310 2064/2/1311 1406/2/1034 1396/2/1041
f 2065/2/1310 2062/2/1813 1403/2/936 1395/2/1040
f 2062/2/1813 2065/2/1310 1396/2/1041 1404/2/935
f 2066/2/1454 2067/2/1815 1455/2/930 1425/2/929
f 2067/2/1815 2066/2/1454 1426/2/928 1456/2/1816
f 2067/2/1815 2068/2/1817 1427/2/957 1455/2/930
f 2068/2/1817 2067/2/1815 1456/2/1816 1428/2/956
f 2068/2/1817 2069/2/1455 1421/2/1159 1427/2/957
f 2069/2/1455 2068/2/1817 1428/2/956 1422/2/1158
f 2069/2/1455 2066/2/1454 1425/2/929 1421/2/1159
f 2066/2/1454 2069/2/1455 1422/2/1158 1426/2/928
f 2070/2/1818 2071/2/1819 1495/2/1090 1415/2/956
f 2071/2/1819 2070/2/1818 1416/2/957 1496/2/1091
f 2071/2/1819 2072/2/1378 1407/2/901 1495/2/1090
f 2072/2/1378 2071/2/1819 1496/2/1091 1408/2/904
f 2072/2/1378 2073/2/1382 1401/2/902 1407/2/901
f 2073/2/1382 2072/2/1378 1408/2/904 1402/2/903
f 2073/2/1382 2070/2/1818 1415/2/956 1401/2/902
f 2070/2/1818 2073/2/1382 1402/2/903 1416/2/957
f 2074/2/1132 2075/2/1820 1429/2/1131 1419/2/1134
f 2075/2/1820 2074/2/1132 1420/2/1133 1430/2/1267
f 2075/2/1820 2076/2/1128 1423/2/932 1429/2/1131
f 2076/2/1128 2075/2/1820 1430/2/1267 1424/2/933
f 2076/2/1128 2077/2/1135 1409/2/1137 1423/2/932
f 2077/2/1135 2076/2/1128 1424/2/933 1410/2/1136
f 2077/2/1135 2074/2/1132 1419/2/1134 1409/2/1137
f 2074/2/1132 2077/2/1135 1410/2/1136 1420/2/1133
f 2078/2/931 2079/2/1821 1455/2/930 1417/2/933
f 2079/2/1821 2078/2/931 1418/2/932 1456/2/1816
f 2079/2/1821 2080/2/925 1425/2/929 1455/2/930
f 2080/2/925 2079/2/1821 1456/2/1816 1426/2/928
f 2080/2/925 2081/2/934 1403/2/936 1425/2/929
f 2081/2/934 2080/2/925 1426/2/928 1404/2/935
f 2081/2/934 2078/2/931 1417/2/933 1403/2/936
f 2078/2/931 2081/2/934 1404/2/935 1418/2/932
f 2082/2/1584 2083/2/1822 1545/2/951 1423/2/932
f 2083/2/1822 2082/2/1584 1424/2/933 1546/2/954
f 2083/2/1822 2084/2/1586 1413/2/952 1545/2/951
f 2084/2/1586 2083/2/1822 1546/2/954 1414/2/953
f 2084/2/1586 2085/2/1823 1409/2/1137 1413/2/952
f 2085/2/1823 2084/2/1586 1414/2/953 1410/2/1136
f 2085/2/1823 2082/2/1584 1423/2/932 1409/2/1137
f 2082/2/1584 2085/2/1823 1410/2/1136 1424/2/933
f 2086/2/1824 2087/2/1825 1035/2/1826 1039/2/1827
f 2087/2/1825 2086/2/1824 1040/2/1828 1036/2/1829
f 2087/2/1825 2088/2/1830 1021/2/1712 1035/2/1826
f 2088/2/1830 2087/2/1825 1036/2/1829 1022/2/1713
f 2088/2/1830 2089/2/1831 1031/2/1190 1021/2/1712
f 2089/2/1831 2088/2/1830 1022/2/1713 1032/2/1193
f 2089/2/1831 2090/2/1832 1041/2/1246 1031/2/1190
f 2090/2/1832 2089/2/1831 1032/2/1193 1042/2/1247
f 2090/2/1832 2091/2/1833 1049/2/1834 1041/2/1246
f 2091/2/1833 2090/2/1832 1042/2/1247 1050/2/1835
f 2091/2/1833 2092/2/1836 1045/2/1837 1049/2/1834
f 2092/2/1836 2091/2/1833 1050/2/1835 1046/2/1838
f 2092/2/1836 2086/2/1824 1039/2/1827 1045/2/1837
f 2086/2/1824 2092/2/1836 1046/2/1838 1040/2/1828
f 2093/2/1839 2094/2/1840 1433/2/1841 1429/2/1131
f 2094/2/1840 2093/2/1839 1430/2/1267 1434/2/1842
f 2094/2/1840 2095/2/1843 1431/2/1844 1433/2/1841
f 2095/2/1843 2094/2/1840 1434/2/1842 1432/2/1845
f 2095/2/1843 2096/2/1846 1437/2/1564 1431/2/1844
f 2096/2/1846 2095/2/1843 1432/2/1845 1438/2/1567
f 2096/2/1846 2097/2/1847 1423/2/932 1437/2/1564
f 2097/2/1847 2096/2/1846 1438/2/1567 1424/2/933
f 2097/2/1847 2093/2/1839 1429/2/1131 1423/2/932
f 2093/2/1839 2097/2/1847 1424/2/933 1430/2/1267
f 2098/2/1194 2099/2/1848 1443/2/1849 1427/2/957
f 2099/2/1848 2098/2/1194 1428/2/956 1444/2/1850
f 2099/2/1848 2100/2/1851 1435/2/1852 1443/2/1849
f 2100/2/1851 2099/2/1848 1444/2/1850 1436/2/1853
f 2100/2/1851 2101/2/1854 1433/2/1841 1435/2/1852
f 2101/2/1854 2100/2/1851 1436/2/1853 1434/2/1842
f 2101/2/1854 2102/2/1855 1429/2/1131 1433/2/1841
f 2102/2/1855 2101/2/1854 1434/2/1842 1430/2/1267
f 2102/2/1855 2098/2/1194 1427/2/957 1429/2/1131
f 2098/2/1194 2102/2/1855 1430/2/1267 1428/2/956
f 2103/2/1856 2104/2/1857 1157/2/1227 1161/2/1214
f 2104/2/1857 2103/2/1856 1162/2/1215 1158/2/1228
f 2104/2/1857 2105/2/1858 1147/2/1206 1157/2/1227
f 2105/2/1858 2104/2/1857 1158/2/1228 1148/2/1207
f 2105/2/1858 2106/2/1859 1155/2/1201 1147/2/1206
f 2106/2/1859 2105/2/1858 1148/2/1207 1156/2/1204
f 2106/2/1859 2107/2/1860 1159/2/1861 1155/2/1201
f 2107/2/1860 2106/2/1859 1156/2/1204 1160/2/1862
f 2107/2/1860 2103/2/1856 1161/2/1214 1159/2/1861
f 2103/2/1856 2107/2/1860 1160/2/1862 1162/2/1215
f 2108/2/1863 2109/2/1864 1437/2/1564 1533/2/1533
f 2109/2/1864 2108/2/1863 1534/2/1534 1438/2/1567
f 2109/2/1864 2110/2/1865 1431/2/1844 1437/2/1564
f 2110/2/1865 2109/2/1864 1438/2/1567 1432/2/1845
f 2110/2/1865 2111/2/1866 1439/2/1867 1431/2/1844
f 2111/2/1866 2110/2/1865 1432/2/1845 1440/2/1868
f 2111/2/1866 2112/2/1869 1441/2/1870 1439/2/1867
f 2112/2/1869 2111/2/1866 1440/2/1868 1442/2/1871
f 2112/2/1869 2113/2/1872 1535/2/1656 1441/2/1870
f 2113/2/1872 2112/2/1869 1442/2/1871 1536/2/1657
f 2113/2/1872 2108/2/1863 1533/2/1533 1535/2/1656
f 2108/2/1863 2113/2/1872 1536/2/1657 1534/2/1534
f 2114/2/1873 2115/2/1847 1009/2/933 1019/2/1130
f 2115/2/1847 2114/2/1873 1020/2/1131 1010/2/932
f 2115/2/1847 2116/2/1874 1089/2/1356 1009/2/933
f 2116/2/1874 2115/2/1847 1010/2/932 1090/2/1357
f 2116/2/1874 2117/2/1875 1029/2/1876 1089/2/1356
f 2117/2/1875 2116/2/1874 1090/2/1357 1030/2/1877
f 2117/2/1875 2118/2/1878 1027/2/1197 1029/2/1876
f 2118/2/1878 2117/2/1875 1030/2/1877 1028/2/1198
f 2118/2/1878 2114/2/1873 1019/2/1130 1027/2/1197
f 2114/2/1873 2118/2/1878 1028/2/1198 1020/2/1131
f 2119/2/1879 2120/2/1880 1445/2/1881 1447/2/1882
f 2120/2/1880 2119/2/1879 1448/2/1883 1446/2/1884
f 2120/2/1880 2121/2/1885 1435/2/1852 1445/2/1881
f 2121/2/1885 2120/2/1880 1446/2/1884 1436/2/1853
f 2121/2/1885 2122/2/1886 1443/2/1849 1435/2/1852
f 2122/2/1886 2121/2/1885 1436/2/1853 1444/2/1850
f 2122/2/1886 2123/2/1887 1461/2/1515 1443/2/1849
f 2123/2/1887 2122/2/1886 1444/2/1850 1462/2/1516
f 2123/2/1887 2124/2/1888 1465/2/1512 1461/2/1515
f 2124/2/1888 2123/2/1887 1462/2/1516 1466/2/1513
f 2124/2/1888 2119/2/1879 1447/2/1882 1465/2/1512
f 2119/2/1879 2124/2/1888 1466/2/1513 1448/2/1883
f 2125/2/1889 2126/2/1890 1063/2/1353 1089/2/1356
f 2126/2/1890 2125/2/1889 1090/2/1357 1064/2/1354
f 2126/2/1890 2127/2/1891 1065/2/1892 1063/2/1353
f 2127/2/1891 2126/2/1890 1064/2/1354 1066/2/1893
f 2127/2/1891 2128/2/1894 1067/2/1895 1065/2/1892
f 2128/2/1894 2127/2/1891 1066/2/1893 1068/2/1896
f 2128/2/1894 2129/2/1897 1069/2/1898 1067/2/1895
f 2129/2/1897 2128/2/1894 1068/2/1896 1070/2/1899
f 2129/2/1897 2130/2/1900 1093/2/1901 1069/2/1898
f 2130/2/1900 2129/2/1897 1070/2/1899 1094/2/1902
f 2130/2/1900 2131/2/1903 1029/2/1876 1093/2/1901
f 2131/2/1903 2130/2/1900 1094/2/1902 1030/2/1877
f 2131/2/1903 2125/2/1889 1089/2/1356 1029/2/1876
f 2125/2/1889 2131/2/1903 1030/2/1877 1090/2/1357
f 2132/2/1904 2133/2/1905 1457/2/1906 1459/2/1907
f 2133/2/1905 2132/2/1904 1460/2/1908 1458/2/1909
f 2133/2/1905 2134/2/1910 1455/2/930 1457/2/1906
f 2134/2/1910 2133/2/1905 1458/2/1909 1456/2/1816
f 2134/2/1910 2135/2/1009 1417/2/933 1455/2/930
f 2135/2/1009 2134/2/1910 1456/2/1816 1418/2/932
f 2135/2/1009 2136/2/1911 1509/2/1912 1417/2/933
f 2136/2/1911 2135/2/1009 1418/2/932 1510/2/1913
f 2136/2/1911 2132/2/1904 1459/2/1907 1509/2/1912
f 2132/2/1904 2136/2/1911 1510/2/1913 1460/2/1908
f 2137/2/1914 2138/2/1915 1461/2/1515 1463/2/1916
f 2138/2/1915 2137/2/1914 1464/2/1917 1462/2/1516
f 2138/2/1915 2139/2/1918 1443/2/1849 1461/2/1515
f 2139/2/1918 2138/2/1915 1462/2/1516 1444/2/1850
f 2139/2/1918 2140/2/1919 1449/2/1920 1443/2/1849
f 2140/2/1919 2139/2/1918 1444/2/1850 1450/2/1921
f 2140/2/1919 2141/2/1922 1451/2/1923 1449/2/1920
f 2141/2/1922 2140/2/1919 1450/2/1921 1452/2/1924
f 2141/2/1922 2142/2/1925 1453/2/1926 1451/2/1923
f 2142/2/1925 2141/2/1922 1452/2/1924 1454/2/1927
f 2142/2/1925 2137/2/1914 1463/2/1916 1453/2/1926
f 2137/2/1914 2142/2/1925 1454/2/1927 1464/2/1917
f 2143/2/1928 2144/2/1929 1307/2/1930 1295/2/1611
f 2144/2/1929 2143/2/1928 1296/2/1612 1308/2/1931
f 2144/2/1929 2145/2/1932 1309/2/1338 1307/2/1930
f 2145/2/1932 2144/2/1929 1308/2/1931 1310/2/1339
f 2145/2/1932 2146/2/1933 1305/2/1335 1309/2/1338
f 2146/2/1933 2145/2/1932 1310/2/1339 1306/2/1336
f 2146/2/1933 2147/2/1934 1303/2/1935 1305/2/1335
f 2147/2/1934 2146/2/1933 1306/2/1336 1304/2/1936
f 2147/2/1934 2148/2/1937 1287/2/1610 1303/2/1935
f 2148/2/1937 2147/2/1934 1304/2/1936 1288/2/1613
f 2148/2/1937 2143/2/1928 1295/2/1611 1287/2/1610
f 2143/2/1928 2148/2/1937 1288/2/1613 1296/2/1612
f 2149/2/1938 2150/2/1939 1501/2/1940 1483/2/1941
f 2150/2/1939 2149/2/1938 1484/2/1942 1502/2/1943
f 2150/2/1939 2151/2/1944 1503/2/1945 1501/2/1940
f 2151/2/1944 2150/2/1939 1502/2/1943 1504/2/1946
f 2151/2/1944 2152/2/1947 1493/2/1948 1503/2/1945
f 2152/2/1947 2151/2/1944 1504/2/1946 1494/2/1949
f 2152/2/1947 2149/2/1938 1483/2/1941 1493/2/1948
f 2149/2/1938 2152/2/1947 1494/2/1949 1484/2/1942
f 2153/2/1950 2154/2/1951 1041/2/1246 1049/2/1834
f 2154/2/1951 2153/2/1950 1050/2/1835 1042/2/1247
f 2154/2/1951 2155/2/1952 1051/2/1296 1041/2/1246
f 2155/2/1952 2154/2/1951 1042/2/1247 1052/2/1299
f 2155/2/1952 2156/2/1953 1059/2/1305 1051/2/1296
f 2156/2/1953 2155/2/1952 1052/2/1299 1060/2/1306
f 2156/2/1953 2157/2/1954 1055/2/1955 1059/2/1305
f 2157/2/1954 2156/2/1953 1060/2/1306 1056/2/1956
f 2157/2/1954 2153/2/1950 1049/2/1834 1055/2/1955
f 2153/2/1950 2157/2/1954 1056/2/1956 1050/2/1835
f 2158/2/1957 2159/2/1958 1467/2/1503 1473/2/1502
f 2159/2/1958 2158/2/1957 1474/2/1505 1468/2/1504
f 2159/2/1958 2160/2/1959 1469/2/1960 1467/2/1503
f 2160/2/1959 2159/2/1958 1468/2/1504 1470/2/1961
f 2160/2/1959 2158/2/1957 1473/2/1502 1469/2/1960
f 2158/2/1957 2160/2/1959 1470/2/1961 1474/2/1505
f 2161/2/1962 2162/2/1963 1475/2/1093 1477/2/1367
f 2162/2/1963 2161/2/1962 1478/2/1368 1476/2/1094
f 2162/2/1963 2163/2/1389 1415/2/956 1475/2/1093
f 2163/2/1389 2162/2/1963 1476/2/1094 1416/2/957
f 2163/2/1389 2164/2/1964 1545/2/951 1415/2/956
f 2164/2/1964 2163/2/1389 1416/2/957 1546/2/954
f 2164/2/1964 2165/2/1965 1547/2/1366 1545/2/951
f 2165/2/1965 2164/2/1964 1546/2/954 1548/2/1369
f 2165/2/1965 2161/2/1962 1477/2/1367 1547/2/1366
f 2161/2/1962 2165/2/1965 1548/2/1369 1478/2/1368
f 2166/2/1966 2167/2/1967 1483/2/1941 1501/2/1940
f 2167/2/1967 2166/2/1966 1502/2/1943 1484/2/1942
f 2167/2/1967 2168/2/1968 1485/2/1969 1483/2/1941
f 2168/2/1968 2167/2/1967 1484/2/1942 1486/2/1970
f 2168/2/1968 2169/2/1971 1505/2/1972 1485/2/1969
f 2169/2/1971 2168/2/1968 1486/2/1970 1506/2/1973
f 2169/2/1971 2166/2/1966 1501/2/1940 1505/2/1972
f 2166/2/1966 2169/2/1971 1506/2/1973 1502/2/1943
f 2170/2/1974 2171/2/1975 1461/2/1515 1467/2/1503
f 2171/2/1975 2170/2/1974 1468/2/1504 1462/2/1516
f 2171/2/1975 2172/2/1976 1463/2/1916 1461/2/1515
f 2172/2/1976 2171/2/1975 1462/2/1516 1464/2/1917
f 2172/2/1976 2173/2/1977 1469/2/1960 1463/2/1916
f 2173/2/1977 2172/2/1976 1464/2/1917 1470/2/1961
f 2173/2/1977 2170/2/1974 1467/2/1503 1469/2/1960
f 2170/2/1974 2173/2/1977 1470/2/1961 1468/2/1504
f 2174/2/1978 2175/2/1979 1493/2/1948 1483/2/1941
f 2175/2/1979 2174/2/1978 1484/2/1942 1494/2/1949
f 2175/2/1979 2176/2/1980 1491/2/1981 1493/2/1948
f 2176/2/1980 2175/2/1979 1494/2/1949 1492/2/1982
f 2176/2/1980 2177/2/1983 1489/2/1984 1491/2/1981
f 2177/2/1983 2176/2/1980 1492/2/1982 1490/2/1985
f 2177/2/1983 2178/2/1986 1487/2/1096 1489/2/1984
f 2178/2/1986 2177/2/1983 1490/2/1985 1488/2/1097
f 2178/2/1986 2179/2/1987 1475/2/1093 1487/2/1096
f 2179/2/1987 2178/2/1986 1488/2/1097 1476/2/1094
f 2179/2/1987 2174/2/1978 1483/2/1941 1475/2/1093
f 2174/2/1978 2179/2/1987 1476/2/1094 1484/2/1942
f 2180/2/1706 2181/2/1988 1495/2/1090 1417/2/933
f 2181/2/1988 2180/2/1706 1418/2/932 1496/2/1091
f 2181/2/1988 2182/2/1989 1497/2/1099 1495/2/1090
f 2182/2/1989 2181/2/1988 1496/2/1091 1498/2/1100
f 2182/2/1989 2183/2/1990 1499/2/1991 1497/2/1099
f 2183/2/1990 2182/2/1989 1498/2/1100 1500/2/1992
f 2183/2/1990 2184/2/1993 1509/2/1912 1499/2/1991
f 2184/2/1993 2183/2/1990 1500/2/1992 1510/2/1913
f 2184/2/1993 2180/2/1706 1417/2/933 1509/2/1912
f 2180/2/1706 2184/2/1993 1510/2/1913 1418/2/932
f 2185/2/1994 2186/2/1995 1341/2/1996 1329/2/1151
f 2186/2/1995 2185/2/1994 1330/2/1152 1342/2/1997
f 2186/2/1995 2187/2/1998 1347/2/1169 1341/2/1996
f 2187/2/1998 2186/2/1995 1342/2/1997 1348/2/1170
f 2187/2/1998 2188/2/1999 1345/2/1176 1347/2/1169
f 2188/2/1999 2187/2/1998 1348/2/1170 1346/2/1177
f 2188/2/1999 2189/2/2000 1337/2/2001 1345/2/1176
f 2189/2/2000 2188/2/1999 1346/2/1177 1338/2/2002
f 2189/2/2000 2190/2/2003 1333/2/1154 1337/2/2001
f 2190/2/2003 2189/2/2000 1338/2/2002 1334/2/1155
f 2190/2/2003 2185/2/1994 1329/2/1151 1333/2/1154
f 2185/2/1994 2190/2/2003 1334/2/1155 1330/2/1152
f 2191/2/2004 2192/2/2005 1527/2/1552 1521/2/2006
f 2192/2/2005 2191/2/2004 1522/2/2007 1528/2/1553
f 2192/2/2005 2193/2/2008 1525/2/1556 1527/2/1552
f 2193/2/2008 2192/2/2005 1528/2/1553 1526/2/1557
f 2193/2/2008 2194/2/2009 1519/2/2010 1525/2/1556
f 2194/2/2009 2193/2/2008 1526/2/1557 1520/2/2011
f 2194/2/2009 2191/2/2004 1521/2/2006 1519/2/2010
f 2191/2/2004 2194/2/2009 1520/2/2011 1522/2/2007
f 2195/2/2012 2196/2/2013 1507/2/2014 1501/2/1940
f 2196/2/2013 2195/2/2012 1502/2/1943 1508/2/2015
f 2196/2/2013 2197/2/2016 1503/2/1945 1507/2/2014
f 2197/2/2016 2196/2/2013 1508/2/2015 1504/2/1946
f 2197/2/2016 2195/2/2012 1501/2/1940 1503/2/1945
f 2195/2/2012 2197/2/2016 1504/2/1946 1502/2/1943
f 2198/2/2017 2199/2/2018 1555/2/1776 1549/2/1532
f 2199/2/2018 2198/2/2017 1550/2/1535 1556/2/1777
f 2199/2/2018 2200/2/2019 1551/2/1537 1555/2/1776
f 2200/2/2019 2199/2/2018 1556/2/1777 1552/2/1538
f 2200/2/2019 2198/2/2017 1549/2/1532 1551/2/1537
f 2198/2/2017 2200/2/2019 1552/2/1538 1550/2/1535
f 2201/2/2020 2202/2/2021 1485/2/1969 1481/2/2022
f 2202/2/2021 2201/2/2020 1482/2/2023 1486/2/1970
f 2202/2/2021 2203/2/2024 1483/2/1941 1485/2/1969
f 2203/2/2024 2202/2/2021 1486/2/1970 1484/2/1942
f 2203/2/2024 2204/2/2025 1475/2/1093 1483/2/1941
f 2204/2/2025 2203/2/2024 1484/2/1942 1476/2/1094
f 2204/2/2025 2205/2/2026 1477/2/1367 1475/2/1093
f 2205/2/2026 2204/2/2025 1476/2/1094 1478/2/1368
f 2205/2/2026 2206/2/2027 1479/2/2028 1477/2/1367
f 2206/2/2027 2205/2/2026 1478/2/1368 1480/2/2029
f 2206/2/2027 2201/2/2020 1481/2/2022 1479/2/2028
f 2201/2/2020 2206/2/2027 1480/2/2029 1482/2/2023
f 2207/2/2030 2208/2/2031 1501/2/1940 1507/2/2014
f 2208/2/2031 2207/2/2030 1508/2/2015 1502/2/1943
f 2208/2/2031 2209/2/2032 1505/2/1972 1501/2/1940
f 2209/2/2032 2208/2/2031 1502/2/1943 1506/2/1973
f 2209/2/2032 2207/2/2030 1507/2/2014 1505/2/1972
f 2207/2/2030 2209/2/2032 1506/2/1973 1508/2/2015
f 2210/2/2033 2211/2/2034 1519/2/2010 1509/2/1912
f 2211/2/2034 2210/2/2033 1510/2/1913 1520/2/2011
f 2211/2/2034 2212/2/2035 1523/2/2036 1519/2/2010
f 2212/2/2035 2211/2/2034 1520/2/2011 1524/2/2037
f 2212/2/2035 2213/2/2038 1517/2/2039 1523/2/2036
f 2213/2/2038 2212/2/2035 1524/2/2037 1518/2/2040
f 2213/2/2038 2214/2/2041 1513/2/2042 1517/2/2039
f 2214/2/2041 2213/2/2038 1518/2/2040 1514/2/2043
f 2214/2/2041 2215/2/2044 1459/2/1907 1513/2/2042
f 2215/2/2044 2214/2/2041 1514/2/2043 1460/2/1908
f 2215/2/2044 2210/2/2033 1509/2/1912 1459/2/1907
f 2210/2/2033 2215/2/2044 1460/2/1908 1510/2/1913
f 2216/2/2045 2217/2/2046 1521/2/2006 1515/2/2047
f 2217/2/2046 2216/2/2045 1516/2/2048 1522/2/2007
f 2217/2/2046 2218/2/2049 1519/2/2010 1521/2/2006
f 2218/2/2049 2217/2/2046 1522/2/2007 1520/2/2011
f 2218/2/2049 2219/2/2050 1509/2/1912 1519/2/2010
f 2219/2/2050 2218/2/2049 1520/2/2011 1510/2/1913
f 2219/2/2050 2220/2/2051 1499/2/1991 1509/2/1912
f 2220/2/2051 2219/2/2050 1510/2/1913 1500/2/1992
f 2220/2/2051 2221/2/2052 1511/2/2053 1499/2/1991
f 2221/2/2052 2220/2/2051 1500/2/1992 1512/2/2054
f 2221/2/2052 2216/2/2045 1515/2/2047 1511/2/2053
f 2216/2/2045 2221/2/2052 1512/2/2054 1516/2/2048
f 2222/2/2055 2223/2/2056 1213/2/2057 1225/2/1805
f 2223/2/2056 2222/2/2055 1226/2/1806 1214/2/2058
f 2223/2/2056 2224/2/2059 1217/2/2060 1213/2/2057
f 2224/2/2059 2223/2/2056 1214/2/2058 1218/2/2061
f 2224/2/2059 2225/2/2062 1221/2/1808 1217/2/2060
f 2225/2/2062 2224/2/2059 1218/2/2061 1222/2/1809
f 2225/2/2062 2222/2/2055 1225/2/1805 1221/2/1808
f 2222/2/2055 2225/2/2062 1222/2/1809 1226/2/1806
f 2226/2/2063 2227/2/2064 1529/2/2065 1525/2/1556
f 2227/2/2064 2226/2/2063 1526/2/1557 1530/2/2066
f 2227/2/2064 2228/2/2067 1523/2/2036 1529/2/2065
f 2228/2/2067 2227/2/2064 1530/2/2066 1524/2/2037
f 2228/2/2067 2229/2/2068 1519/2/2010 1523/2/2036
f 2229/2/2068 2228/2/2067 1524/2/2037 1520/2/2011
f 2229/2/2068 2226/2/2063 1525/2/1556 1519/2/2010
f 2226/2/2063 2229/2/2068 1520/2/2011 1526/2/1557
f 2230/2/2069 2231/2/2070 1003/2/1133 999/2/1136
f 2231/2/2070 2230/2/2069 1000/2/1137 1004/2/1134
f 2231/2/2070 2232/2/2071 973/2/1385 1003/2/1133
f 2232/2/2071 2231/2/2070 1004/2/1134 974/2/1388
f 2232/2/2071 2233/2/2072 997/2/1386 973/2/1385
f 2233/2/2072 2232/2/2071 974/2/1388 998/2/1387
f 2233/2/2072 2230/2/2069 999/2/1136 997/2/1386
f 2230/2/2069 2233/2/2072 998/2/1387 1000/2/1137
f 2234/2/2073 2235/2/2074 1531/2/1551 1525/2/1556
f 2235/2/2074 2234/2/2073 1526/2/1557 1532/2/1554
f 2235/2/2074 2236/2/2075 1529/2/2065 1531/2/1551
f 2236/2/2075 2235/2/2074 1532/2/1554 1530/2/2066
f 2236/2/2075 2234/2/2073 1525/2/1556 1529/2/2065
f 2234/2/2073 2236/2/2075 1530/2/2066 1526/2/1557
f 2237/2/2076 2238/2/2077 1063/2/1353 1065/2/1892
f 2238/2/2077 2237/2/2076 1066/2/1893 1064/2/1354
f 2238/2/2077 2239/2/2078 1071/2/1321 1063/2/1353
f 2239/2/2078 2238/2/2077 1064/2/1354 1072/2/1322
f 2239/2/2078 2240/2/2079 1075/2/1316 1071/2/1321
f 2240/2/2079 2239/2/2078 1072/2/1322 1076/2/1319
f 2240/2/2079 2241/2/2080 1073/2/2081 1075/2/1316
f 2241/2/2080 2240/2/2079 1076/2/1319 1074/2/2082
f 2241/2/2080 2237/2/2076 1065/2/1892 1073/2/2081
f 2237/2/2076 2241/2/2080 1074/2/2082 1066/2/1893
f 2242/2/1715 2243/2/2083 1455/2/930 1427/2/957
f 2243/2/2083 2242/2/1715 1428/2/956 1456/2/1816
f 2243/2/2083 2244/2/2084 1457/2/1906 1455/2/930
f 2244/2/2084 2243/2/2083 1456/2/1816 1458/2/1909
f 2244/2/2084 2245/2/2085 1449/2/1920 1457/2/1906
f 2245/2/2085 2244/2/2084 1458/2/1909 1450/2/1921
f 2245/2/2085 2246/2/2086 1443/2/1849 1449/2/1920
f 2246/2/2086 2245/2/2085 1450/2/1921 1444/2/1850
f 2246/2/2086 2242/2/1715 1427/2/957 1443/2/1849
f 2242/2/1715 2246/2/2086 1444/2/1850 1428/2/956
f 2247/2/2087 2248/2/2088 1581/2/2089 1577/2/2090
f 2248/2/2088 2247/2/2087 1578/2/2091 1582/2/2092
f 2248/2/2088 2249/2/2093 1579/2/2094 1581/2/2089
f 2249/2/2093 2248/2/2088 1582/2/2092 1580/2/2095
f 2249/2/2093 2250/2/2096 1573/2/1696 1579/2/2094
f 2250/2/2096 2249/2/2093 1580/2/2095 1574/2/1697
f 2250/2/2096 2251/2/2097 1569/2/1693 1573/2/1696
f 2251/2/2097 2250/2/2096 1574/2/1697 1570/2/1694
f 2251/2/2097 2252/2/2098 1575/2/2099 1569/2/1693
f 2252/2/2098 2251/2/2097 1570/2/1694 1576/2/2100
f 2252/2/2098 2247/2/2087 1577/2/2090 1575/2/2099
f 2247/2/2087 2252/2/2098 1576/2/2100 1578/2/2091
f 2253/2/2101 2254/2/2102 1547/2/1366 1541/2/1565
f 2254/2/2102 2253/2/2101 1542/2/1566 1548/2/1369
f 2254/2/2102 2255/2/2103 1545/2/951 1547/2/1366
f 2255/2/2103 2254/2/2102 1548/2/1369 1546/2/954
f 2255/2/2103 2256/2/1653 1423/2/932 1545/2/951
f 2256/2/1653 2255/2/2103 1546/2/954 1424/2/933
f 2256/2/1653 2257/2/2104 1437/2/1564 1423/2/932
f 2257/2/2104 2256/2/1653 1424/2/933 1438/2/1567
f 2257/2/2104 2253/2/2101 1541/2/1565 1437/2/1564
f 2253/2/2101 2257/2/2104 1438/2/1567 1542/2/1566
f 2258/2/2105 2259/2/2106 1217/2/2060 1219/2/2107
f 2259/2/2106 2258/2/2105 1220/2/2108 1218/2/2061
f 2259/2/2106 2260/2/2109 1213/2/2057 1217/2/2060
f 2260/2/2109 2259/2/2106 1218/2/2061 1214/2/2058
f 2260/2/2109 2261/2/2110 1215/2/1272 1213/2/2057
f 2261/2/2110 2260/2/2109 1214/2/2058 1216/2/1275
f 2261/2/2110 2262/2/2111 1223/2/1273 1215/2/1272
f 2262/2/2111 2261/2/2110 1216/2/1275 1224/2/1274
f 2262/2/2111 2258/2/2105 1219/2/2107 1223/2/1273
f 2258/2/2105 2262/2/2111 1224/2/1274 1220/2/2108
f 2263/2/2112 2264/2/2113 939/2/966 935/2/969
f 2264/2/2113 2263/2/2112 936/2/970 940/2/967
f 2264/2/2113 2265/2/2114 933/2/2115 939/2/966
f 2265/2/2114 2264/2/2113 940/2/967 934/2/2116
f 2265/2/2114 2266/2/2117 931/2/922 933/2/2115
f 2266/2/2117 2265/2/2114 934/2/2116 932/2/923
f 2266/2/2117 2267/2/2118 923/2/913 931/2/922
f 2267/2/2118 2266/2/2117 932/2/923 924/2/916
f 2267/2/2118 2263/2/2112 935/2/969 923/2/913
f 2263/2/2112 2267/2/2118 924/2/916 936/2/970
f 2268/2/2119 2269/2/2120 935/2/969 937/2/1004
f 2269/2/2120 2268/2/2119 938/2/1005 936/2/970
f 2269/2/2120 2270/2/2121 923/2/913 935/2/969
f 2270/2/2121 2269/2/2120 936/2/970 924/2/916
f 2270/2/2121 2271/2/2122 927/2/914 923/2/913
f 2271/2/2122 2270/2/2121 924/2/916 928/2/915
f 2271/2/2122 2272/2/2123 925/2/2124 927/2/914
f 2272/2/2123 2271/2/2122 928/2/915 926/2/2125
f 2272/2/2123 2268/2/2119 937/2/1004 925/2/2124
f 2268/2/2119 2272/2/2123 926/2/2125 938/2/1005
f 2273/2/2126 2274/2/1113 1245/2/1117 1243/2/2127
f 2274/2/1113 2273/2/2126 1244/2/2128 1246/2/1116
f 2274/2/1113 2275/2/2129 1247/2/2130 1245/2/1117
f 2275/2/2129 2274/2/1113 1246/2/1116 1248/2/2131
f 2275/2/2129 2276/2/2132 1241/2/1283 1247/2/2130
f 2276/2/2132 2275/2/2129 1248/2/2131 1242/2/1284
f 2276/2/2132 2277/2/2133 1237/2/1280 1241/2/1283
f 2277/2/2133 2276/2/2132 1242/2/1284 1238/2/1281
f 2277/2/2133 2273/2/2126 1243/2/2127 1237/2/1280
f 2273/2/2126 2277/2/2133 1238/2/1281 1244/2/2128
f 2278/2/2071 2279/2/2134 1419/2/1134 1411/2/939
f 2279/2/2134 2278/2/2071 1412/2/942 1420/2/1133
f 2279/2/2134 2280/2/2135 1409/2/1137 1419/2/1134
f 2280/2/2135 2279/2/2134 1420/2/1133 1410/2/1136
f 2280/2/2135 2281/2/2072 1399/2/944 1409/2/1137
f 2281/2/2072 2280/2/2135 1410/2/1136 1400/2/945
f 2281/2/2072 2278/2/2071 1411/2/939 1399/2/944
f 2278/2/2071 2281/2/2072 1400/2/945 1412/2/942
f 2282/2/2136 2283/2/2137 1261/2/1595 1257/2/1600
f 2283/2/2137 2282/2/2136 1258/2/1601 1262/2/1598
f 2283/2/2137 2284/2/2138 1249/2/2139 1261/2/1595
f 2284/2/2138 2283/2/2137 1262/2/1598 1250/2/2140
f 2284/2/2138 2285/2/2141 1253/2/2142 1249/2/2139
f 2285/2/2141 2284/2/2138 1250/2/2140 1254/2/2143
f 2285/2/2141 2282/2/2136 1257/2/1600 1253/2/2142
f 2282/2/2136 2285/2/2141 1254/2/2143 1258/2/1601
f 2286/2/2144 2287/2/2145 1105/2/2146 1107/2/2147
f 2287/2/2145 2286/2/2144 1108/2/2148 1106/2/2149
f 2287/2/2145 2288/2/2150 1101/2/1394 1105/2/2146
f 2288/2/2150 2287/2/2145 1106/2/2149 1102/2/1395
f 2288/2/2150 2289/2/2151 1103/2/1391 1101/2/1394
f 2289/2/2151 2288/2/2150 1102/2/1395 1104/2/1392
f 2289/2/2151 2290/2/2152 1119/2/1429 1103/2/1391
f 2290/2/2152 2289/2/2151 1104/2/1392 1120/2/1430
f 2290/2/2152 2291/2/2153 1127/2/1764 1119/2/1429
f 2291/2/2153 2290/2/2152 1120/2/1430 1128/2/1765
f 2291/2/2153 2292/2/2154 1123/2/2155 1127/2/1764
f 2292/2/2154 2291/2/2153 1128/2/1765 1124/2/2156
f 2292/2/2154 2286/2/2144 1107/2/2147 1123/2/2155
f 2286/2/2144 2292/2/2154 1124/2/2156 1108/2/2148
f 2293/2/2157 2294/2/1233 1585/2/1237 1583/2/2158
f 2294/2/1233 2293/2/2157 1584/2/2159 1586/2/1236
f 2294/2/1233 2295/2/2160 1587/2/2161 1585/2/1237
f 2295/2/2160 2294/2/1233 1586/2/1236 1588/2/2162
f 2295/2/2160 2296/2/2163 1581/2/2089 1587/2/2161
f 2296/2/2163 2295/2/2160 1588/2/2162 1582/2/2092
f 2296/2/2163 2297/2/2164 1577/2/2090 1581/2/2089
f 2297/2/2164 2296/2/2163 1582/2/2092 1578/2/2091
f 2297/2/2164 2293/2/2157 1583/2/2158 1577/2/2090
f 2293/2/2157 2297/2/2164 1578/2/2091 1584/2/2159
f 2298/2/2165 2299/2/2166 1411/2/939 1597/2/1464
f 2299/2/2166 2298/2/2165 1598/2/1465 1412/2/942
f 2299/2/2166 2300/2/1720 1595/2/940 1411/2/939
f 2300/2/1720 2299/2/2166 1412/2/942 1596/2/941
f 2300/2/1720 2301/2/1719 1591/2/2167 1595/2/940
f 2301/2/1719 2300/2/1720 1596/2/941 1592/2/2168
f 2301/2/1719 2298/2/2165 1597/2/1464 1591/2/2167
f 2298/2/2165 2301/2/1719 1592/2/2168 1598/2/1465
f 2302/2/2169 2303/2/2170 1331/2/1668 1339/2/1671
f 2303/2/2170 2302/2/2169 1340/2/1672 1332/2/1669
f 2303/2/2170 2304/2/2171 1343/2/2172 1331/2/1668
f 2304/2/2171 2303/2/2170 1332/2/1669 1344/2/2173
f 2304/2/2171 2305/2/2174 1351/2/1404 1343/2/2172
f 2305/2/2174 2304/2/2171 1344/2/2173 1352/2/1407
f 2305/2/2174 2306/2/2175 1359/2/1405 1351/2/1404
f 2306/2/2175 2305/2/2174 1352/2/1407 1360/2/1406
f 2306/2/2175 2307/2/2176 1355/2/2177 1359/2/1405
f 2307/2/2176 2306/2/2175 1360/2/1406 1356/2/2178
f 2307/2/2176 2302/2/2169 1339/2/1671 1355/2/2177
f 2302/2/2169 2307/2/2176 1356/2/2178 1340/2/1672
f 2308/2/1592 2309/2/2179 1405/2/1033 1589/2/1032
f 2309/2/2179 2308/2/1592 1590/2/1035 1406/2/1034
f 2309/2/2179 2310/2/2180 1597/2/1464 1405/2/1033
f 2310/2/2180 2309/2/2179 1406/2/1034 1598/2/1465
f 2310/2/2180 2311/2/1589 1591/2/2167 1597/2/1464
f 2311/2/1589 2310/2/2180 1598/2/1465 1592/2/2168
f 2311/2/1589 2308/2/1592 1589/2/1032 1591/2/2167
f 2308/2/1592 2311/2/1589 1592/2/2168 1590/2/1035
f 2312/2/1016 2313/2/1022 1591/2/2167 1589/2/1032
f 2313/2/1022 2312/2/1016 1590/2/1035 1592/2/2168
f 2313/2/1022 2314/2/2181 1593/2/1021 1591/2/2167
f 2314/2/2181 2313/2/1022 1592/2/2168 1594/2/1018
f 2314/2/2181 2312/2/1016 1589/2/1032 1593/2/1021
f 2312/2/1016 2314/2/2181 1594/2/1018 1590/2/1035
f 2315/2/1025 2316/2/1027 1595/2/940 1591/2/2167
f 2316/2/1027 2315/2/1025 1592/2/2168 1596/2/941
f 2316/2/1027 2317/2/2182 1593/2/1021 1595/2/940
f 2317/2/2182 2316/2/1027 1596/2/941 1594/2/1018
f 2317/2/2182 2315/2/1025 1591/2/2167 1593/2/1021
f 2315/2/1025 2317/2/2182 1594/2/1018 1592/2/2168
f 2318/2/2183 2319/2/1328 1299/2/1332 1297/2/2184
f 2319/2/1328 2318/2/2183 1298/2/2185 1300/2/1331
f 2319/2/1328 2320/2/2186 1301/2/2187 1299/2/1332
f 2320/2/2186 2319/2/1328 1300/2/1331 1302/2/2188
f 2320/2/2186 2321/2/2189 1293/2/1788 1301/2/2187
f 2321/2/2189 2320/2/2186 1302/2/2188 1294/2/1789
f 2321/2/2189 2322/2/2190 1285/2/1785 1293/2/1788
f 2322/2/2190 2321/2/2189 1294/2/1789 1286/2/1786
f 2322/2/2190 2318/2/2183 1297/2/2184 1285/2/1785
f 2318/2/2183 2322/2/2190 1286/2/1786 1298/2/2185
f 2323/2/2191 2324/2/2192 987/2/1292 969/2/1161
f 2324/2/2192 2323/2/2191 970/2/1162 988/2/1293
f 2324/2/2192 2325/2/1036 977/2/1049 987/2/1292
f 2325/2/1036 2324/2/2192 988/2/1293 978/2/1050
f 2325/2/1036 2326/2/1031 961/2/1019 977/2/1049
f 2326/2/1031 2325/2/1036 978/2/1050 962/2/1020
f 2326/2/1031 2323/2/2191 969/2/1161 961/2/1019
f 2323/2/2191 2326/2/1031 962/2/1020 970/2/1162
f 2327/2/1047 2328/2/1051 1589/2/1032 1599/2/1037
f 2328/2/1051 2327/2/1047 1600/2/1038 1590/2/1035
f 2328/2/1051 2329/2/2193 1593/2/1021 1589/2/1032
f 2329/2/2193 2328/2/1051 1590/2/1035 1594/2/1018
f 2329/2/2193 2327/2/1047 1599/2/1037 1593/2/1021
f 2327/2/1047 2329/2/2193 1594/2/1018 1600/2/1038
f 2330/2/1057 2331/2/2194 1593/2/1021 1599/2/1037
f 2331/2/2194 2330/2/1057 1600/2/1038 1594/2/1018
f 2331/2/2194 2332/2/1058 1387/2/1185 1593/2/1021
f 2332/2/1058 2331/2/2194 1594/2/1018 1388/2/1186
f 2332/2/1058 2330/2/1057 1599/2/1037 1387/2/1185
f 2330/2/1057 2332/2/1058 1388/2/1186 1600/2/1038
f 2333/2/2195 2334/2/1046 1595/2/940 1593/2/1021
f 2334/2/1046 2333/2/2195 1594/2/1018 1596/2/941
f 2334/2/1046 2335/2/1043 1601/2/947 1595/2/940
f 2335/2/1043 2334/2/1046 1596/2/941 1602/2/948
f 2335/2/1043 2333/2/2195 1593/2/1021 1601/2/947
f 2333/2/2195 2335/2/1043 1602/2/948 1594/2/1018
f 2336/2/1067 2337/2/2196 1593/2/1021 1387/2/1185
f 2337/2/2196 2336/2/1067 1388/2/1186 1594/2/1018
f 2337/2/2196 2338/2/1068 1389/2/1078 1593/2/1021
f 2338/2/1068 2337/2/2196 1594/2/1018 1390/2/1079
f 2338/2/1068 2336/2/1067 1387/2/1185 1389/2/1078
f 2336/2/1067 2338/2/1068 1390/2/1079 1388/2/1186
f 2339/2/2197 2340/2/1463 971/2/1164 1011/2/1158
f 2340/2/1463 2339/2/2197 1012/2/1159 972/2/1165
f 2340/2/1463 2341/2/1462 973/2/1385 971/2/1164
f 2341/2/1462 2340/2/1463 972/2/1165 974/2/1388
f 2341/2/1462 2342/2/2198 1003/2/1133 973/2/1385
f 2342/2/2198 2341/2/1462 974/2/1388 1004/2/1134
f 2342/2/2198 2339/2/2197 1011/2/1158 1003/2/1133
f 2339/2/2197 2342/2/2198 1004/2/1134 1012/2/1159
f 2343/2/2199 2344/2/1056 1601/2/947 1593/2/1021
f 2344/2/1056 2343/2/2199 1594/2/1018 1602/2/948
f 2344/2/1056 2345/2/1053 1391/2/1073 1601/2/947
f 2345/2/1053 2344/2/1056 1602/2/948 1392/2/1074
f 2345/2/1053 2343/2/2199 1593/2/1021 1391/2/1073
f 2343/2/2199 2345/2/1053 1392/2/1074 1594/2/1018
f 2346/2/1062 2347/2/2200 1593/2/1021 1389/2/1078
f 2347/2/2200 2346/2/1062 1390/2/1079 1594/2/1018
f 2347/2/2200 2348/2/1063 1391/2/1073 1593/2/1021
f 2348/2/1063 2347/2/2200 1594/2/1018 1392/2/1074
f 2348/2/1063 2346/2/1062 1389/2/1078 1391/2/1073
f 2346/2/1062 2348/2/1063 1392/2/1074 1390/2/1079
f 2349/2/2201 2350/2/2202 1263/2/1685 1259/2/1676
f 2350/2/2202 2349/2/2201 1260/2/1677 1264/2/1686
f 2350/2/2202 2351/2/2203 1255/2/2204 1263/2/1685
f 2351/2/2203 2350/2/2202 1264/2/1686 1256/2/2205
f 2351/2/2203 2352/2/2206 1253/2/2142 1255/2/2204
f 2352/2/2206 2351/2/2203 1256/2/2205 1254/2/2143
f 2352/2/2206 2353/2/2207 1249/2/2139 1253/2/2142
f 2353/2/2207 2352/2/2206 1254/2/2143 1250/2/2140
f 2353/2/2207 2354/2/2208 1251/2/2209 1249/2/2139
f 2354/2/2208 2353/2/2207 1250/2/2140 1252/2/2210
f 2354/2/2208 2349/2/2201 1259/2/1676 1251/2/2209
f 2349/2/2201 2354/2/2208 1252/2/2210 1260/2/1677
o RenderMesh_17001777607
v -0.002915 0.016529 -0.004432
v -0.004258 0.017579 -0.005478
v 0.000000 0.024690 0.012511
v -0.000000 0.026541 0.011754
v 0.000000 0.017400 -0.005304
v -0.000000 0.018817 -0.006716
v -0.002947 0.023411 0.012417
v -0.004203 0.024851 0.011827
v -0.004061 0.020450 0.012139
v -0.006050 0.020647 0.012058
v 0.002915 0.016529 -0.004432
v 0.004258 0.017579 -0.005478
v 0.002947 0.023411 0.012417
v 0.004203 0.024851 0.011827
v 0.000000 -0.000000 -0.012511
v -0.000000 -0.000000 -0.014511
v 0.004061 0.020450 0.012139
v 0.006050 0.020647 0.012058
v -0.004060 0.014460 -0.002364
v -0.006055 0.014564 -0.002468
v -0.002841 0.017602 0.011813
v -0.004297 0.016337 0.012342
v -0.002915 -0.000000 -0.011279
v -0.004258 -0.000000 -0.012761
v -0.002813 0.012464 -0.000368
v -0.004299 0.011519 0.000580
v 0.004060 0.014460 -0.002364
v 0.006055 0.014564 -0.002468
v 0.002841 0.017602 0.011813
v 0.004297 0.016337 0.012342
v 0.002915 -0.000000 -0.011279
v 0.004258 -0.000000 -0.012761
v 0.002813 0.012464 -0.000368
v 0.004299 0.011519 0.000580
v 0.000000 0.011666 0.000431
v -0.000000 0.010256 0.001850
v 0.000000 0.016415 0.011682
v 0.000000 0.014572 0.012459
v 0.004060 -0.000000 -0.008354
v 0.006054 -0.000000 -0.008502
v 0.002813 -0.000000 -0.005530
v 0.004302 -0.000000 -0.004195
v 0.000000 -0.000000 -0.004401
v -0.000000 -0.000000 -0.002401
v -0.002813 -0.000000 -0.005530
v -0.004302 -0.000000 -0.004195
v 0.000000 -0.011666 0.000431
v -0.000000 -0.010256 0.001850
v 0.002813 -0.012464 -0.000368
v 0.004299 -0.011519 0.000580
v 0.004060 -0.014460 -0.002364
v 0.006055 -0.014564 -0.002468
v 0.002841 -0.017602 0.011813
v 0.004297 -0.016337 0.012342
v 0.000000 -0.016415 0.011682
v 0.000000 -0.014572 0.012459
v 0.004061 -0.020450 0.012139
v 0.006050 -0.020647 0.012058
v -0.002841 -0.017602 0.011813
v -0.004297 -0.016337 0.012342
v 0.002915 -0.016529 -0.004432
v 0.004258 -0.017579 -0.005478
v 0.002947 -0.023411 0.012417
v 0.004203 -0.024851 0.011827
v 0.000000 -0.024690 0.012511
v 0.000000 -0.026541 0.011754
v 0.000000 -0.017400 -0.005304
v 0.000000 -0.018817 -0.006716
v -0.002915 -0.016529 -0.004432
v -0.004258 -0.017579 -0.005478
v -0.002947 -0.023411 0.012417
v -0.004203 -0.024851 0.011827
v -0.004061 -0.020450 0.012139
v -0.006050 -0.020647 0.012058
v -0.004060 -0.014460 -0.002364
v -0.006055 -0.014564 -0.002468
v -0.004060 -0.000000 -0.008354
v -0.006054 -0.000000 -0.008502
v -0.002813 -0.012464 -0.000368
v -0.004299 -0.011519 0.000580
v 0.000932 -0.024826 0.011162
v 0.000932 -0.018213 -0.004795
v 0.002656 -0.017715 -0.004297
v 0.002642 -0.024151 0.011211
v 0.004665 0.021161 0.011168
v 0.004667 0.015626 -0.002131
v 0.003979 0.016753 -0.003256
v 0.003962 0.022677 0.010998
v -0.003987 -0.011696 -0.000993
v -0.003989 -0.000986 -0.005430
v -0.004626 -0.000986 -0.007043
v -0.004626 -0.012835 -0.002134
v -0.002656 0.017715 -0.004297
v -0.002642 0.024151 0.011211
v -0.000932 0.024826 0.011162
v -0.000932 0.018213 -0.004795
v 0.004667 -0.014228 -0.003530
v 0.003976 -0.015360 -0.004660
v 0.003977 -0.000989 -0.010614
v 0.004667 -0.000989 -0.009015
v 0.003987 0.011696 -0.000993
v 0.003989 0.000986 -0.005430
v 0.004626 0.000986 -0.007043
v 0.004626 0.012835 -0.002134
v -0.004006 -0.017559 0.011162
v -0.003989 -0.013094 0.000398
v -0.004626 -0.014229 -0.000738
v -0.004618 -0.019101 0.010949
v 0.000938 -0.010294 0.000487
v 0.002618 -0.010792 -0.000014
v 0.002620 -0.000933 -0.004100
v 0.000938 -0.000933 -0.003391
v 0.004006 -0.017559 0.011162
v 0.004618 -0.019101 0.010949
v 0.004626 -0.014229 -0.000738
v 0.003989 -0.013094 0.000398
v 0.002655 -0.016398 -0.005621
v 0.000931 -0.016896 -0.006118
v 0.000932 -0.000934 -0.012730
v 0.002655 -0.000934 -0.012026
v -0.000937 -0.011620 0.001805
v -0.002621 -0.012118 0.001302
v -0.002628 -0.016181 0.011096
v -0.000939 -0.015490 0.011175
v -0.004626 0.014229 -0.000738
v -0.003989 0.013094 0.000398
v -0.004006 0.017559 0.011162
v -0.004618 0.019101 0.010949
v -0.004665 -0.021161 0.011168
v -0.004667 -0.015626 -0.002131
v -0.003979 -0.016753 -0.003256
v -0.003962 -0.022677 0.010998
v -0.003977 0.000989 -0.010614
v -0.004667 0.000989 -0.009015
v -0.004667 0.014228 -0.003530
v -0.003976 0.015360 -0.004660
v 0.000938 0.010294 0.000487
v 0.000938 0.000933 -0.003391
v 0.002620 0.000933 -0.004100
v 0.002618 0.010792 -0.000014
v -0.000932 0.000934 -0.012730
v -0.002655 0.000934 -0.012026
v -0.002655 0.016398 -0.005621
v -0.000931 0.016896 -0.006118
v -0.002620 0.000933 -0.004100
v -0.000938 0.000933 -0.003391
v -0.000938 0.010294 0.000487
v -0.002618 0.010792 -0.000014
v -0.000937 0.011620 0.001805
v -0.000939 0.015490 0.011175
v -0.002628 0.016181 0.011096
v -0.002621 0.012118 0.001302
v -0.002620 -0.000933 -0.004100
v -0.002618 -0.010792 -0.000014
v -0.000938 -0.010294 0.000487
v -0.000938 -0.000933 -0.003391
v 0.002628 0.016181 0.011096
v 0.000939 0.015490 0.011175
v 0.000937 0.011620 0.001805
v 0.002621 0.012118 0.001302
v 0.000937 -0.011620 0.001805
v 0.000939 -0.015490 0.011175
v 0.002628 -0.016181 0.011096
v 0.002621 -0.012118 0.001302
v -0.000932 -0.024826 0.011162
v -0.002642 -0.024151 0.011211
v -0.002656 -0.017715 -0.004297
v -0.000932 -0.018213 -0.004795
v 0.002655 0.016398 -0.005621
v 0.002655 0.000934 -0.012026
v 0.000932 0.000934 -0.012730
v 0.000931 0.016896 -0.006118
v 0.004665 -0.021161 0.011168
v 0.003962 -0.022677 0.010998
v 0.003979 -0.016753 -0.003256
v 0.004667 -0.015626 -0.002131
v 0.004667 0.014228 -0.003530
v 0.004667 0.000989 -0.009015
v 0.003977 0.000989 -0.010614
v 0.003976 0.015360 -0.004660
v 0.000932 0.024826 0.011162
v 0.002642 0.024151 0.011211
v 0.002656 0.017715 -0.004297
v 0.000932 0.018213 -0.004795
v -0.004626 0.000986 -0.007043
v -0.003989 0.000986 -0.005430
v -0.003987 0.011696 -0.000993
v -0.004626 0.012835 -0.002134
v -0.002655 -0.016398 -0.005621
v -0.002655 -0.000934 -0.012026
v -0.000932 -0.000934 -0.012730
v -0.000931 -0.016896 -0.006118
v 0.004006 0.017559 0.011162
v 0.003989 0.013094 0.000398
v 0.004626 0.014229 -0.000738
v 0.004618 0.019101 0.010949
v 0.003987 -0.011696 -0.000993
v 0.004626 -0.012835 -0.002134
v 0.004626 -0.000986 -0.007043
v 0.003989 -0.000986 -0.005430
v -0.003979 0.016753 -0.003256
v -0.004667 0.015626 -0.002131
v -0.004665 0.021161 0.011168
v -0.003962 0.022677 0.010998
v -0.004667 -0.014228 -0.003530
v -0.004667 -0.000989 -0.009015
v -0.003977 -0.000989 -0.010614
v -0.003976 -0.015360 -0.004660
vn 0.6741 0.3612 -0.6443
vn 0.6958 -0.3257 0.6401
vn -0.0000 0.7070 0.7073
vn -0.0000 0.9947 -0.1027
vn -0.0000 -0.6723 -0.7403
vn -0.0000 -0.7064 -0.7078
vn -0.5916 -0.7166 0.3696
vn -0.7307 0.4841 0.4814
vn 0.6313 -0.5489 -0.5478
vn -0.6434 -0.1269 -0.7550
vn -0.7142 0.6686 -0.2069
vn 0.4616 -0.5648 -0.6840
vn -0.1989 0.5190 -0.8313
vn -0.1640 0.9691 0.1843
vn -0.9998 0.0145 -0.0160
vn -0.8929 0.0250 -0.4496
vn 0.8694 0.1171 -0.4800
vn 0.9880 0.1097 -0.1092
vn 0.4716 -0.0663 0.8793
vn -0.7307 -0.4841 0.4814
vn 0.6313 0.5489 -0.5478
vn 0.4378 -0.7455 -0.5025
vn -0.7142 -0.6686 -0.2069
vn 0.4616 0.5648 -0.6840
vn -0.3939 0.2334 -0.8890
vn -0.3936 -0.7938 -0.4637
vn 0.7047 -0.0000 -0.7095
vn 0.7020 -0.5029 -0.5042
vn -0.7919 0.4323 0.4313
vn -0.7942 -0.0000 0.6077
vn 0.0806 -0.5098 0.8565
vn 0.9997 -0.0000 -0.0235
vn -0.9882 -0.0000 -0.1535
vn 0.0804 0.9660 0.2457
vn 0.9998 -0.0145 -0.0160
vn -0.9880 -0.1097 -0.1092
vn 0.5916 0.7166 0.3696
vn 0.6434 0.1269 -0.7550
vn 0.7142 -0.6686 -0.2069
vn 0.7307 -0.4841 0.4814
vn -0.6313 0.5489 -0.5478
vn -0.4616 0.5648 -0.6840
vn -0.6741 -0.3612 -0.6443
vn -0.0000 -0.9947 -0.1027
vn -0.0000 0.6723 -0.7403
vn -0.6958 0.3257 0.6401
vn -0.0000 -0.7070 0.7073
vn -0.0000 0.7064 -0.7078
vn -0.1579 0.1839 -0.9702
vn 0.4514 0.8894 0.0723
vn -0.9998 -0.0145 -0.0160
vn 0.9880 -0.1097 -0.1092
vn 0.4512 -0.5773 0.6805
vn -0.7340 -0.0000 0.6792
vn 0.6355 -0.0000 -0.7721
vn -0.1580 -0.8164 -0.5555
vn -0.9997 -0.0000 -0.0235
vn 0.9882 -0.0000 -0.1535
vn 0.3939 -0.2334 -0.8890
vn 0.3936 0.7938 -0.4637
vn -0.7047 -0.0000 -0.7095
vn -0.7020 0.5029 -0.5042
vn 0.7919 -0.4323 0.4313
vn 0.7942 -0.0000 0.6077
vn -0.0806 0.5098 0.8565
vn -0.0804 -0.9660 0.2457
vn -0.4615 -0.4107 -0.7863
vn -0.4055 -0.8843 0.2317
vn 0.5207 -0.5303 -0.6691
vn -0.7590 0.6258 -0.1798
vn 0.0730 0.2449 0.9668
vn 0.0475 0.9109 -0.4099
vn 0.8929 -0.0250 -0.4496
vn -0.8694 -0.1171 -0.4800
vn 0.7131 0.5005 -0.4909
vn -0.5916 0.8062 -0.0009
vn -0.7020 -0.5029 -0.5042
vn -0.0000 -0.7040 -0.7102
vn -0.0000 0.7061 0.7081
vn 0.7919 0.4323 0.4313
vn -0.5917 -0.5711 0.5689
vn 0.7133 -0.7009 0.0057
vn -0.0000 -0.0000 -1.0000
vn -0.0000 -0.0000 1.0000
vn 0.4615 -0.4107 -0.7863
vn -0.0476 0.9109 -0.4099
vn -0.8929 -0.0250 -0.4496
vn -0.5207 -0.5303 -0.6691
vn 0.7590 0.6258 -0.1798
vn 0.8694 -0.1171 -0.4800
vn -0.0730 0.2449 0.9668
vn 0.4055 -0.8843 0.2317
vn -0.5775 0.3684 -0.7285
vn 0.6865 0.6474 -0.3310
vn 0.6865 -0.6916 0.2243
vn -0.5778 -0.7756 -0.2541
vn -0.7219 -0.4862 0.4925
vn 0.6005 -0.0074 0.7996
vn 0.5486 0.6749 -0.4936
vn -0.7536 0.1395 -0.6424
vn -0.0000 -0.6635 -0.7482
vn -0.0000 0.9991 -0.0420
vn 0.0730 -0.2449 0.9668
vn -0.4055 0.8843 0.2317
vn 0.7020 0.5029 -0.5042
vn 0.9998 0.0145 -0.0160
vn -0.9880 0.1097 -0.1092
vn -0.7919 -0.4323 0.4313
vn -0.4615 0.4107 -0.7863
vn 0.5207 0.5303 -0.6691
vn -0.7590 -0.6258 -0.1798
vn 0.0476 -0.9109 -0.4099
vn 0.8929 0.0250 -0.4496
vn -0.8694 0.1171 -0.4800
vn 0.1989 -0.5190 -0.8313
vn 0.1640 -0.9691 0.1843
vn -0.4716 0.0663 0.8793
vn 0.7307 0.4841 0.4814
vn -0.6313 -0.5489 -0.5478
vn -0.4378 0.7455 -0.5025
vn 0.7142 0.6686 -0.2069
vn -0.4616 -0.5648 -0.6840
vn -0.4512 0.5773 0.6805
vn 0.1580 0.8164 -0.5555
vn 0.7340 -0.0000 0.6792
vn -0.6355 -0.0000 -0.7721
vn 0.1579 -0.1839 -0.9702
vn -0.4514 -0.8894 0.0723
vn 0.7131 -0.5005 -0.4909
vn 0.7133 0.7009 0.0057
vn -0.0000 0.7040 -0.7102
vn -0.0000 -0.7061 0.7081
vn -0.5917 0.5711 0.5689
vn -0.5916 -0.8062 -0.0009
vn -0.6865 0.6916 0.2243
vn 0.5778 0.7756 -0.2541
vn 0.5775 -0.3684 -0.7285
vn -0.6865 -0.6474 -0.3310
vn 0.5917 0.5711 0.5689
vn -0.7133 0.7009 0.0057
vn -0.7131 -0.5005 -0.4909
vn 0.5916 -0.8062 -0.0009
vn -0.7219 0.4862 0.4925
vn -0.7536 -0.1395 -0.6424
vn -0.0000 0.6635 -0.7482
vn -0.0000 -0.9991 -0.0420
vn 0.5486 -0.6749 -0.4936
vn 0.6005 0.0074 0.7996
vn 0.5917 -0.5711 0.5689
vn 0.5916 0.8062 -0.0009
vn -0.7131 0.5005 -0.4909
vn -0.7133 -0.7009 0.0057
vn -0.5486 -0.6749 -0.4936
vn 0.7536 -0.1395 -0.6424
vn -0.5207 0.5303 -0.6691
vn 0.7590 -0.6258 -0.1798
vn 0.7219 0.4862 0.4925
vn -0.6005 0.0074 0.7996
vn 0.7219 -0.4862 0.4925
vn 0.7536 0.1395 -0.6424
vn -0.5486 0.6749 -0.4936
vn -0.6005 -0.0074 0.7996
vn -0.6741 0.3612 -0.6443
vn 0.6434 -0.1269 -0.7550
vn 0.5916 -0.7166 0.3696
vn -0.6958 -0.3257 0.6401
vn -0.5775 -0.3684 -0.7285
vn -0.5778 0.7756 -0.2541
vn 0.6865 0.6916 0.2243
vn 0.6865 -0.6474 -0.3310
vn -0.1990 -0.5195 -0.8310
vn 0.4378 0.7455 -0.5025
vn 0.4716 0.0663 0.8793
vn -0.1640 -0.9691 0.1843
vn -0.1579 -0.1839 -0.9702
vn -0.1580 0.8164 -0.5555
vn 0.4512 0.5773 0.6805
vn 0.4514 -0.8894 0.0723
vn 0.6741 -0.3612 -0.6443
vn -0.6434 0.1269 -0.7550
vn -0.5916 0.7166 0.3696
vn 0.6958 0.3257 0.6401
vn 0.0806 0.5098 0.8565
vn -0.3936 0.7938 -0.4637
vn -0.3939 -0.2334 -0.8890
vn 0.0804 -0.9660 0.2457
vn 0.5775 0.3684 -0.7285
vn 0.5778 -0.7756 -0.2541
vn -0.6865 -0.6916 0.2243
vn -0.6865 0.6474 -0.3310
vn 0.4615 0.4107 -0.7863
vn 0.4055 0.8843 0.2317
vn -0.0730 -0.2449 0.9668
vn -0.0475 -0.9109 -0.4099
vn 0.3939 0.2334 -0.8890
vn -0.0804 0.9660 0.2457
vn -0.0806 -0.5098 0.8565
vn 0.3936 -0.7938 -0.4637
vn -0.4716 -0.0663 0.8793
vn 0.1640 0.9691 0.1843
vn 0.1992 0.5192 -0.8311
vn -0.4378 -0.7455 -0.5025
vn 0.1579 0.1839 -0.9702
vn 0.1580 -0.8164 -0.5555
vn -0.4512 -0.5773 0.6805
vn -0.4514 0.8894 0.0723
vt 0.000000 0.000000
s 1
f 2435/3/2211 2436/3/2212 2421/3/2213 2419/3/2214
f 2436/3/2212 2435/3/2211 2420/3/2215 2422/3/2216
f 2436/3/2212 2437/3/2217 2415/3/2218 2421/3/2213
f 2437/3/2217 2436/3/2212 2422/3/2216 2416/3/2219
f 2437/3/2217 2438/3/2220 2417/3/2221 2415/3/2218
f 2438/3/2220 2437/3/2217 2416/3/2219 2418/3/2222
f 2438/3/2220 2435/3/2211 2419/3/2214 2417/3/2221
f 2435/3/2211 2438/3/2220 2418/3/2222 2420/3/2215
f 2439/3/2223 2440/3/2224 2381/3/2225 2371/3/2226
f 2440/3/2224 2439/3/2223 2372/3/2227 2382/3/2228
f 2440/3/2224 2441/3/2229 2365/3/2230 2381/3/2225
f 2441/3/2229 2440/3/2224 2382/3/2228 2366/3/2231
f 2441/3/2229 2442/3/2232 2367/3/2233 2365/3/2230
f 2442/3/2232 2441/3/2229 2366/3/2231 2368/3/2234
f 2442/3/2232 2439/3/2223 2371/3/2226 2367/3/2233
f 2439/3/2223 2442/3/2232 2368/3/2234 2372/3/2227
f 2443/3/2235 2444/3/2236 2399/3/2237 2433/3/2238
f 2444/3/2236 2443/3/2235 2434/3/2239 2400/3/2240
f 2444/3/2236 2445/3/2241 2431/3/2242 2399/3/2237
f 2445/3/2241 2444/3/2236 2400/3/2240 2432/3/2243
f 2445/3/2241 2446/3/2244 2429/3/2245 2431/3/2242
f 2446/3/2244 2445/3/2241 2432/3/2243 2430/3/2246
f 2446/3/2244 2443/3/2235 2433/3/2238 2429/3/2245
f 2443/3/2235 2446/3/2244 2430/3/2246 2434/3/2239
f 2447/3/2247 2448/3/2248 2361/3/2249 2355/3/2250
f 2448/3/2248 2447/3/2247 2356/3/2251 2362/3/2252
f 2448/3/2248 2449/3/2253 2357/3/2254 2361/3/2249
f 2449/3/2253 2448/3/2248 2362/3/2252 2358/3/2255
f 2449/3/2253 2450/3/2256 2359/3/2257 2357/3/2254
f 2450/3/2256 2449/3/2253 2358/3/2255 2360/3/2258
f 2450/3/2256 2447/3/2247 2355/3/2250 2359/3/2257
f 2447/3/2247 2450/3/2256 2360/3/2258 2356/3/2251
f 2451/3/2259 2452/3/2260 2415/3/2218 2405/3/2261
f 2452/3/2260 2451/3/2259 2406/3/2262 2416/3/2219
f 2452/3/2260 2453/3/2263 2385/3/2264 2415/3/2218
f 2453/3/2263 2452/3/2260 2416/3/2219 2386/3/2265
f 2453/3/2263 2454/3/2266 2393/3/2267 2385/3/2264
f 2454/3/2266 2453/3/2263 2386/3/2265 2394/3/2268
f 2454/3/2266 2451/3/2259 2405/3/2261 2393/3/2267
f 2451/3/2259 2454/3/2266 2394/3/2268 2406/3/2262
f 2455/3/2269 2456/3/2270 2395/3/2271 2387/3/2272
f 2456/3/2270 2455/3/2269 2388/3/2273 2396/3/2274
f 2456/3/2270 2457/3/2275 2393/3/2267 2395/3/2271
f 2457/3/2275 2456/3/2270 2396/3/2274 2394/3/2268
f 2457/3/2275 2458/3/2276 2381/3/2225 2393/3/2267
f 2458/3/2276 2457/3/2275 2394/3/2268 2382/3/2228
f 2458/3/2276 2455/3/2269 2387/3/2272 2381/3/2225
f 2455/3/2269 2458/3/2276 2382/3/2228 2388/3/2273
f 2459/3/2277 2460/3/2278 2433/3/2238 2413/3/2279
f 2460/3/2278 2459/3/2277 2414/3/2280 2434/3/2239
f 2460/3/2278 2461/3/2281 2429/3/2245 2433/3/2238
f 2461/3/2281 2460/3/2278 2434/3/2239 2430/3/2246
f 2461/3/2281 2462/3/2282 2427/3/2283 2429/3/2245
f 2462/3/2282 2461/3/2281 2430/3/2246 2428/3/2284
f 2462/3/2282 2459/3/2277 2413/3/2279 2427/3/2283
f 2459/3/2277 2462/3/2282 2428/3/2284 2414/3/2280
f 2463/3/2285 2464/3/2286 2403/3/2287 2401/3/2288
f 2464/3/2286 2463/3/2285 2402/3/2289 2404/3/2290
f 2464/3/2286 2465/3/2291 2395/3/2271 2403/3/2287
f 2465/3/2291 2464/3/2286 2404/3/2290 2396/3/2274
f 2465/3/2291 2466/3/2292 2397/3/2293 2395/3/2271
f 2466/3/2292 2465/3/2291 2396/3/2274 2398/3/2294
f 2466/3/2292 2463/3/2285 2401/3/2288 2397/3/2293
f 2463/3/2285 2466/3/2292 2398/3/2294 2402/3/2289
f 2467/3/2295 2468/3/2296 2411/3/2297 2407/3/2298
f 2468/3/2296 2467/3/2295 2408/3/2299 2412/3/2300
f 2468/3/2296 2469/3/2301 2405/3/2261 2411/3/2297
f 2469/3/2301 2468/3/2296 2412/3/2300 2406/3/2262
f 2469/3/2301 2470/3/2302 2403/3/2287 2405/3/2261
f 2470/3/2302 2469/3/2301 2406/3/2262 2404/3/2290
f 2470/3/2302 2467/3/2295 2407/3/2298 2403/3/2287
f 2467/3/2295 2470/3/2302 2404/3/2290 2408/3/2299
f 2471/3/2303 2472/3/2304 2421/3/2213 2415/3/2218
f 2472/3/2304 2471/3/2303 2416/3/2219 2422/3/2216
f 2472/3/2304 2473/3/2305 2369/3/2294 2421/3/2213
f 2473/3/2305 2472/3/2304 2422/3/2216 2370/3/2293
f 2473/3/2305 2474/3/2306 2385/3/2264 2369/3/2294
f 2474/3/2306 2473/3/2305 2370/3/2293 2386/3/2265
f 2474/3/2306 2471/3/2303 2415/3/2218 2385/3/2264
f 2471/3/2303 2474/3/2306 2386/3/2265 2416/3/2219
f 2475/3/2307 2476/3/2308 2433/3/2238 2401/3/2288
f 2476/3/2308 2475/3/2307 2402/3/2289 2434/3/2239
f 2476/3/2308 2477/3/2309 2413/3/2279 2433/3/2238
f 2477/3/2309 2476/3/2308 2434/3/2239 2414/3/2280
f 2477/3/2309 2478/3/2310 2409/3/2311 2413/3/2279
f 2478/3/2310 2477/3/2309 2414/3/2280 2410/3/2312
f 2478/3/2310 2475/3/2307 2401/3/2288 2409/3/2311
f 2475/3/2307 2478/3/2310 2410/3/2312 2402/3/2289
f 2479/3/2313 2480/3/2314 2379/3/2315 2373/3/2316
f 2480/3/2314 2479/3/2313 2374/3/2317 2380/3/2318
f 2480/3/2314 2481/3/2319 2375/3/2320 2379/3/2315
f 2481/3/2319 2480/3/2314 2380/3/2318 2376/3/2321
f 2481/3/2319 2482/3/2322 2363/3/2323 2375/3/2320
f 2482/3/2322 2481/3/2319 2376/3/2321 2364/3/2324
f 2482/3/2322 2479/3/2313 2373/3/2316 2363/3/2323
f 2479/3/2313 2482/3/2322 2364/3/2324 2374/3/2317
f 2483/3/2325 2484/3/2326 2429/3/2245 2427/3/2283
f 2484/3/2326 2483/3/2325 2428/3/2284 2430/3/2246
f 2484/3/2326 2485/3/2327 2423/3/2328 2429/3/2245
f 2485/3/2327 2484/3/2326 2430/3/2246 2424/3/2329
f 2485/3/2327 2486/3/2330 2425/3/2331 2423/3/2328
f 2486/3/2330 2485/3/2327 2424/3/2329 2426/3/2332
f 2486/3/2330 2483/3/2325 2427/3/2283 2425/3/2331
f 2483/3/2325 2486/3/2330 2426/3/2332 2428/3/2284
f 2487/3/2333 2488/3/2334 2431/3/2242 2377/3/2335
f 2488/3/2334 2487/3/2333 2378/3/2336 2432/3/2243
f 2488/3/2334 2489/3/2337 2373/3/2316 2431/3/2242
f 2489/3/2337 2488/3/2334 2432/3/2243 2374/3/2317
f 2489/3/2337 2490/3/2338 2355/3/2250 2373/3/2316
f 2490/3/2338 2489/3/2337 2374/3/2317 2356/3/2251
f 2490/3/2338 2487/3/2333 2377/3/2335 2355/3/2250
f 2487/3/2333 2490/3/2338 2356/3/2251 2378/3/2336
f 2491/3/2339 2492/3/2340 2397/3/2293 2389/3/2341
f 2492/3/2340 2491/3/2339 2390/3/2342 2398/3/2294
f 2492/3/2340 2493/3/2343 2395/3/2271 2397/3/2293
f 2493/3/2343 2492/3/2340 2398/3/2294 2396/3/2274
f 2493/3/2343 2494/3/2344 2387/3/2272 2395/3/2271
f 2494/3/2344 2493/3/2343 2396/3/2274 2388/3/2273
f 2494/3/2344 2491/3/2339 2389/3/2341 2387/3/2272
f 2491/3/2339 2494/3/2344 2388/3/2273 2390/3/2342
f 2495/3/2345 2496/3/2346 2377/3/2335 2369/3/2294
f 2496/3/2346 2495/3/2345 2370/3/2293 2378/3/2336
f 2496/3/2346 2497/3/2347 2355/3/2250 2377/3/2335
f 2497/3/2347 2496/3/2346 2378/3/2336 2356/3/2251
f 2497/3/2347 2498/3/2348 2359/3/2257 2355/3/2250
f 2498/3/2348 2497/3/2347 2356/3/2251 2360/3/2258
f 2498/3/2348 2495/3/2345 2369/3/2294 2359/3/2257
f 2495/3/2345 2498/3/2348 2360/3/2258 2370/3/2293
f 2499/3/2349 2500/3/2350 2397/3/2293 2399/3/2237
f 2500/3/2350 2499/3/2349 2400/3/2240 2398/3/2294
f 2500/3/2350 2501/3/2351 2389/3/2341 2397/3/2293
f 2501/3/2351 2500/3/2350 2398/3/2294 2390/3/2342
f 2501/3/2351 2502/3/2352 2379/3/2315 2389/3/2341
f 2502/3/2352 2501/3/2351 2390/3/2342 2380/3/2318
f 2502/3/2352 2499/3/2349 2399/3/2237 2379/3/2315
f 2499/3/2349 2502/3/2352 2380/3/2318 2400/3/2240
f 2503/3/2353 2504/3/2354 2391/3/2355 2389/3/2341
f 2504/3/2354 2503/3/2353 2390/3/2342 2392/3/2356
f 2504/3/2354 2505/3/2357 2375/3/2320 2391/3/2355
f 2505/3/2357 2504/3/2354 2392/3/2356 2376/3/2321
f 2505/3/2357 2506/3/2358 2379/3/2315 2375/3/2320
f 2506/3/2358 2505/3/2357 2376/3/2321 2380/3/2318
f 2506/3/2358 2503/3/2353 2389/3/2341 2379/3/2315
f 2503/3/2353 2506/3/2358 2380/3/2318 2390/3/2342
f 2507/3/2359 2508/3/2360 2433/3/2238 2399/3/2237
f 2508/3/2360 2507/3/2359 2400/3/2240 2434/3/2239
f 2508/3/2360 2509/3/2361 2401/3/2288 2433/3/2238
f 2509/3/2361 2508/3/2360 2434/3/2239 2402/3/2289
f 2509/3/2361 2510/3/2362 2397/3/2293 2401/3/2288
f 2510/3/2362 2509/3/2361 2402/3/2289 2398/3/2294
f 2510/3/2362 2507/3/2359 2399/3/2237 2397/3/2293
f 2507/3/2359 2510/3/2362 2398/3/2294 2400/3/2240
f 2511/3/2363 2512/3/2364 2391/3/2355 2383/3/2365
f 2512/3/2364 2511/3/2363 2384/3/2366 2392/3/2356
f 2512/3/2364 2513/3/2367 2389/3/2341 2391/3/2355
f 2513/3/2367 2512/3/2364 2392/3/2356 2390/3/2342
f 2513/3/2367 2514/3/2368 2387/3/2272 2389/3/2341
f 2514/3/2368 2513/3/2367 2390/3/2342 2388/3/2273
f 2514/3/2368 2511/3/2363 2383/3/2365 2387/3/2272
f 2511/3/2363 2514/3/2368 2388/3/2273 2384/3/2366
f 2515/3/2369 2516/3/2370 2409/3/2311 2401/3/2288
f 2516/3/2370 2515/3/2369 2402/3/2289 2410/3/2312
f 2516/3/2370 2517/3/2371 2407/3/2298 2409/3/2311
f 2517/3/2371 2516/3/2370 2410/3/2312 2408/3/2299
f 2517/3/2371 2518/3/2372 2403/3/2287 2407/3/2298
f 2518/3/2372 2517/3/2371 2408/3/2299 2404/3/2290
f 2518/3/2372 2515/3/2369 2401/3/2288 2403/3/2287
f 2515/3/2369 2518/3/2372 2404/3/2290 2402/3/2289
f 2519/3/2373 2520/3/2374 2425/3/2331 2419/3/2214
f 2520/3/2374 2519/3/2373 2420/3/2215 2426/3/2332
f 2520/3/2374 2521/3/2375 2423/3/2328 2425/3/2331
f 2521/3/2375 2520/3/2374 2426/3/2332 2424/3/2329
f 2521/3/2375 2522/3/2376 2421/3/2213 2423/3/2328
f 2522/3/2376 2521/3/2375 2424/3/2329 2422/3/2216
f 2522/3/2376 2519/3/2373 2419/3/2214 2421/3/2213
f 2519/3/2373 2522/3/2376 2422/3/2216 2420/3/2215
f 2523/3/2377 2524/3/2378 2385/3/2264 2365/3/2230
f 2524/3/2378 2523/3/2377 2366/3/2231 2386/3/2265
f 2524/3/2378 2525/3/2379 2369/3/2294 2385/3/2264
f 2525/3/2379 2524/3/2378 2386/3/2265 2370/3/2293
f 2525/3/2379 2526/3/2380 2359/3/2257 2369/3/2294
f 2526/3/2380 2525/3/2379 2370/3/2293 2360/3/2258
f 2526/3/2380 2523/3/2377 2365/3/2230 2359/3/2257
f 2523/3/2377 2526/3/2380 2360/3/2258 2366/3/2231
f 2527/3/2381 2528/3/2382 2417/3/2221 2411/3/2297
f 2528/3/2382 2527/3/2381 2412/3/2300 2418/3/2222
f 2528/3/2382 2529/3/2383 2415/3/2218 2417/3/2221
f 2529/3/2383 2528/3/2382 2418/3/2222 2416/3/2219
f 2529/3/2383 2530/3/2384 2405/3/2261 2415/3/2218
f 2530/3/2384 2529/3/2383 2416/3/2219 2406/3/2262
f 2530/3/2384 2527/3/2381 2411/3/2297 2405/3/2261
f 2527/3/2381 2530/3/2384 2406/3/2262 2412/3/2300
f 2531/3/2385 2532/3/2386 2393/3/2267 2381/3/2225
f 2532/3/2386 2531/3/2385 2382/3/2228 2394/3/2268
f 2532/3/2386 2533/3/2387 2385/3/2264 2393/3/2267
f 2533/3/2387 2532/3/2386 2394/3/2268 2386/3/2265
f 2533/3/2387 2534/3/2388 2365/3/2230 2385/3/2264
f 2534/3/2388 2533/3/2387 2386/3/2265 2366/3/2231
f 2534/3/2388 2531/3/2385 2381/3/2225 2365/3/2230
f 2531/3/2385 2534/3/2388 2366/3/2231 2382/3/2228
f 2535/3/2389 2536/3/2390 2367/3/2233 2357/3/2254
f 2536/3/2390 2535/3/2389 2358/3/2255 2368/3/2234
f 2536/3/2390 2537/3/2391 2365/3/2230 2367/3/2233
f 2537/3/2391 2536/3/2390 2368/3/2234 2366/3/2231
f 2537/3/2391 2538/3/2392 2359/3/2257 2365/3/2230
f 2538/3/2392 2537/3/2391 2366/3/2231 2360/3/2258
f 2538/3/2392 2535/3/2389 2357/3/2254 2359/3/2257
f 2535/3/2389 2538/3/2392 2360/3/2258 2358/3/2255
f 2539/3/2393 2540/3/2394 2399/3/2237 2431/3/2242
f 2540/3/2394 2539/3/2393 2432/3/2243 2400/3/2240
f 2540/3/2394 2541/3/2395 2379/3/2315 2399/3/2237
f 2541/3/2395 2540/3/2394 2400/3/2240 2380/3/2318
f 2541/3/2395 2542/3/2396 2373/3/2316 2379/3/2315
f 2542/3/2396 2541/3/2395 2380/3/2318 2374/3/2317
f 2542/3/2396 2539/3/2393 2431/3/2242 2373/3/2316
f 2539/3/2393 2542/3/2396 2374/3/2317 2432/3/2243
f 2543/3/2397 2544/3/2398 2377/3/2335 2423/3/2328
f 2544/3/2398 2543/3/2397 2424/3/2329 2378/3/2336
f 2544/3/2398 2545/3/2399 2369/3/2294 2377/3/2335
f 2545/3/2399 2544/3/2398 2378/3/2336 2370/3/2293
f 2545/3/2399 2546/3/2400 2421/3/2213 2369/3/2294
f 2546/3/2400 2545/3/2399 2370/3/2293 2422/3/2216
f 2546/3/2400 2543/3/2397 2423/3/2328 2421/3/2213
f 2543/3/2397 2546/3/2400 2422/3/2216 2424/3/2329
f 2547/3/2401 2548/3/2402 2387/3/2272 2383/3/2365
f 2548/3/2402 2547/3/2401 2384/3/2366 2388/3/2273
f 2548/3/2402 2549/3/2403 2381/3/2225 2387/3/2272
f 2549/3/2403 2548/3/2402 2388/3/2273 2382/3/2228
f 2549/3/2403 2550/3/2404 2371/3/2226 2381/3/2225
f 2550/3/2404 2549/3/2403 2382/3/2228 2372/3/2227
f 2550/3/2404 2547/3/2401 2383/3/2365 2371/3/2226
f 2547/3/2401 2550/3/2404 2372/3/2227 2384/3/2366
f 2551/3/2405 2552/3/2406 2405/3/2261 2403/3/2287
f 2552/3/2406 2551/3/2405 2404/3/2290 2406/3/2262
f 2552/3/2406 2553/3/2407 2393/3/2267 2405/3/2261
f 2553/3/2407 2552/3/2406 2406/3/2262 2394/3/2268
f 2553/3/2407 2554/3/2408 2395/3/2271 2393/3/2267
f 2554/3/2408 2553/3/2407 2394/3/2268 2396/3/2274
f 2554/3/2408 2551/3/2405 2403/3/2287 2395/3/2271
f 2551/3/2405 2554/3/2408 2396/3/2274 2404/3/2290
f 2555/3/2409 2556/3/2410 2373/3/2316 2355/3/2250
f 2556/3/2410 2555/3/2409 2356/3/2251 2374/3/2317
f 2556/3/2410 2557/3/2411 2363/3/2323 2373/3/2316
f 2557/3/2411 2556/3/2410 2374/3/2317 2364/3/2324
f 2557/3/2411 2558/3/2412 2361/3/2249 2363/3/2323
f 2558/3/2412 2557/3/2411 2364/3/2324 2362/3/2252
f 2558/3/2412 2555/3/2409 2355/3/2250 2361/3/2249
f 2555/3/2409 2558/3/2412 2362/3/2252 2356/3/2251
f 2559/3/2413 2560/3/2414 2431/3/2242 2429/3/2245
f 2560/3/2414 2559/3/2413 2430/3/2246 2432/3/2243
f 2560/3/2414 2561/3/2415 2377/3/2335 2431/3/2242
f 2561/3/2415 2560/3/2414 2432/3/2243 2378/3/2336
f 2561/3/2415 2562/3/2416 2423/3/2328 2377/3/2335
f 2562/3/2416 2561/3/2415 2378/3/2336 2424/3/2329
f 2562/3/2416 2559/3/2413 2429/3/2245 2423/3/2328
f 2559/3/2413 2562/3/2416 2424/3/2329 2430/3/2246
