# Blender 4.5.3 LTS
# www.blender.org
mtllib Glass-pintop.mtl
o Sphere_007_Sphere_006_102919828461258
v 0.000000 0.022500 0.112044
v -0.000001 0.024500 0.112043
v 0.100011 0.022500 0.100011
v 0.100010 0.024500 0.100010
v 0.079227 0.022500 0.079227
v 0.079226 0.024500 0.079226
v 0.112044 0.022500 -0.000000
v 0.112043 0.024500 -0.000001
v 0.141437 0.022500 -0.000000
v 0.141436 0.024500 -0.000001
v 0.000000 0.022500 0.141437
v -0.000001 0.024500 0.141436
v -0.100011 0.022500 0.100011
v -0.100012 0.024500 0.100010
v -0.079227 0.022500 0.079227
v -0.079228 0.024500 0.079226
v -0.112044 0.022500 -0.000000
v -0.112045 0.024500 -0.000001
v -0.141437 0.022500 -0.000000
v -0.141438 0.024500 -0.000001
v -0.100011 0.022500 -0.100011
v -0.100012 0.024500 -0.100012
v -0.079227 0.022500 -0.079227
v -0.079228 0.024500 -0.079228
v 0.000000 0.022500 -0.112044
v -0.000001 0.024500 -0.112045
v 0.000000 0.022500 -0.141437
v -0.000001 0.024500 -0.141438
v 0.100011 0.022500 -0.100011
v 0.100010 0.024500 -0.100012
v 0.079227 0.022500 -0.079227
v 0.079226 0.024500 -0.079228
v 0.112044 0.022500 -0.000000
v 0.112043 0.024500 -0.000001
v 0.141437 0.022500 -0.000000
v 0.141436 0.024500 -0.000001
v -0.100011 0.022500 -0.100011
v -0.101421 0.022661 -0.101421
v -0.145069 -0.022500 0.000000
v -0.147063 -0.022339 0.000000
v -0.141437 0.022500 -0.000000
v -0.143431 0.022661 -0.000001
v -0.100011 0.022500 0.100011
v -0.101421 0.022661 0.101421
v -0.102579 -0.022500 -0.102579
v -0.103989 -0.022339 -0.103989
v -0.102579 -0.022500 0.102579
v -0.103989 -0.022339 0.103989
v 0.000000 -0.022500 -0.145069
v 0.000000 -0.022339 -0.147063
v 0.000000 -0.022500 0.145069
v 0.000000 -0.022339 0.147063
v 0.000000 0.022500 -0.141437
v -0.000001 0.022661 -0.143431
v 0.000000 0.022500 0.141437
v -0.000001 0.022661 0.143431
v 0.100011 0.022500 -0.100011
v 0.101421 0.022661 -0.101421
v 0.100011 0.022500 0.100011
v 0.101421 0.022661 0.101421
v 0.102579 -0.022500 -0.102579
v 0.103989 -0.022339 -0.103989
v 0.145069 -0.022500 0.000000
v 0.147063 -0.022339 -0.000001
v 0.141437 0.022500 -0.000000
v 0.143431 0.022661 -0.000001
v 0.102579 -0.022500 0.102579
v 0.103989 -0.022339 0.103989
v 0.145069 -0.022500 0.000000
v 0.147063 -0.022339 -0.000001
v 0.141437 0.022500 -0.000000
v 0.143431 0.022661 -0.000001
v 0.145602 -0.021422 0.000924
v 0.142131 0.021583 0.000924
v 0.101156 0.021583 0.099848
v 0.103610 -0.021422 0.102303
v -0.099246 0.023500 -0.099246
v -0.140355 0.023500 -0.000000
v -0.099246 0.023500 0.099245
v -0.000000 0.023500 0.140354
v 0.099245 0.023500 0.099245
v 0.139940 0.023500 0.001000
v 0.112712 0.023500 0.001000
v 0.079992 0.023500 0.079992
v -0.000000 0.023500 0.113126
v -0.079993 0.023500 0.079992
v -0.113127 0.023500 -0.000000
v -0.079993 0.023500 -0.079993
v -0.000000 0.023500 -0.113127
v 0.079992 0.023500 -0.079993
v 0.112712 0.023500 -0.001000
v 0.139940 0.023500 -0.001000
v 0.099245 0.023500 -0.099246
v -0.000000 0.023500 -0.140355
v -0.145602 -0.021422 0.000924
v -0.103610 -0.021422 0.102303
v -0.101156 0.021583 0.099848
v -0.142131 0.021583 0.000924
v -0.099848 0.021583 -0.101156
v -0.000925 0.021583 -0.142131
v -0.000924 -0.021422 -0.145602
v -0.102303 -0.021422 -0.103610
v -0.000924 -0.021422 0.145602
v -0.000925 0.021583 0.142131
v -0.099848 0.021583 0.101156
v -0.102303 -0.021422 0.103610
v 0.000924 -0.021422 0.145602
v 0.102303 -0.021422 0.103610
v 0.099848 0.021583 0.101156
v 0.000924 0.021583 0.142131
v 0.101156 0.021583 -0.099848
v 0.142131 0.021583 -0.000925
v 0.145602 -0.021422 -0.000925
v 0.103610 -0.021422 -0.102303
v 0.099848 0.021583 -0.101156
v 0.102303 -0.021422 -0.103610
v 0.000924 -0.021422 -0.145602
v 0.000924 0.021583 -0.142131
v -0.101156 0.021583 -0.099848
v -0.103610 -0.021422 -0.102303
v -0.145602 -0.021422 -0.000924
v -0.142131 0.021583 -0.000925
vn -0.1329 0.9167 0.3769
vn -0.4582 -0.5853 0.6689
vn -0.9669 -0.2497 0.0525
vn -0.9952 0.0889 0.0413
vn 0.8391 0.3910 0.3783
vn 0.8856 -0.2476 0.3930
vn 0.4755 -0.6775 -0.5612
vn -0.5969 -0.5362 -0.5969
vn 0.6601 -0.3584 0.6601
vn 0.3861 0.6815 -0.6217
vn -0.6502 0.3930 -0.6502
vn 0.6108 0.5039 0.6108
vn 0.7066 0.0003 0.7076
vn 1.0000 -0.0004 -0.0000
vn 0.6785 -0.7346 0.0003
vn 0.4797 -0.7347 0.4797
vn 0.4794 0.7350 0.4794
vn 0.6782 0.7349 -0.0003
vn 0.7071 -0.0007 -0.7071
vn 0.4801 -0.7345 -0.4795
vn 0.4795 0.7345 -0.4801
vn 0.0006 -0.0006 -1.0000
vn 0.0003 -0.7344 -0.6787
vn -0.0003 0.7342 -0.6790
vn -0.7071 0.0003 -0.7071
vn -0.4800 -0.7343 -0.4800
vn -0.4802 0.7340 -0.4802
vn -0.8315 -0.0007 0.5556
vn -0.4036 -0.8741 0.2702
vn -0.4041 0.8741 0.2695
vn 0.5556 -0.0003 0.8315
vn 0.3552 -0.7691 0.5314
vn 0.3548 0.7694 0.5312
vn 0.7071 -0.0006 0.7071
vn 0.4796 -0.7348 0.4796
vn 0.4794 0.7351 0.4794
vn -0.0000 -0.0006 1.0000
vn 0.0005 -0.7347 0.6784
vn -0.0005 0.7349 0.6781
vn -0.7068 -0.0006 0.7074
vn -0.4794 -0.7345 0.4804
vn -0.4804 0.7345 0.4794
vn -1.0000 0.0001 0.0008
vn -0.6788 -0.7343 0.0005
vn -0.6791 0.7341 -0.0005
vn -0.7071 0.0006 -0.7071
vn -0.4803 0.7339 -0.4803
vn 0.0008 0.0001 -1.0000
vn 0.0005 -0.7343 -0.6788
vn -0.0005 0.7341 -0.6791
vn 0.7074 -0.0006 -0.7068
vn 0.4804 -0.7345 -0.4794
vn 0.4794 0.7345 -0.4804
vn 0.5556 -0.0007 -0.8315
vn 0.3556 -0.7689 -0.5314
vn 0.3549 0.7689 -0.5319
vn -0.8318 -0.0000 -0.5551
vn -0.4041 -0.8740 -0.2699
vn -0.4042 0.8739 -0.2702
vn -0.7071 -0.0007 0.7071
vn -0.4795 -0.7345 0.4801
vn -0.4801 0.7345 0.4795
vn -0.0000 -0.0004 1.0000
vn 0.0003 -0.7346 0.6785
vn -0.0003 0.7349 0.6782
vn 0.1665 0.6815 0.7126
vn -0.3861 0.6815 -0.6217
vn 0.6502 0.3930 -0.6502
vn 0.9195 0.3930 0.0001
vn -0.8638 0.5039 -0.0001
vn -0.6108 0.5039 0.6108
vn -0.4755 -0.6775 -0.5612
vn 0.5969 -0.5362 -0.5969
vn -0.6601 -0.3584 0.6601
vn 0.0609 -0.6774 0.7331
vn 0.8442 -0.5361 0.0003
vn -0.9336 -0.3584 -0.0006
vn 0.5611 -0.6776 -0.4755
vn -0.7329 -0.6776 0.0611
vn 0.0003 -0.5361 0.8442
vn 0.5969 -0.5362 0.5969
vn -0.6601 -0.3584 -0.6601
vn -0.0006 -0.3584 -0.9336
vn -0.7126 0.6815 0.1667
vn 0.0001 0.3930 0.9195
vn -0.0001 0.5039 -0.8638
vn 0.6217 0.6815 -0.3861
vn 0.6502 0.3930 0.6502
vn -0.6108 0.5039 -0.6108
vn -0.7126 0.6815 -0.1667
vn -0.7329 -0.6776 -0.0611
vn 0.0003 -0.5361 -0.8442
vn 0.0001 0.3930 -0.9195
vn -0.0001 0.5039 0.8638
vn -0.0006 -0.3584 0.9336
vn 0.5611 -0.6776 0.4755
vn 0.6217 0.6815 0.3861
vn 0.7126 0.6815 -0.1665
vn -0.6217 0.6815 0.3861
vn -0.5612 -0.6775 0.4755
vn 0.7331 -0.6774 -0.0609
vn 0.4754 -0.6776 0.5611
vn -0.4577 -0.5860 -0.6686
vn -0.9667 -0.2503 -0.0526
vn -0.5969 -0.5362 0.5969
vn 0.6601 -0.3584 -0.6601
vn 0.8851 -0.2478 -0.3939
vn -0.5423 0.5263 -0.6549
vn -0.9951 0.0895 -0.0414
vn 0.8385 0.3913 -0.3792
vn 0.3861 0.6815 0.6217
vn -0.6502 0.3930 0.6502
vn 0.6108 0.5039 -0.6108
vn -0.5612 -0.6775 -0.4755
vn -0.6217 0.6815 -0.3861
vn 0.7126 0.6815 0.1665
vn 0.7331 -0.6774 0.0609
vn -0.4754 -0.6776 0.5611
vn -0.3861 0.6815 0.6217
vn 0.1667 0.6815 -0.7126
vn 0.0612 -0.6776 -0.7329
vt 1.000000 0.835911
vt 0.875000 0.835911
vt 0.375000 0.835911
vt 0.500000 0.835911
vt 0.625000 0.835911
vt 0.750000 0.835911
vt 0.250000 0.835911
vt 0.125000 0.835911
vt 0.000000 0.835911
s 1
f 73/1/1 74/1/2 71/1/3 69/1/4
f 74/1/2 73/1/1 70/1/5 72/1/6
f 74/1/2 75/2/7 59/2/8 71/1/3
f 75/2/7 74/1/2 72/1/6 60/2/9
f 75/2/7 76/2/10 67/2/11 59/2/8
f 76/2/10 75/2/7 60/2/9 68/2/12
f 76/2/10 73/1/1 69/1/4 67/2/11
f 73/1/1 76/2/10 68/2/12 70/1/5
f 77/3/13 78/4/14 19/4/15 21/3/16
f 78/4/14 77/3/13 22/3/17 20/4/18
f 78/4/14 79/5/19 13/5/20 19/4/15
f 79/5/19 78/4/14 20/4/18 14/5/21
f 79/5/19 80/6/22 11/6/23 13/5/20
f 80/6/22 79/5/19 14/5/21 12/6/24
f 80/6/22 81/2/25 3/2/26 11/6/23
f 81/2/25 80/6/22 12/6/24 4/2/27
f 81/2/25 82/1/28 9/1/29 3/2/26
f 82/1/28 81/2/25 4/2/27 10/1/30
f 82/1/28 83/1/31 7/1/32 9/1/29
f 83/1/31 82/1/28 10/1/30 8/1/33
f 83/1/31 84/2/34 5/2/35 7/1/32
f 84/2/34 83/1/31 8/1/33 6/2/36
f 84/2/34 85/6/37 1/6/38 5/2/35
f 85/6/37 84/2/34 6/2/36 2/6/39
f 85/6/37 86/5/40 15/5/41 1/6/38
f 86/5/40 85/6/37 2/6/39 16/5/42
f 86/5/40 87/4/43 17/4/44 15/5/41
f 87/4/43 86/5/40 16/5/42 18/4/45
f 87/4/43 88/3/46 23/3/26 17/4/44
f 88/3/46 87/4/43 18/4/45 24/3/47
f 88/3/46 89/7/48 25/7/49 23/3/26
f 89/7/48 88/3/46 24/3/47 26/7/50
f 89/7/48 90/8/51 31/8/52 25/7/49
f 90/8/51 89/7/48 26/7/50 32/8/53
f 90/8/51 91/9/54 33/9/55 31/8/52
f 91/9/54 90/8/51 32/8/53 34/9/56
f 91/9/54 92/9/57 35/9/58 33/9/55
f 92/9/57 91/9/54 34/9/56 36/9/59
f 92/9/57 93/8/60 29/8/61 35/9/58
f 93/8/60 92/9/57 36/9/59 30/8/62
f 93/8/60 94/7/63 27/7/64 29/8/61
f 94/7/63 93/8/60 30/8/62 28/7/65
f 94/7/63 77/3/13 21/3/16 27/7/64
f 77/3/13 94/7/63 28/7/65 22/3/17
f 95/4/66 96/5/67 47/5/68 39/4/69
f 96/5/67 95/4/66 40/4/70 48/5/71
f 96/5/67 97/5/72 43/5/73 47/5/68
f 97/5/72 96/5/67 48/5/71 44/5/74
f 97/5/72 98/4/75 41/4/76 43/5/73
f 98/4/75 97/5/72 44/5/74 42/4/77
f 98/4/75 95/4/66 39/4/69 41/4/76
f 95/4/66 98/4/75 42/4/77 40/4/70
f 99/3/78 100/7/79 53/7/80 37/3/81
f 100/7/79 99/3/78 38/3/82 54/7/83
f 100/7/79 101/7/84 49/7/85 53/7/80
f 101/7/84 100/7/79 54/7/83 50/7/86
f 101/7/84 102/3/87 45/3/88 49/7/85
f 102/3/87 101/7/84 50/7/86 46/3/89
f 102/3/87 99/3/78 37/3/81 45/3/88
f 99/3/78 102/3/87 46/3/89 38/3/82
f 103/6/90 104/6/91 55/6/92 51/6/93
f 104/6/91 103/6/90 52/6/94 56/6/95
f 104/6/91 105/5/96 43/5/73 55/6/92
f 105/5/96 104/6/91 56/6/95 44/5/74
f 105/5/96 106/5/97 47/5/68 43/5/73
f 106/5/97 105/5/96 44/5/74 48/5/71
f 106/5/97 103/6/90 51/6/93 47/5/68
f 103/6/90 106/5/97 48/5/71 52/6/94
f 107/6/98 108/2/99 67/2/11 51/6/93
f 108/2/99 107/6/98 52/6/94 68/2/12
f 108/2/99 109/2/100 59/2/8 67/2/11
f 109/2/100 108/2/99 68/2/12 60/2/9
f 109/2/100 110/6/101 55/6/92 59/2/8
f 110/6/101 109/2/100 60/2/9 56/6/95
f 110/6/101 107/6/98 51/6/93 55/6/92
f 107/6/98 110/6/101 56/6/95 52/6/94
f 111/8/102 112/9/103 65/9/104 57/8/105
f 112/9/103 111/8/102 58/8/106 66/9/107
f 112/9/103 113/9/108 63/9/109 65/9/104
f 113/9/108 112/9/103 66/9/107 64/9/110
f 113/9/108 114/8/111 61/8/112 63/9/109
f 114/8/111 113/9/108 64/9/110 62/8/113
f 114/8/111 111/8/102 57/8/105 61/8/112
f 111/8/102 114/8/111 62/8/113 58/8/106
f 115/8/114 116/8/115 61/8/112 57/8/105
f 116/8/115 115/8/114 58/8/106 62/8/113
f 116/8/115 117/7/116 49/7/85 61/8/112
f 117/7/116 116/8/115 62/8/113 50/7/86
f 117/7/116 118/7/117 53/7/80 49/7/85
f 118/7/117 117/7/116 50/7/86 54/7/83
f 118/7/117 115/8/114 57/8/105 53/7/80
f 115/8/114 118/7/117 54/7/83 58/8/106
f 119/3/118 120/3/119 45/3/88 37/3/81
f 120/3/119 119/3/118 38/3/82 46/3/89
f 120/3/119 121/4/120 39/4/69 45/3/88
f 121/4/120 120/3/119 46/3/89 40/4/70
f 121/4/120 122/4/121 41/4/76 39/4/69
f 122/4/121 121/4/120 40/4/70 42/4/77
f 122/4/121 119/3/118 37/3/81 41/4/76
f 119/3/118 122/4/121 42/4/77 38/3/82
o Torus_002_Torus_002_103443089323686
v -0.002696 0.108127 -0.145348
v -0.002695 0.108128 -0.147348
v 0.005601 0.103336 -0.145348
v 0.005602 0.103337 -0.147348
v -0.005462 0.103336 -0.145348
v -0.005461 0.103337 -0.147348
v 0.002836 0.108127 -0.145348
v 0.002837 0.108128 -0.147348
v -0.002696 0.098545 -0.145348
v -0.002695 0.098546 -0.147348
v 0.002836 0.098545 -0.145348
v 0.002837 0.098546 -0.147348
v 0.000051 0.110286 -0.031574
v 0.000052 0.108872 -0.030160
v 0.004744 0.114476 -0.024621
v 0.005839 0.112802 -0.024620
v 0.000051 0.113166 -0.024621
v 0.000052 0.111166 -0.024620
v 0.004744 0.111212 -0.032501
v 0.005839 0.110029 -0.031318
v 0.008051 0.113684 -0.034972
v 0.009868 0.113093 -0.034381
v 0.008051 0.117971 -0.024621
v 0.009867 0.117134 -0.024620
v 0.009110 0.122570 -0.024621
v 0.011100 0.122766 -0.024620
v 0.009110 0.116935 -0.038224
v 0.011100 0.117073 -0.038362
v 0.007765 0.120070 -0.041358
v 0.009414 0.120871 -0.042158
v 0.007765 0.127003 -0.024621
v 0.009413 0.128135 -0.024620
v 0.004457 0.130166 -0.024621
v 0.005382 0.131939 -0.024620
v 0.004457 0.122307 -0.043595
v 0.005382 0.123561 -0.044849
v 0.000051 0.131309 -0.024621
v 0.000052 0.133309 -0.024620
v 0.000051 0.123115 -0.044403
v 0.000052 0.124529 -0.045817
v -0.004354 0.122307 -0.043595
v -0.005279 0.123561 -0.044849
v -0.004354 0.130166 -0.024621
v -0.005279 0.131939 -0.024620
v -0.007662 0.120070 -0.041358
v -0.009311 0.120871 -0.042158
v -0.007662 0.127003 -0.024621
v -0.009310 0.128136 -0.024620
v -0.009007 0.122570 -0.024621
v -0.010997 0.122766 -0.024620
v -0.009007 0.116935 -0.038224
v -0.010997 0.117073 -0.038362
v -0.007948 0.113684 -0.034972
v -0.009765 0.113093 -0.034381
v -0.007948 0.117971 -0.024621
v -0.009764 0.117134 -0.024620
v -0.004641 0.114476 -0.024621
v -0.005736 0.112803 -0.024620
v -0.004641 0.111212 -0.032501
v -0.005736 0.110029 -0.031318
v 0.000051 0.110286 -0.031574
v 0.000052 0.108872 -0.030160
v 0.000051 0.113166 -0.024621
v 0.000052 0.111166 -0.024620
v -0.004641 0.095454 -0.032501
v -0.005736 0.096637 -0.031318
v -0.007948 0.103333 -0.039259
v -0.009764 0.103334 -0.038422
v -0.007948 0.092982 -0.034972
v -0.009765 0.093573 -0.034381
v -0.004641 0.103333 -0.035764
v -0.005736 0.103334 -0.034091
v 0.000051 0.096380 -0.031574
v 0.000052 0.097794 -0.030160
v 0.000051 0.103333 -0.034454
v 0.000052 0.103334 -0.032454
v -0.004641 0.103333 -0.035764
v -0.005736 0.103334 -0.034090
v -0.004641 0.111212 -0.032501
v -0.005736 0.110029 -0.031318
v -0.007948 0.103333 -0.039259
v -0.009764 0.103334 -0.038422
v -0.007948 0.113684 -0.034972
v -0.009765 0.113093 -0.034381
v -0.009007 0.116935 -0.038224
v -0.010997 0.117073 -0.038362
v -0.009007 0.103333 -0.043858
v -0.010997 0.103334 -0.044054
v -0.007662 0.103333 -0.048291
v -0.009310 0.103334 -0.049423
v -0.007662 0.120070 -0.041358
v -0.009311 0.120870 -0.042159
v -0.004354 0.103333 -0.051454
v -0.005279 0.103334 -0.053227
v -0.004354 0.122307 -0.043595
v -0.005279 0.123561 -0.044849
v 0.000051 0.103333 -0.052597
v 0.000052 0.103334 -0.054597
v 0.004457 0.122307 -0.043595
v 0.005382 0.123561 -0.044849
v 0.004457 0.103333 -0.051454
v 0.005382 0.103334 -0.053227
v 0.007765 0.120070 -0.041358
v 0.009414 0.120870 -0.042159
v 0.007765 0.103333 -0.048291
v 0.009413 0.103334 -0.049424
v 0.009110 0.116935 -0.038224
v 0.011100 0.117073 -0.038362
v 0.009110 0.103333 -0.043858
v 0.011100 0.103334 -0.044054
v 0.008051 0.103333 -0.039259
v 0.009867 0.103334 -0.038422
v 0.008051 0.113684 -0.034972
v 0.009868 0.113093 -0.034381
v 0.004744 0.111212 -0.032501
v 0.005839 0.110029 -0.031318
v 0.004744 0.103333 -0.035764
v 0.005839 0.103334 -0.034091
v 0.000051 0.103333 -0.034454
v 0.000052 0.103334 -0.032454
v 0.009110 0.116935 -0.011019
v 0.011100 0.117073 -0.010881
v 0.009110 0.103333 -0.005385
v 0.011100 0.103334 -0.005189
v 0.008051 0.103333 -0.009983
v 0.009867 0.103334 -0.010820
v 0.008051 0.113684 -0.014271
v 0.009868 0.113093 -0.014862
v 0.004744 0.111212 -0.016742
v 0.005839 0.110029 -0.017925
v 0.004744 0.103333 -0.013478
v 0.005839 0.103334 -0.015152
v 0.000051 0.110286 -0.017669
v 0.000052 0.108872 -0.019083
v 0.000051 0.103333 -0.014789
v 0.000052 0.103334 -0.016789
v 0.004744 0.114476 -0.024621
v 0.005839 0.112803 -0.024620
v 0.000051 0.113166 -0.024621
v 0.000052 0.111166 -0.024620
v 0.004744 0.111212 -0.016742
v 0.005839 0.110029 -0.017925
v 0.008051 0.113684 -0.014271
v 0.009868 0.113093 -0.014862
v 0.008051 0.117971 -0.024621
v 0.009867 0.117134 -0.024620
v 0.009110 0.122570 -0.024621
v 0.011100 0.122766 -0.024620
v 0.009110 0.116935 -0.011019
v 0.011100 0.117073 -0.010881
v 0.007765 0.120070 -0.007884
v 0.009414 0.120871 -0.007084
v 0.007765 0.127003 -0.024621
v 0.009413 0.128136 -0.024620
v 0.004457 0.130166 -0.024621
v 0.005382 0.131939 -0.024620
v 0.004457 0.122307 -0.005648
v 0.005382 0.123561 -0.004394
v 0.000051 0.131309 -0.024621
v 0.000052 0.133309 -0.024620
v 0.000051 0.123115 -0.004839
v 0.000052 0.124529 -0.003425
v -0.004354 0.122307 -0.005648
v -0.005279 0.123561 -0.004394
v -0.004354 0.130166 -0.024621
v -0.005279 0.131939 -0.024620
v -0.007662 0.120070 -0.007884
v -0.009311 0.120871 -0.007084
v -0.007662 0.127003 -0.024621
v -0.009310 0.128135 -0.024620
v -0.009007 0.122570 -0.024621
v -0.010997 0.122766 -0.024620
v -0.009007 0.116935 -0.011019
v -0.010997 0.117073 -0.010881
v -0.007948 0.113684 -0.014271
v -0.009765 0.113093 -0.014862
v -0.007948 0.117971 -0.024621
v -0.009764 0.117134 -0.024620
v -0.004641 0.114476 -0.024621
v -0.005736 0.112802 -0.024620
v -0.004641 0.111212 -0.016742
v -0.005736 0.110029 -0.017925
v 0.000051 0.110286 -0.017669
v 0.000052 0.108872 -0.019083
v 0.000051 0.113166 -0.024621
v 0.000052 0.111166 -0.024620
v -0.002696 0.108127 -0.145348
v -0.003696 0.109859 -0.145347
v 0.002836 0.108127 -0.039453
v 0.003836 0.109859 -0.039452
v 0.002836 0.108127 -0.145348
v 0.003836 0.109859 -0.145347
v -0.002696 0.108127 -0.039453
v -0.003696 0.109859 -0.039452
v -0.106206 -0.092819 0.114640
v -0.107620 -0.093977 0.115452
v 0.000000 -0.128855 0.139872
v 0.000001 -0.130493 0.141020
v 0.000000 -0.122646 0.144744
v 0.000001 -0.123439 0.146580
v 0.000000 -0.131309 0.132372
v 0.000001 -0.133306 0.132488
v -0.104586 -0.095823 0.107524
v -0.105790 -0.097411 0.107355
v -0.100327 -0.095177 0.101021
v -0.100957 -0.096719 0.099914
v 0.000000 -0.129218 0.124857
v 0.000001 -0.130974 0.123900
v -0.095020 -0.091297 0.097310
v -0.094874 -0.092320 0.095598
v 0.000000 -0.123537 0.119886
v 0.000001 -0.124509 0.118138
v -0.090562 -0.085889 0.097262
v -0.089699 -0.086091 0.095469
v 0.000000 -0.116617 0.118777
v 0.000001 -0.116528 0.116779
v 0.000000 -0.110855 0.120871
v 0.000001 -0.109828 0.119155
v -0.088074 -0.080972 0.099946
v -0.086783 -0.080383 0.098536
v 0.000000 -0.107033 0.124592
v 0.000001 -0.105395 0.123444
v -0.087370 -0.077389 0.103835
v -0.085956 -0.076231 0.103023
v -0.124555 -0.008826 0.049430
v -0.122730 -0.009296 0.048761
v -0.123559 -0.005820 0.053722
v -0.121559 -0.005819 0.053723
v -0.088074 -0.080972 0.099946
v -0.086783 -0.080383 0.098536
v -0.128074 -0.011705 0.045318
v -0.126855 -0.012615 0.044019
v -0.090562 -0.085889 0.097262
v -0.089699 -0.086091 0.095469
v -0.134379 -0.013461 0.042810
v -0.134173 -0.014602 0.041180
v -0.095020 -0.091297 0.097310
v -0.094874 -0.092320 0.095598
v -0.100327 -0.095177 0.101021
v -0.100957 -0.096719 0.099914
v -0.141884 -0.012994 0.043476
v -0.142774 -0.014021 0.042009
v -0.147906 -0.010152 0.047536
v -0.149609 -0.010753 0.046677
v -0.104586 -0.095823 0.107524
v -0.105791 -0.097410 0.107355
v -0.150198 -0.005820 0.053722
v -0.152198 -0.005819 0.053723
v -0.104586 -0.087160 0.119896
v -0.105790 -0.087544 0.121446
v 0.007765 0.086596 -0.041358
v 0.009414 0.085795 -0.042158
v 0.009110 0.084096 -0.024621
v 0.011100 0.083900 -0.024620
v 0.007765 0.079663 -0.024621
v 0.009413 0.078530 -0.024620
v 0.009110 0.089731 -0.038224
v 0.011100 0.089593 -0.038362
v 0.008051 0.092982 -0.034972
v 0.009868 0.093573 -0.034381
v 0.008051 0.088695 -0.024621
v 0.009867 0.089532 -0.024620
v 0.004744 0.092190 -0.024621
v 0.005839 0.093863 -0.024620
v 0.004744 0.095454 -0.032501
v 0.005839 0.096637 -0.031318
v 0.000051 0.096380 -0.031574
v 0.000052 0.097794 -0.030160
v 0.000051 0.093500 -0.024621
v 0.000052 0.095500 -0.024620
v 0.004744 0.103333 -0.035764
v 0.005839 0.103334 -0.034090
v 0.004744 0.095454 -0.032501
v 0.005839 0.096637 -0.031318
v 0.008051 0.103333 -0.039259
v 0.009867 0.103334 -0.038422
v 0.008051 0.092982 -0.034972
v 0.009868 0.093573 -0.034381
v 0.009110 0.089731 -0.038224
v 0.011100 0.089593 -0.038362
v 0.009110 0.103333 -0.043858
v 0.011100 0.103334 -0.044054
v 0.007765 0.103333 -0.048291
v 0.009413 0.103334 -0.049423
v 0.007765 0.086596 -0.041358
v 0.009414 0.085796 -0.042159
v 0.004457 0.103333 -0.051454
v 0.005382 0.103334 -0.053227
v 0.004457 0.084359 -0.043595
v 0.005382 0.083105 -0.044849
v 0.000051 0.083551 -0.044403
v 0.000052 0.082137 -0.045817
v -0.004354 0.084359 -0.043595
v -0.005279 0.083105 -0.044849
v -0.004354 0.103333 -0.051454
v -0.005279 0.103334 -0.053227
v -0.007662 0.086596 -0.041358
v -0.009311 0.085796 -0.042159
v -0.007662 0.103333 -0.048291
v -0.009310 0.103334 -0.049424
v -0.009007 0.089731 -0.038224
v -0.010997 0.089593 -0.038362
v -0.009007 0.103333 -0.043858
v -0.010997 0.103334 -0.044054
v -0.005462 0.103336 -0.145348
v -0.007462 0.103337 -0.145347
v -0.002696 0.108127 -0.039453
v -0.003696 0.109859 -0.039452
v -0.002696 0.108127 -0.145348
v -0.003696 0.109859 -0.145347
v -0.005462 0.103336 -0.039453
v -0.007462 0.103337 -0.039452
v 0.106206 -0.092819 0.114640
v 0.107620 -0.093977 0.115452
v 0.000000 -0.122646 0.144744
v 0.000001 -0.123439 0.146580
v 0.000000 -0.131309 0.132372
v 0.000001 -0.133306 0.132488
v 0.104585 -0.095823 0.107524
v 0.105790 -0.097411 0.107355
v 0.100326 -0.095177 0.101021
v 0.100956 -0.096719 0.099914
v 0.000000 -0.129218 0.124857
v 0.000001 -0.130974 0.123900
v 0.095019 -0.091297 0.097310
v 0.094873 -0.092320 0.095598
v 0.000000 -0.123537 0.119886
v 0.000001 -0.124509 0.118138
v 0.090561 -0.085889 0.097262
v 0.089698 -0.086091 0.095469
v 0.000000 -0.116617 0.118777
v 0.000001 -0.116528 0.116779
v 0.000000 -0.110855 0.120871
v 0.000001 -0.109828 0.119155
v 0.088073 -0.080972 0.099946
v 0.086783 -0.080383 0.098536
v 0.087369 -0.077389 0.103835
v 0.085955 -0.076231 0.103023
v 0.123558 -0.005820 0.053722
v 0.121558 -0.005819 0.053723
v 0.124555 -0.008826 0.049430
v 0.122730 -0.009296 0.048761
v 0.088073 -0.080972 0.099946
v 0.086782 -0.080383 0.098536
v 0.128073 -0.011705 0.045318
v 0.126854 -0.012615 0.044019
v 0.090561 -0.085889 0.097262
v 0.089698 -0.086091 0.095469
v 0.134378 -0.013461 0.042810
v 0.134172 -0.014602 0.041180
v 0.095019 -0.091297 0.097310
v 0.094873 -0.092320 0.095598
v 0.100326 -0.095177 0.101021
v 0.100956 -0.096719 0.099914
v 0.141883 -0.012994 0.043476
v 0.142773 -0.014021 0.042009
v 0.147905 -0.010152 0.047536
v 0.149608 -0.010753 0.046677
v 0.104585 -0.095823 0.107524
v 0.105790 -0.097410 0.107355
v 0.150198 -0.005820 0.053722
v 0.152198 -0.005819 0.053723
v 0.087369 0.065749 0.003609
v 0.085955 0.064591 0.004421
v 0.124555 -0.008826 0.049430
v 0.122730 -0.009296 0.048761
v 0.088073 0.063320 -0.001087
v 0.086783 0.061793 -0.001016
v 0.128073 -0.011705 0.045318
v 0.126854 -0.012615 0.044019
v 0.090561 0.062479 -0.006626
v 0.089698 0.060864 -0.007430
v 0.095019 0.064374 -0.011692
v 0.094873 0.063115 -0.013239
v 0.134378 -0.013461 0.042810
v 0.134172 -0.014602 0.041180
v 0.100326 0.069189 -0.014069
v 0.100956 0.068678 -0.015897
v 0.141883 -0.012994 0.043476
v 0.142773 -0.014021 0.042009
v 0.147905 -0.010152 0.047536
v 0.149608 -0.010753 0.046677
v 0.104585 0.075520 -0.012451
v 0.105789 0.075904 -0.014001
v 0.104585 0.084183 -0.000079
v 0.105790 0.085770 0.000090
v 0.147905 -0.001488 0.059908
v 0.149608 -0.000887 0.060767
v 0.100326 0.083537 0.006423
v 0.100956 0.085079 0.007530
v 0.141883 0.001354 0.063968
v 0.142773 0.002381 0.065435
v 0.134378 0.001821 0.064635
v 0.134172 0.002962 0.066265
v 0.095019 0.079657 0.010134
v 0.094873 0.080680 0.011847
v 0.090561 0.074249 0.010183
v 0.089698 0.074451 0.011976
v 0.128073 0.000065 0.062127
v 0.126854 0.000975 0.063426
v 0.088073 0.069332 0.007498
v 0.086782 0.068743 0.008908
v 0.124555 -0.002814 0.058014
v 0.122730 -0.002344 0.058683
v 0.087369 0.065749 0.003609
v 0.085955 0.064591 0.004421
v 0.123558 -0.005820 0.053722
v 0.121558 -0.005819 0.053723
v 0.087369 -0.077389 0.103835
v 0.085955 -0.076231 0.103023
v 0.124555 -0.002814 0.058014
v 0.122730 -0.002344 0.058683
v 0.088073 -0.074960 0.108532
v 0.086783 -0.073434 0.108461
v 0.128073 0.000065 0.062127
v 0.126854 0.000975 0.063426
v 0.090561 -0.074119 0.114071
v 0.089698 -0.072504 0.114875
v 0.095019 -0.076014 0.119135
v 0.094873 -0.074755 0.120682
v 0.134378 0.001821 0.064635
v 0.134172 0.002962 0.066265
v 0.100326 -0.080829 0.121513
v 0.100956 -0.080318 0.123341
v 0.141883 0.001354 0.063968
v 0.142773 0.002381 0.065435
v 0.147905 -0.001488 0.059908
v 0.149608 -0.000887 0.060767
v 0.104585 -0.087160 0.119896
v 0.105789 -0.087544 0.121446
v 0.000000 -0.107033 0.124592
v 0.000001 -0.105395 0.123444
v 0.088073 -0.074960 0.108532
v 0.086783 -0.073433 0.108461
v 0.000000 -0.104844 0.129457
v 0.000001 -0.102880 0.129079
v 0.090561 -0.074119 0.114071
v 0.089698 -0.072504 0.114875
v 0.000000 -0.104847 0.135587
v 0.000001 -0.102939 0.136186
v 0.000000 -0.108255 0.141711
v 0.000001 -0.106945 0.143222
v 0.095019 -0.076014 0.119135
v 0.094873 -0.074755 0.120682
v 0.000000 -0.114870 0.145349
v 0.000001 -0.114572 0.147327
v 0.100326 -0.080829 0.121513
v 0.100956 -0.080318 0.123341
v 0.104585 -0.087160 0.119896
v 0.105789 -0.087544 0.121446
v 0.106206 0.081179 -0.007195
v 0.107620 0.082337 -0.008007
v 0.000000 0.095393 -0.017148
v 0.000001 0.093755 -0.016000
v 0.088073 0.063320 -0.001087
v 0.086783 0.061793 -0.001016
v 0.000000 0.093204 -0.022012
v 0.000001 0.091240 -0.021634
v 0.090561 0.062479 -0.006626
v 0.089698 0.060864 -0.007430
v 0.000000 0.093207 -0.028142
v 0.000001 0.091299 -0.028741
v 0.000000 0.096615 -0.034267
v 0.000001 0.095305 -0.035778
v 0.095019 0.064374 -0.011692
v 0.094873 0.063115 -0.013239
v 0.000000 0.103230 -0.037905
v 0.000001 0.102932 -0.039883
v 0.100326 0.069189 -0.014069
v 0.100956 0.068678 -0.015897
v 0.104585 0.075520 -0.012451
v 0.105789 0.075904 -0.014001
v 0.000000 0.111006 -0.037299
v 0.000001 0.111799 -0.039135
v 0.000000 0.117215 -0.032428
v 0.000001 0.118853 -0.033576
v 0.000000 0.119669 -0.024927
v 0.000001 0.121666 -0.025043
v 0.104585 0.084183 -0.000079
v 0.105790 0.085771 0.000090
v 0.100326 0.083537 0.006423
v 0.100956 0.085079 0.007530
v 0.000000 0.117578 -0.017413
v 0.000001 0.119334 -0.016456
v 0.095019 0.079657 0.010134
v 0.094873 0.080680 0.011846
v 0.000000 0.111897 -0.012441
v 0.000001 0.112869 -0.010693
v 0.090561 0.074249 0.010183
v 0.089698 0.074451 0.011976
v 0.000000 0.104977 -0.011333
v 0.000001 0.104888 -0.009335
v 0.000000 0.099215 -0.013427
v 0.000001 0.098188 -0.011711
v 0.088073 0.069332 0.007498
v 0.086783 0.068743 0.008908
v 0.000000 0.095393 -0.017148
v 0.000001 0.093755 -0.016000
v -0.088074 0.069332 0.007498
v -0.086784 0.068743 0.008908
v -0.087370 0.065749 0.003609
v -0.085956 0.064591 0.004421
v 0.000000 0.099215 -0.013427
v 0.000001 0.098188 -0.011711
v -0.090562 0.074249 0.010183
v -0.089699 0.074451 0.011976
v 0.000000 0.104977 -0.011333
v 0.000001 0.104888 -0.009335
v 0.000000 0.111897 -0.012441
v 0.000001 0.112869 -0.010693
v -0.095020 0.079657 0.010134
v -0.094874 0.080680 0.011846
v 0.000000 0.117578 -0.017413
v 0.000001 0.119334 -0.016456
v -0.100327 0.083537 0.006423
v -0.100957 0.085079 0.007530
v 0.000000 0.119669 -0.024927
v 0.000001 0.121666 -0.025043
v -0.104586 0.084183 -0.000079
v -0.105790 0.085771 0.000090
v -0.106206 0.081179 -0.007195
v -0.107620 0.082337 -0.008007
v 0.000000 0.111006 -0.037299
v 0.000001 0.111799 -0.039135
v -0.104586 0.075520 -0.012451
v -0.105790 0.075904 -0.014001
v 0.000000 0.103230 -0.037905
v 0.000001 0.102932 -0.039883
v -0.100327 0.069189 -0.014069
v -0.100957 0.068678 -0.015897
v -0.095020 0.064374 -0.011692
v -0.094874 0.063115 -0.013239
v 0.000000 0.096615 -0.034267
v 0.000001 0.095305 -0.035778
v -0.090562 0.062479 -0.006626
v -0.089699 0.060864 -0.007430
v 0.000000 0.093207 -0.028142
v 0.000001 0.091299 -0.028741
v 0.000000 0.093204 -0.022012
v 0.000001 0.091240 -0.021634
v -0.088074 0.063320 -0.001087
v -0.086784 0.061793 -0.001016
v -0.087370 0.065749 0.003609
v -0.085956 0.064591 0.004421
v -0.124555 -0.008826 0.049430
v -0.122730 -0.009296 0.048761
v -0.123559 -0.005820 0.053722
v -0.121559 -0.005819 0.053723
v -0.088074 0.063320 -0.001087
v -0.086784 0.061794 -0.001016
v -0.128074 -0.011705 0.045318
v -0.126855 -0.012615 0.044019
v -0.090562 0.062479 -0.006626
v -0.089699 0.060864 -0.007430
v -0.095020 0.064374 -0.011692
v -0.094874 0.063115 -0.013239
v -0.134379 -0.013461 0.042810
v -0.134173 -0.014602 0.041180
v -0.100327 0.069189 -0.014069
v -0.100957 0.068678 -0.015897
v -0.141884 -0.012994 0.043476
v -0.142774 -0.014021 0.042009
v -0.147906 -0.010152 0.047536
v -0.149609 -0.010753 0.046677
v -0.104586 0.075520 -0.012451
v -0.105790 0.075904 -0.014001
v -0.150198 -0.005820 0.053722
v -0.152198 -0.005819 0.053723
v -0.104586 0.084183 -0.000079
v -0.105791 0.085770 0.000090
v -0.147906 -0.001488 0.059908
v -0.149609 -0.000887 0.060767
v -0.100327 0.083537 0.006423
v -0.100957 0.085079 0.007530
v -0.141884 0.001354 0.063968
v -0.142774 0.002381 0.065435
v -0.134379 0.001821 0.064635
v -0.134173 0.002962 0.066265
v -0.095020 0.079657 0.010134
v -0.094874 0.080680 0.011847
v -0.090562 0.074249 0.010183
v -0.089699 0.074451 0.011976
v -0.128074 0.000065 0.062127
v -0.126855 0.000975 0.063426
v -0.088074 0.069332 0.007498
v -0.086783 0.068743 0.008908
v -0.124555 -0.002814 0.058014
v -0.122730 -0.002344 0.058683
v -0.123559 -0.005820 0.053722
v -0.121559 -0.005819 0.053723
v 0.005601 0.103336 -0.145348
v 0.007601 0.103337 -0.145347
v 0.002836 0.098545 -0.039453
v 0.003836 0.096813 -0.039452
v 0.002836 0.098545 -0.145348
v 0.003835 0.096813 -0.145347
v 0.005602 0.103336 -0.039453
v 0.007602 0.103337 -0.039452
v 0.002836 0.108127 -0.145348
v 0.003836 0.109859 -0.145347
v 0.002836 0.108127 -0.039453
v 0.003836 0.109859 -0.039452
v 0.000051 0.103333 0.003355
v 0.000052 0.103334 0.005355
v -0.004354 0.084359 -0.005648
v -0.005279 0.083105 -0.004394
v 0.000051 0.083551 -0.004839
v 0.000052 0.082137 -0.003425
v -0.004354 0.103333 0.002211
v -0.005279 0.103334 0.003984
v -0.007662 0.086596 -0.007884
v -0.009311 0.085796 -0.007083
v -0.007662 0.103333 -0.000951
v -0.009310 0.103334 0.000181
v -0.009007 0.103333 -0.005385
v -0.010997 0.103334 -0.005189
v -0.009007 0.089731 -0.011019
v -0.010997 0.089593 -0.010881
v -0.007948 0.103333 -0.009983
v -0.009764 0.103334 -0.010820
v -0.007948 0.092982 -0.014271
v -0.009765 0.093573 -0.014862
v -0.004641 0.095454 -0.016742
v -0.005736 0.096637 -0.017925
v -0.004641 0.103333 -0.013478
v -0.005736 0.103334 -0.015152
v 0.000051 0.096380 -0.017669
v 0.000052 0.097794 -0.019083
v 0.000051 0.103333 -0.014789
v 0.000052 0.103334 -0.016789
v -0.004641 0.103333 -0.013478
v -0.005736 0.103334 -0.015151
v -0.004641 0.111212 -0.016742
v -0.005736 0.110029 -0.017925
v -0.007948 0.103333 -0.009983
v -0.009764 0.103334 -0.010820
v -0.007948 0.113684 -0.014271
v -0.009765 0.113093 -0.014862
v -0.009007 0.116935 -0.011019
v -0.010997 0.117073 -0.010881
v -0.009007 0.103333 -0.005385
v -0.010997 0.103334 -0.005189
v -0.007662 0.120070 -0.007884
v -0.009311 0.120870 -0.007083
v -0.007662 0.103333 -0.000951
v -0.009310 0.103334 0.000182
v -0.004354 0.103333 0.002211
v -0.005279 0.103334 0.003984
v -0.004354 0.122307 -0.005648
v -0.005279 0.123561 -0.004394
v 0.004457 0.122307 -0.005648
v 0.005382 0.123561 -0.004394
v 0.004457 0.103333 0.002211
v 0.005382 0.103334 0.003984
v 0.007765 0.120070 -0.007884
v 0.009414 0.120870 -0.007083
v 0.007765 0.103333 -0.000951
v 0.009414 0.103334 0.000181
v -0.147906 -0.001488 0.059908
v -0.149609 -0.000887 0.060767
v -0.100327 -0.080828 0.121513
v -0.100957 -0.080317 0.123341
v -0.141884 0.001354 0.063968
v -0.142774 0.002381 0.065435
v -0.134379 0.001821 0.064635
v -0.134173 0.002962 0.066265
v -0.095020 -0.076014 0.119135
v -0.094874 -0.074754 0.120682
v -0.128074 0.000065 0.062127
v -0.126855 0.000975 0.063426
v -0.090562 -0.074119 0.114071
v -0.089699 -0.072504 0.114875
v -0.088074 -0.074960 0.108532
v -0.086784 -0.073434 0.108461
v -0.124555 -0.002814 0.058014
v -0.122730 -0.002344 0.058683
v -0.087370 -0.077389 0.103835
v -0.085956 -0.076231 0.103023
v -0.123559 -0.005820 0.053722
v -0.121559 -0.005819 0.053723
v -0.088074 -0.074960 0.108532
v -0.086784 -0.073433 0.108461
v 0.000000 -0.104844 0.129457
v 0.000001 -0.102880 0.129079
v -0.090562 -0.074119 0.114071
v -0.089699 -0.072504 0.114875
v 0.000000 -0.104847 0.135587
v 0.000001 -0.102939 0.136186
v 0.000000 -0.108255 0.141711
v 0.000001 -0.106945 0.143222
v -0.095020 -0.076014 0.119135
v -0.094874 -0.074755 0.120682
v 0.000000 -0.114870 0.145349
v 0.000001 -0.114572 0.147327
v -0.100327 -0.080828 0.121513
v -0.100957 -0.080317 0.123341
v -0.104586 -0.087160 0.119896
v -0.105790 -0.087544 0.121446
v 0.004744 0.092190 -0.024621
v 0.005839 0.093864 -0.024620
v 0.000051 0.096380 -0.017669
v 0.000052 0.097794 -0.019083
v 0.004744 0.095454 -0.016742
v 0.005839 0.096637 -0.017925
v 0.008051 0.092982 -0.014271
v 0.009868 0.093573 -0.014862
v 0.008051 0.088695 -0.024621
v 0.009867 0.089532 -0.024620
v 0.009110 0.084096 -0.024621
v 0.011100 0.083900 -0.024620
v 0.009110 0.089731 -0.011019
v 0.011100 0.089593 -0.010881
v 0.007765 0.086596 -0.007884
v 0.009414 0.085795 -0.007084
v 0.007765 0.079663 -0.024621
v 0.009413 0.078531 -0.024620
v 0.004457 0.076500 -0.024621
v 0.005382 0.074727 -0.024620
v 0.004457 0.084359 -0.005648
v 0.005382 0.083105 -0.004394
v 0.000051 0.075357 -0.024621
v 0.000052 0.073357 -0.024620
v 0.004744 0.103333 -0.013478
v 0.005839 0.103334 -0.015151
v 0.004744 0.095454 -0.016742
v 0.005839 0.096637 -0.017925
v 0.008051 0.103333 -0.009983
v 0.009867 0.103334 -0.010820
v 0.008051 0.092982 -0.014271
v 0.009868 0.093573 -0.014862
v 0.009110 0.089731 -0.011019
v 0.011100 0.089593 -0.010881
v 0.009110 0.103333 -0.005385
v 0.011100 0.103334 -0.005189
v 0.007765 0.086596 -0.007884
v 0.009414 0.085796 -0.007083
v 0.007765 0.103333 -0.000951
v 0.009413 0.103334 0.000182
v 0.004457 0.103333 0.002211
v 0.005382 0.103334 0.003984
v 0.004457 0.084359 -0.005648
v 0.005382 0.083105 -0.004394
v -0.004354 0.084359 -0.005648
v -0.005279 0.083105 -0.004394
v -0.004354 0.076500 -0.024621
v -0.005279 0.074727 -0.024620
v -0.007662 0.086596 -0.007884
v -0.009311 0.085795 -0.007084
v -0.007662 0.079663 -0.024621
v -0.009310 0.078530 -0.024620
v -0.009007 0.084096 -0.024621
v -0.010997 0.083900 -0.024620
v -0.009007 0.089731 -0.011019
v -0.010997 0.089593 -0.010881
v -0.007948 0.092982 -0.014271
v -0.009765 0.093573 -0.014862
v -0.007948 0.088695 -0.024621
v -0.009764 0.089532 -0.024620
v -0.004641 0.092190 -0.024621
v -0.005736 0.093863 -0.024620
v -0.004641 0.095454 -0.016742
v -0.005736 0.096637 -0.017925
v 0.000051 0.093500 -0.024621
v 0.000052 0.095500 -0.024620
v -0.004641 0.092190 -0.024621
v -0.005736 0.093864 -0.024620
v -0.004641 0.095454 -0.032501
v -0.005736 0.096637 -0.031318
v -0.007948 0.092982 -0.034972
v -0.009765 0.093573 -0.034381
v -0.007948 0.088695 -0.024621
v -0.009764 0.089532 -0.024620
v -0.009007 0.084096 -0.024621
v -0.010997 0.083900 -0.024620
v -0.009007 0.089731 -0.038224
v -0.010997 0.089593 -0.038362
v -0.007662 0.086596 -0.041358
v -0.009311 0.085795 -0.042158
v -0.007662 0.079663 -0.024621
v -0.009310 0.078531 -0.024620
v -0.004354 0.076500 -0.024621
v -0.005279 0.074727 -0.024620
v -0.004354 0.084359 -0.043595
v -0.005279 0.083105 -0.044849
v 0.004457 0.084359 -0.043595
v 0.005382 0.083105 -0.044849
v 0.004457 0.076500 -0.024621
v 0.005382 0.074727 -0.024620
v -0.002696 0.098545 -0.145348
v -0.003696 0.096813 -0.145347
v -0.005462 0.103336 -0.039453
v -0.007462 0.103337 -0.039452
v -0.005462 0.103336 -0.145348
v -0.007462 0.103337 -0.145347
v -0.002696 0.098545 -0.039453
v -0.003696 0.096813 -0.039452
v 0.002836 0.098545 -0.145348
v 0.003836 0.096813 -0.145347
v -0.002696 0.098545 -0.039453
v -0.003696 0.096813 -0.039452
v -0.002696 0.098545 -0.145348
v -0.003696 0.096813 -0.145347
v 0.002836 0.098545 -0.039453
v 0.003836 0.096813 -0.039452
v -0.000929 0.120039 -0.025721
v -0.000929 0.118031 -0.031825
v -0.105777 0.082456 -0.006915
v -0.104465 0.084909 -0.001123
v -0.005904 0.096473 -0.032842
v -0.005904 0.102372 -0.035285
v -0.008141 0.102372 -0.037686
v -0.008141 0.094774 -0.034540
v 0.009793 0.116738 -0.039431
v 0.009793 0.104326 -0.044573
v 0.008901 0.104326 -0.047418
v 0.008901 0.118750 -0.041442
v 0.150521 -0.007133 0.053467
v 0.107091 -0.093019 0.113606
v 0.105779 -0.095472 0.107813
v 0.148664 -0.010662 0.048429
v -0.009760 0.091400 -0.037963
v -0.009098 0.093531 -0.035831
v -0.009098 0.102338 -0.039478
v -0.009760 0.102338 -0.042494
v 0.000984 0.110997 -0.011165
v 0.000984 0.105650 -0.010269
v 0.089823 0.075506 0.010838
v 0.093285 0.079680 0.010764
v 0.000968 -0.115437 0.146027
v 0.000968 -0.121671 0.145514
v 0.103648 -0.086830 0.121118
v 0.100246 -0.081751 0.122440
v -0.088237 -0.080724 0.098249
v -0.090107 -0.084392 0.096271
v -0.126484 -0.012454 0.045899
v -0.123838 -0.010318 0.048951
v 0.009201 0.092123 -0.014820
v 0.009863 0.089992 -0.012689
v 0.009863 0.085461 -0.023625
v 0.009201 0.088476 -0.023625
v -0.005566 0.102375 0.001984
v -0.007737 0.102375 -0.000065
v -0.007737 0.086647 -0.006580
v -0.005566 0.085197 -0.005131
v 0.094676 0.062650 -0.011131
v 0.132909 -0.012959 0.041812
v 0.128014 -0.011621 0.043723
v 0.091215 0.061153 -0.007234
v -0.000929 -0.123518 0.144820
v -0.104465 -0.088389 0.120222
v -0.105777 -0.092992 0.115937
v -0.000929 -0.128567 0.140846
v -0.132910 0.002931 0.064504
v -0.128015 0.001593 0.062593
v -0.091216 0.074366 0.011636
v -0.094677 0.078541 0.011562
v 0.000968 0.103797 -0.038583
v 0.000968 0.110031 -0.038069
v 0.103648 0.075190 -0.013673
v 0.100245 0.070111 -0.014996
v -0.100296 -0.094574 0.099363
v -0.140840 -0.014393 0.043220
v -0.134937 -0.014783 0.042664
v -0.096121 -0.091546 0.096412
v -0.009098 0.092123 -0.014820
v -0.009098 0.088476 -0.023625
v -0.009760 0.085461 -0.023625
v -0.009760 0.089992 -0.012689
v 0.003947 0.084482 -0.044785
v 0.001024 0.083950 -0.045316
v 0.001024 0.102405 -0.052960
v 0.003947 0.102405 -0.052208
v 0.008244 0.113252 -0.033180
v 0.008244 0.116398 -0.025582
v 0.006007 0.113997 -0.025582
v 0.006007 0.111553 -0.031482
v 0.003947 0.083169 -0.005771
v 0.001024 0.082638 -0.005239
v 0.001024 0.074994 -0.023692
v 0.003947 0.075746 -0.023692
v -0.008141 0.102372 -0.011556
v -0.005904 0.102372 -0.013957
v -0.005904 0.096473 -0.016401
v -0.008141 0.094774 -0.014703
v -0.088237 -0.073280 0.108879
v -0.123838 -0.002873 0.059579
v -0.126484 -0.000737 0.062632
v -0.090107 -0.072676 0.113004
v 0.004323 0.093682 -0.023692
v 0.001020 0.094614 -0.023692
v 0.001020 0.096511 -0.019114
v 0.004323 0.095852 -0.018454
v -0.103650 -0.086830 0.121118
v -0.000967 -0.121671 0.145514
v -0.000967 -0.115436 0.146027
v -0.100246 -0.081750 0.122440
v -0.128015 -0.011621 0.043723
v -0.132910 -0.012959 0.041812
v -0.094677 0.062650 -0.011131
v -0.091216 0.061153 -0.007234
v -0.000917 0.096511 -0.030129
v -0.004220 0.095852 -0.030789
v -0.004220 0.093682 -0.025549
v -0.000917 0.094614 -0.025549
v -0.087179 -0.076725 0.102167
v -0.087680 -0.079245 0.099441
v -0.123071 -0.009255 0.050434
v -0.122363 -0.007143 0.053447
v 0.001000 0.117303 -0.015985
v 0.000999 0.112858 -0.012042
v 0.094707 0.081063 0.010221
v 0.098882 0.084091 0.007270
v -0.101614 -0.095243 0.100786
v -0.105017 -0.095738 0.106012
v -0.147549 -0.011626 0.047116
v -0.142737 -0.013918 0.043842
v 0.009201 0.092123 -0.034423
v 0.009201 0.088476 -0.025616
v 0.009863 0.085461 -0.025616
v 0.009863 0.089992 -0.036554
v 0.009201 0.114543 -0.034423
v 0.009863 0.116674 -0.036554
v 0.009863 0.121205 -0.025616
v 0.009201 0.118190 -0.025616
v -0.008141 0.113252 -0.033180
v -0.005904 0.111553 -0.031482
v -0.005904 0.113997 -0.025582
v -0.008141 0.116398 -0.025582
v 0.087178 -0.075595 0.103780
v 0.087679 -0.073895 0.107082
v 0.123071 -0.003903 0.058073
v 0.122362 -0.006013 0.055061
v -0.000926 0.093848 -0.017268
v -0.085869 0.065028 0.002912
v -0.086370 0.063328 -0.000389
v -0.000926 0.092319 -0.020689
v 0.003947 0.123497 -0.043472
v 0.001024 0.124028 -0.044004
v 0.001024 0.131672 -0.025549
v 0.003947 0.130920 -0.025549
v -0.134937 -0.013146 0.041518
v -0.140840 -0.012756 0.042074
v -0.100296 0.067425 -0.014070
v -0.096121 0.063616 -0.012233
v 0.006007 0.113997 -0.023659
v 0.008244 0.116398 -0.023659
v 0.008244 0.113252 -0.016063
v 0.006007 0.111554 -0.017761
v -0.100246 -0.096363 0.101570
v -0.000967 -0.130049 0.125157
v -0.000967 -0.131699 0.131192
v -0.103650 -0.096858 0.106797
v 0.105777 -0.092992 0.115937
v 0.104464 -0.088389 0.120222
v 0.000930 -0.123518 0.144820
v 0.000930 -0.128567 0.140846
v 0.000968 -0.131699 0.131192
v 0.000968 -0.130049 0.125157
v 0.100245 -0.096363 0.101570
v 0.103649 -0.096858 0.106797
v -0.008141 0.093414 -0.016063
v -0.005904 0.095112 -0.017761
v -0.005904 0.092669 -0.023659
v -0.008141 0.090268 -0.023659
v 0.134936 -0.014783 0.042664
v 0.140839 -0.014393 0.043220
v 0.100295 -0.094574 0.099363
v 0.096120 -0.091546 0.096412
v 0.009793 0.123285 -0.023628
v 0.008901 0.126130 -0.023628
v 0.008901 0.120154 -0.009204
v 0.009793 0.118142 -0.011216
v -0.007737 0.120019 -0.042662
v -0.005566 0.121469 -0.044112
v -0.005566 0.104292 -0.051227
v -0.007737 0.104292 -0.049177
v 0.001020 0.110155 -0.030129
v 0.004323 0.110814 -0.030789
v 0.004323 0.112984 -0.025549
v 0.001020 0.112052 -0.025549
v 0.008244 0.102372 -0.011556
v 0.008244 0.094774 -0.014703
v 0.006007 0.096473 -0.016401
v 0.006007 0.102372 -0.013957
v -0.007737 0.085292 -0.007935
v -0.007737 0.078777 -0.023662
v -0.005566 0.076727 -0.023662
v -0.005566 0.083842 -0.006486
v 0.105779 0.075672 -0.012023
v 0.107091 0.080275 -0.007738
v 0.150521 -0.005610 0.052401
v 0.148664 -0.009139 0.047362
v -0.009760 0.121205 -0.023625
v -0.009098 0.118190 -0.023625
v -0.009098 0.114543 -0.014820
v -0.009760 0.116674 -0.012689
v 0.003947 0.083169 -0.043472
v 0.003947 0.075746 -0.025549
v 0.001024 0.074994 -0.025549
v 0.001024 0.082638 -0.044004
v -0.002118 0.099545 -0.146348
v -0.004307 0.103336 -0.146348
v -0.002118 0.107127 -0.146348
v 0.002259 0.107128 -0.146348
v 0.004447 0.103336 -0.146348
v 0.002259 0.099545 -0.146348
v -0.008798 0.086512 -0.040038
v -0.008798 0.080536 -0.025613
v -0.009690 0.083381 -0.025613
v -0.009690 0.088524 -0.038027
v -0.091216 -0.086006 0.095808
v -0.094677 -0.090181 0.095882
v -0.132910 -0.014571 0.042941
v -0.128015 -0.013233 0.044852
v 0.000947 0.091901 -0.022623
v 0.000947 0.091931 -0.027191
v 0.088767 0.062133 -0.006327
v 0.086897 0.062737 -0.002203
v 0.006007 0.110193 -0.032842
v 0.006007 0.104295 -0.035285
v 0.008244 0.104295 -0.037686
v 0.008244 0.111892 -0.034540
v 0.000930 0.120039 -0.025721
v 0.104464 0.084909 -0.001123
v 0.105777 0.082456 -0.006915
v 0.000930 0.118031 -0.031825
v -0.000917 0.110155 -0.030129
v -0.000917 0.112052 -0.025549
v -0.004220 0.112984 -0.025549
v -0.004220 0.110814 -0.030789
v 0.008244 0.104295 -0.011556
v 0.006007 0.104295 -0.013957
v 0.006007 0.110193 -0.016401
v 0.008244 0.111892 -0.014703
v 0.000947 0.099344 -0.011994
v 0.086897 0.070181 0.008427
v 0.088767 0.073849 0.010406
v 0.000947 0.103648 -0.010459
v 0.009201 0.104329 -0.009764
v 0.009201 0.113135 -0.013412
v 0.009863 0.115266 -0.011280
v 0.009863 0.104329 -0.006749
v -0.000967 0.103796 -0.038583
v -0.100247 0.070111 -0.014996
v -0.103649 0.075190 -0.013673
v -0.000967 0.110031 -0.038069
v 0.008901 0.086512 -0.040038
v 0.009793 0.088524 -0.038027
v 0.009793 0.083381 -0.025613
v 0.008901 0.080536 -0.025613
v -0.105780 -0.095472 0.107814
v -0.107092 -0.093019 0.113606
v -0.150521 -0.007133 0.053467
v -0.148665 -0.010662 0.048428
v -0.000929 0.111879 -0.037375
v -0.104465 0.076749 -0.012777
v -0.105777 0.081352 -0.008492
v -0.000929 0.116927 -0.033402
v 0.007840 0.086647 -0.042662
v 0.005669 0.085197 -0.044112
v 0.005669 0.102375 -0.051227
v 0.007840 0.102375 -0.049177
v 0.005669 0.129939 -0.023662
v 0.005669 0.122824 -0.006486
v 0.007840 0.121374 -0.007935
v 0.007840 0.127889 -0.023662
v -0.007737 0.086647 -0.042662
v -0.007737 0.102375 -0.049177
v -0.005566 0.102375 -0.051227
v -0.005566 0.085197 -0.044112
v -0.150521 -0.004506 0.053978
v -0.148665 -0.000978 0.059016
v -0.105780 0.083832 -0.000369
v -0.107092 0.081380 -0.006161
v 0.003947 0.122184 -0.044785
v 0.003947 0.104262 -0.052208
v 0.001024 0.104262 -0.052960
v 0.001024 0.122716 -0.045316
v -0.000917 0.108841 -0.031443
v -0.004220 0.109500 -0.032103
v -0.004220 0.104262 -0.034272
v -0.000917 0.104262 -0.033340
v -0.009098 0.102338 -0.009764
v -0.009098 0.093531 -0.013412
v -0.009760 0.091400 -0.011280
v -0.009760 0.102338 -0.006749
v -0.123071 -0.002385 0.057011
v -0.122363 -0.004496 0.053998
v -0.087179 0.065085 0.005277
v -0.087680 0.067605 0.008003
v 0.003836 0.108127 -0.144347
v 0.003836 0.108127 -0.040453
v 0.006102 0.104203 -0.040453
v 0.006101 0.104203 -0.144348
v -0.005566 0.129939 -0.023662
v -0.007737 0.127889 -0.023662
v -0.007737 0.121374 -0.007935
v -0.005566 0.122824 -0.006486
v 0.001024 0.131672 -0.023692
v 0.001024 0.124028 -0.005239
v 0.003947 0.123497 -0.005771
v 0.003947 0.130920 -0.023692
v -0.004220 0.104262 -0.014970
v -0.004220 0.109501 -0.017140
v -0.000917 0.108841 -0.017800
v -0.000917 0.104262 -0.015903
v 0.000927 -0.106618 0.123099
v 0.085868 -0.077798 0.102918
v 0.086369 -0.080318 0.100192
v 0.000927 -0.109309 0.120492
v 0.000947 -0.110984 0.119438
v 0.086897 -0.081821 0.099017
v 0.088767 -0.085489 0.097039
v 0.000947 -0.115288 0.117903
v 0.126483 -0.012454 0.045899
v 0.090106 -0.084392 0.096271
v 0.088236 -0.080724 0.098249
v 0.123838 -0.010318 0.048951
v 0.001024 0.104262 0.003718
v 0.003947 0.104262 0.002966
v 0.003947 0.122184 -0.004458
v 0.001024 0.122716 -0.003926
v -0.094677 -0.074290 0.118574
v -0.091216 -0.072793 0.114678
v -0.128015 -0.000019 0.063722
v -0.132910 0.001319 0.065633
v -0.009690 0.116738 -0.039431
v -0.008798 0.118750 -0.041442
v -0.008798 0.104326 -0.047418
v -0.009690 0.104326 -0.044573
v -0.094708 -0.076413 0.120486
v -0.098883 -0.080222 0.122324
v -0.000999 -0.113435 0.145579
v -0.000999 -0.108208 0.142750
v -0.087179 -0.075595 0.103780
v -0.122363 -0.006013 0.055060
v -0.123071 -0.003903 0.058073
v -0.087680 -0.073895 0.107082
v -0.003844 0.122184 -0.044785
v -0.000921 0.122716 -0.045316
v -0.000921 0.104262 -0.052960
v -0.003844 0.104262 -0.052208
v 0.009793 0.104326 -0.004670
v 0.009793 0.116738 -0.009812
v 0.008901 0.118750 -0.007800
v 0.008901 0.104326 -0.001824
v 0.008244 0.093414 -0.016063
v 0.008244 0.090268 -0.023659
v 0.006007 0.092669 -0.023659
v 0.006007 0.095112 -0.017761
v 0.009201 0.102338 -0.009764
v 0.009863 0.102338 -0.006749
v 0.009863 0.091400 -0.011280
v 0.009201 0.093531 -0.013412
v 0.007840 0.085292 -0.007935
v 0.005669 0.083842 -0.006486
v 0.005669 0.076727 -0.023662
v 0.007840 0.078777 -0.023662
v -0.089824 -0.073933 0.115477
v -0.093286 -0.075430 0.119373
v -0.000984 -0.106748 0.141302
v -0.000983 -0.104077 0.136583
v 0.009793 0.089928 -0.039431
v 0.008901 0.087916 -0.041442
v 0.008901 0.102341 -0.047418
v 0.009793 0.102341 -0.044573
v -0.000984 0.110997 -0.011165
v -0.093286 0.079680 0.010764
v -0.089824 0.075506 0.010838
v -0.000983 0.105650 -0.010269
v -0.008798 0.120154 -0.040038
v -0.009690 0.118142 -0.038027
v -0.009690 0.123285 -0.025613
v -0.008798 0.126130 -0.025613
v 0.088236 0.069084 0.009195
v 0.123838 -0.001322 0.058493
v 0.126483 0.000814 0.061546
v 0.090106 0.072752 0.011174
v -0.000921 0.074994 -0.023692
v -0.000921 0.082638 -0.005239
v -0.003844 0.083169 -0.005771
v -0.003844 0.075746 -0.023692
v 0.004323 0.104262 -0.014970
v 0.001020 0.104262 -0.015903
v 0.001020 0.108841 -0.017800
v 0.004323 0.109501 -0.017140
v 0.087178 0.065085 0.005277
v 0.122362 -0.004496 0.053998
v 0.123071 -0.002385 0.057011
v 0.087679 0.067605 0.008003
v -0.003844 0.083169 -0.043472
v -0.000921 0.082638 -0.044004
v -0.000921 0.074994 -0.025549
v -0.003844 0.075746 -0.025549
v 0.000984 -0.106748 0.141302
v 0.093285 -0.075430 0.119373
v 0.089823 -0.073933 0.115477
v 0.000984 -0.104077 0.136583
v -0.105777 -0.094096 0.114360
v -0.104465 -0.096549 0.108568
v -0.000929 -0.131679 0.133166
v -0.000929 -0.129671 0.139269
v 0.091215 0.074366 0.011636
v 0.128014 0.001593 0.062593
v 0.132909 0.002931 0.064504
v 0.094676 0.078541 0.011562
v 0.000968 0.120059 -0.023747
v 0.000968 0.118409 -0.017713
v 0.100245 0.084723 0.005874
v 0.103649 0.085218 0.000648
v -0.003696 0.098545 -0.144348
v -0.003696 0.098545 -0.040453
v -0.005962 0.102470 -0.040453
v -0.005962 0.102470 -0.144348
v -0.123071 -0.007737 0.049371
v -0.087680 0.062255 0.000363
v -0.087179 0.063955 0.003664
v -0.122363 -0.005626 0.052385
v 0.007840 0.121374 -0.041307
v 0.005669 0.122824 -0.042757
v 0.005669 0.129939 -0.025579
v 0.007840 0.127889 -0.025579
v 0.008901 0.120154 -0.040038
v 0.008901 0.126130 -0.025613
v 0.009793 0.123285 -0.025613
v 0.009793 0.118142 -0.038027
v 0.000947 -0.103541 0.130068
v 0.000947 -0.103571 0.134636
v 0.088767 -0.073773 0.113772
v 0.086897 -0.074377 0.109648
v 0.001000 0.101795 -0.038135
v 0.098882 0.068583 -0.014880
v 0.094707 0.064773 -0.013043
v 0.000999 0.096569 -0.035306
v 0.001000 -0.113435 0.145579
v 0.098882 -0.080223 0.122324
v 0.094707 -0.076413 0.120486
v 0.000999 -0.108208 0.142750
v 0.100295 -0.079065 0.121513
v 0.140839 0.001116 0.065370
v 0.134936 0.001506 0.065927
v 0.096120 -0.075256 0.119676
v 0.000930 0.111879 -0.037375
v 0.000930 0.116927 -0.033402
v 0.105777 0.081352 -0.008492
v 0.104464 0.076749 -0.012777
v -0.000983 0.095108 -0.033858
v -0.000983 0.092437 -0.029138
v -0.089824 0.062293 -0.008032
v -0.093286 0.063790 -0.011929
v 0.001020 0.096511 -0.030129
v 0.001020 0.094614 -0.025549
v 0.004323 0.093682 -0.025549
v 0.004323 0.095852 -0.030789
v 0.009863 0.115266 -0.037963
v 0.009201 0.113135 -0.035831
v 0.009201 0.104329 -0.039478
v 0.009863 0.104329 -0.042494
v -0.105780 -0.087312 0.119468
v -0.148665 -0.002501 0.060082
v -0.150521 -0.006029 0.055044
v -0.107092 -0.091915 0.115183
v 0.000927 0.094978 -0.015655
v 0.085868 0.066158 0.004526
v 0.086369 0.068678 0.007252
v 0.000927 0.097669 -0.013048
v 0.000985 0.095108 -0.033858
v 0.093285 0.063790 -0.011929
v 0.089823 0.062293 -0.008032
v 0.000984 0.092437 -0.029138
v 0.008244 0.093414 -0.033180
v 0.006007 0.095113 -0.031482
v 0.006007 0.092669 -0.025582
v 0.008244 0.090268 -0.025582
v 0.001020 0.108841 -0.031443
v 0.001020 0.104262 -0.033340
v 0.004323 0.104262 -0.034272
v 0.004323 0.109501 -0.032103
v -0.000926 0.094978 -0.015655
v -0.000926 0.097669 -0.013048
v -0.086370 0.068678 0.007252
v -0.085869 0.066158 0.004526
v -0.000946 0.099344 -0.011994
v -0.000946 0.103648 -0.010459
v -0.088768 0.073849 0.010406
v -0.086898 0.070181 0.008427
v 0.004323 0.112984 -0.023692
v 0.004323 0.110814 -0.018454
v 0.001020 0.110155 -0.019114
v 0.001020 0.112052 -0.023692
v 0.000927 0.093848 -0.017268
v 0.000927 0.092319 -0.020689
v 0.086369 0.063328 -0.000389
v 0.085868 0.065028 0.002912
v 0.088236 -0.073280 0.108879
v 0.090106 -0.072676 0.113004
v 0.126483 -0.000737 0.062632
v 0.123838 -0.002873 0.059579
v 0.006007 0.096473 -0.032842
v 0.008244 0.094774 -0.034540
v 0.008244 0.102372 -0.037686
v 0.006007 0.102372 -0.035285
v 0.009863 0.121205 -0.023625
v 0.009863 0.116674 -0.012689
v 0.009201 0.114543 -0.014820
v 0.009201 0.118190 -0.023625
v -0.000999 0.101795 -0.038135
v -0.000998 0.096569 -0.035306
v -0.094708 0.064773 -0.013043
v -0.098883 0.068583 -0.014880
v 0.001020 0.097825 -0.031443
v 0.004323 0.097165 -0.032103
v 0.004323 0.102405 -0.034272
v 0.001020 0.102405 -0.033340
v -0.000946 0.091901 -0.022623
v -0.086898 0.062737 -0.002203
v -0.088768 0.062133 -0.006327
v -0.000946 0.091931 -0.027191
v -0.000967 0.120059 -0.023747
v -0.103650 0.085218 0.000648
v -0.100246 0.084723 0.005874
v -0.000967 0.118409 -0.017713
v 0.009863 0.091400 -0.037963
v 0.009863 0.102338 -0.042494
v 0.009201 0.102338 -0.039478
v 0.009201 0.093531 -0.035831
v -0.147549 -0.000014 0.060328
v -0.142737 0.002278 0.063602
v -0.101614 0.083603 0.006658
v -0.105017 0.084098 0.001433
v 0.101613 0.068991 -0.014211
v 0.105016 0.074070 -0.012888
v 0.147548 -0.010042 0.046007
v 0.142736 -0.012334 0.042733
v -0.150521 -0.005610 0.052401
v -0.107092 0.080275 -0.007738
v -0.105780 0.075672 -0.012023
v -0.148665 -0.009139 0.047362
v -0.126484 -0.010903 0.044813
v -0.090107 0.061036 -0.005559
v -0.088237 0.061640 -0.001434
v -0.123838 -0.008767 0.047865
v -0.003844 0.084482 -0.044785
v -0.003844 0.102405 -0.052208
v -0.000921 0.102405 -0.052960
v -0.000921 0.083950 -0.045316
v 0.100295 0.067425 -0.014070
v 0.140839 -0.012756 0.042074
v 0.134936 -0.013146 0.041518
v 0.096120 0.063616 -0.012233
v -0.000917 0.097825 -0.031443
v -0.000917 0.102405 -0.033340
v -0.004220 0.102405 -0.034272
v -0.004220 0.097166 -0.032103
v -0.126484 0.000814 0.061546
v -0.123838 -0.001322 0.058493
v -0.088237 0.069084 0.009195
v -0.090107 0.072752 0.011174
v -0.009690 0.102341 -0.004670
v -0.009690 0.089928 -0.009812
v -0.008798 0.087916 -0.007800
v -0.008798 0.102341 -0.001824
v -0.009098 0.114543 -0.034423
v -0.009098 0.118190 -0.025616
v -0.009760 0.121205 -0.025616
v -0.009760 0.116674 -0.036554
v 0.006101 0.102470 -0.144348
v 0.006102 0.102470 -0.040453
v 0.003836 0.098545 -0.040453
v 0.003836 0.098545 -0.144348
v -0.134937 0.003143 0.064781
v -0.096121 0.079906 0.011032
v -0.100296 0.082934 0.008081
v -0.140840 0.002753 0.064224
v -0.003844 0.123497 -0.043472
v -0.003844 0.130920 -0.025549
v -0.000921 0.131672 -0.025549
v -0.000921 0.124028 -0.044004
v -0.000921 0.102405 0.003718
v -0.003844 0.102405 0.002966
v -0.003844 0.084482 -0.004458
v -0.000921 0.083950 -0.003926
v -0.009690 0.089928 -0.039431
v -0.009690 0.102341 -0.044573
v -0.008798 0.102341 -0.047418
v -0.008798 0.087916 -0.041442
v -0.005962 0.104203 -0.144348
v -0.005962 0.104203 -0.040453
v -0.003696 0.108127 -0.040453
v -0.003696 0.108127 -0.144348
v -0.009760 0.115266 -0.037963
v -0.009760 0.104329 -0.042494
v -0.009098 0.104329 -0.039478
v -0.009098 0.113135 -0.035831
v 0.001000 -0.128943 0.123429
v 0.001000 -0.124498 0.119487
v 0.094707 -0.092703 0.097223
v 0.098882 -0.095731 0.100174
v -0.000921 0.131672 -0.023692
v -0.003844 0.130920 -0.023692
v -0.003844 0.123497 -0.005771
v -0.000921 0.124028 -0.005239
v 0.000985 -0.122637 0.118610
v 0.000984 -0.117290 0.117713
v 0.089823 -0.087146 0.096607
v 0.093285 -0.091320 0.096680
v -0.009098 0.104329 -0.009764
v -0.009760 0.104329 -0.006749
v -0.009760 0.115266 -0.011280
v -0.009098 0.113135 -0.013412
v -0.004220 0.102405 -0.014970
v -0.000917 0.102405 -0.015903
v -0.000917 0.097825 -0.017800
v -0.004220 0.097165 -0.017140
v -0.100296 -0.079065 0.121513
v -0.096121 -0.075255 0.119676
v -0.134937 0.001506 0.065927
v -0.140840 0.001116 0.065370
v -0.008141 0.104295 -0.011556
v -0.008141 0.111892 -0.014703
v -0.005904 0.110193 -0.016401
v -0.005904 0.104295 -0.013957
v -0.004220 0.112984 -0.023692
v -0.000917 0.112052 -0.023692
v -0.000917 0.110155 -0.019114
v -0.004220 0.110814 -0.018454
v 0.005669 0.104292 0.001984
v 0.007840 0.104292 -0.000065
v 0.007840 0.120019 -0.006580
v 0.005669 0.121469 -0.005131
v 0.147548 -0.011626 0.047116
v 0.105016 -0.095738 0.106012
v 0.101613 -0.095243 0.100786
v 0.142736 -0.013918 0.043842
v -0.009690 0.123285 -0.023628
v -0.009690 0.118142 -0.011216
v -0.008798 0.120154 -0.009204
v -0.008798 0.126130 -0.023628
v -0.000921 0.104262 0.003718
v -0.000921 0.122716 -0.003926
v -0.003844 0.122184 -0.004458
v -0.003844 0.104262 0.002966
v -0.005566 0.104292 0.001984
v -0.005566 0.121469 -0.005131
v -0.007737 0.120019 -0.006580
v -0.007737 0.104292 -0.000065
v 0.105779 -0.087312 0.119468
v 0.107091 -0.091915 0.115183
v 0.150521 -0.006029 0.055044
v 0.148664 -0.002501 0.060082
v -0.009690 0.104326 -0.004670
v -0.008798 0.104326 -0.001824
v -0.008798 0.118750 -0.007800
v -0.009690 0.116738 -0.009812
v -0.005904 0.110193 -0.032842
v -0.008141 0.111892 -0.034540
v -0.008141 0.104295 -0.037686
v -0.005904 0.104295 -0.035285
v -0.086370 -0.074967 0.107834
v -0.000926 -0.103959 0.128134
v -0.000926 -0.105488 0.124712
v -0.085869 -0.076668 0.104532
v -0.005904 0.113997 -0.023659
v -0.005904 0.111554 -0.017761
v -0.008141 0.113252 -0.016063
v -0.008141 0.116398 -0.023659
v -0.088768 -0.073773 0.113772
v -0.000946 -0.103571 0.134636
v -0.000946 -0.103541 0.130068
v -0.086898 -0.074377 0.109648
v 0.004323 0.102405 -0.014970
v 0.004323 0.097165 -0.017140
v 0.001020 0.097825 -0.017800
v 0.001020 0.102405 -0.015903
v 0.000930 -0.131679 0.133166
v 0.104464 -0.096549 0.108568
v 0.105777 -0.094096 0.114360
v 0.000930 -0.129671 0.139269
v 0.123071 -0.009255 0.050433
v 0.087679 -0.079245 0.099441
v 0.087178 -0.076725 0.102167
v 0.122362 -0.007143 0.053447
v 0.132909 -0.014571 0.042941
v 0.094676 -0.090181 0.095882
v 0.091215 -0.086006 0.095808
v 0.128014 -0.013233 0.044852
v 0.087178 0.063955 0.003664
v 0.087679 0.062255 0.000363
v 0.123071 -0.007737 0.049371
v 0.122362 -0.005626 0.052384
v 0.101613 0.083603 0.006658
v 0.142736 0.002278 0.063602
v 0.147548 -0.000014 0.060328
v 0.105016 0.084098 0.001433
v -0.147549 -0.010042 0.046007
v -0.105017 0.074070 -0.012888
v -0.101614 0.068991 -0.014211
v -0.142737 -0.012334 0.042733
v -0.007737 0.121374 -0.041307
v -0.007737 0.127889 -0.025579
v -0.005566 0.129939 -0.025579
v -0.005566 0.122824 -0.042757
v 0.088236 0.061640 -0.001434
v 0.090106 0.061036 -0.005559
v 0.126483 -0.010903 0.044813
v 0.123838 -0.008767 0.047865
v 0.008901 0.086512 -0.009204
v 0.008901 0.080536 -0.023628
v 0.009793 0.083381 -0.023628
v 0.009793 0.088524 -0.011216
v 0.005669 0.102375 0.001984
v 0.005669 0.085197 -0.005131
v 0.007840 0.086647 -0.006580
v 0.007840 0.102375 -0.000065
v 0.009793 0.102341 -0.004670
v 0.008901 0.102341 -0.001824
v 0.008901 0.087916 -0.007800
v 0.009793 0.089928 -0.009812
v -0.002196 0.108993 -0.144348
v -0.002196 0.108993 -0.040453
v 0.002336 0.108993 -0.040453
v 0.002336 0.108993 -0.144348
v 0.150521 -0.004506 0.053978
v 0.107091 0.081379 -0.006161
v 0.105779 0.083832 -0.000368
v 0.148664 -0.000978 0.059015
v -0.008798 0.086512 -0.009204
v -0.009690 0.088524 -0.011216
v -0.009690 0.083381 -0.023628
v -0.008798 0.080536 -0.023628
v 0.100295 0.082934 0.008081
v 0.096120 0.079906 0.011032
v 0.134936 0.003143 0.064781
v 0.140839 0.002753 0.064224
v -0.000917 0.094614 -0.023692
v -0.004220 0.093682 -0.023692
v -0.004220 0.095852 -0.018454
v -0.000917 0.096511 -0.019114
v 0.001024 0.102405 0.003718
v 0.001024 0.083950 -0.003926
v 0.003947 0.084482 -0.004458
v 0.003947 0.102405 0.002966
v 0.007840 0.120019 -0.042662
v 0.007840 0.104292 -0.049177
v 0.005669 0.104292 -0.051227
v 0.005669 0.121469 -0.044112
v -0.007737 0.085292 -0.041307
v -0.005566 0.083842 -0.042757
v -0.005566 0.076727 -0.025579
v -0.007737 0.078777 -0.025579
v -0.000999 0.117303 -0.015985
v -0.098883 0.084091 0.007271
v -0.094708 0.081063 0.010221
v -0.000998 0.112858 -0.012042
v -0.086370 -0.080318 0.100192
v -0.085869 -0.077798 0.102918
v -0.000926 -0.106618 0.123099
v -0.000926 -0.109309 0.120492
v -0.008141 0.093414 -0.033180
v -0.008141 0.090268 -0.025582
v -0.005904 0.092669 -0.025582
v -0.005904 0.095113 -0.031482
v -0.089824 -0.087146 0.096607
v -0.000983 -0.117290 0.117713
v -0.000984 -0.122637 0.118610
v -0.093286 -0.091320 0.096680
v 0.002336 0.097679 -0.144348
v 0.002336 0.097679 -0.040453
v -0.002196 0.097679 -0.040453
v -0.002196 0.097679 -0.144348
v -0.009098 0.092123 -0.034423
v -0.009760 0.089992 -0.036554
v -0.009760 0.085461 -0.025616
v -0.009098 0.088476 -0.025616
v -0.088768 -0.085489 0.097039
v -0.086898 -0.081821 0.099017
v -0.000946 -0.110984 0.119438
v -0.000946 -0.115288 0.117903
v 0.000927 -0.105488 0.124712
v 0.000927 -0.103959 0.128134
v 0.086369 -0.074967 0.107834
v 0.085868 -0.076668 0.104532
v 0.101613 -0.080631 0.121655
v 0.105016 -0.085710 0.120333
v 0.147548 -0.001598 0.061437
v 0.142736 0.000694 0.064711
v -0.094708 -0.092703 0.097223
v -0.000998 -0.124498 0.119487
v -0.000999 -0.128943 0.123429
v -0.098883 -0.095731 0.100173
v 0.094676 -0.074290 0.118574
v 0.132909 0.001319 0.065633
v 0.128014 -0.000019 0.063722
v 0.091215 -0.072793 0.114678
v 0.007840 0.085292 -0.041307
v 0.007840 0.078777 -0.025579
v 0.005669 0.076727 -0.025579
v 0.005669 0.083842 -0.042757
v -0.101614 -0.080630 0.121655
v -0.142737 0.000694 0.064711
v -0.147549 -0.001598 0.061437
v -0.105017 -0.085710 0.120333
vn -0.5218 -0.2797 -0.8060
vn -0.6255 -0.1156 0.7716
vn 0.1982 -0.8028 0.5624
vn 0.0859 -0.9963 -0.0101
vn -0.3901 0.9177 -0.0753
vn -0.3764 0.7587 -0.5317
vn 0.8218 0.3760 0.4281
vn 0.5534 -0.6821 0.4781
vn -0.3884 0.7545 -0.5290
vn 0.5838 -0.0886 -0.8070
vn 0.5124 -0.8515 -0.1111
vn -0.2862 0.9529 -0.1004
vn -0.6470 0.0256 -0.7621
vn -0.6798 -0.7329 -0.0261
vn 0.2695 -0.8522 -0.4484
vn 0.2693 0.2859 -0.9196
vn -0.5337 0.8303 0.1604
vn -0.5337 -0.4733 0.7008
vn 0.2407 -0.5571 0.7948
vn 0.6226 -0.7003 -0.3492
vn -0.8288 -0.4785 0.2899
vn 0.2406 0.9558 0.1691
vn 0.6226 0.2488 -0.7420
vn -0.8288 0.5432 -0.1343
vn -0.1349 -0.2336 -0.9629
vn -0.1777 0.8204 -0.5435
vn -0.9036 0.4283 -0.0025
vn -0.9037 -0.3006 -0.3048
vn 0.8771 -0.2133 -0.4304
vn 0.8767 0.4556 -0.1544
vn 0.1559 0.5348 0.8304
vn -0.8688 0.1143 0.4818
vn 0.7241 0.4174 -0.5490
vn 0.1556 -0.9655 0.2089
vn -0.8690 -0.4211 0.2600
vn 0.7245 0.0934 -0.6829
vn -0.3082 -0.9307 0.1973
vn 0.0624 0.3487 -0.9351
vn -0.8331 0.4529 -0.3176
vn -0.9802 0.1618 -0.1139
vn 0.9263 -0.3082 0.2168
vn 0.9215 -0.3179 0.2233
vn 0.3906 0.8863 0.2489
vn -0.6334 0.7525 0.1804
vn 0.8386 -0.5000 -0.2163
vn -0.1368 -0.1558 0.9783
vn -0.8107 0.4024 0.4253
vn 0.7953 -0.5859 -0.1558
vn 0.0235 0.9672 0.2530
vn -0.3735 0.2595 -0.8906
vn 0.9037 0.3006 -0.3048
vn -0.8771 0.2133 -0.4304
vn -0.3737 -0.8125 -0.4473
vn 0.0470 -0.5297 0.8469
vn 0.9039 -0.4277 -0.0025
vn -0.8772 -0.4546 -0.1544
vn 0.5629 -0.7503 0.3468
vn 0.7847 0.5538 0.2787
vn 0.7786 0.0680 -0.6239
vn 0.5451 -0.3353 -0.7684
vn 0.4669 0.4938 0.7336
vn 0.4812 0.0426 0.8756
vn -0.3457 0.9383 0.0101
vn -0.2575 0.4201 -0.8702
vn -0.6710 0.4325 0.6023
vn -0.9693 -0.2453 0.0165
vn -0.2683 -0.0596 -0.9615
vn -0.3412 0.7685 0.5413
vn 0.6944 -0.7169 -0.0624
vn 0.5623 0.8108 -0.1624
vn -0.0851 0.3314 -0.9396
vn 0.2069 -0.2429 -0.9477
vn 0.4279 0.0876 0.8996
vn 0.3913 -0.3846 0.8361
vn -0.9334 0.3030 0.1924
vn -0.5124 0.1866 -0.8382
vn 0.2859 -0.4202 0.8612
vn -0.2976 -0.9542 0.0298
vn -0.3899 -0.4451 -0.8061
vn 0.0123 -0.0535 0.9985
vn -0.6570 0.3274 -0.6791
vn 0.1320 0.9513 -0.2787
vn -0.8432 0.4816 0.2387
vn -0.9337 0.3571 -0.0278
vn 0.2187 0.4958 -0.8405
vn -0.0089 0.1243 -0.9922
vn 0.7580 -0.2843 0.5870
vn -0.4136 -0.3669 0.8333
vn 0.4673 -0.8194 -0.3319
vn 0.1261 -0.9759 -0.1782
vn -0.4418 -0.6150 0.6531
vn 0.7825 -0.6199 -0.0594
vn 0.2010 -0.9086 -0.3662
vn -0.0468 0.2239 -0.9735
vn -0.9038 -0.3048 -0.3005
vn -0.6226 -0.7419 -0.2488
vn 0.8288 -0.1344 -0.5432
vn 0.8771 -0.4304 -0.2132
vn -0.0465 0.8468 0.5298
vn -0.9036 -0.0025 0.4283
vn 0.8767 -0.1544 0.4556
vn 0.3742 -0.4469 0.8125
vn -0.6222 -0.3490 0.7008
vn 0.8284 0.2896 0.4795
vn -0.6982 -0.3514 -0.6237
vn 0.6063 -0.7571 0.2430
vn 0.8689 -0.1136 -0.4818
vn 0.5113 0.1251 -0.8502
vn -0.4087 -0.3864 0.8268
vn -0.7246 -0.4163 0.5492
vn 0.6063 0.3632 0.7075
vn 0.8690 0.4211 -0.2600
vn -0.7245 -0.0933 0.6829
vn -0.3596 0.9275 -0.1022
vn 0.5114 0.5131 -0.6894
vn -0.4087 -0.3109 0.8581
vn -0.2463 -0.6800 0.6906
vn -0.8335 0.5135 -0.2038
vn 0.1661 0.9178 0.3606
vn 0.5024 0.2521 0.8271
vn 0.3183 -0.7865 -0.5292
vn -0.0164 -0.1251 -0.9920
vn 0.2940 0.3300 -0.8970
vn 0.4136 0.9085 -0.0595
vn -0.4676 -0.0319 -0.8834
vn 0.7629 -0.5968 -0.2487
vn 0.8431 0.0599 0.5345
vn 0.0089 -0.9748 -0.2231
vn -0.9077 -0.1980 -0.3700
vn 0.5837 -0.7281 -0.3593
vn 0.5124 0.1866 -0.8382
vn 0.0858 0.3314 -0.9396
vn -0.3902 -0.3847 0.8365
vn -0.2860 -0.4202 0.8612
vn 0.8221 0.2734 0.4994
vn 0.5534 0.6821 -0.4781
vn -0.3884 -0.7545 0.5290
vn -0.6256 0.7646 0.1550
vn 0.1982 0.8027 -0.5624
vn -0.3764 -0.7587 0.5317
vn 0.8137 0.3768 -0.4427
vn -0.2939 0.9558 -0.0030
vn -0.4137 0.3669 -0.8332
vn -0.1662 -0.0251 -0.9858
vn 0.0163 0.8893 0.4570
vn 0.4673 0.8194 0.3319
vn -0.7627 0.0303 0.6460
vn -0.8432 -0.4816 -0.2387
vn -0.0089 -0.1243 0.9922
vn 0.2104 -0.8672 0.4513
vn -0.5023 -0.6910 -0.5198
vn -0.3183 0.2282 0.9201
vn 0.6943 0.7169 0.0625
vn 0.5623 -0.8108 0.1625
vn -0.0851 -0.3314 0.9396
vn 0.2069 0.2429 0.9477
vn 0.4279 -0.0877 -0.8996
vn 0.3912 0.3846 -0.8361
vn -0.9334 -0.3030 -0.1924
vn -0.5124 -0.1866 0.8382
vn 0.2860 0.4202 -0.8612
vn -0.2976 0.9542 -0.0297
vn -0.3899 0.4450 0.8062
vn 0.0123 0.0535 -0.9985
vn 0.0211 0.6968 -0.7169
vn 0.8508 -0.4773 0.2201
vn 0.3446 0.3560 0.8686
vn 0.0973 0.8447 0.5264
vn -0.6164 -0.4609 -0.6384
vn -0.4442 -0.8017 -0.4000
vn -0.5611 -0.6984 0.4443
vn -0.1662 0.0251 0.9858
vn 0.0163 -0.8893 -0.4570
vn -0.9813 0.1343 -0.1382
vn -0.5023 0.6910 0.5198
vn -0.3183 -0.2282 -0.9201
vn -0.2529 -0.9667 -0.0401
vn -0.3742 -0.4469 0.8126
vn 0.6222 -0.3490 0.7008
vn 0.6226 -0.7419 -0.2488
vn -0.8288 -0.1344 -0.5432
vn -0.8284 0.2895 0.4795
vn 0.0465 0.8468 0.5298
vn 0.9036 -0.0025 0.4283
vn -0.8767 -0.1544 0.4556
vn 0.0468 0.2239 -0.9735
vn 0.9038 -0.3048 -0.3005
vn -0.8771 -0.4304 -0.2132
vn -0.8420 0.2173 -0.4938
vn 0.5606 0.8248 -0.0732
vn -0.0004 0.5413 0.8408
vn -0.5114 0.5131 0.6893
vn 0.4087 -0.3108 -0.8581
vn 0.0005 -0.3891 -0.9212
vn 0.5603 -0.6351 0.5317
vn -0.0004 0.2121 0.9773
vn 0.0006 -0.3757 -0.9267
vn -0.7008 -0.6860 0.1957
vn -0.5113 0.1250 0.8502
vn 0.4088 -0.3865 -0.8268
vn -0.4675 -0.2492 0.8481
vn -0.2406 -0.7948 -0.5571
vn -0.6226 0.3492 -0.7003
vn -0.6226 0.7420 0.2488
vn 0.8288 0.1343 0.5432
vn 0.8288 -0.2899 -0.4786
vn 0.6799 0.0261 -0.7329
vn -0.2694 0.4484 -0.8523
vn 0.5337 -0.7009 -0.4733
vn 0.6797 0.5364 0.5003
vn -0.2694 0.9196 0.2859
vn 0.5337 -0.1604 0.8303
vn -0.8420 -0.4938 -0.2172
vn 0.5607 -0.0732 -0.8248
vn -0.0004 0.8407 -0.5414
vn -0.5114 0.6893 -0.5131
vn 0.4087 -0.8581 0.3108
vn 0.0005 -0.9212 0.3891
vn 0.5610 0.5312 0.6348
vn -0.0004 0.9774 -0.2112
vn 0.0006 -0.9263 0.3769
vn -0.7010 0.1950 0.6859
vn -0.5114 0.8503 -0.1242
vn 0.4085 -0.8264 0.3875
vn 0.2826 -0.6661 -0.6903
vn -0.6800 -0.7328 0.0260
vn 0.2694 -0.8523 0.4484
vn 0.6225 -0.7004 0.3492
vn -0.8288 -0.4786 -0.2899
vn -0.5337 -0.4733 -0.7009
vn -0.6798 0.5001 0.5364
vn 0.2694 0.2858 0.9196
vn -0.5337 0.8303 -0.1604
vn 0.2407 0.9558 -0.1691
vn 0.6226 0.2488 0.7419
vn -0.8288 0.5432 0.1343
vn -0.6661 0.4795 0.5714
vn 0.1254 -0.1665 0.9780
vn -0.4424 -0.8240 0.3540
vn -0.9336 0.1484 -0.3262
vn 0.2185 0.9594 -0.1783
vn 0.7829 -0.1551 0.6025
vn 0.7582 -0.6487 0.0661
vn -0.4136 -0.9085 0.0594
vn 0.4676 0.0319 0.8834
vn 0.1325 0.5868 -0.7988
vn -0.8431 -0.0599 -0.5345
vn -0.0088 0.9748 0.2230
vn -0.3920 0.4361 0.8101
vn 0.6136 -0.4388 0.6565
vn 0.4110 -0.8003 0.4365
vn -0.2691 -0.4479 0.8526
vn 0.5334 0.7004 0.4742
vn 0.3819 0.8672 0.3196
vn 0.6138 -0.7742 -0.1544
vn 0.4107 -0.8747 0.2572
vn 0.3820 0.3874 -0.8390
vn -0.4521 0.0583 -0.8901
vn -0.2694 -0.9196 -0.2859
vn 0.5337 0.1603 -0.8304
vn 0.9242 -0.0058 0.3819
vn -0.5626 0.8105 -0.1631
vn -0.7752 -0.5902 -0.2253
vn -0.2063 -0.2429 -0.9479
vn -0.4268 0.0878 0.9001
vn 0.2976 -0.9542 0.0299
vn 0.3899 -0.4451 -0.8061
vn -0.0123 -0.0535 0.9985
vn -0.2615 0.5887 -0.7648
vn 0.8335 0.5135 -0.2039
vn -0.1661 0.9178 0.3606
vn -0.4136 0.9085 -0.0595
vn 0.4675 -0.0319 -0.8834
vn 0.0164 -0.1251 -0.9920
vn 0.2104 -0.7207 0.6606
vn -0.5024 0.2521 0.8271
vn -0.3183 -0.7865 -0.5292
vn -0.7629 -0.5968 -0.2488
vn -0.8431 0.0598 0.5344
vn -0.0089 -0.9748 -0.2231
vn -0.9310 -0.3428 0.1255
vn 0.4521 0.0584 0.8900
vn 0.2694 -0.9196 0.2859
vn -0.4105 -0.8746 -0.2579
vn -0.3812 0.3881 0.8391
vn -0.5337 0.1604 0.8303
vn 0.4523 0.6704 -0.5882
vn 0.2694 -0.4484 -0.8523
vn -0.5336 0.7009 -0.4733
vn -0.6143 -0.4380 -0.6563
vn -0.4103 -0.8008 -0.4364
vn -0.3812 0.8678 -0.3186
vn -0.3135 -0.3676 -0.8755
vn 0.0247 0.9954 -0.0922
vn -0.8543 -0.4285 -0.2941
vn 0.3655 0.4754 -0.8002
vn 0.6318 -0.2040 0.7478
vn -0.3803 -0.9175 -0.1165
vn -0.7337 -0.6677 -0.1260
vn 0.8589 -0.4985 -0.1176
vn 0.4105 -0.5992 0.6873
vn 0.8270 0.4807 -0.2916
vn 0.2070 -0.8074 -0.5526
vn 0.4278 0.8152 0.3904
vn -0.1891 0.8249 -0.5327
vn -0.9674 -0.1398 0.2112
vn -0.3894 -0.6054 -0.6942
vn 0.0122 0.9563 0.2920
vn -0.8809 0.3479 0.3208
vn 0.1379 0.5739 -0.8073
vn 0.6334 0.7525 0.1804
vn -0.8386 -0.4999 -0.2162
vn 0.7574 -0.6509 0.0508
vn 0.8107 0.4024 0.4252
vn -0.7952 -0.5859 -0.1559
vn -0.3545 -0.3351 0.8729
vn 0.2529 -0.9667 0.0401
vn 0.3738 -0.4473 -0.8125
vn -0.6226 -0.3492 -0.7003
vn -0.6226 -0.7420 0.2488
vn 0.8288 -0.1343 0.5432
vn 0.8288 0.2899 -0.4786
vn -0.0470 0.8469 -0.5297
vn -0.9039 -0.0025 -0.4278
vn 0.8772 -0.1544 -0.4546
vn -0.0469 0.2240 0.9735
vn -0.9037 -0.3048 0.3006
vn 0.8771 -0.4304 0.2132
vn 0.2011 0.9085 0.3663
vn -0.0469 -0.2240 0.9735
vn -0.9037 0.3048 0.3006
vn 0.8771 0.4304 0.2132
vn -0.0470 -0.8469 -0.5297
vn -0.9039 0.0025 -0.4278
vn 0.8772 0.1544 -0.4546
vn 0.3738 0.4474 -0.8125
vn 0.2818 -0.0176 0.9593
vn -0.6798 0.5364 0.5002
vn 0.2693 0.9196 0.2859
vn 0.6226 0.7420 0.2488
vn -0.8288 0.1343 0.5432
vn -0.5337 -0.1604 0.8303
vn -0.6799 0.0261 -0.7329
vn 0.2694 0.4484 -0.8523
vn -0.5337 -0.7009 -0.4733
vn 0.2406 -0.7948 -0.5571
vn 0.6226 0.3492 -0.7003
vn -0.8288 -0.2899 -0.4786
vn 0.3133 0.6967 0.6453
vn -0.0251 0.4270 -0.9039
vn 0.9336 0.1484 -0.3262
vn 0.8543 0.1290 0.5035
vn -0.3660 0.9143 -0.1735
vn -0.2185 0.9594 -0.1783
vn -0.6313 -0.7729 -0.0645
vn 0.4424 -0.8239 0.3541
vn -0.7829 -0.1552 0.6025
vn 0.3798 -0.2045 0.9022
vn 0.7329 -0.1104 0.6713
vn -0.8583 -0.0599 0.5097
vn -0.9054 -0.4061 -0.1235
vn 0.2154 0.2600 -0.9413
vn -0.1829 0.4208 -0.8885
vn -0.4751 0.3220 -0.8189
vn -0.3408 -0.9229 0.1793
vn 0.8484 -0.5192 -0.1030
vn 0.8680 0.2642 0.4205
vn 0.3080 0.8695 -0.3862
vn 0.8880 -0.4115 -0.2053
vn -0.5964 -0.2326 0.7682
vn -0.8781 0.4670 -0.1045
vn -0.4727 -0.8733 0.1181
vn -0.8420 0.4938 0.2173
vn 0.5606 0.0732 0.8248
vn -0.0004 -0.8408 0.5413
vn -0.5114 -0.6893 0.5131
vn 0.4087 0.8581 -0.3108
vn 0.0005 0.9212 -0.3891
vn 0.5603 -0.5317 -0.6351
vn -0.0004 -0.9773 0.2121
vn 0.0006 0.9267 -0.3757
vn -0.7007 -0.1957 -0.6861
vn -0.5113 -0.8502 0.1250
vn 0.4088 0.8268 -0.3865
vn -0.5307 0.6935 -0.4872
vn 0.8507 0.3701 -0.3733
vn 0.3447 0.6944 0.6316
vn -0.4443 -0.1016 -0.8901
vn 0.2359 -0.8460 0.4781
vn 0.0978 0.2057 0.9737
vn -0.6166 -0.4416 -0.6518
vn -0.9813 -0.1756 0.0787
vn 0.3620 0.0851 0.9283
vn -0.2401 -0.7949 0.5573
vn -0.6222 0.3490 0.7008
vn -0.2692 0.4479 0.8526
vn 0.5335 -0.7004 0.4742
vn 0.8284 -0.2895 0.4795
vn -0.2406 -0.1692 -0.9558
vn -0.6226 0.7419 -0.2488
vn 0.8288 0.1344 -0.5432
vn 0.6797 0.5364 -0.5002
vn -0.2694 0.9196 -0.2859
vn 0.5336 -0.1603 -0.8304
vn 0.4190 -0.5086 0.7521
vn -0.7752 0.0097 0.6317
vn -0.2063 0.8075 0.5527
vn 0.3894 0.6054 0.6942
vn -0.0122 -0.9563 -0.2921
vn -0.4268 -0.8156 -0.3907
vn -0.5626 0.4305 -0.7058
vn 0.0859 0.9963 0.0101
vn -0.3901 -0.9177 0.0753
vn 0.9333 -0.0771 -0.3507
vn 0.5124 0.8515 0.1111
vn -0.2862 -0.9529 0.1004
vn -0.4629 0.4253 0.7777
vn -0.5836 -0.7282 -0.3594
vn -0.5534 0.6820 -0.4781
vn 0.3884 -0.7545 0.5291
vn 0.6886 -0.2971 -0.6615
vn 0.6253 0.7647 0.1557
vn -0.1974 0.8029 -0.5625
vn 0.3774 -0.7584 0.5314
vn 0.3508 0.2022 -0.9144
vn 0.7752 0.0091 0.6316
vn 0.2070 0.8074 0.5526
vn -0.0851 0.9963 0.0101
vn 0.3912 -0.9172 0.0752
vn 0.4278 -0.8152 -0.3904
vn -0.2975 -0.3542 0.8866
vn -0.3894 0.6054 0.6941
vn 0.0123 -0.9563 -0.2921
vn -0.9333 -0.0771 -0.3508
vn -0.5124 0.8515 0.1111
vn 0.2862 -0.9529 0.1005
vn 0.2818 0.0176 -0.9593
vn -0.6798 -0.5364 -0.5002
vn 0.2694 -0.9196 -0.2858
vn -0.5336 0.1604 -0.8304
vn -0.6799 -0.0254 0.7329
vn 0.2692 -0.4479 0.8526
vn -0.5335 0.7004 0.4741
vn 0.2401 0.7949 0.5573
vn 0.5309 -0.6950 0.4849
vn -0.8508 -0.4773 0.2201
vn -0.3446 0.3560 0.8686
vn 0.1662 0.0251 0.9858
vn -0.0163 -0.8893 -0.4570
vn 0.4442 -0.8017 -0.4000
vn -0.2359 0.7385 -0.6316
vn -0.0973 0.8447 0.5264
vn 0.6164 -0.4609 -0.6384
vn 0.9813 0.1343 -0.1382
vn 0.5023 0.6910 0.5198
vn 0.3183 -0.2282 -0.9201
vn -0.1493 0.5789 0.8016
vn 0.1559 -0.8305 0.5348
vn -0.8688 -0.4818 0.1143
vn -0.9036 0.0025 0.4283
vn 0.8767 0.1544 0.4556
vn 0.7241 0.5490 0.4174
vn 0.1557 -0.2090 -0.9655
vn -0.8689 -0.2600 -0.4212
vn 0.7246 0.6828 0.0933
vn -0.1779 0.9644 -0.1957
vn -0.9038 0.3048 -0.3005
vn 0.8771 0.4304 -0.2132
vn 0.5628 -0.0984 -0.8207
vn -0.3596 -0.9275 0.1023
vn 0.5114 -0.5131 0.6893
vn 0.8690 -0.4211 0.2600
vn -0.7245 0.0934 -0.6829
vn -0.4087 0.3108 -0.8581
vn -0.3600 0.5834 0.7281
vn 0.5114 -0.1242 0.8503
vn -0.4085 0.3875 -0.8264
vn 0.6060 0.7572 -0.2436
vn 0.8688 0.1143 0.4818
vn -0.7241 0.4174 -0.5490
vn 0.9308 0.3432 0.1260
vn -0.4522 -0.0583 0.8900
vn 0.4107 0.8747 -0.2572
vn 0.3821 -0.3875 0.8390
vn -0.4523 -0.6704 -0.5882
vn 0.6140 0.4377 -0.6568
vn 0.4105 0.8004 -0.4369
vn 0.3821 -0.8673 -0.3190
vn -0.4662 -0.4237 -0.7766
vn -0.2407 0.9558 -0.1691
vn -0.6226 0.2488 0.7419
vn -0.6225 -0.7004 0.3492
vn 0.8288 -0.4786 -0.2899
vn 0.8288 0.5432 0.1343
vn 0.6799 0.5000 0.5364
vn -0.2694 0.2858 0.9196
vn 0.5337 0.8303 -0.1604
vn 0.6799 -0.7328 0.0260
vn -0.2694 -0.8523 0.4483
vn 0.5337 -0.4733 -0.7008
vn 0.3605 -0.7928 -0.4915
vn 0.6060 -0.2436 0.7572
vn 0.8688 0.4818 0.1143
vn 0.8689 0.2600 -0.4212
vn -0.7246 -0.6828 0.0933
vn -0.7241 -0.5490 0.4174
vn -0.3600 0.7281 0.5833
vn 0.5114 0.8503 -0.1243
vn -0.4084 -0.8264 0.3875
vn -0.3597 0.1023 -0.9274
vn 0.5115 0.6893 -0.5131
vn -0.4088 -0.8581 0.3108
vn 0.5340 0.3029 0.7894
vn 0.0625 -0.9980 0.0083
vn -0.8331 -0.4530 0.3175
vn -0.6334 -0.0877 0.7689
vn 0.8385 -0.0324 -0.5440
vn 0.9215 0.3179 -0.2232
vn -0.5371 0.1872 -0.8225
vn -0.9803 -0.1621 0.1130
vn 0.9262 0.3092 -0.2157
vn -0.1365 0.9726 0.1882
vn -0.8107 0.2623 0.5234
vn 0.7951 0.0542 -0.6040
vn 0.0234 -0.8627 0.5052
vn -0.3742 0.4469 0.8125
vn 0.6222 0.3490 0.7008
vn 0.9036 0.0025 0.4283
vn -0.8767 0.1544 0.4556
vn -0.8284 -0.2896 0.4795
vn -0.3735 0.8906 -0.2594
vn 0.6226 0.7419 -0.2488
vn -0.8288 0.1344 -0.5432
vn 0.0468 -0.2239 -0.9735
vn 0.9038 0.3048 -0.3005
vn -0.8771 0.4304 -0.2132
vn -0.4091 -0.5811 0.7035
vn -0.7008 0.1957 -0.6860
vn -0.5114 0.8502 0.1250
vn -0.5115 0.6893 0.5131
vn 0.4088 -0.8581 -0.3108
vn 0.4088 -0.8268 -0.3865
vn 0.5603 0.5317 -0.6351
vn -0.0004 0.9773 0.2121
vn 0.0005 -0.9267 -0.3757
vn 0.5606 -0.0732 0.8248
vn -0.0004 0.8408 0.5413
vn 0.0006 -0.9212 -0.3891
vn 0.5005 0.8658 -0.0002
vn 1.0000 -0.0005 0.0008
vn 0.6548 -0.0004 0.7558
vn 0.3273 0.5672 0.7557
vn 0.3278 0.5674 -0.7554
vn 0.6551 0.0004 -0.7555
vn 0.5000 -0.8660 0.0006
vn 0.3269 -0.5671 0.7560
vn 0.3277 -0.5665 -0.7561
vn -0.5001 -0.8660 0.0004
vn -0.3274 -0.5666 0.7562
vn -0.3269 -0.5664 -0.7566
vn -1.0000 -0.0000 0.0005
vn -0.6545 -0.0003 0.7560
vn -0.6542 0.0004 -0.7563
vn -0.5001 0.8660 0.0007
vn -0.3277 0.5667 0.7559
vn -0.3270 0.5672 -0.7559
vn -0.2369 -0.0586 0.9698
vn -0.1553 0.8305 -0.5349
vn 0.8689 0.4818 -0.1136
vn 0.8689 0.2600 0.4211
vn -0.7246 -0.6828 -0.0933
vn -0.7246 -0.5492 -0.4163
vn 0.1782 -0.5434 -0.8203
vn 0.9039 -0.0025 -0.4277
vn -0.8772 -0.1544 -0.4546
vn 0.1778 -0.9644 0.1958
vn 0.9037 -0.3048 0.3006
vn -0.8771 -0.4304 0.2132
vn -0.8354 0.2158 -0.5056
vn 0.2105 0.8672 -0.4512
vn 0.8335 -0.3671 0.4130
vn -0.2939 -0.9558 0.0030
vn 0.9297 -0.2116 -0.3013
vn 0.5702 -0.4387 0.6946
vn 0.7786 0.6096 0.1492
vn 0.8784 0.4664 -0.1044
vn 0.4737 -0.8728 0.1179
vn 0.4812 -0.8084 -0.3391
vn -0.9390 0.0732 0.3361
vn -0.2580 0.9613 -0.0970
vn -0.6709 -0.4176 -0.6127
vn -0.5816 -0.0737 -0.8101
vn -0.3080 0.8695 -0.3862
vn -0.8880 -0.4115 -0.2054
vn 0.6470 -0.0256 -0.7621
vn 0.6798 0.7330 -0.0254
vn -0.2693 0.8525 -0.4480
vn -0.2693 -0.2860 -0.9196
vn 0.5337 -0.8303 0.1603
vn 0.5335 0.4742 0.7004
vn -0.2401 0.5573 0.7948
vn -0.6222 0.7007 -0.3490
vn 0.8284 0.4795 0.2895
vn -0.2405 -0.9558 0.1691
vn -0.6226 -0.2488 -0.7419
vn 0.8288 -0.5432 -0.1343
vn 0.9073 -0.2801 -0.3135
vn -0.5838 -0.0887 -0.8070
vn -0.5124 -0.8515 -0.1111
vn -0.0851 -0.9963 -0.0101
vn 0.3912 0.9172 -0.0752
vn 0.2862 0.9529 -0.1005
vn -0.8218 0.3760 0.4282
vn -0.5534 -0.6820 0.4780
vn 0.3884 0.7545 -0.5290
vn 0.6252 -0.1148 0.7719
vn -0.1974 -0.8029 0.5625
vn 0.3774 0.7584 -0.5314
vn -0.3128 0.4596 0.8312
vn -0.6143 0.4380 -0.6563
vn -0.4103 0.8008 -0.4363
vn -0.4105 0.8746 -0.2579
vn -0.3812 -0.3881 0.8391
vn -0.3812 -0.8678 -0.3186
vn 0.4523 -0.6704 -0.5881
vn 0.4521 -0.0583 0.8901
vn -0.2823 0.6668 -0.6897
vn 0.6800 0.7328 0.0254
vn -0.2691 0.8526 0.4479
vn -0.6222 0.7008 0.3490
vn 0.8284 0.4796 -0.2895
vn 0.5334 0.4742 -0.7004
vn 0.6798 -0.5001 0.5365
vn -0.2694 -0.2858 0.9196
vn 0.5337 -0.8303 -0.1604
vn -0.2406 -0.9558 -0.1691
vn -0.6226 -0.2488 0.7419
vn 0.8288 -0.5432 0.1343
vn 0.5170 0.7744 0.3647
vn -0.5816 0.7360 0.3466
vn -0.3082 0.6603 -0.6848
vn 0.8784 0.2576 -0.4026
vn 0.4737 -0.4093 0.7798
vn -0.8881 0.0523 0.4567
vn -0.9391 -0.2901 -0.1842
vn 0.5697 -0.8031 0.1747
vn 0.2517 0.7116 0.6559
vn 0.3734 -0.2596 0.8906
vn -0.0468 -0.9734 -0.2241
vn -0.9038 -0.3006 0.3047
vn 0.8771 -0.2132 0.4304
vn -0.0465 0.5298 -0.8468
vn -0.9036 0.4283 0.0025
vn 0.8767 0.4556 0.1544
vn -0.8959 0.4346 0.0919
vn 0.2976 0.9542 -0.0298
vn 0.3899 0.4450 0.8062
vn -0.2062 0.2429 0.9479
vn -0.4268 -0.0879 -0.9001
vn -0.0123 0.0535 -0.9985
vn 0.9334 -0.3029 -0.1924
vn 0.5124 -0.1867 0.8382
vn -0.2860 0.4202 -0.8612
vn -0.5626 -0.8105 0.1631
vn 0.0859 -0.3314 0.9396
vn -0.3902 0.3847 -0.8365
vn 0.3468 0.3308 0.8777
vn -0.1778 -0.9644 0.1958
vn -0.8689 0.2600 0.4211
vn 0.7246 -0.6828 -0.0933
vn -0.1782 -0.5434 -0.8203
vn 0.1553 0.8305 -0.5349
vn -0.8689 0.4818 -0.1136
vn 0.7245 -0.5493 -0.4163
vn -0.5339 0.6383 0.5546
vn -0.0625 0.3488 -0.9351
vn 0.8331 0.4528 -0.3176
vn -0.9214 -0.3179 0.2233
vn 0.5371 -0.8370 -0.1051
vn 0.9802 0.1618 -0.1139
vn -0.9263 -0.3082 0.2167
vn 0.1369 -0.1558 0.9783
vn -0.9077 0.1980 0.3700
vn 0.5837 0.7281 0.3593
vn 0.8221 -0.2735 -0.4994
vn -0.6256 -0.7646 -0.1550
vn -0.5628 0.0984 -0.8207
vn 0.3596 0.9275 0.1022
vn -0.8690 0.4211 0.2600
vn 0.7245 -0.0934 -0.6829
vn 0.3593 -0.5836 0.7282
vn -0.6063 -0.7572 -0.2431
vn -0.8689 -0.1136 0.4818
vn 0.7246 -0.4164 -0.5492
vn 0.3157 -0.4647 0.8273
vn 0.3597 -0.1023 -0.9274
vn -0.5114 -0.6893 -0.5131
vn -0.5114 -0.8503 -0.1242
vn 0.4085 0.8264 0.3875
vn 0.4088 0.8581 0.3107
vn -0.6062 0.7075 -0.3633
vn -0.6060 0.2436 0.7572
vn 0.3604 0.4915 -0.7928
vn 0.6063 -0.7572 -0.2431
vn 0.8689 -0.1136 0.4818
vn 0.8690 0.4211 0.2600
vn -0.7246 -0.0934 -0.6829
vn -0.7245 -0.4164 -0.5493
vn -0.3593 -0.5836 0.7282
vn 0.5113 0.1250 0.8502
vn -0.4087 -0.3864 -0.8268
vn -0.3596 0.9275 0.1022
vn 0.5115 0.5131 0.6893
vn -0.4088 -0.3108 -0.8581
vn 0.2582 0.8301 0.4942
vn 0.1370 0.1559 -0.9782
vn 0.8107 -0.4024 -0.4253
vn 0.9803 -0.1621 0.1130
vn -0.9262 0.3093 -0.2157
vn -0.7952 0.5859 0.1559
vn -0.3906 -0.8863 -0.2489
vn 0.6334 -0.7525 -0.1804
vn -0.8386 0.4999 0.2163
vn -0.0622 -0.3488 0.9351
vn 0.8331 -0.4529 0.3175
vn -0.9214 0.3180 -0.2233
vn -0.4092 -0.7035 -0.5811
vn -0.7010 0.6860 0.1950
vn -0.5114 -0.1242 0.8503
vn -0.5115 -0.5131 0.6893
vn 0.4088 0.3108 -0.8581
vn 0.4085 0.3875 -0.8264
vn 0.5610 0.6349 0.5313
vn -0.0004 -0.2113 0.9774
vn 0.0006 0.3768 -0.9263
vn 0.5607 -0.8248 -0.0731
vn -0.0004 -0.5414 0.8408
vn 0.0006 0.3891 -0.9212
vn -0.9309 -0.1256 -0.3429
vn 0.4521 -0.8900 0.0585
vn 0.2693 -0.2859 -0.9196
vn -0.4104 0.2579 -0.8747
vn -0.3811 -0.8392 0.3881
vn -0.5337 -0.8303 0.1604
vn 0.4518 0.5883 0.6707
vn 0.2692 0.8525 -0.4480
vn -0.5334 0.4742 0.7004
vn -0.6139 0.6560 -0.4391
vn -0.4107 0.4358 -0.8008
vn -0.3810 0.3192 0.8677
vn -0.2520 -0.7123 0.6551
vn -0.3735 0.2596 0.8906
vn 0.0469 0.9734 -0.2241
vn 0.9038 0.3006 0.3048
vn -0.8771 0.2132 0.4303
vn 0.0470 -0.5297 -0.8469
vn 0.9039 -0.4278 0.0026
vn -0.8772 -0.4546 0.1544
vn 0.3491 0.4811 -0.8041
vn -0.3802 0.9176 0.1159
vn -0.7330 0.6685 0.1259
vn -0.4418 0.6150 -0.6531
vn 0.7824 0.6199 0.0595
vn 0.8582 0.4996 0.1179
vn -0.7533 0.1799 0.6326
vn -0.8544 0.4285 0.2940
vn 0.3654 -0.4753 0.8004
vn 0.0248 -0.9954 0.0921
vn -0.9336 -0.3571 0.0277
vn 0.2187 -0.4958 0.8405
vn 0.2153 -0.1939 0.9571
vn 0.2396 -0.8776 -0.4153
vn -0.5903 -0.8037 -0.0754
vn -0.5900 -0.8039 0.0751
vn 0.7636 0.5826 0.2783
vn 0.7637 0.5829 -0.2775
vn -0.1568 0.7353 -0.6593
vn -0.8808 -0.0003 -0.4734
vn 0.9036 0.0007 -0.4284
vn -0.1567 0.7347 0.6600
vn -0.8806 -0.0004 0.4738
vn 0.9031 0.0005 0.4293
vn -0.6978 -0.6237 0.3521
vn 0.6060 0.2436 0.7572
vn 0.8688 -0.4818 0.1143
vn 0.5114 -0.8503 -0.1243
vn -0.4085 0.8264 0.3875
vn -0.7241 0.5490 0.4174
vn 0.6062 0.7075 -0.3633
vn 0.8689 -0.2600 -0.4212
vn -0.7245 0.6829 0.0933
vn -0.3597 -0.1023 -0.9274
vn 0.5114 -0.6893 -0.5131
vn -0.4087 0.8581 0.3108
vn 0.3678 -0.3037 0.8789
vn 0.5607 0.0732 -0.8248
vn -0.0004 -0.8407 -0.5414
vn -0.0004 -0.9774 -0.2112
vn 0.0006 0.9263 0.3769
vn 0.0006 0.9212 0.3891
vn -0.7010 0.3469 -0.6230
vn -0.7010 -0.1950 0.6860
vn 0.8426 0.3891 -0.3724
vn 0.4521 -0.8901 -0.0583
vn 0.2694 -0.2858 0.9197
vn 0.2691 0.8526 0.4479
vn -0.5335 0.4742 -0.7004
vn -0.5336 -0.8304 -0.1604
vn -0.6140 -0.1539 0.7741
vn -0.4103 0.2579 0.8747
vn -0.3811 -0.8391 -0.3881
vn -0.6139 0.6560 0.4392
vn -0.4106 0.4358 0.8009
vn -0.3811 0.3192 -0.8677
vn 0.9057 0.0232 -0.4232
vn -0.2158 -0.9734 -0.0772
vn 0.1822 -0.9790 0.0916
vn 0.4750 -0.8797 0.0218
vn 0.3417 0.4835 -0.8059
vn -0.8483 0.0798 -0.5234
vn -0.8681 0.3046 0.3920
vn -0.3082 -0.6603 0.6848
vn -0.8881 -0.0523 -0.4567
vn 0.5965 0.8015 0.0435
vn 0.8784 -0.2576 0.4026
vn 0.4737 0.4093 -0.7798
vn 0.5170 -0.7744 -0.3646
vn -0.5815 -0.7360 -0.3466
vn -0.9391 0.2901 0.1842
vn -0.2575 -0.4201 0.8702
vn -0.6710 -0.4325 -0.6023
vn 0.5697 0.8031 -0.1747
vn 0.7786 -0.0680 0.6239
vn 0.4812 -0.0426 -0.8756
vn -0.6489 0.0446 0.7595
vn -0.1320 0.9513 -0.2787
vn 0.8433 0.4816 0.2387
vn 0.4136 -0.3669 0.8333
vn -0.4673 -0.8194 -0.3319
vn 0.0089 0.1243 -0.9922
vn 0.4039 0.0714 -0.9120
vn 0.9337 0.3570 -0.0278
vn -0.2187 0.4958 -0.8405
vn -0.1262 -0.9759 -0.1782
vn 0.4418 -0.6150 0.6532
vn -0.7824 -0.6199 -0.0595
vn 0.8878 0.3974 -0.2321
vn -0.7010 0.6860 -0.1950
vn -0.5114 -0.1243 -0.8503
vn -0.0004 -0.2112 -0.9774
vn 0.0006 0.3769 0.9263
vn 0.4085 0.3875 0.8264
vn -0.7009 -0.6231 0.3470
vn -0.5114 -0.5131 -0.6893
vn 0.4087 0.3108 0.8581
vn 0.5607 -0.8248 0.0731
vn -0.0004 -0.5414 -0.8408
vn 0.0005 0.3891 0.9212
vn 0.1786 0.7137 -0.6773
vn -0.7629 0.5967 0.2488
vn -0.5024 -0.2521 -0.8271
vn -0.3183 0.7866 0.5291
vn -0.2941 -0.3300 0.8970
vn 0.8335 -0.5135 0.2039
vn -0.1661 -0.9178 -0.3606
vn 0.0163 0.1251 0.9920
vn 0.1492 -0.1568 -0.9763
vn -0.1556 -0.9655 0.2089
vn 0.9037 -0.3006 -0.3048
vn -0.8771 -0.2133 -0.4304
vn -0.1559 0.5348 0.8304
vn 0.1777 0.8204 -0.5435
vn 0.9036 0.4283 -0.0025
vn -0.8767 0.4556 -0.1544
vn 0.2244 -0.7982 0.5591
vn 0.9673 0.2467 -0.0588
vn 0.2682 -0.8832 -0.3848
vn 0.3412 0.2459 0.9073
vn -0.5172 0.7504 -0.4116
vn -0.8269 -0.4387 0.3517
vn -0.5447 -0.6076 -0.5780
vn -0.4660 0.5208 0.7153
vn -0.4552 0.8675 -0.2005
vn -0.3797 -0.2045 0.9022
vn -0.7329 -0.1104 0.6714
vn -0.8543 0.1291 0.5035
vn 0.3660 0.9143 -0.1734
vn 0.8583 -0.0599 0.5096
vn 0.6313 -0.7729 -0.0647
vn 0.0250 0.4270 -0.9039
vn 0.8420 -0.2173 -0.4938
vn -0.5611 -0.8245 -0.0732
vn -0.5614 0.6347 0.5310
vn 0.7011 0.6859 0.1950
vn -0.1351 0.8459 0.5159
vn -0.1779 -0.1957 0.9644
vn 0.1557 -0.9654 -0.2090
vn -0.8689 -0.4211 -0.2600
vn 0.7245 0.0933 0.6829
vn 0.1559 0.5348 -0.8305
vn -0.8688 0.1143 -0.4818
vn 0.7241 0.4174 0.5490
vn -0.4674 0.2492 -0.8482
vn -0.2401 0.7948 0.5573
vn 0.6799 -0.0254 0.7329
vn 0.6797 -0.5365 -0.5002
vn 0.2026 -0.9010 0.3836
vn -0.0470 -0.5297 -0.8469
vn -0.9039 -0.4278 0.0026
vn 0.8772 -0.4546 0.1544
vn -0.0469 0.9734 -0.2241
vn -0.9038 0.3006 0.3048
vn 0.8771 0.2132 0.4303
vn 0.3735 0.2595 0.8906
vn -0.5628 -0.8207 -0.0985
vn 0.3597 0.1023 -0.9274
vn -0.8689 0.2600 -0.4212
vn 0.7245 -0.6829 0.0933
vn 0.3600 0.7281 0.5834
vn -0.6060 -0.2436 0.7572
vn -0.8688 0.4818 0.1143
vn 0.7241 -0.5490 0.4174
vn 0.4668 -0.5184 0.7165
vn 0.9693 0.0992 -0.2249
vn 0.2579 -0.9613 0.0971
vn 0.6709 0.4177 0.6128
vn -0.5374 0.6095 -0.5828
vn -0.7841 0.0717 0.6164
vn -0.7782 -0.6100 -0.1492
vn -0.4802 0.8090 0.3391
vn -0.1492 0.1568 -0.9763
vn 0.1555 0.9655 0.2089
vn -0.9037 0.3006 -0.3048
vn 0.8771 0.2133 -0.4304
vn 0.1553 -0.5349 0.8305
vn -0.1782 -0.8203 -0.5434
vn -0.9039 -0.4277 -0.0025
vn 0.8772 -0.4546 -0.1544
vn -0.4998 -0.7951 0.3436
vn 0.9693 -0.2453 0.0164
vn 0.2683 -0.0595 -0.9615
vn -0.5446 -0.3354 -0.7687
vn -0.4659 0.4940 0.7341
vn 0.3412 0.7685 0.5414
vn 0.3457 0.9383 0.0102
vn 0.2575 0.4201 -0.8701
vn 0.6710 0.4325 0.6023
vn -0.7847 0.5540 0.2781
vn -0.7782 0.0681 -0.6243
vn -0.4802 0.0425 0.8761
vn -0.3468 -0.3308 0.8777
vn 0.1778 0.9644 0.1958
vn 0.9037 0.3048 0.3006
vn 0.8689 -0.2600 0.4211
vn -0.7246 0.6828 -0.0933
vn -0.8771 0.4304 0.2132
vn 0.1782 0.5434 -0.8203
vn 0.9039 0.0025 -0.4277
vn -0.8772 0.1544 -0.4546
vn -0.1553 -0.8305 -0.5349
vn 0.8689 -0.4818 -0.1136
vn -0.7245 0.5493 -0.4163
vn 0.6663 0.3726 0.6460
vn -0.1262 0.9759 0.1782
vn 0.4418 0.6150 -0.6531
vn 0.9337 -0.3571 0.0278
vn -0.2187 -0.4958 0.8405
vn -0.7824 0.6199 0.0595
vn -0.7581 0.2842 -0.5870
vn 0.4136 0.3669 -0.8333
vn -0.4673 0.8194 0.3319
vn -0.1320 -0.9513 0.2786
vn 0.8433 -0.4816 -0.2387
vn 0.0089 -0.1243 0.9922
vn -0.3679 0.3035 0.8790
vn -0.5611 -0.0732 -0.8245
vn 0.7011 -0.3469 -0.6230
vn 0.7010 0.1950 0.6859
vn -0.3919 0.8101 -0.4360
vn 0.6135 0.6565 0.4390
vn 0.4108 0.4365 0.8004
vn 0.3820 0.3196 -0.8671
vn 0.6137 -0.1544 0.7743
vn 0.4106 0.2572 0.8748
vn 0.3820 -0.8390 -0.3875
vn -0.4522 -0.8900 -0.0584
vn 0.4554 -0.4847 0.7468
vn 0.3803 0.9176 0.1160
vn 0.7331 0.6684 0.1258
vn 0.8544 0.4285 0.2940
vn -0.3654 -0.4753 0.8004
vn -0.8582 0.4995 0.1180
vn -0.6318 0.2039 -0.7478
vn -0.0248 -0.9954 0.0921
vn 0.8420 -0.4938 0.2173
vn -0.5610 -0.0732 0.8246
vn 0.5114 0.6893 0.5131
vn -0.4087 -0.8581 -0.3108
vn -0.5607 0.5314 -0.6350
vn 0.7008 0.1956 -0.6860
vn 0.5114 0.8502 0.1250
vn -0.4088 -0.8268 -0.3864
vn 0.4991 0.5947 -0.6303
vn -0.9693 0.0992 -0.2248
vn -0.2683 -0.8831 -0.3849
vn 0.5451 -0.6074 -0.5778
vn 0.4669 0.5204 0.7149
vn -0.3412 0.2459 0.9073
vn -0.3463 -0.3114 0.8849
vn -0.2579 -0.9613 0.0971
vn -0.6709 0.4177 0.6127
vn 0.7842 0.0723 0.6162
vn 0.7786 -0.6096 -0.1491
vn 0.4812 0.8084 0.3391
vn 0.4628 -0.5855 -0.6656
vn 0.5838 0.0886 0.8070
vn -0.6886 0.5204 0.5049
vn -0.6255 0.1156 -0.7716
vn 0.9050 0.2366 0.3536
vn 0.2938 0.9559 -0.0031
vn -0.8334 0.3672 -0.4130
vn 0.1662 -0.0252 -0.9858
vn -0.0164 0.8893 0.4570
vn -0.2104 -0.8672 0.4513
vn 0.5023 -0.6910 -0.5198
vn 0.3183 0.2282 0.9201
vn 0.3508 -0.2022 0.9144
vn 0.7752 -0.0091 -0.6316
vn -0.2975 0.3543 -0.8866
vn -0.9333 0.0771 0.3507
vn -0.2154 0.1940 0.9571
vn -0.2398 0.8775 -0.4153
vn 0.5904 0.8036 -0.0754
vn 0.5900 0.8039 0.0750
vn -0.7636 -0.5826 0.2782
vn -0.7638 -0.5828 -0.2774
vn 0.6401 -0.6465 -0.4151
vn 0.9911 0.1094 -0.0753
vn -0.8867 -0.3698 -0.2774
vn 0.6403 -0.6465 0.4148
vn 0.9912 0.1090 0.0749
vn -0.8865 -0.3698 0.2782
vn 0.2456 0.8346 0.4930
vn 0.0251 -0.4269 0.9039
vn -0.9336 -0.1484 0.3262
vn -0.4425 0.8239 -0.3541
vn 0.7829 0.1551 -0.6025
vn 0.2185 -0.9594 0.1783
vn -0.7531 -0.5329 -0.3859
vn -0.8542 -0.1293 -0.5035
vn 0.3660 -0.9143 0.1736
vn -0.3802 0.2039 -0.9021
vn -0.7335 0.1097 -0.6708
vn 0.8589 0.0602 -0.5086
vn -0.5627 0.8207 0.0985
vn 0.3596 -0.1022 0.9275
vn -0.8689 -0.2600 0.4211
vn 0.7246 0.6829 -0.0933
vn 0.3593 -0.7282 -0.5836
vn -0.6063 0.2431 -0.7572
vn -0.8689 -0.4818 -0.1136
vn 0.7246 0.5492 -0.4163
vn 0.2369 0.0586 0.9698
vn 0.1553 -0.8305 -0.5349
vn -0.1782 0.5434 -0.8203
vn -0.1778 0.9644 0.1958
vn 0.9297 0.2117 0.3013
vn 0.5703 0.4387 -0.6945
vn 0.8784 -0.4664 0.1044
vn 0.4737 0.8728 -0.1179
vn -0.9390 -0.0733 -0.3360
vn -0.5816 0.0737 0.8102
vn -0.3080 -0.8695 0.3862
vn -0.8880 0.4115 0.2053
vn 0.6795 -0.6886 0.2532
vn -0.9673 -0.2467 0.0588
vn -0.1891 0.7827 -0.5929
vn -0.2683 0.8831 0.3849
vn -0.3412 -0.2459 -0.9073
vn 0.8270 0.4384 -0.3520
vn 0.5452 0.6074 0.5778
vn 0.4670 -0.5204 -0.7149
vn 0.6795 0.6886 -0.2532
vn -0.9673 0.2468 -0.0587
vn -0.1891 -0.7827 0.5930
vn 0.8270 -0.4384 0.3520
vn -0.0207 0.9120 -0.4096
vn -0.8507 -0.3701 0.3733
vn -0.3447 -0.6944 -0.6316
vn -0.0977 -0.2057 -0.9737
vn 0.6166 0.4416 0.6518
vn 0.4443 0.1016 0.8901
vn 0.5611 -0.6563 0.5044
vn 0.1662 -0.9178 -0.3606
vn -0.0163 0.1251 0.9920
vn 0.9813 0.1756 -0.0787
vn 0.5024 -0.2521 -0.8271
vn 0.3183 0.7866 0.5292
vn 0.5225 0.6612 0.5384
vn 0.6253 -0.7647 -0.1557
vn -0.8221 -0.2735 -0.4994
vn -0.5836 0.7282 0.3594
vn -0.5621 -0.5828 0.5868
vn -0.7842 -0.0718 -0.6163
vn -0.7782 0.6100 0.1492
vn -0.5446 0.6077 0.5780
vn -0.4659 -0.5209 -0.7153
vn -0.4802 -0.8089 -0.3392
vn 0.3466 0.3113 -0.8848
vn 0.2580 0.9613 -0.0971
vn 0.6709 -0.4176 -0.6127
vn 0.9693 -0.0992 0.2249
vn 0.2683 0.8831 0.3848
vn 0.3412 -0.2459 -0.9072
vn 0.3132 -0.4598 0.8309
vn 0.6140 -0.4377 -0.6568
vn 0.4104 -0.8004 -0.4369
vn 0.4108 -0.8747 -0.2572
vn 0.3821 0.3874 0.8390
vn 0.3821 0.8673 -0.3190
vn -0.4524 0.6704 -0.5881
vn -0.2694 -0.4484 -0.8523
vn 0.5337 0.7008 -0.4733
vn -0.4521 0.0583 0.8901
vn -0.2693 -0.9196 0.2859
vn 0.5337 0.1604 0.8303
vn -0.0234 -0.9672 0.2530
vn 0.3735 -0.2595 -0.8906
vn 0.3741 0.8126 -0.4469
vn -0.0465 0.5298 0.8468
vn -0.6064 0.3149 -0.7301
vn 0.1365 -0.9726 -0.1881
vn 0.8107 -0.2624 -0.5234
vn 0.6333 0.0877 -0.7689
vn -0.8385 0.0324 0.5440
vn -0.7951 -0.0543 0.6040
vn 0.5374 -0.1881 0.8221
vn -0.0623 0.9980 -0.0084
vn 0.9057 -0.0232 0.4232
vn -0.2158 0.9734 0.0772
vn 0.1822 0.9790 -0.0916
vn 0.4750 0.8797 -0.0218
vn 0.3417 -0.4835 0.8059
vn -0.8483 -0.0798 0.5234
vn -0.8681 -0.3046 -0.3920
vn 0.5964 -0.8015 -0.0436
vn 0.4991 -0.5947 0.6303
vn -0.9693 -0.0993 0.2249
vn -0.3466 0.3114 -0.8848
vn 0.7843 -0.0724 -0.6162
vn -0.2818 0.0176 0.9593
vn 0.6798 -0.5364 0.5002
vn 0.6798 -0.0260 -0.7329
vn -0.2406 0.7948 -0.5571
vn 0.3130 -0.8310 -0.4598
vn 0.6136 0.6565 -0.4389
vn 0.4109 0.4364 -0.8004
vn 0.4106 0.2571 -0.8748
vn 0.3819 -0.8391 0.3874
vn 0.3819 0.3196 0.8672
vn -0.4519 0.5882 0.6707
vn -0.4521 -0.8900 0.0584
vn -0.3642 0.5973 0.7146
vn -0.5962 -0.8016 -0.0443
vn -0.8781 0.2578 -0.4031
vn -0.4754 0.8795 -0.0223
vn -0.3410 -0.4836 0.8062
vn -0.4727 -0.4095 0.7803
vn 0.8681 -0.3046 -0.3920
vn 0.3082 0.6604 -0.6848
vn 0.8881 0.0523 0.4567
vn 0.2157 0.9734 0.0772
vn -0.1822 0.9790 -0.0915
vn 0.8483 -0.0797 0.5235
vn -0.9293 0.2117 0.3025
vn -0.5694 -0.8034 0.1741
vn 0.9391 -0.2901 -0.1843
vn 0.5815 0.7360 0.3466
vn -0.8426 -0.3722 0.3893
vn -0.4521 -0.0583 -0.8901
vn 0.6138 0.7742 -0.1544
vn 0.4107 0.8747 0.2572
vn 0.3820 -0.3874 -0.8390
vn 0.6136 0.4389 0.6565
vn 0.4110 0.8003 0.4365
vn 0.3819 -0.8672 0.3196
vn 0.3632 -0.4671 -0.8062
vn 0.5964 -0.2332 0.7680
vn 0.4746 0.3216 -0.8193
vn 0.3414 -0.9226 0.1794
vn -0.8680 0.2642 0.4205
vn -0.2154 0.2600 -0.9413
vn 0.1829 0.4208 -0.8885
vn -0.8484 -0.5192 -0.1031
vn 0.6573 0.7499 -0.0755
vn -0.1325 0.5868 -0.7988
vn 0.8430 -0.0599 -0.5345
vn 0.0088 0.9748 0.2231
vn -0.7582 -0.6487 0.0661
vn 0.4136 -0.9085 0.0595
vn -0.4676 0.0319 0.8834
vn -0.1254 -0.1664 0.9781
vn 0.3625 0.5959 -0.7166
vn -0.2406 0.9558 0.1691
vn -0.6226 0.2488 -0.7419
vn -0.2693 0.2860 -0.9196
vn 0.5337 0.8303 0.1603
vn 0.8288 0.5432 -0.1343
vn -0.2407 -0.5571 0.7948
vn -0.6226 -0.7003 -0.3492
vn 0.8288 -0.4785 0.2899
vn 0.6798 -0.7329 -0.0261
vn -0.2694 -0.8523 -0.4484
vn 0.5337 -0.4733 0.7008
vn -0.0092 -0.8244 0.5659
vn -0.0468 -0.2239 -0.9735
vn 0.3735 0.8906 -0.2594
vn 0.3742 0.4469 0.8126
vn -0.4097 -0.8512 0.3279
vn -0.8269 0.4388 -0.3517
vn 0.1891 0.7827 -0.5930
vn 0.9673 -0.2467 0.0588
vn 0.9307 0.1261 -0.3432
vn -0.4522 0.8900 0.0585
vn 0.4106 -0.2571 -0.8748
vn 0.3820 0.8390 0.3875
vn -0.4524 -0.5881 0.6704
vn 0.6140 -0.6568 -0.4377
vn 0.4104 -0.4369 -0.8004
vn 0.3821 -0.3190 0.8673
vn -0.5177 -0.0785 -0.8519
vn 0.5816 -0.0737 -0.8101
vn 0.9390 0.0732 0.3362
vn -0.5700 -0.4383 0.6949
vn -0.8119 -0.2281 0.5375
vn 0.9333 0.0771 0.3506
vn 0.2975 0.3543 -0.8866
vn 0.3894 -0.6054 -0.6942
vn -0.0122 0.9563 0.2921
vn -0.7752 -0.0097 -0.6317
vn -0.2063 -0.8075 -0.5527
vn -0.4268 0.8156 0.3907
vn -0.0092 0.9832 0.1823
vn -0.0470 -0.5297 0.8469
vn 0.3737 -0.8125 -0.4474
vn 0.3735 0.2596 -0.8906
vn 0.6901 0.6501 0.3179
vn -0.3546 0.3351 -0.8729
vn 0.3447 -0.3560 -0.8686
vn -0.4442 0.8017 0.4000
vn -0.7990 -0.5433 -0.2576
vn 0.0973 -0.8447 -0.5264
vn -0.6164 0.4609 0.6384
vn 0.1379 -0.5739 0.8073
vn 0.8809 0.1827 0.4366
vn -0.1378 -0.9548 0.2632
vn -0.0978 0.2057 0.9737
vn 0.6166 -0.4416 -0.6518
vn -0.7574 0.2700 -0.5945
vn 0.3545 0.9349 -0.0162
vn -0.3447 0.6944 0.6316
vn 0.4442 -0.1016 -0.8901
vn 0.3082 0.5034 -0.8072
vn -0.0626 -0.9980 0.0084
vn -0.3905 -0.0692 0.9180
vn 0.6334 -0.0877 0.7689
vn -0.8384 -0.0325 -0.5440
vn 0.1365 0.9726 0.1882
vn 0.8107 0.2623 0.5234
vn -0.7951 0.0543 -0.6040
vn 0.6493 0.6983 0.3014
vn 0.1326 -0.5868 0.7988
vn -0.4038 -0.8816 -0.2444
vn 0.1253 0.1664 -0.9781
vn 0.4091 0.7035 -0.5811
vn 0.7008 -0.6860 0.1956
vn -0.5607 -0.6350 0.5314
vn -0.5610 0.8246 -0.0732
vn -0.0207 -0.9120 0.4096
vn -0.8507 0.3700 -0.3733
vn 0.5610 0.6563 -0.5045
vn 0.9813 -0.1756 0.0787
vn -0.3126 0.8313 -0.4596
vn -0.6143 -0.6563 -0.4380
vn -0.4102 -0.4363 -0.8008
vn -0.4105 -0.2578 -0.8747
vn -0.3811 0.8391 0.3881
vn -0.3812 -0.3186 0.8679
vn 0.4524 -0.5881 0.6705
vn 0.4521 0.8900 0.0584
vn 0.5862 0.4076 -0.7002
vn 0.1262 0.9759 0.1782
vn -0.4039 -0.0716 0.9120
vn 0.1320 -0.9513 0.2786
vn 0.1346 -0.8464 0.5152
vn 0.1778 0.1957 0.9644
vn -0.1556 0.9655 -0.2090
vn -0.1553 -0.5349 -0.8305
vn -0.2529 0.9667 0.0401
vn -0.3738 0.4473 -0.8125
vn 0.0470 -0.8469 -0.5297
vn 0.0469 -0.2240 0.9735
vn -0.1568 -0.7352 0.6594
vn -0.1564 -0.7355 -0.6592
vn 0.2397 0.8776 -0.4152
vn -0.5904 0.8036 -0.0753
vn 0.7638 -0.5829 -0.2774
vn 0.2396 0.8778 0.4149
vn -0.5901 0.8038 0.0750
vn 0.7636 -0.5827 0.2782
vn -0.5989 0.6530 -0.4635
vn -0.9813 -0.1342 0.1381
vn 0.2359 -0.7385 0.6316
vn 0.8507 0.4773 -0.2201
vn 0.4091 0.5811 0.7035
vn 0.7008 -0.1956 -0.6860
vn 0.5113 -0.8502 0.1250
vn 0.5115 -0.6893 0.5131
vn -0.4088 0.8581 -0.3108
vn -0.4087 0.8268 -0.3864
vn -0.5607 -0.5315 -0.6349
vn -0.5610 0.0732 0.8246
vn -0.8882 -0.3967 -0.2318
vn 0.7008 -0.6860 -0.1956
vn -0.0004 0.2120 -0.9773
vn 0.0005 -0.3757 0.9267
vn 0.7009 0.6232 0.3470
vn -0.5610 0.8246 0.0732
vn -0.0004 0.5414 -0.8408
vn 0.0006 -0.3891 0.9212
vn 0.1349 0.2336 -0.9629
vn 0.1782 -0.8203 -0.5434
vn -0.1554 -0.5349 0.8305
vn -0.1555 0.9655 0.2089
vn 0.0605 0.2841 0.9569
vn 0.6398 0.6461 -0.4162
vn 0.9911 -0.1093 -0.0759
vn 0.9912 -0.1088 0.0756
vn -0.8860 0.3708 0.2784
vn -0.8862 0.3708 -0.2776
vn -0.2396 -0.8775 -0.4154
vn 0.5903 -0.8036 -0.0755
vn -0.7638 0.5828 -0.2775
vn -0.2395 -0.8777 0.4151
vn 0.5900 -0.8039 0.0752
vn -0.7636 0.5826 0.2783
vn 0.0091 -0.9832 0.1823
vn 0.0465 0.5298 0.8468
vn -0.3742 0.8126 -0.4469
vn 0.6222 0.7007 -0.3490
vn -0.8284 0.4795 0.2895
vn -0.3735 -0.2596 -0.8906
vn 0.6226 -0.2488 -0.7419
vn -0.8288 -0.5432 -0.1344
vn 0.4105 0.5992 -0.6873
vn 0.8270 -0.4807 0.2915
vn 0.5452 0.3353 0.7684
vn 0.4670 -0.4938 -0.7335
vn -0.1891 -0.8249 0.5327
vn -0.2683 0.0595 0.9615
vn -0.3412 -0.7685 -0.5413
vn -0.9674 0.1398 -0.2111
vn -0.8879 -0.2318 0.3975
vn 0.7011 -0.1950 0.6859
vn 0.7011 0.3469 -0.6230
vn -0.5611 0.0732 -0.8245
vn 0.5629 0.7502 -0.3468
vn 0.7846 -0.5538 -0.2787
vn -0.3457 -0.9383 -0.0101
vn -0.9693 0.2453 -0.0166
vn -0.2019 0.9015 0.3828
vn 0.0465 0.5298 -0.8468
vn 0.9036 0.4283 0.0025
vn 0.6222 0.7008 0.3490
vn -0.8284 0.4796 -0.2895
vn -0.8767 0.4556 0.1544
vn 0.0468 -0.9734 -0.2241
vn 0.9038 -0.3006 0.3047
vn -0.8771 -0.2132 0.4304
vn -0.3735 -0.2595 0.8906
vn 0.6226 -0.2488 0.7419
vn -0.8288 -0.5432 0.1343
vn 0.3926 -0.8094 -0.4367
vn -0.6143 -0.6563 0.4381
vn -0.4101 -0.4363 0.8009
vn -0.3812 -0.3186 -0.8679
vn -0.6141 0.1538 0.7741
vn -0.4104 -0.2579 0.8747
vn -0.3811 0.8391 -0.3882
vn 0.4522 0.8900 -0.0584
vn 0.3359 0.8763 -0.3454
vn -0.9813 0.1757 -0.0787
vn 0.0977 -0.2057 -0.9737
vn -0.6166 0.4416 0.6518
vn -0.5611 -0.6563 0.5044
vn 0.8507 -0.3701 0.3732
vn 0.3447 -0.6944 -0.6316
vn -0.4443 0.1016 0.8901
vn 0.4670 0.4230 -0.7765
vn 0.2406 -0.9558 -0.1691
vn -0.6799 -0.5000 0.5365
vn -0.6799 0.7329 0.0254
vn 0.3920 -0.4362 0.8100
vn -0.6139 0.4391 0.6560
vn -0.4108 0.8007 0.4359
vn 0.2691 0.4479 0.8526
vn -0.5335 -0.7004 0.4741
vn -0.3811 -0.8677 0.3192
vn -0.6141 0.7740 -0.1539
vn -0.4104 0.8746 0.2580
vn -0.3811 -0.3881 -0.8391
vn 0.4521 -0.0584 -0.8901
vn 0.2694 0.9196 -0.2859
vn -0.5337 -0.1603 -0.8303
vn 0.6979 0.3522 -0.6237
vn -0.6061 0.7572 0.2436
vn -0.6063 -0.3632 0.7075
vn 0.3597 -0.9275 -0.1022
vn -0.4952 -0.8426 0.2118
vn -0.1378 0.5739 -0.8073
vn 0.7990 0.5433 0.2577
vn 0.3545 -0.3351 0.8729
vn 0.1351 0.5158 0.8460
vn 0.1779 0.9644 -0.1957
vn -0.1557 -0.2090 -0.9655
vn -0.1559 -0.8304 0.5348
vn -0.3678 0.8790 -0.3035
vn -0.5611 -0.8245 0.0731
vn 0.7010 -0.6231 0.3470
vn 0.5114 -0.5131 -0.6893
vn -0.4088 0.3108 0.8581
vn 0.7011 0.6860 -0.1949
vn 0.5114 -0.1243 -0.8503
vn -0.4085 0.3875 0.8264
vn -0.3157 0.8273 -0.4647
vn -0.3596 -0.9275 -0.1022
vn 0.6063 -0.3632 0.7075
vn 0.8689 -0.4211 -0.2600
vn -0.7245 0.0933 0.6829
vn 0.6061 0.7572 0.2436
vn 0.8688 0.1143 -0.4818
vn -0.7241 0.4174 0.5490
vn 0.5340 -0.3029 -0.7894
vn 0.0623 0.9980 -0.0084
vn -0.6333 0.0877 -0.7689
vn 0.8385 0.0324 0.5440
vn -0.5375 -0.1881 0.8220
vn -0.1364 -0.9726 -0.1881
vn -0.8107 -0.2624 -0.5234
vn 0.7951 -0.0543 0.6040
vn 0.1492 0.8016 0.5790
vn -0.1559 0.5348 -0.8305
vn -0.1557 -0.9655 -0.2090
vn 0.1779 -0.1957 0.9644
vn -0.3625 -0.5959 -0.7166
vn 0.2405 -0.9558 0.1691
vn 0.2401 0.5573 0.7948
vn -0.6799 0.7329 -0.0255
vn 0.4570 -0.5960 -0.6603
vn -0.5965 0.2326 -0.7682
vn -0.8781 -0.4670 0.1046
vn 0.3080 -0.8695 0.3862
vn 0.8880 0.4115 0.2053
vn -0.4727 0.8733 -0.1181
vn -0.6848 0.0458 0.7273
vn -0.4751 -0.3220 0.8189
vn -0.3408 0.9229 -0.1793
vn 0.2153 -0.2600 0.9413
vn -0.1829 -0.4209 0.8885
vn 0.8484 0.5192 0.1030
vn -0.6467 0.5213 0.5568
vn -0.6797 0.5365 -0.5002
vn 0.2406 -0.1692 -0.9558
vn 0.2401 -0.7948 0.5573
vn 0.7412 -0.2258 -0.6321
vn -0.5702 0.4383 -0.6949
vn -0.6968 0.5077 0.5067
vn 0.5816 0.0737 0.8101
vn -0.8419 -0.3898 -0.3731
vn -0.4522 0.8900 -0.0583
vn 0.6138 0.1544 0.7743
vn 0.4106 -0.2572 0.8748
vn 0.3820 0.8390 -0.3875
vn 0.6140 -0.6568 0.4378
vn 0.4103 -0.4369 0.8005
vn 0.3821 -0.3190 -0.8673
vn 0.9073 0.2801 0.3135
vn -0.5838 0.0887 0.8070
vn -0.8218 -0.3760 -0.4282
vn 0.6252 0.1148 -0.7719
vn -0.2449 0.1790 0.9529
vn -0.0247 0.9954 -0.0922
vn 0.7532 -0.1799 -0.6327
vn 0.8543 -0.4285 -0.2941
vn -0.3655 0.4754 -0.8003
vn 0.3803 -0.9175 -0.1165
vn 0.7338 -0.6676 -0.1259
vn -0.8589 -0.4985 -0.1176
vn -0.8484 -0.3089 0.4299
vn -0.2105 0.8672 -0.4512
vn 0.7627 -0.0303 -0.6460
vn 0.2938 -0.9559 0.0031
vn 0.3132 -0.6968 -0.6452
vn -0.0252 -0.4269 0.9040
vn 0.9336 -0.1483 0.3263
vn 0.8543 -0.1291 -0.5036
vn -0.3661 -0.9142 0.1737
vn -0.2185 -0.9594 0.1783
vn -0.6312 0.7729 0.0645
vn 0.4425 0.8239 -0.3542
vn -0.7829 0.1551 -0.6025
vn 0.3803 0.2038 -0.9021
vn 0.7335 0.1098 -0.6707
vn -0.8589 0.0602 -0.5087
vn 0.8482 -0.5290 -0.0264
vn 0.3545 0.3351 -0.8729
vn -0.3447 -0.3560 -0.8686
vn -0.0972 -0.8446 -0.5264
vn 0.6164 0.4609 0.6385
vn 0.4442 0.8017 0.4000
vn -0.7575 0.6509 -0.0507
vn -0.8107 -0.4024 -0.4253
vn 0.7953 0.5859 0.1558
vn -0.1379 -0.5739 0.8073
vn -0.6334 -0.7525 -0.1804
vn 0.8386 0.5000 0.2163
vn 0.4953 0.4869 -0.7194
vn 0.1378 -0.9548 0.2633
vn -0.7987 0.0561 0.5991
vn -0.3545 0.9349 -0.0162
vn 0.3605 0.7928 0.4914
vn 0.6063 0.2431 -0.7572
vn -0.3593 -0.7282 -0.5836
vn -0.3595 -0.1022 0.9275
vn 0.6573 -0.7498 0.0756
vn -0.1326 -0.5868 0.7988
vn -0.7582 0.6487 -0.0661
vn -0.1253 0.1662 -0.9781
vn 0.2370 -0.0586 -0.9697
vn 0.1559 0.8304 0.5348
vn -0.1777 -0.5434 0.8204
vn -0.1779 -0.9644 -0.1957
vn 0.3149 -0.8278 -0.4644
vn 0.3595 0.9275 -0.1021
vn -0.5115 0.5131 -0.6893
vn -0.5114 0.1251 -0.8502
vn 0.4088 -0.3864 0.8268
vn 0.4088 -0.3108 0.8581
vn -0.6063 0.3632 0.7075
vn -0.8690 0.4211 -0.2600
vn 0.7246 -0.0933 0.6829
vn -0.6063 -0.7572 0.2430
vn -0.8689 -0.1136 -0.4818
vn 0.7246 -0.4163 0.5492
vn -0.1491 -0.8010 0.5797
vn 0.1553 -0.5349 -0.8305
vn 0.1556 0.9655 -0.2090
vn -0.1778 0.1957 0.9644
vn 0.2761 0.0896 0.9570
vn 0.8795 -0.2311 -0.4160
vn 0.4009 -0.9130 -0.0758
vn 0.4013 -0.9128 0.0755
vn -0.1222 0.9527 0.2784
vn -0.1223 0.9529 -0.2776
vn -0.8795 -0.2311 -0.4160
vn -0.4009 -0.9130 -0.0758
vn 0.1223 0.9529 -0.2776
vn -0.8796 -0.2313 0.4157
vn -0.4013 -0.9128 0.0755
vn 0.1222 0.9527 0.2784
vn -0.3083 0.9307 -0.1971
vn 0.0622 -0.3487 0.9352
vn 0.3906 -0.8863 -0.2489
vn -0.1369 0.1560 -0.9782
vn -0.3468 0.3307 -0.8777
vn 0.1779 -0.9644 -0.1957
vn 0.1776 -0.5434 0.8204
vn -0.1559 0.8305 0.5348
vn -0.3356 -0.6244 0.7053
vn 0.9813 -0.1342 0.1381
vn 0.5612 0.6983 -0.4443
vn -0.8508 0.4773 -0.2201
vn -0.9311 -0.1538 0.3309
vn 0.4518 0.6707 0.5882
vn -0.4108 -0.8008 0.4359
vn -0.3811 0.8677 0.3192
vn 0.4520 0.0583 -0.8901
vn -0.6141 -0.7741 -0.1539
vn -0.4105 -0.8746 0.2579
vn -0.3812 0.3880 -0.8391
vn 0.3669 -0.8793 -0.3037
vn 0.5606 0.8248 0.0731
vn -0.7009 0.6232 0.3470
vn -0.7007 -0.6861 -0.1956
vn -0.3605 -0.4914 -0.7928
vn -0.6060 0.7572 -0.2436
vn 0.3600 0.5834 0.7281
vn 0.3596 -0.9275 0.1022
vn 0.5627 -0.8207 0.0985
vn -0.3596 0.1022 0.9275
vn -0.3593 0.7282 -0.5836
vn 0.6063 -0.2431 -0.7572
vn -0.6802 -0.4731 0.5599
vn 0.9674 -0.1398 0.2111
vn 0.1891 0.8249 -0.5326
vn -0.8269 0.4805 -0.2921
vn 0.8514 -0.0732 0.5194
vn 0.2157 -0.9734 -0.0772
vn -0.1822 -0.9790 0.0915
vn 0.3082 -0.6604 0.6848
vn 0.8881 -0.0523 -0.4567
vn 0.8483 0.0797 -0.5234
vn -0.6851 -0.6675 -0.2917
vn -0.4754 -0.8795 0.0223
vn -0.3410 0.4836 -0.8062
vn -0.5963 0.8015 0.0443
vn -0.8781 -0.2579 0.4031
vn -0.4727 0.4095 -0.7803
vn 0.4675 0.2492 0.8481
vn 0.2406 0.7948 -0.5571
vn 0.6226 -0.3492 -0.7003
vn 0.6226 -0.7420 0.2488
vn -0.8288 -0.1343 0.5432
vn -0.8288 0.2899 -0.4786
vn -0.6799 -0.0261 -0.7328
vn -0.6798 -0.5364 0.5002
vn 0.0090 -0.9853 0.1707
vn -0.7846 -0.5541 -0.2781
vn -0.7782 -0.0681 0.6243
vn 0.2575 -0.4202 0.8701
vn 0.6710 -0.4325 -0.6023
vn -0.4802 -0.0425 -0.8761
vn -0.5375 0.7561 -0.3734
vn -0.5446 0.3354 0.7687
vn -0.4659 -0.4940 -0.7341
vn 0.9693 0.2453 -0.0165
vn 0.2683 0.0595 0.9615
vn 0.3412 -0.7685 -0.5414
vn -0.2761 -0.0896 0.9570
vn -0.8795 0.2312 -0.4160
vn -0.4009 0.9130 -0.0758
vn -0.4013 0.9128 0.0755
vn 0.1222 -0.9527 0.2784
vn 0.1223 -0.9529 -0.2776
vn 0.8795 0.2312 -0.4160
vn 0.4009 0.9130 -0.0758
vn -0.1223 -0.9529 -0.2776
vn 0.8796 0.2313 0.4157
vn 0.4013 0.9128 0.0755
vn -0.1222 -0.9527 0.2784
vn -0.2011 -0.9085 0.3663
vn 0.0469 0.2240 0.9735
vn 0.0470 0.8469 -0.5297
vn -0.3738 -0.4474 -0.8125
vn 0.9341 0.1081 0.3403
vn 0.5815 -0.7360 -0.3467
vn -0.6970 -0.3023 -0.6503
vn -0.5695 0.8033 -0.1742
vn 0.3632 0.4670 0.8062
vn 0.5965 0.2332 -0.7680
vn 0.4746 -0.3217 0.8193
vn 0.3414 0.9226 -0.1794
vn -0.8680 -0.2642 -0.4205
vn -0.2153 -0.2601 0.9413
vn 0.1829 -0.4209 0.8885
vn -0.8484 0.5192 0.1030
vn 0.8809 -0.1827 -0.4366
vn -0.1378 0.9548 -0.2633
vn -0.7574 -0.2700 0.5945
vn 0.3545 -0.9349 0.0162
vn 0.1422 -0.8085 0.5710
vn -0.8269 -0.4805 0.2921
vn -0.5173 0.6436 -0.5642
vn 0.9674 0.1398 -0.2110
vn -0.2464 0.6800 -0.6905
vn -0.8335 -0.5135 0.2039
vn 0.2941 -0.3300 0.8970
vn 0.7629 0.5967 0.2487
vn -0.3605 -0.7928 0.4914
vn -0.6063 -0.2431 -0.7572
vn 0.3593 0.7282 -0.5836
vn 0.3595 0.1022 0.9275
vn -0.8481 0.1565 -0.5063
vn -0.3545 -0.9349 0.0162
vn 0.7574 -0.2700 0.5945
vn 0.1378 0.9548 -0.2633
vt 0.750000 0.583333
vt 0.750000 0.500000
vt 0.875000 0.500000
vt 0.875000 0.583333
vt 0.375000 0.916667
vt 0.250000 0.916667
vt 0.250000 0.833333
vt 0.375000 0.833333
vt 0.125000 0.250000
vt 0.250000 0.250000
vt 0.250000 0.333333
vt 0.125000 0.333333
vt 0.500000 0.500000
vt 0.375000 0.500000
vt 0.375000 0.416667
vt 0.500000 0.416667
vt 0.375000 0.750000
vt 0.250000 0.750000
vt 0.750000 0.750000
vt 0.750000 0.833333
vt 0.625000 0.833333
vt 0.625000 0.750000
vt 0.250000 0.666667
vt 0.250000 0.583333
vt 0.375000 0.583333
vt 0.375000 0.666667
vt 0.125000 0.083333
vt 0.125000 0.166667
vt 0.000000 0.166667
vt 0.000000 0.083333
vt 0.625000 0.166667
vt 0.625000 0.250000
vt 0.500000 0.250000
vt 0.500000 0.166667
vt 0.750000 0.666667
vt 0.625000 0.666667
vt 0.625000 0.583333
vt 0.125000 0.583333
vt 0.125000 0.500000
vt 0.250000 0.500000
vt 1.000000 0.750000
vt 1.000000 0.833333
vt 0.875000 0.833333
vt 0.875000 0.750000
vt 0.750000 0.333333
vt 0.750000 0.416667
vt 0.625000 0.416667
vt 0.625000 0.333333
vt 0.000000 0.333333
vt 0.000000 0.250000
vt 0.500000 0.833333
vt 0.500000 0.750000
vt 0.250000 0.416667
vt 0.625000 0.500000
vt 0.750000 0.916667
vt 0.625000 0.916667
vt 0.125000 0.916667
vt 0.000000 0.916667
vt 0.000000 0.833333
vt 0.125000 0.833333
vt 0.500000 0.083333
vt 0.500000 0.000000
vt 0.625000 0.000000
vt 0.625000 0.083333
vt 0.125000 0.666667
vt 1.000000 0.166667
vt 1.000000 0.250000
vt 0.875000 0.250000
vt 0.875000 0.166667
vt 0.375000 1.000000
vt 0.500000 0.916667
vt 0.500000 1.000000
vt 0.125000 0.000000
vt 0.000000 0.000000
vt 0.125000 0.416667
vt 0.000000 0.416667
vt 0.375000 0.166667
vt 0.375000 0.250000
vt 0.750000 0.000000
vt 0.875000 0.000000
vt 0.875000 0.083333
vt 0.750000 0.083333
vt 0.000000 0.500000
vt 1.000000 0.333333
vt 0.875000 0.333333
vt 1.000000 0.083333
vt 0.375000 0.333333
vt 0.500000 0.333333
vt 0.750000 0.166667
vt 0.500000 0.666667
vt 0.500000 0.583333
vt 0.457846 0.370000
vt 0.250000 0.490000
vt 0.042154 0.370000
vt 0.042154 0.130000
vt 0.250000 0.010000
vt 0.457846 0.130000
vt 0.250000 0.083333
vt 0.250000 0.166667
vt 0.125000 1.000000
vt 0.000000 1.000000
vt 0.750000 0.250000
vt 0.875000 0.416667
vt 1.000000 0.416667
vt 1.000000 0.500000
vt 1.000000 0.583333
vt 0.250000 1.000000
vt 1.000000 0.916667
vt 1.000000 1.000000
vt 0.875000 1.000000
vt 0.875000 0.916667
vt 0.333333 1.000000
vt 0.333333 0.500000
vt 1.000000 0.666667
vt 0.875000 0.666667
vt 0.750000 1.000000
vt 0.250000 0.000000
vt 0.375000 0.000000
vt 0.375000 0.083333
vt 0.125000 0.750000
vt 0.000000 0.750000
vt 0.000000 0.666667
vt 0.625000 1.000000
vt 0.833333 1.000000
vt 0.833333 0.500000
vt 1.000000 0.000000
vt 0.000000 0.583333
vt 0.666667 0.500000
vt 0.666667 1.000000
vt 0.166667 0.500000
vt 0.166667 1.000000
s 1
f 927/10/122 928/11/123 597/11/124 639/10/125
f 928/11/123 927/10/122 640/10/126 598/11/127
f 928/11/123 929/12/128 643/12/129 597/11/124
f 929/12/128 928/11/123 598/11/127 644/12/130
f 929/12/128 930/13/131 641/13/132 643/12/129
f 930/13/131 929/12/128 644/12/130 642/13/133
f 930/13/131 927/10/122 639/10/125 641/13/132
f 927/10/122 930/13/131 642/13/133 640/10/126
f 931/14/134 932/15/135 193/15/136 187/14/137
f 932/15/135 931/14/134 188/14/138 194/15/139
f 932/15/135 933/16/140 189/16/141 193/15/136
f 933/16/140 932/15/135 194/15/139 190/16/142
f 933/16/140 934/17/143 191/17/144 189/16/141
f 934/17/143 933/16/140 190/16/142 192/17/145
f 934/17/143 931/14/134 187/14/137 191/17/144
f 931/14/134 934/17/143 192/17/145 188/14/138
f 935/18/146 936/19/147 231/19/148 229/18/149
f 936/19/147 935/18/146 230/18/150 232/19/151
f 936/19/147 937/20/152 227/20/153 231/19/148
f 937/20/152 936/19/147 232/19/151 228/20/154
f 937/20/152 938/21/155 225/21/156 227/20/153
f 938/21/155 937/20/152 228/20/154 226/21/157
f 938/21/155 935/18/146 229/18/149 225/21/156
f 935/18/146 938/21/155 226/21/157 230/18/150
f 939/22/158 940/23/159 435/23/160 483/22/161
f 940/23/159 939/22/158 484/22/162 436/23/163
f 940/23/159 941/24/164 481/24/165 435/23/160
f 941/24/164 940/23/159 436/23/163 482/24/166
f 941/24/164 942/25/167 479/25/168 481/24/165
f 942/25/167 941/24/164 482/24/166 480/25/169
f 942/25/167 939/22/158 483/22/161 479/25/168
f 939/22/158 942/25/167 480/25/169 484/22/162
f 943/26/170 944/17/171 191/17/144 423/26/172
f 944/17/171 943/26/170 424/26/173 192/17/145
f 944/17/171 945/16/174 189/16/141 191/17/144
f 945/16/174 944/17/171 192/17/145 190/16/142
f 945/16/174 946/27/175 425/27/176 189/16/141
f 946/27/175 945/16/174 190/16/142 426/27/177
f 946/27/175 943/26/170 423/26/172 425/27/176
f 943/26/170 946/27/175 426/27/177 424/26/173
f 947/28/178 948/29/179 613/29/180 609/28/181
f 948/29/179 947/28/178 610/28/182 614/29/183
f 948/29/179 949/30/184 611/30/185 613/29/180
f 949/30/184 948/29/179 614/29/183 612/30/186
f 949/30/184 950/31/187 607/31/188 611/30/185
f 950/31/187 949/30/184 612/30/186 608/31/189
f 950/31/187 947/28/178 609/28/181 607/31/188
f 947/28/178 950/31/187 608/31/189 610/28/182
f 951/32/190 952/33/191 437/33/192 567/32/193
f 952/33/191 951/32/190 568/32/194 438/33/195
f 952/33/191 953/34/196 571/34/197 437/33/192
f 953/34/196 952/33/191 438/33/195 572/34/198
f 953/34/196 954/35/199 569/35/200 571/34/197
f 954/35/199 953/34/196 572/34/198 570/35/201
f 954/35/199 951/32/190 567/32/193 569/35/200
f 951/32/190 954/35/199 570/35/201 568/32/194
f 955/36/202 956/37/203 355/37/204 351/36/205
f 956/37/203 955/36/202 352/36/206 356/37/207
f 956/37/203 957/38/208 353/38/209 355/37/204
f 957/38/208 956/37/203 356/37/207 354/38/210
f 957/38/208 958/39/211 347/39/212 353/38/209
f 958/39/211 957/38/208 354/38/210 348/39/213
f 958/39/211 955/36/202 351/36/205 347/39/212
f 955/36/202 958/39/211 348/39/213 352/36/206
f 959/40/214 960/41/215 833/41/216 827/40/217
f 960/41/215 959/40/214 828/40/218 834/41/219
f 960/41/215 961/42/220 831/42/221 833/41/216
f 961/42/220 960/41/215 834/41/219 832/42/222
f 961/42/220 962/43/223 829/43/224 831/42/221
f 962/43/223 961/42/220 832/42/222 830/43/225
f 962/43/223 959/40/214 827/40/217 829/43/224
f 959/40/214 962/43/223 830/43/225 828/40/218
f 963/10/226 964/44/227 735/44/228 731/10/229
f 964/44/227 963/10/226 732/10/230 736/44/231
f 964/44/227 965/45/232 733/45/233 735/44/228
f 965/45/232 964/44/227 736/44/231 734/45/234
f 965/45/232 966/46/235 727/46/236 733/45/233
f 966/46/235 965/45/232 734/45/234 728/46/237
f 966/46/235 963/10/226 731/10/229 727/46/236
f 963/10/226 966/46/235 728/46/237 732/10/230
f 967/41/238 968/42/239 497/42/240 495/41/241
f 968/42/239 967/41/238 496/41/242 498/42/243
f 968/42/239 969/43/244 491/43/245 497/42/240
f 969/43/244 968/42/239 498/42/243 492/43/246
f 969/43/244 970/40/247 493/40/248 491/43/245
f 970/40/247 969/43/244 492/43/246 494/40/249
f 970/40/247 967/41/238 495/41/241 493/40/248
f 967/41/238 970/40/247 494/40/249 496/41/242
f 971/33/250 972/47/251 819/47/252 321/33/253
f 972/47/251 971/33/250 322/33/254 820/47/255
f 972/47/251 973/48/256 317/48/257 819/47/252
f 973/48/256 972/47/251 820/47/255 318/48/258
f 973/48/256 974/49/259 319/49/260 317/48/257
f 974/49/259 973/48/256 318/48/258 320/49/261
f 974/49/259 971/33/250 321/33/253 319/49/260
f 971/33/250 974/49/259 320/49/261 322/33/254
f 975/50/262 976/51/263 705/51/264 699/50/265
f 976/51/263 975/50/262 700/50/266 706/51/267
f 976/51/263 977/52/268 703/52/269 705/51/264
f 977/52/268 976/51/263 706/51/267 704/52/270
f 977/52/268 978/53/271 701/53/272 703/52/269
f 978/53/271 977/52/268 704/52/270 702/53/273
f 978/53/271 975/50/262 699/50/265 701/53/272
f 975/50/262 978/53/271 702/53/273 700/50/266
f 979/54/274 980/55/275 595/55/276 589/54/277
f 980/55/275 979/54/274 590/54/278 596/55/279
f 980/55/275 981/56/280 593/56/281 595/55/276
f 981/56/280 980/55/275 596/55/279 594/56/282
f 981/56/280 982/57/283 591/57/284 593/56/281
f 982/57/283 981/56/280 594/56/282 592/57/285
f 982/57/283 979/54/274 589/54/277 591/57/284
f 979/54/274 982/57/283 592/57/285 590/54/278
f 983/21/286 984/58/287 363/58/288 361/21/289
f 984/58/287 983/21/286 362/21/290 364/58/291
f 984/58/287 985/59/292 357/59/293 363/58/288
f 985/59/292 984/58/287 364/58/291 358/59/294
f 985/59/292 986/18/295 359/18/296 357/59/293
f 986/18/295 985/59/292 358/59/294 360/18/297
f 986/18/295 983/21/286 361/21/289 359/18/296
f 983/21/286 986/18/295 360/18/297 362/21/290
f 987/30/298 988/60/299 879/60/300 877/30/301
f 988/60/299 987/30/298 878/30/302 880/60/303
f 988/60/299 989/61/304 873/61/305 879/60/300
f 989/61/304 988/60/299 880/60/303 874/61/306
f 989/61/304 990/31/307 875/31/308 873/61/305
f 990/31/307 989/61/304 874/61/306 876/31/309
f 990/31/307 987/30/298 877/30/301 875/31/308
f 987/30/298 990/31/307 876/31/309 878/30/302
f 991/24/310 992/23/311 413/23/312 411/24/313
f 992/23/311 991/24/310 412/24/314 414/23/315
f 992/23/311 993/49/316 219/49/317 413/23/312
f 993/49/316 992/23/311 414/23/315 220/49/318
f 993/49/316 994/62/319 409/62/320 219/49/317
f 994/62/319 993/49/316 220/49/318 410/62/321
f 994/62/319 991/24/310 411/24/313 409/62/320
f 991/24/310 994/62/319 410/62/321 412/24/314
f 995/37/322 996/38/323 145/38/324 143/37/325
f 996/38/323 995/37/322 144/37/326 146/38/327
f 996/38/323 997/39/328 137/39/329 145/38/324
f 997/39/328 996/38/323 146/38/327 138/39/330
f 997/39/328 998/36/331 141/36/332 137/39/329
f 998/36/331 997/39/328 138/39/330 142/36/333
f 998/36/331 995/37/322 143/37/325 141/36/332
f 995/37/322 998/36/331 142/36/333 144/37/326
f 999/56/334 1000/63/335 729/63/336 841/56/337
f 1000/63/335 999/56/334 842/56/338 730/63/339
f 1000/63/335 1001/22/340 843/22/341 729/63/336
f 1001/22/340 1000/63/335 730/63/339 844/22/342
f 1001/22/340 1002/25/343 839/25/344 843/22/341
f 1002/25/343 1001/22/340 844/22/342 840/25/345
f 1002/25/343 999/56/334 841/56/337 839/25/344
f 999/56/334 1002/25/343 840/25/345 842/56/338
f 1003/29/346 1004/64/347 747/64/348 741/29/349
f 1004/64/347 1003/29/346 742/29/350 748/64/351
f 1004/64/347 1005/65/352 745/65/353 747/64/348
f 1005/65/352 1004/64/347 748/64/351 746/65/354
f 1005/65/352 1006/30/355 743/30/356 745/65/353
f 1006/30/355 1005/65/352 746/65/354 744/30/357
f 1006/30/355 1003/29/346 741/29/349 743/30/356
f 1003/29/346 1006/30/355 744/30/357 742/29/350
f 1007/66/358 1008/67/359 797/67/360 795/66/361
f 1008/67/359 1007/66/358 796/66/362 798/67/363
f 1008/67/359 1009/68/364 791/68/365 797/67/360
f 1009/68/364 1008/67/359 798/67/363 792/68/366
f 1009/68/364 1010/69/367 793/69/368 791/68/365
f 1010/69/367 1009/68/364 792/68/366 794/69/369
f 1010/69/367 1007/66/358 795/66/361 793/69/368
f 1007/66/358 1010/69/367 794/69/369 796/66/362
f 1011/70/370 1012/71/371 391/71/372 821/70/373
f 1012/71/371 1011/70/370 822/70/374 392/71/375
f 1012/71/371 1013/72/376 823/72/377 391/71/372
f 1013/72/376 1012/71/371 392/71/375 824/72/378
f 1013/72/376 1014/73/379 825/73/380 823/72/377
f 1014/73/379 1013/72/376 824/72/378 826/73/381
f 1014/73/379 1011/70/370 821/70/373 825/73/380
f 1011/70/370 1014/73/379 826/73/381 822/70/374
f 1015/47/382 1016/33/383 321/33/253 819/47/252
f 1016/33/383 1015/47/382 820/47/255 322/33/254
f 1016/33/383 1017/32/384 815/32/385 321/33/253
f 1017/32/384 1016/33/383 322/33/254 816/32/386
f 1017/32/384 1018/74/387 817/74/388 815/32/385
f 1018/74/387 1017/32/384 816/32/386 818/74/389
f 1018/74/387 1015/47/382 819/47/252 817/74/388
f 1015/47/382 1018/74/387 818/74/389 820/47/255
f 1019/75/390 1020/76/391 679/76/392 673/75/393
f 1020/76/391 1019/75/390 674/75/394 680/76/395
f 1020/76/391 1021/77/396 677/77/397 679/76/392
f 1021/77/396 1020/76/391 680/76/395 678/77/398
f 1021/77/396 1022/78/399 675/78/400 677/77/397
f 1022/78/399 1021/77/396 678/77/398 676/78/401
f 1022/78/399 1019/75/390 673/75/393 675/78/400
f 1019/75/390 1022/78/399 676/78/401 674/75/394
f 1023/79/402 1024/14/403 889/14/404 195/79/405
f 1024/14/403 1023/79/402 196/79/406 890/14/407
f 1024/14/403 1025/80/408 887/80/409 889/14/404
f 1025/80/408 1024/14/403 890/14/407 888/80/410
f 1025/80/408 1026/81/411 885/81/412 887/80/409
f 1026/81/411 1025/80/408 888/80/410 886/81/413
f 1026/81/411 1023/79/402 195/79/405 885/81/412
f 1023/79/402 1026/81/411 886/81/413 196/79/406
f 1027/82/414 1028/36/415 351/36/205 345/82/416
f 1028/36/415 1027/82/414 346/82/417 352/36/206
f 1028/36/415 1029/39/418 347/39/212 351/36/205
f 1029/39/418 1028/36/415 352/36/206 348/39/213
f 1029/39/418 1030/83/419 349/83/420 347/39/212
f 1030/83/419 1029/39/418 348/39/213 350/83/421
f 1030/83/419 1027/82/414 345/82/416 349/83/420
f 1027/82/414 1030/83/419 350/83/421 346/82/417
f 1031/44/422 1032/28/423 609/28/181 605/44/424
f 1032/28/423 1031/44/422 606/44/425 610/28/182
f 1032/28/423 1033/31/426 607/31/188 609/28/181
f 1033/31/426 1032/28/423 610/28/182 608/31/189
f 1033/31/426 1034/45/427 603/45/428 607/31/188
f 1034/45/427 1033/31/426 608/31/189 604/45/429
f 1034/45/427 1031/44/422 605/44/424 603/45/428
f 1031/44/422 1034/45/427 604/45/429 606/44/425
f 1035/21/430 1036/84/431 367/84/432 361/21/289
f 1036/84/431 1035/21/430 362/21/290 368/84/433
f 1036/84/431 1037/85/434 365/85/435 367/84/432
f 1037/85/434 1036/84/431 368/84/433 366/85/436
f 1037/85/434 1038/58/437 363/58/288 365/85/435
f 1038/58/437 1037/85/434 366/85/436 364/58/291
f 1038/58/437 1035/21/430 361/21/289 363/58/288
f 1035/21/430 1038/58/437 364/58/291 362/21/290
f 1039/86/438 1040/43/439 383/43/440 381/86/441
f 1040/43/439 1039/86/438 382/86/442 384/43/443
f 1040/43/439 1041/42/444 375/42/445 383/43/440
f 1041/42/444 1040/43/439 384/43/443 376/42/446
f 1041/42/444 1042/87/447 379/87/448 375/42/445
f 1042/87/447 1041/42/444 376/42/446 380/87/449
f 1042/87/447 1039/86/438 381/86/441 379/87/448
f 1039/86/438 1042/87/447 380/87/449 382/86/442
f 1043/37/450 1044/18/451 149/18/452 143/37/325
f 1044/18/451 1043/37/450 144/37/326 150/18/453
f 1044/18/451 1045/59/454 147/59/455 149/18/452
f 1045/59/454 1044/18/451 150/18/453 148/59/456
f 1045/59/454 1046/38/457 145/38/324 147/59/455
f 1046/38/457 1045/59/454 148/59/456 146/38/327
f 1046/38/457 1043/37/450 143/37/325 145/38/324
f 1043/37/450 1046/38/457 146/38/327 144/37/326
f 1047/69/458 1048/66/459 181/66/460 175/69/461
f 1048/66/459 1047/69/458 176/69/462 182/66/463
f 1048/66/459 1049/67/464 179/67/465 181/66/460
f 1049/67/464 1048/66/459 182/66/463 180/67/466
f 1049/67/464 1050/68/467 177/68/468 179/67/465
f 1050/68/467 1049/67/464 180/67/466 178/68/469
f 1050/68/467 1047/69/458 175/69/461 177/68/468
f 1047/69/458 1050/68/467 178/68/469 176/69/462
f 1051/79/470 1052/14/471 535/14/472 531/79/473
f 1052/14/471 1051/79/470 532/79/474 536/14/475
f 1052/14/471 1053/80/476 533/80/477 535/14/472
f 1053/80/476 1052/14/471 536/14/475 534/80/478
f 1053/80/476 1054/81/479 529/81/480 533/80/477
f 1054/81/479 1053/80/476 534/80/478 530/81/481
f 1054/81/479 1051/79/470 531/79/473 529/81/480
f 1051/79/470 1054/81/479 530/81/481 532/79/474
f 1055/88/482 1056/89/483 665/89/484 575/88/485
f 1056/89/483 1055/88/482 576/88/486 666/89/487
f 1056/89/483 1057/90/488 663/90/489 665/89/484
f 1057/90/488 1056/89/483 666/89/487 664/90/490
f 1057/90/488 1058/91/491 661/91/492 663/90/489
f 1058/91/491 1057/90/488 664/90/490 662/91/493
f 1058/91/491 1055/88/482 575/88/485 661/91/492
f 1055/88/482 1058/91/491 662/91/493 576/88/486
f 1059/84/494 1060/48/495 161/48/496 157/84/497
f 1060/48/495 1059/84/494 158/84/498 162/48/499
f 1060/48/495 1061/92/500 159/92/501 161/48/496
f 1061/92/500 1060/48/495 162/48/499 160/92/502
f 1061/92/500 1062/85/503 155/85/504 159/92/501
f 1062/85/503 1061/92/500 160/92/502 156/85/505
f 1062/85/503 1059/84/494 157/84/497 155/85/504
f 1059/84/494 1062/85/503 156/85/505 158/84/498
f 1063/76/506 1064/93/507 683/93/508 679/76/392
f 1064/93/507 1063/76/506 680/76/395 684/93/509
f 1064/93/507 1065/94/510 681/94/511 683/93/508
f 1065/94/510 1064/93/507 684/93/509 682/94/512
f 1065/94/510 1066/77/513 677/77/397 681/94/511
f 1066/77/513 1065/94/510 682/94/512 678/77/398
f 1066/77/513 1063/76/506 679/76/392 677/77/397
f 1063/76/506 1066/77/513 678/77/398 680/76/395
f 1067/95/514 1068/75/515 267/75/516 259/95/517
f 1068/75/515 1067/95/514 260/95/518 268/75/519
f 1068/75/515 1069/78/520 265/78/521 267/75/516
f 1069/78/520 1068/75/515 268/75/519 266/78/522
f 1069/78/520 1070/90/523 263/90/524 265/78/521
f 1070/90/523 1069/78/520 266/78/522 264/90/525
f 1070/90/523 1067/95/514 259/95/517 263/90/524
f 1067/95/514 1070/90/523 264/90/525 260/95/518
f 1071/21/526 1072/20/527 329/20/528 327/21/529
f 1072/20/527 1071/21/526 328/21/530 330/20/531
f 1072/20/527 1073/62/532 323/62/533 329/20/528
f 1073/62/532 1072/20/527 330/20/531 324/62/534
f 1073/62/532 1074/84/535 325/84/536 323/62/533
f 1074/84/535 1073/62/532 324/62/534 326/84/537
f 1074/84/535 1071/21/526 327/21/529 325/84/536
f 1071/21/526 1074/84/535 326/84/537 328/21/530
f 1075/23/538 1076/34/539 571/34/197 435/23/540
f 1076/34/539 1075/23/538 436/23/541 572/34/198
f 1076/34/539 1077/33/542 437/33/192 571/34/197
f 1077/33/542 1076/34/539 572/34/198 438/33/195
f 1077/33/542 1078/49/543 319/49/544 437/33/192
f 1078/49/543 1077/33/542 438/33/195 320/49/545
f 1078/49/543 1075/23/538 435/23/540 319/49/544
f 1075/23/538 1078/49/543 320/49/545 436/23/541
f 1079/62/546 1080/20/547 445/20/548 439/62/549
f 1080/20/547 1079/62/546 440/62/550 446/20/551
f 1080/20/547 1081/96/552 443/96/553 445/20/548
f 1081/96/552 1080/20/547 446/20/551 444/96/554
f 1081/96/552 1082/24/555 441/24/556 443/96/553
f 1082/24/555 1081/96/552 444/96/554 442/24/557
f 1082/24/555 1079/62/546 439/62/549 441/24/556
f 1079/62/546 1082/24/555 442/24/557 440/62/550
f 1083/30/558 1084/65/559 883/65/560 877/30/301
f 1084/65/559 1083/30/558 878/30/302 884/65/561
f 1084/65/559 1085/80/562 881/80/563 883/65/560
f 1085/80/562 1084/65/559 884/65/561 882/80/564
f 1085/80/562 1086/60/565 879/60/300 881/80/563
f 1086/60/565 1085/80/562 882/80/564 880/60/303
f 1086/60/565 1083/30/558 877/30/301 879/60/300
f 1083/30/558 1086/60/565 880/60/303 878/30/302
f 1087/42/566 1088/97/567 477/97/568 471/42/569
f 1088/97/567 1087/42/566 472/42/570 478/97/571
f 1088/97/567 1089/96/572 475/96/573 477/97/568
f 1089/96/572 1088/97/567 478/97/571 476/96/574
f 1089/96/572 1090/87/575 473/87/576 475/96/573
f 1090/87/575 1089/96/572 476/96/574 474/87/577
f 1090/87/575 1087/42/566 471/42/569 473/87/576
f 1087/42/566 1090/87/575 474/87/577 472/42/570
f 1091/76/578 1092/93/579 275/93/580 269/76/581
f 1092/93/579 1091/76/578 270/76/582 276/93/583
f 1092/93/579 1093/94/584 273/94/585 275/93/580
f 1093/94/584 1092/93/579 276/93/583 274/94/586
f 1093/94/584 1094/77/587 271/77/588 273/94/585
f 1094/77/587 1093/94/584 274/94/586 272/77/589
f 1094/77/587 1091/76/578 269/76/581 271/77/588
f 1091/76/578 1094/77/587 272/77/589 270/76/582
f 1095/74/590 1096/47/591 217/47/592 213/74/593
f 1096/47/591 1095/74/590 214/74/594 218/47/595
f 1096/47/591 1097/33/596 215/33/597 217/47/592
f 1097/33/596 1096/47/591 218/47/595 216/33/598
f 1097/33/596 1098/32/599 211/32/600 215/33/597
f 1098/32/599 1097/33/596 216/33/598 212/32/601
f 1098/32/599 1095/74/590 213/74/593 211/32/600
f 1095/74/590 1098/32/599 212/32/601 214/74/594
f 1099/82/602 1100/36/603 141/36/332 135/82/604
f 1100/36/603 1099/82/602 136/82/605 142/36/333
f 1100/36/603 1101/39/606 137/39/329 141/36/332
f 1101/39/606 1100/36/603 142/36/333 138/39/330
f 1101/39/606 1102/83/607 139/83/608 137/39/329
f 1102/83/607 1101/39/606 138/39/330 140/83/609
f 1102/83/607 1099/82/602 135/82/604 139/83/608
f 1099/82/602 1102/83/607 140/83/609 136/82/605
f 1103/98/610 1104/40/611 851/40/612 849/98/613
f 1104/40/611 1103/98/610 850/98/614 852/40/615
f 1104/40/611 1105/73/616 847/73/617 851/40/612
f 1105/73/616 1104/40/611 852/40/615 848/73/618
f 1105/73/616 1106/91/619 845/91/620 847/73/617
f 1106/91/619 1105/73/616 848/73/618 846/91/621
f 1106/91/619 1103/98/610 849/98/613 845/91/620
f 1103/98/610 1106/91/619 846/91/621 850/98/614
f 1107/45/622 1108/99/623 871/99/624 869/45/625
f 1108/99/623 1107/45/622 870/45/626 872/99/627
f 1108/99/623 1109/100/628 867/100/629 871/99/624
f 1109/100/628 1108/99/623 872/99/627 868/100/630
f 1109/100/628 1110/46/631 865/46/632 867/100/629
f 1110/46/631 1109/100/628 868/100/630 866/46/633
f 1110/46/631 1107/45/622 869/45/625 865/46/632
f 1107/45/622 1110/46/631 866/46/633 870/45/626
f 1111/56/634 1112/63/635 573/63/636 505/56/637
f 1112/63/635 1111/56/634 506/56/638 574/63/639
f 1112/63/635 1113/22/640 483/22/641 573/63/636
f 1113/22/640 1112/63/635 574/63/639 484/22/642
f 1113/22/640 1114/25/643 503/25/644 483/22/641
f 1114/25/643 1113/22/640 484/22/642 504/25/645
f 1114/25/643 1111/56/634 505/56/637 503/25/644
f 1111/56/634 1114/25/643 504/25/645 506/56/638
f 1115/50/646 1116/51/647 299/51/648 293/50/649
f 1116/51/647 1115/50/646 294/50/650 300/51/651
f 1116/51/647 1117/52/652 297/52/653 299/51/648
f 1117/52/652 1116/51/647 300/51/651 298/52/654
f 1117/52/652 1118/53/655 295/53/656 297/52/653
f 1118/53/655 1117/52/652 298/52/654 296/53/657
f 1118/53/655 1115/50/646 293/50/649 295/53/656
f 1115/50/646 1118/53/655 296/53/657 294/50/650
f 1119/24/658 1120/25/659 909/25/660 907/24/661
f 1120/25/659 1119/24/658 908/24/662 910/25/663
f 1120/25/659 1121/22/664 843/22/665 909/25/660
f 1121/22/664 1120/25/659 910/25/663 844/22/666
f 1121/22/664 1122/23/667 413/23/668 843/22/665
f 1122/23/667 1121/22/664 844/22/666 414/23/669
f 1122/23/667 1119/24/658 907/24/661 413/23/668
f 1119/24/658 1122/23/667 414/23/669 908/24/662
f 1123/101/670 1124/102/671 127/102/672 131/101/673
f 1124/102/671 1123/101/670 132/101/674 128/102/675
f 1124/102/671 1125/103/676 123/103/677 127/102/672
f 1125/103/676 1124/102/671 128/102/675 124/103/678
f 1125/103/676 1126/104/679 129/104/680 123/103/677
f 1126/104/679 1125/103/676 124/103/678 130/104/681
f 1126/104/679 1127/105/682 125/105/683 129/104/680
f 1127/105/682 1126/104/679 130/104/681 126/105/684
f 1127/105/682 1128/106/685 133/106/686 125/105/683
f 1128/106/685 1127/105/682 126/105/684 134/106/687
f 1128/106/685 1123/101/670 131/101/673 133/106/686
f 1123/101/670 1128/106/685 134/106/687 132/101/674
f 1129/35/688 1130/99/689 901/99/690 899/35/691
f 1130/99/689 1129/35/688 900/35/692 902/99/693
f 1130/99/689 1131/61/694 895/61/695 901/99/690
f 1131/61/694 1130/99/689 902/99/693 896/61/696
f 1131/61/694 1132/26/697 897/26/698 895/61/695
f 1132/26/697 1131/61/694 896/61/696 898/26/699
f 1132/26/697 1129/35/688 899/35/691 897/26/698
f 1129/35/688 1132/26/697 898/26/699 900/35/692
f 1133/37/700 1134/18/701 359/18/296 355/37/204
f 1134/18/701 1133/37/700 356/37/207 360/18/297
f 1134/18/701 1135/59/702 357/59/293 359/18/296
f 1135/59/702 1134/18/701 360/18/297 358/59/294
f 1135/59/702 1136/38/703 353/38/209 357/59/293
f 1136/38/703 1135/59/702 358/59/294 354/38/210
f 1136/38/703 1133/37/700 355/37/204 353/38/209
f 1133/37/700 1136/38/703 354/38/210 356/37/207
f 1137/91/704 1138/98/705 583/98/706 579/91/707
f 1138/98/705 1137/91/704 580/91/708 584/98/709
f 1138/98/705 1139/40/710 581/40/711 583/98/706
f 1139/40/710 1138/98/705 584/98/709 582/40/712
f 1139/40/710 1140/73/713 577/73/714 581/40/711
f 1140/73/713 1139/40/710 582/40/712 578/73/715
f 1140/73/713 1137/91/704 579/91/707 577/73/714
f 1137/91/704 1140/73/713 578/73/715 580/91/708
f 1141/36/716 1142/107/717 239/107/718 237/36/719
f 1142/107/717 1141/36/716 238/36/720 240/107/721
f 1142/107/717 1143/108/722 233/108/723 239/107/718
f 1143/108/722 1142/107/717 240/107/721 234/108/724
f 1143/108/722 1144/37/725 235/37/726 233/108/723
f 1144/37/725 1143/108/722 234/108/724 236/37/727
f 1144/37/725 1141/36/716 237/36/719 235/37/726
f 1141/36/716 1144/37/725 236/37/727 238/36/720
f 1145/10/728 1146/46/729 601/46/730 599/10/731
f 1146/46/729 1145/10/728 600/10/732 602/46/733
f 1146/46/729 1147/63/734 573/63/735 601/46/730
f 1147/63/734 1146/46/729 602/46/733 574/63/736
f 1147/63/734 1148/11/737 597/11/738 573/63/735
f 1148/11/737 1147/63/734 574/63/736 598/11/739
f 1148/11/737 1145/10/728 599/10/731 597/11/738
f 1145/10/728 1148/11/737 598/11/739 600/10/732
f 1149/109/740 1150/110/741 185/110/742 183/109/743
f 1150/110/741 1149/109/740 184/109/744 186/110/745
f 1150/110/741 1151/67/746 179/67/465 185/110/742
f 1151/67/746 1150/110/741 186/110/745 180/67/466
f 1151/67/746 1152/66/747 181/66/460 179/67/465
f 1152/66/747 1151/67/746 180/67/466 182/66/463
f 1152/66/747 1149/109/740 183/109/743 181/66/460
f 1149/109/740 1152/66/747 182/66/463 184/109/744
f 1153/98/748 1154/91/749 253/91/750 247/98/751
f 1154/91/749 1153/98/748 248/98/752 254/91/753
f 1154/91/749 1155/90/754 251/90/755 253/91/750
f 1155/90/754 1154/91/749 254/91/753 252/90/756
f 1155/90/754 1156/78/757 249/78/758 251/90/755
f 1156/78/757 1155/90/754 252/90/756 250/78/759
f 1156/78/757 1153/98/748 247/98/751 249/78/758
f 1153/98/748 1156/78/757 250/78/759 248/98/752
f 1157/64/760 1158/65/761 617/65/762 615/64/763
f 1158/65/761 1157/64/760 616/64/764 618/65/765
f 1158/65/761 1159/30/766 611/30/185 617/65/762
f 1159/30/766 1158/65/761 618/65/765 612/30/186
f 1159/30/766 1160/29/767 613/29/180 611/30/185
f 1160/29/767 1159/30/766 612/30/186 614/29/183
f 1160/29/767 1157/64/760 615/64/763 613/29/180
f 1157/64/760 1160/29/767 614/29/183 616/64/764
f 1161/98/768 1162/78/769 249/78/758 247/98/751
f 1162/78/769 1161/98/768 248/98/752 250/78/759
f 1162/78/769 1163/77/770 243/77/771 249/78/758
f 1163/77/770 1162/78/769 250/78/759 244/77/772
f 1163/77/770 1164/111/773 245/111/774 243/77/771
f 1164/111/773 1163/77/770 244/77/772 246/111/775
f 1164/111/773 1161/98/768 247/98/751 245/111/774
f 1161/98/768 1164/111/773 246/111/775 248/98/752
f 1165/54/776 1166/94/777 651/94/778 649/54/779
f 1166/94/777 1165/54/776 650/54/780 652/94/781
f 1166/94/777 1167/112/782 647/112/783 651/94/778
f 1167/112/782 1166/94/777 652/94/781 648/112/784
f 1167/112/782 1168/55/785 645/55/786 647/112/783
f 1168/55/785 1167/112/782 648/112/784 646/55/787
f 1168/55/785 1165/54/776 649/54/779 645/55/786
f 1165/54/776 1168/55/785 646/55/787 650/54/780
f 1169/96/788 1170/87/789 379/87/448 373/96/790
f 1170/87/789 1169/96/788 374/96/791 380/87/449
f 1170/87/789 1171/42/792 375/42/445 379/87/448
f 1171/42/792 1170/87/789 380/87/449 376/42/446
f 1171/42/792 1172/97/793 377/97/794 375/42/445
f 1172/97/793 1171/42/792 376/42/446 378/97/795
f 1172/97/793 1169/96/788 373/96/790 377/97/794
f 1169/96/788 1172/97/793 378/97/795 374/96/791
f 1173/84/796 1174/48/797 317/48/798 367/84/432
f 1174/48/797 1173/84/796 368/84/433 318/48/799
f 1174/48/797 1175/92/800 369/92/801 317/48/798
f 1175/92/800 1174/48/797 318/48/799 370/92/802
f 1175/92/800 1176/85/803 365/85/435 369/92/801
f 1176/85/803 1175/92/800 370/92/802 366/85/436
f 1176/85/803 1173/84/796 367/84/432 365/85/435
f 1173/84/796 1176/85/803 366/85/436 368/84/433
f 1177/55/804 1178/112/805 647/112/783 645/55/786
f 1178/112/805 1177/55/804 646/55/787 648/112/784
f 1178/112/805 1179/12/806 643/12/129 647/112/783
f 1179/12/806 1178/112/805 648/112/784 644/12/130
f 1179/12/806 1180/11/807 597/11/124 643/12/129
f 1180/11/807 1179/12/806 644/12/130 598/11/127
f 1180/11/807 1177/55/804 645/55/786 597/11/124
f 1177/55/804 1180/11/807 598/11/127 646/55/787
f 1181/96/808 1182/24/809 411/24/313 407/96/810
f 1182/24/809 1181/96/808 408/96/811 412/24/314
f 1182/24/809 1183/62/812 409/62/320 411/24/313
f 1183/62/812 1182/24/809 412/24/314 410/62/321
f 1183/62/812 1184/20/813 405/20/814 409/62/320
f 1184/20/813 1183/62/812 410/62/321 406/20/815
f 1184/20/813 1181/96/808 407/96/810 405/20/814
f 1181/96/808 1184/20/813 406/20/815 408/96/811
f 1185/113/816 1186/112/817 279/112/818 277/113/819
f 1186/112/817 1185/113/816 278/113/820 280/112/821
f 1186/112/817 1187/94/822 273/94/585 279/112/818
f 1187/94/822 1186/112/817 280/112/821 274/94/586
f 1187/94/822 1188/93/823 275/93/580 273/94/585
f 1188/93/823 1187/94/822 274/94/586 276/93/583
f 1188/93/823 1185/113/816 277/113/819 275/93/580
f 1185/113/816 1188/93/823 276/93/583 278/113/820
f 1189/35/824 1190/32/825 421/32/826 419/35/827
f 1190/32/825 1189/35/824 420/35/828 422/32/829
f 1190/32/825 1191/33/830 417/33/831 421/32/826
f 1191/33/830 1190/32/825 422/32/829 418/33/832
f 1191/33/830 1192/34/833 415/34/834 417/33/831
f 1192/34/833 1191/33/830 418/33/832 416/34/835
f 1192/34/833 1189/35/824 419/35/827 415/34/834
f 1189/35/824 1192/34/833 416/34/835 420/35/828
f 1193/114/836 1194/115/837 693/115/838 689/114/839
f 1194/115/837 1193/114/836 690/114/840 694/115/841
f 1194/115/837 1195/13/842 691/13/843 693/115/838
f 1195/13/842 1194/115/837 694/115/841 692/13/844
f 1195/13/842 1196/12/845 643/12/846 691/13/843
f 1196/12/845 1195/13/842 692/13/844 644/12/847
f 1196/12/845 1193/114/836 689/114/839 643/12/846
f 1193/114/836 1196/12/845 644/12/847 690/114/840
f 1197/84/848 1198/62/849 223/62/850 221/84/851
f 1198/62/849 1197/84/848 222/84/852 224/62/853
f 1198/62/849 1199/49/854 219/49/855 223/62/850
f 1199/49/854 1198/62/849 224/62/853 220/49/856
f 1199/49/854 1200/48/857 161/48/858 219/49/855
f 1200/48/857 1199/49/854 220/49/856 162/48/859
f 1200/48/857 1197/84/848 221/84/851 161/48/858
f 1197/84/848 1200/48/857 162/48/859 222/84/852
f 1201/109/860 1202/66/861 201/66/862 183/109/863
f 1202/66/861 1201/109/860 184/109/864 202/66/865
f 1202/66/861 1203/15/866 199/15/867 201/66/862
f 1203/15/866 1202/66/861 202/66/865 200/15/868
f 1203/15/866 1204/116/869 197/116/870 199/15/867
f 1204/116/869 1203/15/866 200/15/868 198/116/871
f 1204/116/869 1201/109/860 183/109/863 197/116/870
f 1201/109/860 1204/116/869 198/116/871 184/109/864
f 1205/29/872 1206/30/873 743/30/356 741/29/349
f 1206/30/873 1205/29/872 742/29/350 744/30/357
f 1206/30/873 1207/31/874 739/31/875 743/30/356
f 1207/31/874 1206/30/873 744/30/357 740/31/876
f 1207/31/874 1208/28/877 737/28/878 739/31/875
f 1208/28/877 1207/31/874 740/31/876 738/28/879
f 1208/28/877 1205/29/872 741/29/349 737/28/878
f 1205/29/872 1208/28/877 738/28/879 742/29/350
f 1209/117/880 1210/118/881 711/118/882 709/117/883
f 1210/118/881 1209/117/880 710/117/884 712/118/885
f 1210/118/881 1211/119/886 623/119/887 711/118/882
f 1211/119/886 1210/118/881 712/118/885 624/119/888
f 1211/119/886 1212/120/889 707/120/890 623/119/887
f 1212/120/889 1211/119/886 624/119/888 708/120/891
f 1212/120/889 1209/117/880 709/117/883 707/120/890
f 1209/117/880 1212/120/889 708/120/891 710/117/884
f 1213/121/892 1214/122/893 723/122/894 721/121/895
f 1214/122/893 1213/121/892 722/121/896 724/122/897
f 1214/122/893 1215/22/898 719/22/899 723/122/894
f 1215/22/898 1214/122/893 724/122/897 720/22/900
f 1215/22/898 1216/81/901 713/81/902 719/22/899
f 1216/81/901 1215/22/898 720/22/900 714/81/903
f 1216/81/901 1213/121/892 721/121/895 713/81/902
f 1213/121/892 1216/81/901 714/81/903 722/121/896
f 1217/115/904 1218/123/905 291/123/906 287/115/907
f 1218/123/905 1217/115/904 288/115/908 292/123/909
f 1218/123/905 1219/124/910 289/124/911 291/123/906
f 1219/124/910 1218/123/905 292/123/909 290/124/912
f 1219/124/910 1220/13/913 285/13/914 289/124/911
f 1220/13/913 1219/124/910 290/124/912 286/13/915
f 1220/13/913 1217/115/904 287/115/907 285/13/914
f 1217/115/904 1220/13/913 286/13/915 288/115/908
f 1221/114/916 1222/12/917 283/12/918 281/114/919
f 1222/12/917 1221/114/916 282/114/920 284/12/921
f 1222/12/917 1223/112/922 279/112/818 283/12/918
f 1223/112/922 1222/12/917 284/12/921 280/112/821
f 1223/112/922 1224/113/923 277/113/819 279/112/818
f 1224/113/923 1223/112/922 280/112/821 278/113/820
f 1224/113/923 1221/114/916 281/114/919 277/113/819
f 1221/114/916 1224/113/923 278/113/820 282/114/920
f 1225/64/924 1226/120/925 755/120/926 753/64/927
f 1226/120/925 1225/64/924 754/64/928 756/120/929
f 1226/120/925 1227/119/930 305/119/931 755/120/926
f 1227/119/930 1226/120/925 756/120/929 306/119/932
f 1227/119/930 1228/125/933 751/125/934 305/119/931
f 1228/125/933 1227/119/930 306/119/932 752/125/935
f 1228/125/933 1225/64/924 753/64/927 751/125/934
f 1225/64/924 1228/125/933 752/125/935 754/64/928
f 1229/126/936 1230/127/937 459/127/938 343/126/939
f 1230/127/937 1229/126/936 344/126/940 460/127/941
f 1230/127/937 1231/128/942 457/128/943 459/127/938
f 1231/128/942 1230/127/937 460/127/941 458/128/944
f 1231/128/942 1232/107/945 455/107/946 457/128/943
f 1232/107/945 1231/128/942 458/128/944 456/107/947
f 1232/107/945 1229/126/936 343/126/939 455/107/946
f 1229/126/936 1232/107/945 456/107/947 344/126/940
f 1233/107/948 1234/128/949 457/128/943 455/107/946
f 1234/128/949 1233/107/948 456/107/947 458/128/944
f 1234/128/949 1235/86/950 451/86/951 457/128/943
f 1235/86/950 1234/128/949 458/128/944 452/86/952
f 1235/86/950 1236/108/953 453/108/954 451/86/951
f 1236/108/953 1235/86/950 452/86/952 454/108/955
f 1236/108/953 1233/107/948 455/107/946 453/108/954
f 1233/107/948 1236/108/953 454/108/955 456/107/947
f 1237/43/956 1238/86/957 469/86/958 467/43/959
f 1238/86/957 1237/43/956 468/43/960 470/86/961
f 1238/86/957 1239/128/962 465/128/963 469/86/958
f 1239/128/962 1238/86/957 470/86/961 466/128/964
f 1239/128/962 1240/70/965 463/70/966 465/128/963
f 1240/70/965 1239/128/962 466/128/964 464/70/967
f 1240/70/965 1237/43/956 467/43/959 463/70/966
f 1237/43/956 1240/70/965 464/70/967 468/43/960
f 1241/11/968 1242/55/969 775/55/970 725/11/971
f 1242/55/969 1241/11/968 726/11/972 776/55/973
f 1242/55/969 1243/112/974 773/112/975 775/55/970
f 1243/112/974 1242/55/969 776/55/973 774/112/976
f 1243/112/974 1244/12/977 283/12/978 773/112/975
f 1244/12/977 1243/112/974 774/112/976 284/12/979
f 1244/12/977 1241/11/968 725/11/971 283/12/978
f 1241/11/968 1244/12/977 284/12/979 726/11/972
f 1245/129/980 1246/69/981 793/69/368 789/129/982
f 1246/69/981 1245/129/980 790/129/983 794/69/369
f 1246/69/981 1247/68/984 791/68/365 793/69/368
f 1247/68/984 1246/69/981 794/69/369 792/68/366
f 1247/68/984 1248/130/985 787/130/986 791/68/365
f 1248/130/985 1247/68/984 792/68/366 788/130/987
f 1248/130/985 1245/129/980 789/129/982 787/130/986
f 1245/129/980 1248/130/985 788/130/987 790/129/983
f 1249/129/988 1250/74/989 213/74/593 207/129/990
f 1250/74/989 1249/129/988 208/129/991 214/74/594
f 1250/74/989 1251/32/992 211/32/600 213/74/593
f 1251/32/992 1250/74/989 214/74/594 212/32/601
f 1251/32/992 1252/27/993 209/27/994 211/32/600
f 1252/27/993 1251/32/992 212/32/601 210/27/995
f 1252/27/993 1249/129/988 207/129/990 209/27/994
f 1249/129/988 1252/27/993 210/27/995 208/129/991
f 1253/129/996 1254/74/997 817/74/388 813/129/998
f 1254/74/997 1253/129/996 814/129/999 818/74/389
f 1254/74/997 1255/32/1000 815/32/385 817/74/388
f 1255/32/1000 1254/74/997 818/74/389 816/32/386
f 1255/32/1000 1256/27/1001 811/27/1002 815/32/385
f 1256/27/1001 1255/32/1000 816/32/386 812/27/1003
f 1256/27/1001 1253/129/996 813/129/998 811/27/1002
f 1253/129/996 1256/27/1001 812/27/1003 814/129/999
f 1257/109/1004 1258/110/1005 801/110/1006 799/109/1007
f 1258/110/1005 1257/109/1004 800/109/1008 802/110/1009
f 1258/110/1005 1259/67/1010 797/67/360 801/110/1006
f 1259/67/1010 1258/110/1005 802/110/1009 798/67/363
f 1259/67/1010 1260/66/1011 795/66/361 797/67/360
f 1260/66/1011 1259/67/1010 798/67/363 796/66/362
f 1260/66/1011 1257/109/1004 799/109/1007 795/66/361
f 1257/109/1004 1260/66/1011 796/66/362 800/109/1008
f 1261/47/1012 1262/48/1013 161/48/858 217/47/592
f 1262/48/1013 1261/47/1012 218/47/595 162/48/859
f 1262/48/1013 1263/49/1014 219/49/855 161/48/858
f 1263/49/1014 1262/48/1013 162/48/859 220/49/856
f 1263/49/1014 1264/33/1015 215/33/597 219/49/855
f 1264/33/1015 1263/49/1014 220/49/856 216/33/598
f 1264/33/1015 1261/47/1012 217/47/592 215/33/597
f 1261/47/1012 1264/33/1015 216/33/598 218/47/595
f 1265/111/1016 1266/77/1017 243/77/771 245/111/774
f 1266/77/1017 1265/111/1016 246/111/775 244/77/772
f 1266/77/1017 1267/94/1018 777/94/1019 243/77/771
f 1267/94/1018 1266/77/1017 244/77/772 778/94/1020
f 1267/94/1018 1268/54/1021 779/54/1022 777/94/1019
f 1268/54/1021 1267/94/1018 778/94/1020 780/54/1023
f 1268/54/1021 1265/111/1016 245/111/774 779/54/1022
f 1265/111/1016 1268/54/1021 780/54/1023 246/111/775
f 1269/40/1024 1270/43/1025 829/43/224 827/40/217
f 1270/43/1025 1269/40/1024 828/40/218 830/43/225
f 1270/43/1025 1271/70/1026 821/70/373 829/43/224
f 1271/70/1026 1270/43/1025 830/43/225 822/70/374
f 1271/70/1026 1272/73/1027 825/73/380 821/70/373
f 1272/73/1027 1271/70/1026 822/70/374 826/73/381
f 1272/73/1027 1269/40/1024 827/40/217 825/73/380
f 1269/40/1024 1272/73/1027 826/73/381 828/40/218
f 1273/98/1028 1274/111/1029 855/111/1030 849/98/613
f 1274/111/1029 1273/98/1028 850/98/614 856/111/1031
f 1274/111/1029 1275/41/1032 853/41/1033 855/111/1030
f 1275/41/1032 1274/111/1029 856/111/1031 854/41/1034
f 1275/41/1032 1276/40/1035 851/40/612 853/41/1033
f 1276/40/1035 1275/41/1032 854/41/1034 852/40/615
f 1276/40/1035 1273/98/1028 849/98/613 851/40/612
f 1273/98/1028 1276/40/1035 852/40/615 850/98/614
f 1277/57/1036 1278/56/1037 841/56/337 835/57/1038
f 1278/56/1037 1277/57/1036 836/57/1039 842/56/338
f 1278/56/1037 1279/25/1040 839/25/344 841/56/337
f 1279/25/1040 1278/56/1037 842/56/338 840/25/345
f 1279/25/1040 1280/97/1041 837/97/1042 839/25/344
f 1280/97/1041 1279/25/1040 840/25/345 838/97/1043
f 1280/97/1041 1277/57/1036 835/57/1038 837/97/1042
f 1277/57/1036 1280/97/1041 838/97/1043 836/57/1039
f 1281/69/1044 1282/129/1045 813/129/998 807/69/1046
f 1282/129/1045 1281/69/1044 808/69/1047 814/129/999
f 1282/129/1045 1283/27/1048 811/27/1002 813/129/998
f 1283/27/1048 1282/129/1045 814/129/999 812/27/1003
f 1283/27/1048 1284/16/1049 809/16/1050 811/27/1002
f 1284/16/1049 1283/27/1048 812/27/1003 810/16/1051
f 1284/16/1049 1281/69/1044 807/69/1046 809/16/1050
f 1281/69/1044 1284/16/1049 810/16/1051 808/69/1047
f 1285/87/1052 1286/96/1053 407/96/810 401/87/1054
f 1286/96/1053 1285/87/1052 402/87/1055 408/96/811
f 1286/96/1053 1287/20/1056 405/20/814 407/96/810
f 1287/20/1056 1286/96/1053 408/96/811 406/20/815
f 1287/20/1056 1288/19/1057 403/19/1058 405/20/814
f 1288/19/1057 1287/20/1056 406/20/815 404/19/1059
f 1288/19/1057 1285/87/1052 401/87/1054 403/19/1058
f 1285/87/1052 1288/19/1057 404/19/1059 402/87/1055
f 1289/28/1060 1290/53/1061 633/53/1062 631/28/1063
f 1290/53/1061 1289/28/1060 632/28/1064 634/53/1065
f 1290/53/1061 1291/52/1066 627/52/1067 633/53/1062
f 1291/52/1066 1290/53/1061 634/53/1065 628/52/1068
f 1291/52/1066 1292/29/1069 629/29/1070 627/52/1067
f 1292/29/1069 1291/52/1066 628/52/1068 630/29/1071
f 1292/29/1069 1289/28/1060 631/28/1063 629/29/1070
f 1289/28/1060 1292/29/1069 630/29/1071 632/28/1064
f 1293/74/1072 1294/129/1073 173/129/1074 167/74/1075
f 1294/129/1073 1293/74/1072 168/74/1076 174/129/1077
f 1294/129/1073 1295/130/1078 171/130/1079 173/129/1074
f 1295/130/1078 1294/129/1073 174/129/1077 172/130/1080
f 1295/130/1078 1296/131/1081 169/131/1082 171/130/1079
f 1296/131/1081 1295/130/1078 172/130/1080 170/131/1083
f 1296/131/1081 1293/74/1072 167/74/1075 169/131/1082
f 1293/74/1072 1296/131/1081 170/131/1083 168/74/1076
f 1297/65/1084 1298/80/1085 525/80/1086 523/65/1087
f 1298/80/1085 1297/65/1084 524/65/1088 526/80/1089
f 1298/80/1085 1299/60/1090 521/60/1091 525/80/1086
f 1299/60/1090 1298/80/1085 526/80/1089 522/60/1092
f 1299/60/1090 1300/30/1093 519/30/1094 521/60/1091
f 1300/30/1093 1299/60/1090 522/60/1092 520/30/1095
f 1300/30/1093 1297/65/1084 523/65/1087 519/30/1094
f 1297/65/1084 1300/30/1093 520/30/1095 524/65/1088
f 1301/22/1096 1302/63/1097 729/63/336 843/22/341
f 1302/63/1097 1301/22/1096 844/22/342 730/63/339
f 1302/63/1097 1303/46/1098 865/46/632 729/63/336
f 1303/46/1098 1302/63/1097 730/63/339 866/46/633
f 1303/46/1098 1304/100/1099 867/100/629 865/46/632
f 1304/100/1099 1303/46/1098 866/46/633 868/100/630
f 1304/100/1099 1301/22/1096 843/22/341 867/100/629
f 1301/22/1096 1304/100/1099 868/100/630 844/22/342
f 1305/91/1100 1306/88/1101 257/88/1102 253/91/750
f 1306/88/1101 1305/91/1100 254/91/753 258/88/1103
f 1306/88/1101 1307/89/1104 255/89/1105 257/88/1102
f 1307/89/1104 1306/88/1101 258/88/1103 256/89/1106
f 1307/89/1104 1308/90/1107 251/90/755 255/89/1105
f 1308/90/1107 1307/89/1104 256/89/1106 252/90/756
f 1308/90/1107 1305/91/1100 253/91/750 251/90/755
f 1305/91/1100 1308/90/1107 252/90/756 254/91/753
f 1309/132/1108 1310/81/1109 529/81/1110 527/132/1111
f 1310/81/1109 1309/132/1108 528/132/1112 530/81/1113
f 1310/81/1109 1311/80/1114 525/80/1086 529/81/1110
f 1311/80/1114 1310/81/1109 530/81/1113 526/80/1089
f 1311/80/1114 1312/65/1115 523/65/1087 525/80/1086
f 1312/65/1115 1311/80/1114 526/80/1089 524/65/1088
f 1312/65/1115 1309/132/1108 527/132/1111 523/65/1087
f 1309/132/1108 1312/65/1115 524/65/1088 528/132/1112
f 1313/34/1116 1314/23/1117 413/23/668 905/34/1118
f 1314/23/1117 1313/34/1116 906/34/1119 414/23/669
f 1314/23/1117 1315/22/1120 843/22/665 413/23/668
f 1315/22/1120 1314/23/1117 414/23/669 844/22/666
f 1315/22/1120 1316/100/1121 903/100/1122 843/22/665
f 1316/100/1121 1315/22/1120 844/22/666 904/100/1123
f 1316/100/1121 1313/34/1116 905/34/1118 903/100/1122
f 1313/34/1116 1316/100/1121 904/100/1123 906/34/1119
f 1317/27/1124 1318/26/1125 565/26/1126 563/27/1127
f 1318/26/1125 1317/27/1124 564/27/1128 566/26/1129
f 1318/26/1125 1319/17/1130 559/17/1131 565/26/1126
f 1319/17/1130 1318/26/1125 566/26/1129 560/17/1132
f 1319/17/1130 1320/16/1133 561/16/1134 559/17/1131
f 1320/16/1133 1319/17/1130 560/17/1132 562/16/1135
f 1320/16/1133 1317/27/1124 563/27/1127 561/16/1134
f 1317/27/1124 1320/16/1133 562/16/1135 564/27/1128
f 1321/48/1136 1322/84/1137 325/84/536 317/48/257
f 1322/84/1137 1321/48/1136 318/48/258 326/84/537
f 1322/84/1137 1323/62/1138 323/62/533 325/84/536
f 1323/62/1138 1322/84/1137 326/84/537 324/62/534
f 1323/62/1138 1324/49/1139 319/49/260 323/62/533
f 1324/49/1139 1323/62/1138 324/62/534 320/49/261
f 1324/49/1139 1321/48/1136 317/48/257 319/49/260
f 1321/48/1136 1324/49/1139 320/49/261 318/48/258
f 1325/30/1140 1326/60/1141 521/60/1091 519/30/1094
f 1326/60/1141 1325/30/1140 520/30/1095 522/60/1092
f 1326/60/1141 1327/61/1142 515/61/1143 521/60/1091
f 1327/61/1142 1326/60/1141 522/60/1092 516/61/1144
f 1327/61/1142 1328/31/1145 517/31/1146 515/61/1143
f 1328/31/1145 1327/61/1142 516/61/1144 518/31/1147
f 1328/31/1145 1325/30/1140 519/30/1094 517/31/1146
f 1325/30/1140 1328/31/1145 518/31/1147 520/30/1095
f 1329/10/1148 1330/44/1149 605/44/424 599/10/731
f 1330/44/1149 1329/10/1148 600/10/732 606/44/425
f 1330/44/1149 1331/45/1150 603/45/428 605/44/424
f 1331/45/1150 1330/44/1149 606/44/425 604/45/429
f 1331/45/1150 1332/46/1151 601/46/730 603/45/428
f 1332/46/1151 1331/45/1150 604/45/429 602/46/733
f 1332/46/1151 1329/10/1148 599/10/731 601/46/730
f 1329/10/1148 1332/46/1151 602/46/733 600/10/732
f 1333/133/1152 1334/134/1153 917/134/1154 911/133/1155
f 1334/134/1153 1333/133/1152 912/133/1156 918/134/1157
f 1334/134/1153 1335/114/1158 913/114/1159 917/134/1154
f 1335/114/1158 1334/134/1153 918/134/1157 914/114/1160
f 1335/114/1158 1336/118/1161 915/118/1162 913/114/1159
f 1336/118/1161 1335/114/1158 914/114/1160 916/118/1163
f 1336/118/1161 1333/133/1152 911/133/1155 915/118/1162
f 1333/133/1152 1336/118/1161 916/118/1163 912/133/1156
f 1337/95/1164 1338/90/1165 671/90/1166 667/95/1167
f 1338/90/1165 1337/95/1164 668/95/1168 672/90/1169
f 1338/90/1165 1339/89/1170 665/89/1171 671/90/1166
f 1339/89/1170 1338/90/1165 672/90/1169 666/89/1172
f 1339/89/1170 1340/135/1173 669/135/1174 665/89/1171
f 1340/135/1173 1339/89/1170 666/89/1172 670/135/1175
f 1340/135/1173 1337/95/1164 667/95/1167 669/135/1174
f 1337/95/1164 1340/135/1173 670/135/1175 668/95/1168
f 1341/21/1176 1342/84/1177 157/84/497 151/21/1178
f 1342/84/1177 1341/21/1176 152/21/1179 158/84/498
f 1342/84/1177 1343/85/1180 155/85/504 157/84/497
f 1343/85/1180 1342/84/1177 158/84/498 156/85/505
f 1343/85/1180 1344/58/1181 153/58/1182 155/85/504
f 1344/58/1181 1343/85/1180 156/85/505 154/58/1183
f 1344/58/1181 1341/21/1176 151/21/1178 153/58/1182
f 1341/21/1176 1344/58/1181 154/58/1183 152/21/1179
f 1345/21/1184 1346/58/1185 153/58/1182 151/21/1178
f 1346/58/1185 1345/21/1184 152/21/1179 154/58/1183
f 1346/58/1185 1347/59/1186 147/59/455 153/58/1182
f 1347/59/1186 1346/58/1185 154/58/1183 148/59/456
f 1347/59/1186 1348/18/1187 149/18/452 147/59/455
f 1348/18/1187 1347/59/1186 148/59/456 150/18/453
f 1348/18/1187 1345/21/1184 151/21/1178 149/18/452
f 1345/21/1184 1348/18/1187 150/18/453 152/21/1179
f 1349/15/1188 1350/16/1189 561/16/1134 557/15/1190
f 1350/16/1189 1349/15/1188 558/15/1191 562/16/1135
f 1350/16/1189 1351/17/1192 559/17/1131 561/16/1134
f 1351/17/1192 1350/16/1189 562/16/1135 560/17/1132
f 1351/17/1192 1352/14/1193 555/14/1194 559/17/1131
f 1352/14/1193 1351/17/1192 560/17/1132 556/14/1195
f 1352/14/1193 1349/15/1188 557/15/1190 555/14/1194
f 1349/15/1188 1352/14/1193 556/14/1195 558/15/1191
f 1353/54/1196 1354/57/1197 591/57/284 589/54/277
f 1354/57/1197 1353/54/1196 590/54/278 592/57/285
f 1354/57/1197 1355/41/1198 587/41/1199 591/57/284
f 1355/41/1198 1354/57/1197 592/57/285 588/41/1200
f 1355/41/1198 1356/111/1201 585/111/1202 587/41/1199
f 1356/111/1201 1355/41/1198 588/41/1200 586/111/1203
f 1356/111/1201 1353/54/1196 589/54/277 585/111/1202
f 1353/54/1196 1356/111/1201 586/111/1203 590/54/278
f 1357/32/1204 1358/35/1205 569/35/200 567/32/193
f 1358/35/1205 1357/32/1204 568/32/194 570/35/201
f 1358/35/1205 1359/26/1206 565/26/1126 569/35/200
f 1359/26/1206 1358/35/1205 570/35/201 566/26/1129
f 1359/26/1206 1360/27/1207 563/27/1127 565/26/1126
f 1360/27/1207 1359/26/1206 566/26/1129 564/27/1128
f 1360/27/1207 1357/32/1204 567/32/193 563/27/1127
f 1357/32/1204 1360/27/1207 564/27/1128 568/32/194
f 1361/35/1208 1362/99/1209 547/99/1210 545/35/1211
f 1362/99/1209 1361/35/1208 546/35/1212 548/99/1213
f 1362/99/1209 1363/61/1214 543/61/1215 547/99/1210
f 1363/61/1214 1362/99/1209 548/99/1213 544/61/1216
f 1363/61/1214 1364/26/1217 541/26/1218 543/61/1215
f 1364/26/1217 1363/61/1214 544/61/1216 542/26/1219
f 1364/26/1217 1361/35/1208 545/35/1211 541/26/1218
f 1361/35/1208 1364/26/1217 542/26/1219 546/35/1212
f 1365/55/1220 1366/11/1221 597/11/738 595/55/276
f 1366/11/1221 1365/55/1220 596/55/279 598/11/739
f 1366/11/1221 1367/63/1222 573/63/735 597/11/738
f 1367/63/1222 1366/11/1221 598/11/739 574/63/736
f 1367/63/1222 1368/56/1223 593/56/281 573/63/735
f 1368/56/1223 1367/63/1222 574/63/736 594/56/282
f 1368/56/1223 1365/55/1220 595/55/276 593/56/281
f 1365/55/1220 1368/56/1223 594/56/282 596/55/279
f 1369/111/1224 1370/98/1225 659/98/1226 655/111/1227
f 1370/98/1225 1369/111/1224 656/111/1228 660/98/1229
f 1370/98/1225 1371/78/1230 657/78/1231 659/98/1226
f 1371/78/1230 1370/98/1225 660/98/1229 658/78/1232
f 1371/78/1230 1372/77/1233 653/77/1234 657/78/1231
f 1372/77/1233 1371/78/1230 658/78/1232 654/77/1235
f 1372/77/1233 1369/111/1224 655/111/1227 653/77/1234
f 1369/111/1224 1372/77/1233 654/77/1235 656/111/1228
f 1373/127/1236 1374/71/1237 391/71/1238 389/127/1239
f 1374/71/1237 1373/127/1236 390/127/1240 392/71/1241
f 1374/71/1237 1375/70/1242 385/70/1243 391/71/1238
f 1375/70/1242 1374/71/1237 392/71/1241 386/70/1244
f 1375/70/1242 1376/128/1245 387/128/1246 385/70/1243
f 1376/128/1245 1375/70/1242 386/70/1244 388/128/1247
f 1376/128/1245 1373/127/1236 389/127/1239 387/128/1246
f 1373/127/1236 1376/128/1245 388/128/1247 390/127/1240
f 1377/18/1248 1378/37/1249 235/37/726 229/18/149
f 1378/37/1249 1377/18/1248 230/18/150 236/37/727
f 1378/37/1249 1379/108/1250 233/108/723 235/37/726
f 1379/108/1250 1378/37/1249 236/37/727 234/108/724
f 1379/108/1250 1380/19/1251 231/19/148 233/108/723
f 1380/19/1251 1379/108/1250 234/108/724 232/19/151
f 1380/19/1251 1377/18/1248 229/18/149 231/19/148
f 1377/18/1248 1380/19/1251 232/19/151 230/18/150
f 1381/47/1252 1382/136/1253 781/136/1254 371/47/1255
f 1382/136/1253 1381/47/1252 372/47/1256 782/136/1257
f 1382/136/1253 1383/92/1258 369/92/801 781/136/1254
f 1383/92/1258 1382/136/1253 782/136/1257 370/92/802
f 1383/92/1258 1384/48/1259 317/48/798 369/92/801
f 1384/48/1259 1383/92/1258 370/92/802 318/48/799
f 1384/48/1259 1381/47/1252 371/47/1255 317/48/798
f 1381/47/1252 1384/48/1259 318/48/799 372/47/1256
f 1385/125/1260 1386/132/1261 527/132/1262 619/125/1263
f 1386/132/1261 1385/125/1260 620/125/1264 528/132/1265
f 1386/132/1261 1387/65/1266 617/65/762 527/132/1262
f 1387/65/1266 1386/132/1261 528/132/1265 618/65/765
f 1387/65/1266 1388/64/1267 615/64/763 617/65/762
f 1388/64/1267 1387/65/1266 618/65/765 616/64/764
f 1388/64/1267 1385/125/1260 619/125/1263 615/64/763
f 1385/125/1260 1388/64/1267 616/64/764 620/125/1264
f 1389/111/1268 1390/41/1269 587/41/1199 585/111/1202
f 1390/41/1269 1389/111/1268 586/111/1203 588/41/1200
f 1390/41/1269 1391/40/1270 581/40/711 587/41/1199
f 1391/40/1270 1390/41/1269 588/41/1200 582/40/712
f 1391/40/1270 1392/98/1271 583/98/706 581/40/711
f 1392/98/1271 1391/40/1270 582/40/712 584/98/709
f 1392/98/1271 1389/111/1268 585/111/1202 583/98/706
f 1389/111/1268 1392/98/1271 584/98/709 586/111/1203
f 1393/86/1272 1394/128/1273 387/128/1246 381/86/441
f 1394/128/1273 1393/86/1272 382/86/442 388/128/1247
f 1394/128/1273 1395/70/1274 385/70/1243 387/128/1246
f 1395/70/1274 1394/128/1273 388/128/1247 386/70/1244
f 1395/70/1274 1396/43/1275 383/43/440 385/70/1243
f 1396/43/1275 1395/70/1274 386/70/1244 384/43/443
f 1396/43/1275 1393/86/1272 381/86/441 383/43/440
f 1393/86/1272 1396/43/1275 384/43/443 382/86/442
f 1397/82/1276 1398/126/1277 241/126/1278 135/82/1279
f 1398/126/1277 1397/82/1276 136/82/1280 242/126/1281
f 1398/126/1277 1399/107/1282 239/107/718 241/126/1278
f 1399/107/1282 1398/126/1277 242/126/1281 240/107/721
f 1399/107/1282 1400/36/1283 237/36/719 239/107/718
f 1400/36/1283 1399/107/1282 240/107/721 238/36/720
f 1400/36/1283 1397/82/1276 135/82/1279 237/36/719
f 1397/82/1276 1400/36/1283 238/36/720 136/82/1280
f 1401/125/1284 1402/64/1285 625/64/1286 619/125/1287
f 1402/64/1285 1401/125/1284 620/125/1288 626/64/1289
f 1402/64/1285 1403/120/1290 621/120/1291 625/64/1286
f 1403/120/1290 1402/64/1285 626/64/1289 622/120/1292
f 1403/120/1290 1404/119/1293 623/119/1294 621/120/1291
f 1404/119/1293 1403/120/1290 622/120/1292 624/119/1295
f 1404/119/1293 1401/125/1284 619/125/1287 623/119/1294
f 1401/125/1284 1404/119/1293 624/119/1295 620/125/1288
f 1405/64/1296 1406/29/1297 629/29/1070 625/64/1286
f 1406/29/1297 1405/64/1296 626/64/1289 630/29/1071
f 1406/29/1297 1407/52/1298 627/52/1067 629/29/1070
f 1407/52/1298 1406/29/1297 630/29/1071 628/52/1068
f 1407/52/1298 1408/120/1299 621/120/1291 627/52/1067
f 1408/120/1299 1407/52/1298 628/52/1068 622/120/1292
f 1408/120/1299 1405/64/1296 625/64/1286 621/120/1291
f 1405/64/1296 1408/120/1299 622/120/1292 626/64/1289
f 1409/95/1300 1410/90/1301 263/90/524 259/95/517
f 1410/90/1301 1409/95/1300 260/95/518 264/90/525
f 1410/90/1301 1411/89/1302 255/89/1303 263/90/524
f 1411/89/1302 1410/90/1301 264/90/525 256/89/1304
f 1411/89/1302 1412/135/1305 261/135/1306 255/89/1303
f 1412/135/1305 1411/89/1302 256/89/1304 262/135/1307
f 1412/135/1305 1409/95/1300 259/95/517 261/135/1306
f 1409/95/1300 1412/135/1305 262/135/1307 260/95/518
f 1413/88/1308 1414/91/1309 579/91/707 575/88/1310
f 1414/91/1309 1413/88/1308 576/88/1311 580/91/708
f 1414/91/1309 1415/73/1312 577/73/714 579/91/707
f 1415/73/1312 1414/91/1309 580/91/708 578/73/715
f 1415/73/1312 1416/72/1313 485/72/1314 577/73/714
f 1416/72/1313 1415/73/1312 578/73/715 486/72/1315
f 1416/72/1313 1413/88/1308 575/88/1310 485/72/1314
f 1413/88/1308 1416/72/1313 486/72/1315 576/88/1311
f 1417/14/1316 1418/17/1317 539/17/1318 535/14/472
f 1418/17/1317 1417/14/1316 536/14/475 540/17/1319
f 1418/17/1317 1419/60/1320 537/60/1321 539/17/1318
f 1419/60/1320 1418/17/1317 540/17/1319 538/60/1322
f 1419/60/1320 1420/80/1323 533/80/477 537/60/1321
f 1420/80/1323 1419/60/1320 538/60/1322 534/80/478
f 1420/80/1323 1417/14/1316 535/14/472 533/80/477
f 1417/14/1316 1420/80/1323 534/80/478 536/14/475
f 1421/128/1324 1422/86/1325 399/86/1326 395/128/1327
f 1422/86/1325 1421/128/1324 396/128/1328 400/86/1329
f 1422/86/1325 1423/108/1330 397/108/1331 399/86/1326
f 1423/108/1330 1422/86/1325 400/86/1329 398/108/1332
f 1423/108/1330 1424/107/1333 393/107/1334 397/108/1331
f 1424/107/1333 1423/108/1330 398/108/1332 394/107/1335
f 1424/107/1333 1421/128/1324 395/128/1327 393/107/1334
f 1421/128/1324 1424/107/1333 394/107/1335 396/128/1328
f 1425/76/1336 1426/77/1337 271/77/588 269/76/581
f 1426/77/1337 1425/76/1336 270/76/582 272/77/589
f 1426/77/1337 1427/78/1338 265/78/521 271/77/588
f 1427/78/1338 1426/77/1337 272/77/589 266/78/522
f 1427/78/1338 1428/75/1339 267/75/516 265/78/521
f 1428/75/1339 1427/78/1338 266/78/522 268/75/519
f 1428/75/1339 1425/76/1336 269/76/581 267/75/516
f 1425/76/1336 1428/75/1339 268/75/519 270/76/582
f 1429/54/1340 1430/111/1341 655/111/1227 649/54/779
f 1430/111/1341 1429/54/1340 650/54/780 656/111/1228
f 1430/111/1341 1431/77/1342 653/77/1234 655/111/1227
f 1431/77/1342 1430/111/1341 656/111/1228 654/77/1235
f 1431/77/1342 1432/94/1343 651/94/778 653/77/1234
f 1432/94/1343 1431/77/1342 654/77/1235 652/94/781
f 1432/94/1343 1429/54/1340 649/54/779 651/94/778
f 1429/54/1340 1432/94/1343 652/94/781 650/54/780
f 1433/127/1344 1434/128/1345 395/128/1327 389/127/1346
f 1434/128/1345 1433/127/1344 390/127/1347 396/128/1328
f 1434/128/1345 1435/107/1348 393/107/1334 395/128/1327
f 1435/107/1348 1434/128/1345 396/128/1328 394/107/1335
f 1435/107/1348 1436/126/1349 241/126/1350 393/107/1334
f 1436/126/1349 1435/107/1348 394/107/1335 242/126/1351
f 1436/126/1349 1433/127/1344 389/127/1346 241/126/1350
f 1433/127/1344 1436/126/1349 242/126/1351 390/127/1347
f 1437/91/1352 1438/90/1353 663/90/489 661/91/492
f 1438/90/1353 1437/91/1352 662/91/493 664/90/490
f 1438/90/1353 1439/78/1354 657/78/1231 663/90/489
f 1439/78/1354 1438/90/1353 664/90/490 658/78/1232
f 1439/78/1354 1440/98/1355 659/98/1226 657/78/1231
f 1440/98/1355 1439/78/1354 658/78/1232 660/98/1229
f 1440/98/1355 1437/91/1352 661/91/492 659/98/1226
f 1437/91/1352 1440/98/1355 660/98/1229 662/91/493
f 1441/10/1356 1442/13/1357 641/13/132 639/10/125
f 1442/13/1357 1441/10/1356 640/10/126 642/13/133
f 1442/13/1357 1443/124/1358 637/124/1359 641/13/132
f 1443/124/1358 1442/13/1357 642/13/133 638/124/1360
f 1443/124/1358 1444/44/1361 635/44/1362 637/124/1359
f 1444/44/1361 1443/124/1358 638/124/1360 636/44/1363
f 1444/44/1361 1441/10/1356 639/10/125 635/44/1362
f 1441/10/1356 1444/44/1361 636/44/1363 640/10/126
f 1445/87/1364 1446/19/1365 403/19/1058 401/87/1054
f 1446/19/1365 1445/87/1364 402/87/1055 404/19/1059
f 1446/19/1365 1447/108/1366 397/108/1331 403/19/1058
f 1447/108/1366 1446/19/1365 404/19/1059 398/108/1332
f 1447/108/1366 1448/86/1367 399/86/1326 397/108/1331
f 1448/86/1367 1447/108/1366 398/108/1332 400/86/1329
f 1448/86/1367 1445/87/1364 401/87/1054 399/86/1326
f 1445/87/1364 1448/86/1367 400/86/1329 402/87/1055
f 1449/115/1368 1450/123/1369 697/123/1370 693/115/838
f 1450/123/1369 1449/115/1368 694/115/841 698/123/1371
f 1450/123/1369 1451/124/1372 695/124/1373 697/123/1370
f 1451/124/1372 1450/123/1369 698/123/1371 696/124/1374
f 1451/124/1372 1452/13/1375 691/13/843 695/124/1373
f 1452/13/1375 1451/124/1372 696/124/1374 692/13/844
f 1452/13/1375 1449/115/1368 693/115/838 691/13/843
f 1449/115/1368 1452/13/1375 692/13/844 694/115/841
f 1453/57/1376 1454/56/1377 505/56/637 499/57/1378
f 1454/56/1377 1453/57/1376 500/57/1379 506/56/638
f 1454/56/1377 1455/25/1380 503/25/644 505/56/637
f 1455/25/1380 1454/56/1377 506/56/638 504/25/645
f 1455/25/1380 1456/97/1381 501/97/1382 503/25/644
f 1456/97/1381 1455/25/1380 504/25/645 502/97/1383
f 1456/97/1381 1453/57/1376 499/57/1378 501/97/1382
f 1453/57/1376 1456/97/1381 502/97/1383 500/57/1379
f 1457/114/1384 1458/12/1385 643/12/846 689/114/839
f 1458/12/1385 1457/114/1384 690/114/840 644/12/847
f 1458/12/1385 1459/112/1386 687/112/1387 643/12/846
f 1459/112/1386 1458/12/1385 644/12/847 688/112/1388
f 1459/112/1386 1460/113/1389 685/113/1390 687/112/1387
f 1460/113/1389 1459/112/1386 688/112/1388 686/113/1391
f 1460/113/1389 1457/114/1384 689/114/839 685/113/1390
f 1457/114/1384 1460/113/1389 686/113/1391 690/114/840
f 1461/75/1392 1462/78/1393 675/78/400 673/75/393
f 1462/78/1393 1461/75/1392 674/75/394 676/78/401
f 1462/78/1393 1463/90/1394 671/90/1166 675/78/400
f 1463/90/1394 1462/78/1393 676/78/401 672/90/1169
f 1463/90/1394 1464/95/1395 667/95/1167 671/90/1166
f 1464/95/1395 1463/90/1394 672/90/1169 668/95/1168
f 1464/95/1395 1461/75/1392 673/75/393 667/95/1167
f 1461/75/1392 1464/95/1395 668/95/1168 674/75/394
f 1465/34/1396 1466/33/1397 417/33/831 415/34/834
f 1466/33/1397 1465/34/1396 416/34/835 418/33/832
f 1466/33/1397 1467/49/1398 219/49/317 417/33/831
f 1467/49/1398 1466/33/1397 418/33/832 220/49/318
f 1467/49/1398 1468/23/1399 413/23/312 219/49/317
f 1468/23/1399 1467/49/1398 220/49/318 414/23/315
f 1468/23/1399 1465/34/1396 415/34/834 413/23/312
f 1465/34/1396 1468/23/1399 414/23/315 416/34/835
f 1469/57/1400 1470/97/1401 501/97/1382 499/57/1378
f 1470/97/1401 1469/57/1400 500/57/1379 502/97/1383
f 1470/97/1401 1471/42/1402 497/42/240 501/97/1382
f 1471/42/1402 1470/97/1401 502/97/1383 498/42/243
f 1471/42/1402 1472/41/1403 495/41/241 497/42/240
f 1472/41/1403 1471/42/1402 498/42/243 496/41/242
f 1472/41/1403 1469/57/1400 499/57/1378 495/41/241
f 1469/57/1400 1472/41/1403 496/41/242 500/57/1379
f 1473/79/1404 1474/116/1405 197/116/1406 195/79/1407
f 1474/116/1405 1473/79/1404 196/79/1408 198/116/1409
f 1474/116/1405 1475/15/1410 193/15/136 197/116/1406
f 1475/15/1410 1474/116/1405 198/116/1409 194/15/139
f 1475/15/1410 1476/14/1411 187/14/137 193/15/136
f 1476/14/1411 1475/15/1410 194/15/139 188/14/138
f 1476/14/1411 1473/79/1404 195/79/1407 187/14/137
f 1473/79/1404 1476/14/1411 188/14/138 196/79/1408
f 1477/51/1412 1478/117/1413 709/117/883 705/51/264
f 1478/117/1413 1477/51/1412 706/51/267 710/117/884
f 1478/117/1413 1479/120/1414 707/120/890 709/117/883
f 1479/120/1414 1478/117/1413 710/117/884 708/120/891
f 1479/120/1414 1480/52/1415 703/52/269 707/120/890
f 1480/52/1415 1479/120/1414 708/120/891 704/52/270
f 1480/52/1415 1477/51/1412 705/51/264 703/52/269
f 1477/51/1412 1480/52/1415 704/52/270 706/51/267
f 1481/28/1416 1482/31/1417 739/31/875 737/28/878
f 1482/31/1417 1481/28/1416 738/28/879 740/31/876
f 1482/31/1417 1483/45/1418 733/45/233 739/31/875
f 1483/45/1418 1482/31/1417 740/31/876 734/45/234
f 1483/45/1418 1484/44/1419 735/44/228 733/45/233
f 1484/44/1419 1483/45/1418 734/45/234 736/44/231
f 1484/44/1419 1481/28/1416 737/28/878 735/44/228
f 1481/28/1416 1484/44/1419 736/44/231 738/28/879
f 1485/69/1420 1486/68/1421 177/68/468 175/69/461
f 1486/68/1421 1485/69/1420 176/69/462 178/68/469
f 1486/68/1421 1487/130/1422 171/130/1079 177/68/468
f 1487/130/1422 1486/68/1421 178/68/469 172/130/1080
f 1487/130/1422 1488/129/1423 173/129/1074 171/130/1079
f 1488/129/1423 1487/130/1422 172/130/1080 174/129/1077
f 1488/129/1423 1485/69/1420 175/69/461 173/129/1074
f 1485/69/1420 1488/129/1423 174/129/1077 176/69/462
f 1489/81/1424 1490/22/1425 719/22/899 713/81/902
f 1490/22/1425 1489/81/1424 714/81/903 720/22/900
f 1490/22/1425 1491/137/1426 715/137/1427 719/22/899
f 1491/137/1426 1490/22/1425 720/22/900 716/137/1428
f 1491/137/1426 1492/138/1429 717/138/1430 715/137/1427
f 1492/138/1429 1491/137/1426 716/137/1428 718/138/1431
f 1492/138/1429 1489/81/1424 713/81/902 717/138/1430
f 1489/81/1424 1492/138/1429 718/138/1431 714/81/903
f 1493/50/1432 1494/53/1433 701/53/272 699/50/265
f 1494/53/1433 1493/50/1432 700/50/266 702/53/273
f 1494/53/1433 1495/124/1434 695/124/1373 701/53/272
f 1495/124/1434 1494/53/1433 702/53/273 696/124/1374
f 1495/124/1434 1496/123/1435 697/123/1370 695/124/1373
f 1496/123/1435 1495/124/1434 696/124/1374 698/123/1371
f 1496/123/1435 1493/50/1432 699/50/265 697/123/1370
f 1493/50/1432 1496/123/1435 698/123/1371 700/50/266
f 1497/47/1436 1498/136/1437 165/136/1438 163/47/1439
f 1498/136/1437 1497/47/1436 164/47/1440 166/136/1441
f 1498/136/1437 1499/92/1442 159/92/501 165/136/1438
f 1499/92/1442 1498/136/1437 166/136/1441 160/92/502
f 1499/92/1442 1500/48/1443 161/48/496 159/92/501
f 1500/48/1443 1499/92/1442 160/92/502 162/48/499
f 1500/48/1443 1497/47/1436 163/47/1439 161/48/496
f 1497/47/1436 1500/48/1443 162/48/499 164/47/1440
f 1501/11/1444 1502/10/1445 731/10/229 725/11/1446
f 1502/10/1445 1501/11/1444 726/11/1447 732/10/230
f 1502/10/1445 1503/46/1448 727/46/236 731/10/229
f 1503/46/1448 1502/10/1445 732/10/230 728/46/237
f 1503/46/1448 1504/63/1449 729/63/1450 727/46/236
f 1504/63/1449 1503/46/1448 728/46/237 730/63/1451
f 1504/63/1449 1501/11/1444 725/11/1446 729/63/1450
f 1501/11/1444 1504/63/1449 730/63/1451 726/11/1447
f 1505/26/1452 1506/27/1453 425/27/176 423/26/172
f 1506/27/1453 1505/26/1452 424/26/173 426/27/177
f 1506/27/1453 1507/32/1454 421/32/826 425/27/176
f 1507/32/1454 1506/27/1453 426/27/177 422/32/829
f 1507/32/1454 1508/35/1455 419/35/827 421/32/826
f 1508/35/1455 1507/32/1454 422/32/829 420/35/828
f 1508/35/1455 1505/26/1452 423/26/172 419/35/827
f 1505/26/1452 1508/35/1455 420/35/828 424/26/173
f 1509/110/1456 1510/92/1457 433/92/1458 427/110/1459
f 1510/92/1457 1509/110/1456 428/110/1460 434/92/1461
f 1510/92/1457 1511/139/1462 429/139/1463 433/92/1458
f 1511/139/1462 1510/92/1457 434/92/1461 430/139/1464
f 1511/139/1462 1512/140/1465 431/140/1466 429/139/1463
f 1512/140/1465 1511/139/1462 430/139/1464 432/140/1467
f 1512/140/1465 1509/110/1456 427/110/1459 431/140/1466
f 1509/110/1456 1512/140/1465 432/140/1467 428/110/1460
f 1513/129/1468 1514/27/1469 209/27/994 207/129/990
f 1514/27/1469 1513/129/1468 208/129/991 210/27/995
f 1514/27/1469 1515/16/1470 203/16/1471 209/27/994
f 1515/16/1470 1514/27/1469 210/27/995 204/16/1472
f 1515/16/1470 1516/69/1473 205/69/1474 203/16/1471
f 1516/69/1473 1515/16/1470 204/16/1472 206/69/1475
f 1516/69/1473 1513/129/1468 207/129/990 205/69/1474
f 1513/129/1468 1516/69/1473 206/69/1475 208/129/991
f 1517/20/1476 1518/19/1477 449/19/1478 445/20/548
f 1518/19/1477 1517/20/1476 446/20/551 450/19/1479
f 1518/19/1477 1519/87/1480 447/87/1481 449/19/1478
f 1519/87/1480 1518/19/1477 450/19/1479 448/87/1482
f 1519/87/1480 1520/96/1483 443/96/553 447/87/1481
f 1520/96/1483 1519/87/1480 448/87/1482 444/96/554
f 1520/96/1483 1517/20/1476 445/20/548 443/96/553
f 1517/20/1476 1520/96/1483 444/96/554 446/20/551
f 1521/114/1484 1522/115/1485 287/115/907 281/114/919
f 1522/115/1485 1521/114/1484 282/114/920 288/115/908
f 1522/115/1485 1523/13/1486 285/13/914 287/115/907
f 1523/13/1486 1522/115/1485 288/115/908 286/13/915
f 1523/13/1486 1524/12/1487 283/12/918 285/13/914
f 1524/12/1487 1523/13/1486 286/13/915 284/12/921
f 1524/12/1487 1521/114/1484 281/114/919 283/12/918
f 1521/114/1484 1524/12/1487 284/12/921 282/114/920
f 1525/19/1488 1526/108/1489 453/108/954 449/19/1478
f 1526/108/1489 1525/19/1488 450/19/1479 454/108/955
f 1526/108/1489 1527/86/1490 451/86/951 453/108/954
f 1527/86/1490 1526/108/1489 454/108/955 452/86/952
f 1527/86/1490 1528/87/1491 447/87/1481 451/86/951
f 1528/87/1491 1527/86/1490 452/86/952 448/87/1482
f 1528/87/1491 1525/19/1488 449/19/1478 447/87/1481
f 1525/19/1488 1528/87/1491 448/87/1482 450/19/1479
f 1529/29/1492 1530/28/1493 763/28/1494 757/29/1495
f 1530/28/1493 1529/29/1492 758/29/1496 764/28/1497
f 1530/28/1493 1531/53/1498 761/53/1499 763/28/1494
f 1531/53/1498 1530/28/1493 764/28/1497 762/53/1500
f 1531/53/1498 1532/52/1501 759/52/1502 761/53/1499
f 1532/52/1501 1531/53/1498 762/53/1500 760/52/1503
f 1532/52/1501 1529/29/1492 757/29/1495 759/52/1502
f 1529/29/1492 1532/52/1501 760/52/1503 758/29/1496
f 1533/64/1504 1534/125/1505 751/125/1506 747/64/348
f 1534/125/1505 1533/64/1504 748/64/351 752/125/1507
f 1534/125/1505 1535/132/1508 749/132/1509 751/125/1506
f 1535/132/1508 1534/125/1505 752/125/1507 750/132/1510
f 1535/132/1508 1536/65/1511 745/65/353 749/132/1509
f 1536/65/1511 1535/132/1508 750/132/1510 746/65/354
f 1536/65/1511 1533/64/1504 747/64/348 745/65/353
f 1533/64/1504 1536/65/1511 746/65/354 748/64/351
f 1537/74/1512 1538/129/1513 789/129/982 783/74/1514
f 1538/129/1513 1537/74/1512 784/74/1515 790/129/983
f 1538/129/1513 1539/130/1516 787/130/986 789/129/982
f 1539/130/1516 1538/129/1513 790/129/983 788/130/987
f 1539/130/1516 1540/131/1517 785/131/1518 787/130/986
f 1540/131/1517 1539/130/1516 788/130/987 786/131/1519
f 1540/131/1517 1537/74/1512 783/74/1514 785/131/1518
f 1537/74/1512 1540/131/1517 786/131/1519 784/74/1515
f 1541/29/1520 1542/52/1521 759/52/1502 757/29/1495
f 1542/52/1521 1541/29/1520 758/29/1496 760/52/1503
f 1542/52/1521 1543/120/1522 755/120/926 759/52/1502
f 1543/120/1522 1542/52/1521 760/52/1503 756/120/929
f 1543/120/1522 1544/64/1523 753/64/927 755/120/926
f 1544/64/1523 1543/120/1522 756/120/929 754/64/928
f 1544/64/1523 1541/29/1520 757/29/1495 753/64/927
f 1541/29/1520 1544/64/1523 754/64/928 758/29/1496
f 1545/117/1524 1546/118/1525 307/118/1526 301/117/1527
f 1546/118/1525 1545/117/1524 302/117/1528 308/118/1529
f 1546/118/1525 1547/119/1530 305/119/1531 307/118/1526
f 1547/119/1530 1546/118/1525 308/118/1529 306/119/1532
f 1547/119/1530 1548/120/1533 303/120/1534 305/119/1531
f 1548/120/1533 1547/119/1530 306/119/1532 304/120/1535
f 1548/120/1533 1545/117/1524 301/117/1527 303/120/1534
f 1545/117/1524 1548/120/1533 304/120/1535 302/117/1528
f 1549/55/1536 1550/54/1537 779/54/1022 775/55/970
f 1550/54/1537 1549/55/1536 776/55/973 780/54/1023
f 1550/54/1537 1551/94/1538 777/94/1019 779/54/1022
f 1551/94/1538 1550/54/1537 780/54/1023 778/94/1020
f 1551/94/1538 1552/112/1539 773/112/975 777/94/1019
f 1552/112/1539 1551/94/1538 778/94/1020 774/112/976
f 1552/112/1539 1549/55/1536 775/55/970 773/112/975
f 1549/55/1536 1552/112/1539 774/112/976 776/55/973
f 1553/25/1540 1554/24/1541 481/24/165 479/25/168
f 1554/24/1541 1553/25/1540 480/25/169 482/24/166
f 1554/24/1541 1555/96/1542 475/96/573 481/24/165
f 1555/96/1542 1554/24/1541 482/24/166 476/96/574
f 1555/96/1542 1556/97/1543 477/97/568 475/96/573
f 1556/97/1543 1555/96/1542 476/96/574 478/97/571
f 1556/97/1543 1553/25/1540 479/25/168 477/97/568
f 1553/25/1540 1556/97/1543 478/97/571 480/25/169
f 1557/50/1544 1558/53/1545 295/53/656 293/50/649
f 1558/53/1545 1557/50/1544 294/50/650 296/53/657
f 1558/53/1545 1559/124/1546 289/124/911 295/53/656
f 1559/124/1546 1558/53/1545 296/53/657 290/124/912
f 1559/124/1546 1560/123/1547 291/123/906 289/124/911
f 1560/123/1547 1559/124/1546 290/124/912 292/123/909
f 1560/123/1547 1557/50/1544 293/50/649 291/123/906
f 1557/50/1544 1560/123/1547 292/123/909 294/50/650
f 1561/11/1548 1562/12/1549 283/12/978 725/11/971
f 1562/12/1549 1561/11/1548 726/11/972 284/12/979
f 1562/12/1549 1563/13/1550 771/13/1551 283/12/978
f 1563/13/1550 1562/12/1549 284/12/979 772/13/1552
f 1563/13/1550 1564/10/1553 769/10/1554 771/13/1551
f 1564/10/1553 1563/13/1550 772/13/1552 770/10/1555
f 1564/10/1553 1561/11/1548 725/11/971 769/10/1554
f 1561/11/1548 1564/10/1553 770/10/1555 726/11/972
f 1565/10/1556 1566/13/1557 771/13/1551 769/10/1554
f 1566/13/1557 1565/10/1556 770/10/1555 772/13/1552
f 1566/13/1557 1567/124/1558 765/124/1559 771/13/1551
f 1567/124/1558 1566/13/1557 772/13/1552 766/124/1560
f 1567/124/1558 1568/44/1561 767/44/1562 765/124/1559
f 1568/44/1561 1567/124/1558 766/124/1560 768/44/1563
f 1568/44/1561 1565/10/1556 769/10/1554 767/44/1562
f 1565/10/1556 1568/44/1561 768/44/1563 770/10/1555
f 1569/34/1564 1570/23/1565 435/23/160 551/34/1566
f 1570/23/1565 1569/34/1564 552/34/1567 436/23/163
f 1570/23/1565 1571/22/1568 483/22/161 435/23/160
f 1571/22/1568 1570/23/1565 436/23/163 484/22/162
f 1571/22/1568 1572/100/1569 549/100/1570 483/22/161
f 1572/100/1569 1571/22/1568 484/22/162 550/100/1571
f 1572/100/1569 1569/34/1564 551/34/1566 549/100/1570
f 1569/34/1564 1572/100/1569 550/100/1571 552/34/1567
f 1573/28/1572 1574/44/1573 767/44/1562 763/28/1494
f 1574/44/1573 1573/28/1572 764/28/1497 768/44/1563
f 1574/44/1573 1575/124/1574 765/124/1559 767/44/1562
f 1575/124/1574 1574/44/1573 768/44/1563 766/124/1560
f 1575/124/1574 1576/53/1575 761/53/1499 765/124/1559
f 1576/53/1575 1575/124/1574 766/124/1560 762/53/1500
f 1576/53/1575 1573/28/1572 763/28/1494 761/53/1499
f 1573/28/1572 1576/53/1575 762/53/1500 764/28/1497
f 1577/66/1576 1578/69/1577 205/69/1474 201/66/862
f 1578/69/1577 1577/66/1576 202/66/865 206/69/1475
f 1578/69/1577 1579/16/1578 203/16/1471 205/69/1474
f 1579/16/1578 1578/69/1577 206/69/1475 204/16/1472
f 1579/16/1578 1580/15/1579 199/15/867 203/16/1471
f 1580/15/1579 1579/16/1578 204/16/1472 200/15/868
f 1580/15/1579 1577/66/1576 201/66/862 199/15/867
f 1577/66/1576 1580/15/1579 200/15/868 202/66/865
f 1581/66/1580 1582/15/1581 805/15/1582 803/66/1583
f 1582/15/1581 1581/66/1580 804/66/1584 806/15/1585
f 1582/15/1581 1583/116/1586 553/116/1587 805/15/1582
f 1583/116/1586 1582/15/1581 806/15/1585 554/116/1588
f 1583/116/1586 1584/109/1589 799/109/1590 553/116/1587
f 1584/109/1589 1583/116/1586 554/116/1588 800/109/1591
f 1584/109/1589 1581/66/1580 803/66/1583 799/109/1590
f 1581/66/1580 1584/109/1589 800/109/1591 804/66/1584
f 1585/117/1592 1586/120/1593 303/120/1534 301/117/1527
f 1586/120/1593 1585/117/1592 302/117/1528 304/120/1535
f 1586/120/1593 1587/52/1594 297/52/653 303/120/1534
f 1587/52/1594 1586/120/1593 304/120/1535 298/52/654
f 1587/52/1594 1588/51/1595 299/51/648 297/52/653
f 1588/51/1595 1587/52/1594 298/52/654 300/51/651
f 1588/51/1595 1585/117/1592 301/117/1527 299/51/648
f 1585/117/1592 1588/51/1595 300/51/651 302/117/1528
f 1589/69/1596 1590/16/1597 809/16/1050 807/69/1046
f 1590/16/1597 1589/69/1596 808/69/1047 810/16/1051
f 1590/16/1597 1591/15/1598 805/15/1582 809/16/1050
f 1591/15/1598 1590/16/1597 810/16/1051 806/15/1585
f 1591/15/1598 1592/66/1599 803/66/1583 805/15/1582
f 1592/66/1599 1591/15/1598 806/15/1585 804/66/1584
f 1592/66/1599 1589/69/1596 807/69/1046 803/66/1583
f 1589/69/1596 1592/66/1599 804/66/1584 808/69/1047
f 1593/91/1600 1594/73/1601 847/73/617 845/91/620
f 1594/73/1601 1593/91/1600 846/91/621 848/73/618
f 1594/73/1601 1595/72/1602 823/72/1603 847/73/617
f 1595/72/1602 1594/73/1601 848/73/618 824/72/1604
f 1595/72/1602 1596/88/1605 257/88/1606 823/72/1603
f 1596/88/1605 1595/72/1602 824/72/1604 258/88/1607
f 1596/88/1605 1593/91/1600 845/91/620 257/88/1606
f 1593/91/1600 1596/88/1605 258/88/1607 846/91/621
f 1597/62/1608 1598/24/1609 441/24/556 439/62/549
f 1598/24/1609 1597/62/1608 440/62/550 442/24/557
f 1598/24/1609 1599/23/1610 435/23/540 441/24/556
f 1599/23/1610 1598/24/1609 442/24/557 436/23/541
f 1599/23/1610 1600/49/1611 319/49/544 435/23/540
f 1600/49/1611 1599/23/1610 436/23/541 320/49/545
f 1600/49/1611 1597/62/1608 439/62/549 319/49/544
f 1597/62/1608 1600/49/1611 320/49/545 440/62/550
f 1601/70/1612 1602/128/1613 465/128/963 463/70/966
f 1602/128/1613 1601/70/1612 464/70/967 466/128/964
f 1602/128/1613 1603/127/1614 459/127/1615 465/128/963
f 1603/127/1614 1602/128/1613 466/128/964 460/127/1616
f 1603/127/1614 1604/71/1617 461/71/1618 459/127/1615
f 1604/71/1617 1603/127/1614 460/127/1616 462/71/1619
f 1604/71/1617 1601/70/1612 463/70/966 461/71/1618
f 1601/70/1612 1604/71/1617 462/71/1619 464/70/967
f 1605/42/1620 1606/87/1621 473/87/576 471/42/569
f 1606/87/1621 1605/42/1620 472/42/570 474/87/577
f 1606/87/1621 1607/86/1622 469/86/958 473/87/576
f 1607/86/1622 1606/87/1621 474/87/577 470/86/961
f 1607/86/1622 1608/43/1623 467/43/959 469/86/958
f 1608/43/1623 1607/86/1622 470/86/961 468/43/960
f 1608/43/1623 1605/42/1620 471/42/569 467/43/959
f 1605/42/1620 1608/43/1623 468/43/960 472/42/570
f 1609/72/1624 1610/73/1625 489/73/1626 485/72/1627
f 1610/73/1625 1609/72/1624 486/72/1628 490/73/1629
f 1610/73/1625 1611/70/1630 487/70/1631 489/73/1626
f 1611/70/1630 1610/73/1625 490/73/1629 488/70/1632
f 1611/70/1630 1612/71/1633 461/71/1634 487/70/1631
f 1612/71/1633 1611/70/1630 488/70/1632 462/71/1635
f 1612/71/1633 1609/72/1624 485/72/1627 461/71/1634
f 1609/72/1624 1612/71/1633 462/71/1635 486/72/1628
f 1613/45/1636 1614/99/1637 513/99/1638 511/45/1639
f 1614/99/1637 1613/45/1636 512/45/1640 514/99/1641
f 1614/99/1637 1615/100/1642 509/100/1643 513/99/1638
f 1615/100/1642 1614/99/1637 514/99/1641 510/100/1644
f 1615/100/1642 1616/46/1645 507/46/1646 509/100/1643
f 1616/46/1645 1615/100/1642 510/100/1644 508/46/1647
f 1616/46/1645 1613/45/1636 511/45/1639 507/46/1646
f 1613/45/1636 1616/46/1645 508/46/1647 512/45/1640
f 1617/113/1648 1618/112/1649 687/112/1387 685/113/1390
f 1618/112/1649 1617/113/1648 686/113/1391 688/112/1388
f 1618/112/1649 1619/94/1650 681/94/511 687/112/1387
f 1619/94/1650 1618/112/1649 688/112/1388 682/94/512
f 1619/94/1650 1620/93/1651 683/93/508 681/94/511
f 1620/93/1651 1619/94/1650 682/94/512 684/93/509
f 1620/93/1651 1617/113/1648 685/113/1390 683/93/508
f 1617/113/1648 1620/93/1651 684/93/509 686/113/1391
f 1621/74/1652 1622/131/1653 169/131/1082 167/74/1075
f 1622/131/1653 1621/74/1652 168/74/1076 170/131/1083
f 1622/131/1653 1623/136/1654 165/136/1438 169/131/1082
f 1623/136/1654 1622/131/1653 170/131/1083 166/136/1441
f 1623/136/1654 1624/47/1655 163/47/1439 165/136/1438
f 1624/47/1655 1623/136/1654 166/136/1441 164/47/1440
f 1624/47/1655 1621/74/1652 167/74/1075 163/47/1439
f 1621/74/1652 1624/47/1655 164/47/1440 168/74/1076
f 1625/73/1656 1626/40/1657 493/40/248 489/73/1626
f 1626/40/1657 1625/73/1656 490/73/1629 494/40/249
f 1626/40/1657 1627/43/1658 491/43/245 493/40/248
f 1627/43/1658 1626/40/1657 494/40/249 492/43/246
f 1627/43/1658 1628/70/1659 487/70/1631 491/43/245
f 1628/70/1659 1627/43/1658 492/43/246 488/70/1632
f 1628/70/1659 1625/73/1656 489/73/1626 487/70/1631
f 1625/73/1656 1628/70/1659 488/70/1632 490/73/1629
f 1629/57/1660 1630/97/1661 837/97/1042 835/57/1038
f 1630/97/1661 1629/57/1660 836/57/1039 838/97/1043
f 1630/97/1661 1631/42/1662 831/42/221 837/97/1042
f 1631/42/1662 1630/97/1661 838/97/1043 832/42/222
f 1631/42/1662 1632/41/1663 833/41/216 831/42/221
f 1632/41/1663 1631/42/1662 832/42/222 834/41/219
f 1632/41/1663 1629/57/1660 835/57/1038 833/41/216
f 1629/57/1660 1632/41/1663 834/41/219 836/57/1039
f 1633/55/1664 1634/56/1665 863/56/1666 861/55/1667
f 1634/56/1665 1633/55/1664 862/55/1668 864/56/1669
f 1634/56/1665 1635/57/1670 857/57/1671 863/56/1666
f 1635/57/1670 1634/56/1665 864/56/1669 858/57/1672
f 1635/57/1670 1636/54/1673 859/54/1674 857/57/1671
f 1636/54/1673 1635/57/1670 858/57/1672 860/54/1675
f 1636/54/1673 1633/55/1664 861/55/1667 859/54/1674
f 1633/55/1664 1636/54/1673 860/54/1675 862/55/1668
f 1637/111/1676 1638/54/1677 859/54/1674 855/111/1030
f 1638/54/1677 1637/111/1676 856/111/1031 860/54/1675
f 1638/54/1677 1639/57/1678 857/57/1671 859/54/1674
f 1639/57/1678 1638/54/1677 860/54/1675 858/57/1672
f 1639/57/1678 1640/41/1679 853/41/1033 857/57/1671
f 1640/41/1679 1639/57/1678 858/57/1672 854/41/1034
f 1640/41/1679 1637/111/1676 855/111/1030 853/41/1033
f 1637/111/1676 1640/41/1679 854/41/1034 856/111/1031
f 1641/140/1680 1642/139/1681 315/139/1682 309/140/1683
f 1642/139/1681 1641/140/1680 310/140/1684 316/139/1685
f 1642/139/1681 1643/122/1686 311/122/1687 315/139/1682
f 1643/122/1686 1642/139/1681 316/139/1685 312/122/1688
f 1643/122/1686 1644/121/1689 313/121/1690 311/122/1687
f 1644/121/1689 1643/122/1686 312/122/1688 314/121/1691
f 1644/121/1689 1641/140/1680 309/140/1683 313/121/1690
f 1641/140/1680 1644/121/1689 314/121/1691 310/140/1684
f 1645/22/1692 1646/63/1693 573/63/636 483/22/641
f 1646/63/1693 1645/22/1692 484/22/642 574/63/639
f 1646/63/1693 1647/46/1694 507/46/1646 573/63/636
f 1647/46/1694 1646/63/1693 574/63/639 508/46/1647
f 1647/46/1694 1648/100/1695 509/100/1643 507/46/1646
f 1648/100/1695 1647/46/1694 508/46/1647 510/100/1644
f 1648/100/1695 1645/22/1692 483/22/641 509/100/1643
f 1645/22/1692 1648/100/1695 510/100/1644 484/22/642
f 1649/45/1696 1650/31/1697 875/31/308 869/45/625
f 1650/31/1697 1649/45/1696 870/45/626 876/31/309
f 1650/31/1697 1651/61/1698 873/61/305 875/31/308
f 1651/61/1698 1650/31/1697 876/31/309 874/61/306
f 1651/61/1698 1652/99/1699 871/99/624 873/61/305
f 1652/99/1699 1651/61/1698 874/61/306 872/99/627
f 1652/99/1699 1649/45/1696 869/45/625 871/99/624
f 1649/45/1696 1652/99/1699 872/99/627 870/45/626
f 1653/45/1700 1654/31/1701 517/31/1146 511/45/1639
f 1654/31/1701 1653/45/1700 512/45/1640 518/31/1147
f 1654/31/1701 1655/61/1702 515/61/1143 517/31/1146
f 1655/61/1702 1654/31/1701 518/31/1147 516/61/1144
f 1655/61/1702 1656/99/1703 513/99/1638 515/61/1143
f 1656/99/1703 1655/61/1702 516/61/1144 514/99/1641
f 1656/99/1703 1653/45/1700 511/45/1639 513/99/1638
f 1653/45/1700 1656/99/1703 514/99/1641 512/45/1640
f 1657/81/1704 1658/80/1705 881/80/563 885/81/1706
f 1658/80/1705 1657/81/1704 886/81/1707 882/80/564
f 1658/80/1705 1659/65/1708 883/65/560 881/80/563
f 1659/65/1708 1658/80/1705 882/80/564 884/65/561
f 1659/65/1708 1660/132/1709 749/132/1710 883/65/560
f 1660/132/1709 1659/65/1708 884/65/561 750/132/1711
f 1660/132/1709 1657/81/1704 885/81/1706 749/132/1710
f 1657/81/1704 1660/132/1709 750/132/1711 886/81/1707
f 1661/11/1712 1662/63/1713 729/63/1450 725/11/1446
f 1662/63/1713 1661/11/1712 726/11/1447 730/63/1451
f 1662/63/1713 1663/56/1714 863/56/1666 729/63/1450
f 1663/56/1714 1662/63/1713 730/63/1451 864/56/1669
f 1663/56/1714 1664/55/1715 861/55/1667 863/56/1666
f 1664/55/1715 1663/56/1714 864/56/1669 862/55/1668
f 1664/55/1715 1661/11/1712 725/11/1446 861/55/1667
f 1661/11/1712 1664/55/1715 862/55/1668 726/11/1447
f 1665/21/1716 1666/20/1717 227/20/153 225/21/156
f 1666/20/1717 1665/21/1716 226/21/157 228/20/154
f 1666/20/1717 1667/62/1718 223/62/850 227/20/153
f 1667/62/1718 1666/20/1717 228/20/154 224/62/853
f 1667/62/1718 1668/84/1719 221/84/851 223/62/850
f 1668/84/1719 1667/62/1718 224/62/853 222/84/852
f 1668/84/1719 1665/21/1716 225/21/156 221/84/851
f 1665/21/1716 1668/84/1719 222/84/852 226/21/157
f 1669/35/1720 1670/34/1721 905/34/1118 899/35/691
f 1670/34/1721 1669/35/1720 900/35/692 906/34/1119
f 1670/34/1721 1671/100/1722 903/100/1122 905/34/1118
f 1671/100/1722 1670/34/1721 906/34/1119 904/100/1123
f 1671/100/1722 1672/99/1723 901/99/690 903/100/1122
f 1672/99/1723 1671/100/1722 904/100/1123 902/99/693
f 1672/99/1723 1669/35/1720 899/35/691 901/99/690
f 1669/35/1720 1672/99/1723 902/99/693 900/35/692
f 1673/44/1724 1674/124/1725 637/124/1359 635/44/1362
f 1674/124/1725 1673/44/1724 636/44/1363 638/124/1360
f 1674/124/1725 1675/53/1726 633/53/1062 637/124/1359
f 1675/53/1726 1674/124/1725 638/124/1360 634/53/1065
f 1675/53/1726 1676/28/1727 631/28/1063 633/53/1062
f 1676/28/1727 1675/53/1726 634/53/1065 632/28/1064
f 1676/28/1727 1673/44/1724 635/44/1362 631/28/1063
f 1673/44/1724 1676/28/1727 632/28/1064 636/44/1363
f 1677/36/1728 1678/82/1729 345/82/1730 341/36/1731
f 1678/82/1729 1677/36/1728 342/36/1732 346/82/1733
f 1678/82/1729 1679/126/1734 343/126/1735 345/82/1730
f 1679/126/1734 1678/82/1729 346/82/1733 344/126/1736
f 1679/126/1734 1680/107/1737 339/107/1738 343/126/1735
f 1680/107/1737 1679/126/1734 344/126/1736 340/107/1739
f 1680/107/1737 1677/36/1728 341/36/1731 339/107/1738
f 1677/36/1728 1680/107/1737 340/107/1739 342/36/1732
f 1681/17/1740 1682/60/1741 893/60/1742 891/17/1743
f 1682/60/1741 1681/17/1740 892/17/1744 894/60/1745
f 1682/60/1741 1683/80/1746 887/80/409 893/60/1742
f 1683/80/1746 1682/60/1741 894/60/1745 888/80/410
f 1683/80/1746 1684/14/1747 889/14/404 887/80/409
f 1684/14/1747 1683/80/1746 888/80/410 890/14/407
f 1684/14/1747 1681/17/1740 891/17/1743 889/14/404
f 1681/17/1740 1684/14/1747 890/14/407 892/17/1744
f 1685/37/1748 1686/108/1749 337/108/1750 335/37/1751
f 1686/108/1749 1685/37/1748 336/37/1752 338/108/1753
f 1686/108/1749 1687/19/1754 333/19/1755 337/108/1750
f 1687/19/1754 1686/108/1749 338/108/1753 334/19/1756
f 1687/19/1754 1688/18/1757 331/18/1758 333/19/1755
f 1688/18/1757 1687/19/1754 334/19/1756 332/18/1759
f 1688/18/1757 1685/37/1748 335/37/1751 331/18/1758
f 1685/37/1748 1688/18/1757 332/18/1759 336/37/1752
f 1689/138/1760 1690/137/1761 925/137/1762 919/138/1763
f 1690/137/1761 1689/138/1760 920/138/1764 926/137/1765
f 1690/137/1761 1691/134/1766 921/134/1767 925/137/1762
f 1691/134/1766 1690/137/1761 926/137/1765 922/134/1768
f 1691/134/1766 1692/133/1769 923/133/1770 921/134/1767
f 1692/133/1769 1691/134/1766 922/134/1768 924/133/1771
f 1692/133/1769 1689/138/1760 919/138/1763 923/133/1770
f 1689/138/1760 1692/133/1769 924/133/1771 920/138/1764
f 1693/17/1772 1694/26/1773 897/26/698 891/17/1743
f 1694/26/1773 1693/17/1772 892/17/1744 898/26/699
f 1694/26/1773 1695/61/1774 895/61/695 897/26/698
f 1695/61/1774 1694/26/1773 898/26/699 896/61/696
f 1695/61/1774 1696/60/1775 893/60/1742 895/61/695
f 1696/60/1775 1695/61/1774 896/61/696 894/60/1745
f 1696/60/1775 1693/17/1772 891/17/1743 893/60/1742
f 1693/17/1772 1696/60/1775 894/60/1745 892/17/1744
f 1697/37/1776 1698/36/1777 341/36/1731 335/37/1751
f 1698/36/1777 1697/37/1776 336/37/1752 342/36/1732
f 1698/36/1777 1699/107/1778 339/107/1738 341/36/1731
f 1699/107/1778 1698/36/1777 342/36/1732 340/107/1739
f 1699/107/1778 1700/108/1779 337/108/1750 339/107/1738
f 1700/108/1779 1699/107/1778 340/107/1739 338/108/1753
f 1700/108/1779 1697/37/1776 335/37/1751 337/108/1750
f 1697/37/1776 1700/108/1779 338/108/1753 336/37/1752
f 1701/116/1780 1702/15/1781 557/15/1190 553/116/1782
f 1702/15/1781 1701/116/1780 554/116/1783 558/15/1191
f 1702/15/1781 1703/14/1784 555/14/1194 557/15/1190
f 1703/14/1784 1702/15/1781 558/15/1191 556/14/1195
f 1703/14/1784 1704/79/1785 531/79/1786 555/14/1194
f 1704/79/1785 1703/14/1784 556/14/1195 532/79/1787
f 1704/79/1785 1701/116/1780 553/116/1782 531/79/1786
f 1701/116/1780 1704/79/1785 532/79/1787 554/116/1783
f 1705/35/1788 1706/34/1789 551/34/1566 545/35/1211
f 1706/34/1789 1705/35/1788 546/35/1212 552/34/1567
f 1706/34/1789 1707/100/1790 549/100/1570 551/34/1566
f 1707/100/1790 1706/34/1789 552/34/1567 550/100/1571
f 1707/100/1790 1708/99/1791 547/99/1210 549/100/1570
f 1708/99/1791 1707/100/1790 550/100/1571 548/99/1213
f 1708/99/1791 1705/35/1788 545/35/1211 547/99/1210
f 1705/35/1788 1708/99/1791 548/99/1213 546/35/1212
f 1709/18/1792 1710/19/1793 333/19/1755 331/18/1758
f 1710/19/1793 1709/18/1792 332/18/1759 334/19/1756
f 1710/19/1793 1711/20/1794 329/20/528 333/19/1755
f 1711/20/1794 1710/19/1793 334/19/1756 330/20/531
f 1711/20/1794 1712/21/1795 327/21/529 329/20/528
f 1712/21/1795 1711/20/1794 330/20/531 328/21/530
f 1712/21/1795 1709/18/1792 331/18/1758 327/21/529
f 1709/18/1792 1712/21/1795 328/21/530 332/18/1759
f 1713/26/1796 1714/61/1797 543/61/1215 541/26/1218
f 1714/61/1797 1713/26/1796 542/26/1219 544/61/1216
f 1714/61/1797 1715/60/1798 537/60/1321 543/61/1215
f 1715/60/1798 1714/61/1797 544/61/1216 538/60/1322
f 1715/60/1798 1716/17/1799 539/17/1318 537/60/1321
f 1716/17/1799 1715/60/1798 538/60/1322 540/17/1319
f 1716/17/1799 1713/26/1796 541/26/1218 539/17/1318
f 1713/26/1796 1716/17/1799 540/17/1319 542/26/1219
f 1717/96/1800 1718/97/1801 377/97/794 373/96/790
f 1718/97/1801 1717/96/1800 374/96/791 378/97/795
f 1718/97/1801 1719/25/1802 909/25/660 377/97/794
f 1719/25/1802 1718/97/1801 378/97/795 910/25/663
f 1719/25/1802 1720/24/1803 907/24/661 909/25/660
f 1720/24/1803 1719/25/1802 910/25/663 908/24/662
f 1720/24/1803 1717/96/1800 373/96/790 907/24/661
f 1717/96/1800 1720/24/1803 908/24/662 374/96/791
f 1721/74/1804 1722/131/1805 785/131/1518 783/74/1514
f 1722/131/1805 1721/74/1804 784/74/1515 786/131/1519
f 1722/131/1805 1723/136/1806 781/136/1254 785/131/1518
f 1723/136/1806 1722/131/1805 786/131/1519 782/136/1257
f 1723/136/1806 1724/47/1807 371/47/1255 781/136/1254
f 1724/47/1807 1723/136/1806 782/136/1257 372/47/1256
f 1724/47/1807 1721/74/1804 783/74/1514 371/47/1255
f 1721/74/1804 1724/47/1807 372/47/1256 784/74/1515
o Cube_Cube_014_101789865262582
v -0.228152 -0.333448 -0.021088
v -0.228151 -0.335448 -0.021087
v -0.228152 -0.333448 0.021149
v -0.228151 -0.335448 0.021150
v -0.248613 -0.333448 -0.021088
v -0.248612 -0.335448 -0.021087
v -0.248613 -0.333448 0.021149
v -0.248612 -0.335448 0.021150
v 0.193485 0.304490 -0.045777
v 0.193423 0.306489 -0.045776
v -0.021400 0.297775 -0.045777
v -0.021461 0.299774 -0.045776
v -0.021400 0.297775 0.045844
v -0.021462 0.299774 0.045845
v 0.193485 0.304490 0.045844
v 0.193424 0.306489 0.045845
v 0.200200 0.123599 -0.045777
v 0.202199 0.123672 -0.045776
v 0.193485 0.304490 -0.045777
v 0.195484 0.304563 -0.045776
v 0.193485 0.304490 0.045844
v 0.195484 0.304563 0.045845
v 0.200200 0.123599 0.045844
v 0.202199 0.123672 0.045845
v 0.195583 0.333448 0.055478
v 0.197583 0.333449 0.055479
v 0.195583 0.288960 -0.055418
v 0.197583 0.288961 -0.055417
v 0.195583 0.333448 -0.055418
v 0.197583 0.333449 -0.055417
v 0.195583 0.288960 0.055478
v 0.197583 0.288961 0.055479
v 0.195583 0.333448 -0.055418
v 0.195584 0.335448 -0.055417
v -0.057074 0.333448 -0.055418
v -0.057960 0.335241 -0.055417
v -0.057074 0.333448 0.055478
v -0.057960 0.335241 0.055479
v 0.195583 0.333448 0.055478
v 0.195584 0.335448 0.055479
v -0.251813 0.078274 -0.055418
v -0.253704 0.078924 -0.055417
v -0.251813 0.078274 0.055478
v -0.253704 0.078924 0.055479
v -0.248613 -0.333448 -0.021088
v -0.250613 -0.333463 -0.021087
v -0.251813 0.078274 -0.055418
v -0.253704 0.078924 -0.055417
v -0.248613 -0.333448 0.021149
v -0.250613 -0.333463 0.021150
v -0.021400 0.297775 -0.045777
v -0.023400 0.297776 -0.045776
v -0.021400 0.197048 -0.045777
v -0.023400 0.197049 -0.045776
v -0.021400 0.297775 0.045844
v -0.023400 0.297776 0.045845
v -0.021400 0.197048 0.045844
v -0.023400 0.197049 0.045845
v 0.195583 0.333448 -0.055418
v 0.195584 0.333449 -0.057418
v 0.057649 0.262099 -0.055418
v 0.057650 0.262100 -0.057418
v -0.057074 0.333448 -0.055418
v -0.057073 0.333449 -0.057418
v 0.195583 0.288960 -0.055418
v 0.195584 0.288961 -0.057418
v -0.003353 0.188234 -0.055418
v -0.003352 0.188235 -0.057418
v -0.251813 0.078274 -0.055418
v -0.251853 0.078222 -0.057417
v -0.198092 0.020355 -0.055418
v -0.198171 0.020252 -0.057414
v -0.248613 -0.333448 -0.021088
v -0.248749 -0.333621 -0.023076
v -0.228152 -0.333448 -0.021088
v -0.228288 -0.333621 -0.023076
v 0.195583 0.333448 0.055478
v 0.195584 0.333449 0.057478
v 0.057649 0.262099 0.055478
v 0.057650 0.262100 0.057478
v 0.195583 0.288960 0.055478
v 0.195584 0.288961 0.057478
v -0.057074 0.333448 0.055478
v -0.057073 0.333449 0.057478
v -0.003353 0.188234 0.055478
v -0.003352 0.188235 0.057478
v -0.251813 0.078274 0.055478
v -0.251853 0.078222 0.057477
v -0.198092 0.020355 0.055478
v -0.198171 0.020252 0.057474
v -0.248613 -0.333448 0.021149
v -0.248749 -0.333621 0.023137
v -0.228152 -0.333448 0.021149
v -0.228288 -0.333621 0.023137
v 0.193485 0.304490 -0.045777
v 0.193486 0.304491 -0.047777
v -0.021400 0.197048 -0.045777
v -0.021399 0.197049 -0.047777
v -0.021400 0.297775 -0.045777
v -0.021399 0.297776 -0.047777
v 0.065897 0.123599 -0.045777
v 0.065898 0.123600 -0.047777
v 0.200200 0.123599 -0.045777
v 0.200201 0.123600 -0.047777
v -0.021400 0.197048 0.045844
v -0.021399 0.197049 0.047844
v 0.193485 0.304490 0.045844
v 0.193486 0.304491 0.047844
v -0.021400 0.297775 0.045844
v -0.021399 0.297776 0.047844
v 0.065897 0.123599 0.045844
v 0.065898 0.123600 0.047844
v 0.200200 0.123599 0.045844
v 0.200201 0.123600 0.047844
v 0.065897 0.123599 -0.045777
v 0.065898 0.121599 -0.045776
v 0.200200 0.123599 -0.045777
v 0.200201 0.121599 -0.045776
v 0.200200 0.123599 0.045844
v 0.200201 0.121599 0.045845
v 0.065897 0.123599 0.045844
v 0.065898 0.121599 0.045845
v 0.085075 0.125704 -0.054694
v 0.085076 0.127704 -0.054693
v 0.194463 0.125704 -0.054694
v 0.194464 0.127704 -0.054693
v 0.139769 0.125704 -0.077349
v 0.139770 0.127704 -0.077348
v 0.085075 0.125704 0.054694
v 0.085076 0.127704 0.054695
v 0.062420 0.125704 -0.000000
v 0.062421 0.127704 0.000001
v 0.194463 0.125704 0.054694
v 0.194464 0.127704 0.054695
v 0.139769 0.125704 0.077349
v 0.139770 0.127704 0.077350
v 0.217118 0.125704 -0.000000
v 0.217119 0.127704 0.000001
v -0.021400 0.197048 -0.045777
v -0.022687 0.195517 -0.045776
v 0.065897 0.123599 -0.045777
v 0.064610 0.122068 -0.045777
v 0.065897 0.123599 0.045844
v 0.064610 0.122068 0.045845
v -0.021400 0.197048 0.045844
v -0.022687 0.195517 0.045844
v 0.085075 0.125704 -0.054694
v 0.083799 0.126567 -0.055970
v 0.027725 0.053145 -0.000000
v 0.025921 0.054008 -0.000000
v 0.062420 0.125704 -0.000000
v 0.060616 0.126567 0.000001
v 0.085075 0.125704 0.054694
v 0.083799 0.126567 0.055970
v 0.060542 0.053145 -0.079227
v 0.059266 0.054008 -0.080503
v 0.060542 0.053145 0.079227
v 0.059266 0.054008 0.080503
v 0.139769 0.053145 -0.112044
v 0.139769 0.054008 -0.113848
v 0.139769 0.053145 0.112044
v 0.139769 0.054008 0.113848
v 0.139769 0.125704 -0.077349
v 0.139769 0.126567 -0.079153
v 0.139769 0.125704 0.077349
v 0.139769 0.126567 0.079153
v 0.194463 0.125704 -0.054694
v 0.195739 0.126567 -0.055970
v 0.194463 0.125704 0.054694
v 0.195739 0.126567 0.055970
v 0.218996 0.053145 -0.079227
v 0.220272 0.054008 -0.080503
v 0.251813 0.053145 -0.000000
v 0.253617 0.054008 0.000001
v 0.217118 0.125704 -0.000000
v 0.218922 0.126567 0.000001
v 0.218996 0.053145 0.079227
v 0.220272 0.054008 0.080503
v 0.251813 0.053145 -0.000000
v 0.253617 0.054008 0.000001
v 0.217118 0.125704 -0.000000
v 0.218922 0.126567 0.000001
v -0.003353 0.188234 -0.055418
v -0.001924 0.186835 -0.055417
v 0.057649 0.262099 -0.055418
v 0.058672 0.260380 -0.055417
v 0.057649 0.262099 0.055478
v 0.058672 0.260380 0.055479
v 0.195583 0.288960 0.055478
v 0.195965 0.286997 0.055478
v 0.195583 0.288960 -0.055418
v 0.195965 0.286997 -0.055418
v -0.003353 0.188234 0.055478
v -0.001924 0.186835 0.055479
v -0.198092 0.020355 0.055478
v -0.196323 0.019422 0.055479
v -0.198092 0.020355 -0.055418
v -0.196323 0.019422 -0.055418
v -0.228152 -0.333448 -0.021088
v -0.226159 -0.333617 -0.021088
v -0.228152 -0.333448 0.021149
v -0.226159 -0.333617 0.021150
v -0.198092 0.020355 -0.055418
v -0.196323 0.019422 -0.055417
v -0.227071 -0.332536 -0.020180
v -0.197292 0.018892 -0.054316
v -0.197292 0.018892 0.054377
v -0.227071 -0.332536 0.020241
v 0.199200 0.122599 0.044844
v 0.066897 0.122599 0.044844
v 0.066897 0.122599 -0.044777
v 0.199201 0.122599 -0.044776
v -0.229152 -0.334448 0.020150
v -0.247613 -0.334448 0.020150
v -0.247613 -0.334448 -0.020088
v -0.229151 -0.334448 -0.020087
v 0.194521 0.303527 0.044844
v 0.201162 0.124635 0.044844
v 0.201162 0.124635 -0.044777
v 0.194521 0.303527 -0.044777
v -0.252152 0.079394 -0.054418
v -0.252152 0.079394 0.054478
v -0.058124 0.333549 0.054478
v -0.058124 0.333549 -0.054418
v -0.056517 0.334344 0.054478
v 0.194583 0.334448 0.054478
v 0.194583 0.334448 -0.054418
v -0.056517 0.334344 -0.054418
v -0.056579 0.332448 -0.056418
v 0.194583 0.332448 -0.056418
v 0.194583 0.289785 -0.056418
v 0.057107 0.263013 -0.056418
v -0.004070 0.188937 -0.056418
v -0.198054 0.021691 -0.056416
v -0.250527 0.078311 -0.056417
v 0.138832 0.054491 0.112121
v 0.138832 0.125221 0.078301
v 0.085065 0.125221 0.056029
v 0.061150 0.054491 0.079944
v -0.199185 0.019980 -0.056293
v -0.247788 -0.320231 -0.023281
v -0.250817 0.075694 -0.056295
v -0.247529 -0.332539 -0.022178
v -0.202093 -0.014515 -0.053037
v -0.229139 -0.332539 -0.022178
v -0.250527 0.078311 0.056477
v -0.198054 0.021691 0.056476
v -0.004070 0.188937 0.056478
v 0.057107 0.263013 0.056478
v 0.194583 0.289785 0.056478
v 0.194583 0.332448 0.056478
v -0.056579 0.332448 0.056478
v -0.022400 0.198048 -0.044777
v -0.022400 0.198048 0.044844
v -0.022400 0.296775 0.044844
v -0.022400 0.296775 -0.044777
v -0.247788 -0.320231 0.023342
v -0.199185 0.019980 0.056353
v -0.250817 0.075694 0.056355
v -0.229139 -0.332539 0.022240
v -0.202093 -0.014515 0.053097
v -0.247529 -0.332539 0.022240
v 0.066262 0.124599 -0.046777
v -0.020400 0.197514 -0.046777
v -0.020400 0.296806 -0.046777
v 0.192523 0.303460 -0.046777
v 0.199163 0.124599 -0.046777
v 0.059142 0.261431 -0.054418
v 0.194793 0.287787 -0.054418
v 0.194793 0.287787 0.054478
v 0.059142 0.261431 0.054478
v 0.192523 0.303460 0.046844
v -0.020400 0.296806 0.046844
v -0.020400 0.197514 0.046844
v 0.066262 0.124599 0.046844
v 0.199163 0.124599 0.046844
v 0.196583 0.332448 0.054478
v 0.196583 0.289960 0.054478
v 0.196583 0.289960 -0.054418
v 0.196583 0.332448 -0.054418
v 0.085065 0.125221 -0.056029
v 0.138832 0.125221 -0.078301
v 0.138832 0.054491 -0.112121
v 0.061150 0.054491 -0.079944
v 0.193698 0.126704 -0.053928
v 0.139769 0.126704 -0.076266
v 0.085841 0.126704 -0.053928
v 0.063503 0.126704 0.000000
v 0.085841 0.126704 0.053929
v 0.139769 0.126704 0.076267
v 0.193698 0.126704 0.053929
v 0.216036 0.126704 0.000000
v 0.194473 0.125221 -0.056029
v 0.218388 0.054491 -0.079944
v 0.140706 0.054491 -0.112121
v 0.140706 0.125221 -0.078301
v -0.196450 0.020541 -0.054418
v -0.003396 0.186881 -0.054418
v -0.003396 0.186881 0.054478
v -0.196450 0.020541 0.054478
v 0.057524 0.260469 0.054478
v -0.002002 0.188305 0.054478
v -0.002002 0.188305 -0.054418
v 0.057524 0.260469 -0.054418
v 0.083740 0.125221 -0.054704
v 0.059825 0.054491 -0.078619
v 0.027648 0.054491 -0.000937
v 0.061468 0.125221 -0.000936
v 0.218388 0.054491 0.079944
v 0.194473 0.125221 0.056029
v 0.140706 0.125221 0.078301
v 0.140706 0.054491 0.112121
v -0.249621 -0.332455 -0.020167
v -0.249621 -0.332455 0.020229
v -0.252751 0.077599 0.054392
v -0.252751 0.077599 -0.054331
v -0.020431 0.298806 0.044844
v 0.192455 0.305458 0.044845
v 0.192455 0.305458 -0.044777
v -0.020431 0.298806 -0.044776
v 0.027648 0.054491 0.000937
v 0.059825 0.054491 0.078619
v 0.083740 0.125221 0.054704
v 0.061468 0.125221 0.000937
v 0.195798 0.125221 -0.054704
v 0.218070 0.125221 -0.000936
v 0.251890 0.054491 -0.000936
v 0.219713 0.054491 -0.078619
v 0.251890 0.054491 0.000937
v 0.218070 0.125221 0.000937
v 0.195798 0.125221 0.054704
v 0.219713 0.054491 0.078619
v 0.064488 0.123477 0.044844
v -0.021278 0.195639 0.044844
v -0.021278 0.195639 -0.044777
v 0.064488 0.123477 -0.044777
vn 0.0694 0.7434 0.6652
vn -0.5904 -0.4513 0.6692
vn -0.7578 -0.1766 0.6282
vn -0.7667 0.5061 0.3950
vn 0.8460 0.3674 0.3864
vn 0.5944 -0.7001 0.3958
vn -0.5900 -0.4513 -0.6695
vn -0.7580 -0.1760 -0.6281
vn 0.5950 -0.6999 -0.3951
vn 0.0693 0.7435 -0.6652
vn -0.7667 0.5059 -0.3952
vn 0.8462 0.3674 -0.3860
vn -0.7076 -0.0004 -0.7066
vn 0.7071 0.0007 -0.7071
vn 0.4079 0.8165 -0.4086
vn -0.4081 0.8167 -0.4081
vn -0.4078 -0.8169 -0.4078
vn 0.4086 -0.8165 -0.4079
vn 0.7071 -0.0003 0.7071
vn 0.4084 0.8163 0.4084
vn 0.4087 -0.8160 0.4087
vn -0.7071 0.0008 0.7071
vn -0.4086 0.8165 0.4078
vn -0.4078 -0.8165 0.4086
vn -0.4078 -0.8170 -0.4078
vn 0.0263 -0.7071 -0.7066
vn -0.0265 0.7066 -0.7071
vn -0.8313 0.3775 -0.4081
vn -0.8008 -0.4379 -0.4086
vn 0.8311 -0.3780 -0.4079
vn 0.8013 0.4378 -0.4078
vn -0.0269 0.7066 0.7071
vn -0.8311 0.3780 0.4079
vn 0.8008 0.4379 0.4086
vn 0.0265 -0.7067 0.7070
vn -0.8006 -0.4385 0.4084
vn 0.8306 -0.3781 0.4087
vn 0.2027 0.4121 0.8883
vn 0.6148 0.5083 -0.6031
vn 0.9576 -0.1996 -0.2075
vn 0.9578 -0.1992 0.2073
vn -0.6829 0.6490 0.3352
vn -0.6832 0.6492 -0.3344
vn -0.5886 -0.4417 -0.6771
vn 0.3897 -0.7846 -0.4822
vn -0.3987 0.8037 -0.4418
vn -0.5889 -0.4415 0.6770
vn 0.3895 -0.7845 0.4825
vn -0.3986 0.8033 0.4426
vn 0.7036 0.1977 -0.6825
vn -0.7168 -0.0002 -0.6973
vn -0.4062 -0.8238 -0.3953
vn -0.4064 0.8239 -0.3950
vn -0.7168 -0.0006 0.6973
vn -0.4067 -0.8236 0.3952
vn -0.4064 0.8235 0.3957
vn 0.7031 0.1973 0.6832
vn 0.4441 -0.8960 -0.0002
vn -0.7071 -0.7071 0.0003
vn -0.4081 -0.4081 0.8167
vn 0.2955 -0.5983 0.7448
vn 0.2962 -0.5977 -0.7449
vn -0.4078 -0.4078 -0.8169
vn -0.7717 0.6359 0.0007
vn -0.4718 0.3881 0.7917
vn -0.4711 0.3888 -0.7917
vn -0.5117 0.8592 0.0006
vn -0.3510 0.5889 0.7280
vn -0.3497 0.5898 -0.7279
vn -0.7146 0.6996 -0.0008
vn -0.5054 0.4941 0.7074
vn -0.5030 0.4932 -0.7097
vn 0.0568 0.9983 -0.0119
vn -0.3633 0.1775 0.9146
vn -0.4405 0.1035 -0.8918
vn 0.9987 0.0440 -0.0243
vn 0.5196 -0.0531 0.8528
vn 0.4624 -0.1007 -0.8809
vn -0.6619 0.6306 -0.4052
vn -0.7730 -0.6116 0.1689
vn -0.0000 -0.7988 -0.6016
vn -0.0000 0.0289 -0.9996
vn -0.0000 0.7775 0.6288
vn -0.0000 0.0036 1.0000
vn 0.4271 -0.6116 0.6660
vn 0.4254 -0.7988 -0.4254
vn -0.7071 0.0036 0.7071
vn 0.7546 0.6306 0.1815
vn 0.7068 0.0289 -0.7068
vn -0.4447 0.7775 0.4447
vn -0.9484 -0.3074 0.0770
vn 0.0760 0.9970 0.0116
vn 0.3980 0.3813 0.8344
vn 0.3246 0.2504 -0.9121
vn 0.3634 -0.9315 0.0172
vn 0.7130 0.6955 -0.0890
vn -0.1433 -0.9851 0.0947
vn -0.6441 0.7648 0.0148
vn -0.3896 0.5475 0.7406
vn -0.4552 0.3694 -0.8101
vn 0.9983 0.0541 0.0215
vn 0.0568 0.9983 0.0119
vn -0.3633 0.1775 -0.9146
vn 0.5196 -0.0531 -0.8528
vn 0.4624 -0.1007 0.8809
vn -0.4405 0.1035 0.8918
vn -0.7146 0.6996 0.0008
vn -0.5054 0.4941 -0.7074
vn -0.5030 0.4932 0.7097
vn -0.5117 0.8592 -0.0006
vn -0.3510 0.5889 -0.7280
vn -0.3497 0.5898 0.7279
vn -0.7717 0.6359 -0.0007
vn -0.4718 0.3881 -0.7917
vn -0.4711 0.3888 0.7917
vn -0.7071 -0.7071 -0.0003
vn -0.4081 -0.4081 -0.8167
vn -0.4078 -0.4078 0.8169
vn 0.4434 -0.8963 -0.0006
vn 0.2955 -0.5983 -0.7448
vn 0.2962 -0.5977 0.7449
vn 0.0004 0.7076 0.7066
vn 0.0007 0.7071 -0.7071
vn 0.8165 0.4079 -0.4086
vn 0.8163 0.4084 0.4084
vn -0.8160 0.4087 0.4087
vn -0.8165 0.4086 -0.4079
vn 0.0003 -0.7071 -0.7071
vn 0.8167 -0.4081 -0.4081
vn -0.8169 -0.4078 -0.4078
vn 0.0007 -0.7071 0.7071
vn 0.8165 -0.4086 0.4079
vn -0.8165 -0.4079 0.4086
vn 0.1204 0.9894 0.0818
vn -0.9517 -0.2937 -0.0896
vn 0.3980 0.3813 -0.8344
vn 0.3246 0.2504 0.9121
vn 0.3634 -0.9315 -0.0172
vn -0.6310 0.7709 0.0864
vn -0.1419 -0.9853 -0.0950
vn -0.3896 0.5475 -0.7406
vn -0.4552 0.3694 0.8101
vn 0.7571 0.6529 0.0240
vn 0.3429 0.9394 -0.0003
vn 0.9069 0.4215 -0.0001
vn 0.6092 0.2834 0.7407
vn 0.2345 0.6435 0.7287
vn 0.2350 0.6437 -0.7283
vn 0.6094 0.2839 -0.7403
vn 0.7181 -0.6960 0.0007
vn 0.4185 -0.4063 0.8123
vn 0.4191 -0.4056 -0.8123
vn -0.6825 -0.7309 0.0003
vn -0.3947 -0.4226 0.8159
vn -0.3944 -0.4223 -0.8161
vn -0.7201 0.6939 0.0007
vn -0.4108 0.3952 0.8216
vn -0.4101 0.3959 -0.8216
vn 0.6635 0.2810 0.6934
vn -0.6994 -0.1362 0.7017
vn -0.5565 0.7276 0.4011
vn -0.4588 0.7705 0.4426
vn 0.4508 -0.7572 0.4726
vn -0.2433 -0.8832 0.4010
vn -0.6994 -0.1364 -0.7016
vn -0.5565 0.7276 -0.4012
vn -0.2432 -0.8833 -0.4009
vn 0.6633 0.2810 -0.6936
vn -0.4593 0.7707 -0.4416
vn 0.4511 -0.7576 -0.4717
vn -0.6831 -0.7304 0.0004
vn 0.7181 -0.6960 -0.0007
vn 0.4185 -0.4063 -0.8123
vn -0.3947 -0.4226 -0.8159
vn -0.3944 -0.4223 0.8161
vn 0.4191 -0.4056 0.8123
vn 0.9069 0.4214 0.0001
vn 0.6092 0.2834 -0.7407
vn 0.6094 0.2839 0.7403
vn 0.3421 0.9397 -0.0000
vn 0.2345 0.6435 -0.7287
vn 0.2350 0.6437 0.7283
vn -0.7201 0.6939 -0.0007
vn -0.4108 0.3952 -0.8216
vn -0.4101 0.3959 0.8216
vn 0.0004 -0.7076 -0.7066
vn -0.0007 0.7071 -0.7071
vn -0.8165 0.4079 -0.4086
vn -0.8167 -0.4081 -0.4081
vn 0.8169 -0.4078 -0.4078
vn 0.8165 0.4086 -0.4079
vn 0.0003 0.7071 0.7071
vn -0.8163 0.4084 0.4084
vn 0.8160 0.4087 0.4087
vn -0.0007 -0.7071 0.7071
vn -0.8165 -0.4086 0.4079
vn 0.8165 -0.4079 0.4086
vn 0.4271 -0.6116 -0.6660
vn -0.7730 -0.6116 -0.1689
vn -0.0000 -0.7988 0.6016
vn 0.4254 -0.7988 0.4254
vn -0.7071 0.0037 -0.7071
vn -0.0000 0.0036 -1.0000
vn -0.6619 0.6306 0.4052
vn -0.0000 0.0289 0.9996
vn -0.0000 0.7775 -0.6288
vn 0.7546 0.6306 -0.1815
vn 0.7068 0.0289 0.7068
vn -0.4447 0.7775 -0.4447
vn -0.7076 -0.0000 0.7066
vn -0.0007 -0.0007 1.0000
vn -0.0004 -0.7344 0.6787
vn -0.4802 -0.7345 0.4794
vn -0.4794 0.7345 0.4802
vn 0.0004 0.7341 0.6790
vn 0.7071 0.0004 0.7071
vn 0.4800 -0.7343 0.4800
vn 0.4803 0.7339 0.4803
vn 1.0000 -0.0007 -0.0007
vn 0.6787 -0.7344 -0.0004
vn 0.6790 0.7341 0.0004
vn 0.7071 -0.0008 -0.7071
vn 0.4794 -0.7345 -0.4802
vn 0.4802 0.7345 -0.4794
vn -0.0000 -0.0005 -1.0000
vn -0.0004 -0.7347 -0.6784
vn 0.0004 0.7350 -0.6781
vn -0.7071 -0.0004 -0.7071
vn -0.4797 -0.7347 -0.4797
vn -0.4794 0.7351 -0.4794
vn -1.0000 -0.0005 -0.0000
vn -0.6784 -0.7347 -0.0004
vn -0.6781 0.7349 0.0004
vn -0.4271 -0.6116 -0.6660
vn -0.7546 0.6306 -0.1815
vn -0.7068 0.0289 0.7068
vn -0.4254 -0.7988 0.4254
vn 0.7071 0.0037 -0.7071
vn 0.4447 0.7775 -0.4447
vn 0.6619 0.6306 0.4052
vn 0.7729 -0.6116 -0.1689
vn 0.6432 0.6691 0.3723
vn -0.5159 -0.4936 0.7001
vn -0.6405 0.6274 0.4430
vn -0.2509 0.7490 0.6132
vn 0.9209 -0.0454 0.3872
vn 0.6430 -0.6298 0.4358
vn -0.5165 -0.4935 -0.6998
vn -0.6407 0.6276 -0.4423
vn 0.6433 -0.6301 -0.4349
vn 0.0783 0.7563 -0.6496
vn -0.2512 0.7489 -0.6132
vn 0.9210 -0.0457 -0.3868
vn -0.5635 -0.4502 -0.6927
vn 0.4820 0.5259 -0.7008
vn 0.4825 0.5258 0.7005
vn -0.5638 -0.4496 0.6928
vn -0.6660 -0.6116 0.4271
vn -0.1815 0.6306 0.7546
vn 0.4051 0.6306 -0.6619
vn 0.9996 0.0289 -0.0001
vn -0.6288 0.7775 0.0001
vn -0.1686 -0.6114 -0.7731
vn 0.6016 -0.7988 -0.0004
vn -1.0000 0.0035 0.0006
vn -0.7546 0.6306 0.1815
vn -0.4271 -0.6116 0.6660
vn -0.4254 -0.7988 -0.4254
vn -0.7068 0.0290 -0.7068
vn 0.4447 0.7775 0.4447
vn 0.7071 0.0036 0.7071
vn 0.7730 -0.6116 0.1689
vn 0.6619 0.6306 -0.4052
vn -0.0006 0.7408 0.6717
vn -0.0006 0.7404 -0.6721
vn 0.8080 0.4401 -0.3917
vn 0.8078 0.4406 0.3916
vn -0.8105 0.4296 0.3982
vn -0.8109 0.4295 -0.3975
vn 0.1967 -0.7460 -0.6362
vn 0.8895 -0.4013 -0.2187
vn -0.9365 -0.0693 -0.3437
vn 0.1970 -0.7461 0.6361
vn 0.8893 -0.4018 0.2184
vn -0.9362 -0.0694 0.3445
vn 0.7072 0.0221 -0.7067
vn -0.7067 -0.0225 -0.7071
vn -0.3823 -0.8291 -0.4080
vn 0.4332 -0.8034 -0.4085
vn 0.3828 0.8289 -0.4079
vn -0.4330 0.8039 -0.4077
vn -0.7067 -0.0227 0.7071
vn -0.3828 -0.8289 0.4079
vn -0.4332 0.8034 0.4085
vn 0.7068 0.0225 0.7071
vn 0.4338 -0.8031 0.4085
vn 0.3831 0.8283 0.4088
vn 0.4053 0.6306 0.6619
vn -0.1815 0.6306 -0.7546
vn -0.6660 -0.6116 -0.4271
vn -0.1685 -0.6120 0.7727
vn 0.6660 -0.6116 0.4271
vn -0.2006 -0.6801 -0.7052
vn -0.7954 -0.5943 -0.1187
vn 0.9001 0.0808 -0.4281
vn -0.6812 0.3842 -0.6232
vn -0.9650 -0.2568 -0.0533
vn 0.6439 0.6824 -0.3460
vn 0.1815 0.6306 0.7546
vn -0.4484 0.8235 0.3476
vn -0.1998 -0.6804 0.7050
vn -0.7951 -0.5948 0.1188
vn -0.9652 -0.2562 0.0533
vn 0.6433 0.6825 0.3469
vn 0.8997 0.0804 0.4291
vn 0.6660 -0.6116 -0.4271
vn 0.1815 0.6306 -0.7546
vn -0.5415 0.4553 -0.7067
vn 0.5413 -0.4550 -0.7071
vn 0.8379 0.3621 -0.4084
vn 0.2135 0.8876 -0.4081
vn -0.8380 -0.3624 -0.4079
vn -0.2131 -0.8877 -0.4081
vn 0.5409 -0.4554 0.7072
vn 0.8381 0.3617 0.4084
vn -0.2128 -0.8876 0.4085
vn -0.5408 0.4555 0.7071
vn 0.2132 0.8877 0.4081
vn -0.8379 -0.3621 0.4084
vt 0.375000 0.750000
vt 0.375000 0.500000
vt 0.125000 0.500000
vt 0.125000 0.750000
vt 0.625000 0.500000
vt 0.625000 0.750000
vt 0.625000 0.250000
vt 0.375000 0.250000
vt 0.375000 0.000000
vt 0.625000 0.000000
vt 0.875000 0.500000
vt 0.875000 0.750000
vt 0.625000 1.000000
vt 0.375000 1.000000
vt 0.375000 0.863516
vt 0.750000 0.835911
vt 0.625000 0.835911
vt 0.375000 0.386484
vt 0.261484 0.750000
vt 0.261484 0.500000
vt 0.375000 0.835911
vt 0.250000 0.835911
vt 0.125000 0.835911
vt 0.500000 0.835911
vt 0.875000 0.835911
vt 1.000000 0.835911
vt 0.000000 0.835911
s 1
f 1929/141/1808 1930/141/1809 1927/141/1810 1923/141/1811
f 1930/141/1809 1929/141/1808 1924/141/1812 1928/141/1813
f 1930/141/1809 1931/142/1814 1919/142/1815 1927/141/1810
f 1931/142/1814 1930/141/1809 1928/141/1813 1920/142/1816
f 1931/142/1814 1932/142/1817 1925/142/1818 1919/142/1815
f 1932/142/1817 1931/142/1814 1920/142/1816 1926/142/1819
f 1932/142/1817 1929/141/1808 1923/141/1811 1925/142/1818
f 1929/141/1808 1932/142/1817 1926/142/1819 1924/141/1812
f 1933/143/1820 1934/142/1821 1845/142/1822 1843/143/1823
f 1934/142/1821 1933/143/1820 1844/143/1824 1846/142/1825
f 1934/142/1821 1935/141/1826 1839/141/1827 1845/142/1822
f 1935/141/1826 1934/142/1821 1846/142/1825 1840/141/1828
f 1935/141/1826 1936/144/1829 1841/144/1830 1839/141/1827
f 1936/144/1829 1935/141/1826 1840/141/1828 1842/144/1831
f 1936/144/1829 1933/143/1820 1843/143/1823 1841/144/1830
f 1933/143/1820 1936/144/1829 1842/144/1831 1844/143/1824
f 1937/142/1820 1938/145/1821 1731/145/1822 1727/142/1823
f 1938/145/1821 1937/142/1820 1728/142/1832 1732/145/1825
f 1938/145/1821 1939/146/1826 1729/146/1827 1731/145/1822
f 1939/146/1826 1938/145/1821 1732/145/1825 1730/146/1828
f 1939/146/1826 1940/141/1829 1725/141/1830 1729/146/1827
f 1940/141/1829 1939/146/1826 1730/146/1828 1726/141/1831
f 1940/141/1829 1937/142/1820 1727/142/1823 1725/141/1830
f 1937/142/1820 1940/141/1829 1726/141/1831 1728/142/1832
f 1941/147/1833 1942/148/1834 1747/148/1835 1745/147/1836
f 1942/148/1834 1941/147/1833 1746/147/1837 1748/148/1838
f 1942/148/1834 1943/149/1839 1741/149/1840 1747/148/1835
f 1943/149/1839 1942/148/1834 1748/148/1838 1742/149/1841
f 1943/149/1839 1944/150/1842 1743/150/1843 1741/149/1840
f 1944/150/1842 1943/149/1839 1742/149/1841 1744/150/1844
f 1944/150/1842 1941/147/1833 1745/147/1836 1743/150/1843
f 1941/147/1833 1944/150/1842 1744/150/1844 1746/147/1837
f 1945/146/1845 1946/145/1846 1767/145/1847 1765/146/1848
f 1946/145/1846 1945/146/1845 1766/146/1849 1768/145/1850
f 1946/145/1846 1947/145/1851 1761/145/1852 1767/145/1847
f 1947/145/1851 1946/145/1846 1768/145/1850 1762/145/1853
f 1947/145/1851 1948/146/1854 1759/146/1855 1761/145/1852
f 1948/146/1854 1947/145/1851 1762/145/1853 1760/146/1856
f 1948/146/1854 1945/146/1845 1765/146/1848 1759/146/1855
f 1945/146/1845 1948/146/1854 1760/146/1856 1766/146/1849
f 1949/145/1857 1950/151/1858 1763/151/1859 1761/145/1852
f 1950/151/1858 1949/145/1857 1762/145/1853 1764/151/1860
f 1950/151/1858 1951/152/1861 1757/152/1862 1763/151/1859
f 1951/152/1861 1950/151/1858 1764/151/1860 1758/152/1863
f 1951/152/1861 1952/146/1864 1759/146/1855 1757/152/1862
f 1952/146/1864 1951/152/1861 1758/152/1863 1760/146/1856
f 1952/146/1864 1949/145/1857 1761/145/1852 1759/146/1855
f 1949/145/1857 1952/146/1864 1760/146/1856 1762/145/1853
f 1953/146/1865 1954/153/1866 1783/153/1867 1787/146/1868
f 1954/153/1866 1953/146/1865 1788/146/1869 1784/153/1870
f 1954/153/1866 1955/154/1871 1789/154/1872 1783/153/1867
f 1955/154/1871 1954/153/1866 1784/153/1870 1790/154/1873
f 1955/154/1871 1956/155/1874 1785/155/1875 1789/154/1872
f 1956/155/1874 1955/154/1871 1790/154/1873 1786/155/1876
f 1956/155/1874 1957/141/1877 1791/141/1878 1785/155/1875
f 1957/141/1877 1956/155/1874 1786/155/1876 1792/141/1879
f 1957/141/1877 1958/141/1880 1795/141/1881 1791/141/1878
f 1958/141/1880 1957/141/1877 1792/141/1879 1796/141/1882
f 1958/141/1880 1959/146/1883 1793/146/1884 1795/141/1881
f 1959/146/1883 1958/141/1880 1796/141/1882 1794/146/1885
f 1959/146/1883 1953/146/1865 1787/146/1868 1793/146/1884
f 1953/146/1865 1959/146/1883 1794/146/1885 1788/146/1869
f 1960/156/1886 1961/156/1887 1889/156/1888 1885/156/1889
f 1961/156/1887 1960/156/1886 1886/156/1890 1890/156/1891
f 1961/156/1887 1962/157/1892 1877/157/1893 1889/156/1888
f 1962/157/1892 1961/156/1887 1890/156/1891 1878/157/1894
f 1962/157/1892 1963/157/1895 1881/157/1896 1877/157/1893
f 1963/157/1895 1962/157/1892 1878/157/1894 1882/157/1897
f 1963/157/1895 1960/156/1886 1885/156/1889 1881/157/1896
f 1960/156/1886 1963/157/1895 1882/157/1897 1886/156/1890
f 1964/141/1898 1965/146/1899 1797/146/1900 1795/141/1881
f 1965/146/1899 1964/141/1898 1796/141/1882 1798/146/1901
f 1965/146/1899 1966/146/1902 1793/146/1884 1797/146/1900
f 1966/146/1902 1965/146/1899 1798/146/1901 1794/146/1885
f 1966/146/1902 1964/141/1898 1795/141/1881 1793/146/1884
f 1964/141/1898 1966/146/1902 1794/146/1885 1796/141/1882
f 1967/146/1903 1968/141/1904 1795/141/1881 1797/146/1900
f 1968/141/1904 1967/146/1903 1798/146/1901 1796/141/1882
f 1968/141/1904 1969/141/1905 1799/141/1906 1795/141/1881
f 1969/141/1905 1968/141/1904 1796/141/1882 1800/141/1907
f 1969/141/1905 1967/146/1903 1797/146/1900 1799/141/1906
f 1967/146/1903 1969/141/1905 1800/141/1907 1798/146/1901
f 1970/145/1908 1971/142/1909 1813/142/1910 1811/145/1911
f 1971/142/1909 1970/145/1908 1812/145/1912 1814/142/1913
f 1971/142/1909 1972/142/1914 1809/142/1915 1813/142/1910
f 1972/142/1914 1971/142/1909 1814/142/1913 1810/142/1916
f 1972/142/1914 1973/158/1917 1803/158/1918 1809/142/1915
f 1973/158/1917 1972/142/1914 1810/142/1916 1804/158/1919
f 1973/158/1917 1974/148/1920 1805/148/1921 1803/158/1918
f 1974/148/1920 1973/158/1917 1804/158/1919 1806/148/1922
f 1974/148/1920 1975/147/1923 1801/147/1924 1805/148/1921
f 1975/147/1923 1974/148/1920 1806/148/1922 1802/147/1925
f 1975/147/1923 1976/145/1926 1807/145/1927 1801/147/1924
f 1976/145/1926 1975/147/1923 1802/147/1925 1808/145/1928
f 1976/145/1926 1970/145/1908 1811/145/1911 1807/145/1927
f 1970/145/1908 1976/145/1926 1808/145/1928 1812/145/1912
f 1977/146/1929 1978/145/1930 1781/145/1931 1777/146/1932
f 1978/145/1930 1977/146/1929 1778/146/1933 1782/145/1934
f 1978/145/1930 1979/145/1935 1779/145/1936 1781/145/1931
f 1979/145/1935 1978/145/1930 1782/145/1934 1780/145/1937
f 1979/145/1935 1980/146/1938 1775/146/1939 1779/145/1936
f 1980/146/1938 1979/145/1935 1780/145/1937 1776/146/1940
f 1980/146/1938 1977/146/1929 1777/146/1932 1775/146/1939
f 1977/146/1929 1980/146/1938 1776/146/1940 1778/146/1933
f 1981/145/1941 1982/142/1942 1813/142/1910 1815/145/1943
f 1982/142/1942 1981/145/1941 1816/145/1944 1814/142/1913
f 1982/142/1942 1983/145/1945 1811/145/1911 1813/142/1910
f 1983/145/1945 1982/142/1942 1814/142/1913 1812/145/1912
f 1983/145/1945 1981/145/1941 1815/145/1943 1811/145/1911
f 1981/145/1941 1983/145/1945 1812/145/1912 1816/145/1944
f 1984/142/1946 1985/142/1947 1813/142/1910 1817/142/1948
f 1985/142/1947 1984/142/1946 1818/142/1949 1814/142/1913
f 1985/142/1947 1986/145/1950 1815/145/1943 1813/142/1910
f 1986/145/1950 1985/142/1947 1814/142/1913 1816/145/1944
f 1986/145/1950 1984/142/1946 1817/142/1948 1815/145/1943
f 1984/142/1946 1986/145/1950 1816/145/1944 1818/142/1949
f 1987/141/1951 1988/146/1952 1821/146/1953 1825/141/1954
f 1988/146/1952 1987/141/1951 1826/141/1955 1822/146/1956
f 1988/146/1952 1989/146/1957 1823/146/1958 1821/146/1953
f 1989/146/1957 1988/146/1952 1822/146/1956 1824/146/1959
f 1989/146/1957 1990/153/1960 1819/153/1961 1823/146/1958
f 1990/153/1960 1989/146/1957 1824/146/1959 1820/153/1962
f 1990/153/1960 1991/154/1963 1827/154/1964 1819/153/1961
f 1991/154/1963 1990/153/1960 1820/153/1962 1828/154/1965
f 1991/154/1963 1987/141/1951 1825/141/1954 1827/154/1964
f 1987/141/1951 1991/154/1963 1828/154/1965 1826/141/1955
f 1992/159/1966 1993/144/1967 1915/144/1968 1909/159/1969
f 1993/144/1967 1992/159/1966 1910/159/1970 1916/144/1971
f 1993/144/1967 1994/143/1972 1913/143/1973 1915/144/1968
f 1994/143/1972 1993/144/1967 1916/144/1971 1914/143/1974
f 1994/143/1972 1995/160/1975 1911/160/1976 1913/143/1973
f 1995/160/1975 1994/143/1972 1914/143/1974 1912/160/1977
f 1995/160/1975 1992/159/1966 1909/159/1969 1911/160/1976
f 1992/159/1966 1995/160/1975 1912/160/1977 1910/159/1970
f 1996/147/1978 1997/145/1979 1833/145/1980 1831/147/1981
f 1997/145/1979 1996/147/1978 1832/147/1982 1834/145/1983
f 1997/145/1979 1998/145/1984 1829/145/1985 1833/145/1980
f 1998/145/1984 1997/145/1979 1834/145/1983 1830/145/1986
f 1998/145/1984 1999/142/1987 1835/142/1988 1829/145/1985
f 1999/142/1987 1998/145/1984 1830/145/1986 1836/142/1989
f 1999/142/1987 2000/148/1990 1837/148/1991 1835/142/1988
f 2000/148/1990 1999/142/1987 1836/142/1989 1838/148/1992
f 2000/148/1990 1996/147/1978 1831/147/1981 1837/148/1991
f 1996/147/1978 2000/148/1990 1838/148/1992 1832/147/1982
f 2001/147/1993 2002/148/1994 1755/148/1995 1749/147/1996
f 2002/148/1994 2001/147/1993 1750/147/1997 1756/148/1998
f 2002/148/1994 2003/149/1999 1751/149/2000 1755/148/1995
f 2003/149/1999 2002/148/1994 1756/148/1998 1752/149/2001
f 2003/149/1999 2004/150/2002 1753/150/2003 1751/149/2000
f 2004/150/2002 2003/149/1999 1752/149/2001 1754/150/2004
f 2004/150/2002 2001/147/1993 1749/147/1996 1753/150/2003
f 2001/147/1993 2004/150/2002 1754/150/2004 1750/147/1997
f 2005/161/2005 2006/162/2006 1887/162/2007 1871/161/2008
f 2006/162/2006 2005/161/2005 1872/161/2009 1888/162/2010
f 2006/162/2006 2007/162/2011 1883/162/2012 1887/162/2007
f 2007/162/2011 2006/162/2006 1888/162/2010 1884/162/2013
f 2007/162/2011 2008/161/2014 1879/161/2015 1883/162/2012
f 2008/161/2014 2007/162/2011 1884/162/2013 1880/161/2016
f 2008/161/2014 2005/161/2005 1871/161/2008 1879/161/2015
f 2005/161/2005 2008/161/2014 1880/161/2016 1872/161/2009
f 2009/163/2017 2010/162/2018 1851/162/2019 1849/163/2020
f 2010/162/2018 2009/163/2017 1850/163/2021 1852/162/2022
f 2010/162/2018 2011/161/2023 1847/161/2024 1851/162/2019
f 2011/161/2023 2010/162/2018 1852/162/2022 1848/161/2025
f 2011/161/2023 2012/164/2026 1855/164/2027 1847/161/2024
f 2012/164/2026 2011/161/2023 1848/161/2025 1856/164/2028
f 2012/164/2026 2013/157/2029 1853/157/2030 1855/164/2027
f 2013/157/2029 2012/164/2026 1856/164/2028 1854/157/2031
f 2013/157/2029 2014/156/2032 1859/156/2033 1853/157/2030
f 2014/156/2032 2013/157/2029 1854/157/2031 1860/156/2034
f 2014/156/2032 2015/165/2035 1857/165/2036 1859/156/2033
f 2015/165/2035 2014/156/2032 1860/156/2034 1858/165/2037
f 2015/165/2035 2016/166/2038 1861/166/2039 1857/165/2036
f 2016/166/2038 2015/165/2035 1858/165/2037 1862/166/2040
f 2016/166/2038 2009/163/2017 1849/163/2020 1861/166/2039
f 2009/163/2017 2016/166/2038 1862/166/2040 1850/163/2021
f 2017/163/2041 2018/163/2042 1895/163/2043 1891/163/2044
f 2018/163/2042 2017/163/2041 1892/163/2045 1896/163/2046
f 2018/163/2042 2019/162/2047 1883/162/2012 1895/163/2043
f 2019/162/2047 2018/163/2042 1896/163/2046 1884/162/2013
f 2019/162/2047 2020/162/2048 1887/162/2007 1883/162/2012
f 2020/162/2048 2019/162/2047 1884/162/2013 1888/162/2010
f 2020/162/2048 2017/163/2041 1891/163/2044 1887/162/2007
f 2017/163/2041 2020/162/2048 1888/162/2010 1892/163/2045
f 2021/141/2049 2022/141/2050 1907/141/2051 1921/141/2052
f 2022/141/2050 2021/141/2049 1922/141/2053 1908/141/2054
f 2022/141/2050 2023/142/2055 1917/142/2056 1907/141/2051
f 2023/142/2055 2022/141/2050 1908/141/2054 1918/142/2057
f 2023/142/2055 2024/142/2058 1919/142/2059 1917/142/2056
f 2024/142/2058 2023/142/2055 1918/142/2057 1920/142/2060
f 2024/142/2058 2021/141/2049 1921/141/2052 1919/142/2059
f 2021/141/2049 2024/142/2058 1920/142/2060 1922/141/2053
f 2025/160/2061 2026/142/2062 1917/142/2056 1911/160/1976
f 2026/142/2062 2025/160/2061 1912/160/1977 1918/142/2057
f 2026/142/2062 2027/141/2063 1907/141/2051 1917/142/2056
f 2027/141/2063 2026/142/2062 1918/142/2057 1908/141/2054
f 2027/141/2063 2028/159/2064 1909/159/1969 1907/141/2051
f 2028/159/2064 2027/141/2063 1908/141/2054 1910/159/1970
f 2028/159/2064 2025/160/2061 1911/160/1976 1909/159/1969
f 2025/160/2061 2028/159/2064 1910/159/1970 1912/160/1977
f 2029/161/2065 2030/161/2066 1879/161/2015 1871/161/2008
f 2030/161/2066 2029/161/2065 1872/161/2009 1880/161/2016
f 2030/161/2066 2031/164/2067 1873/164/2068 1879/161/2015
f 2031/164/2067 2030/161/2066 1880/161/2016 1874/164/2069
f 2031/164/2067 2032/164/2070 1875/164/2071 1873/164/2068
f 2032/164/2070 2031/164/2067 1874/164/2069 1876/164/2072
f 2032/164/2070 2029/161/2065 1871/161/2008 1875/164/2071
f 2029/161/2065 2032/164/2070 1876/164/2072 1872/161/2009
f 2033/165/2073 2034/165/2074 1893/165/2075 1901/165/2076
f 2034/165/2074 2033/165/2073 1902/165/2077 1894/165/2078
f 2034/165/2074 2035/156/2079 1889/156/1888 1893/165/2075
f 2035/156/2079 2034/165/2074 1894/165/2078 1890/156/1891
f 2035/156/2079 2036/156/2080 1885/156/1889 1889/156/1888
f 2036/156/2080 2035/156/2079 1890/156/1891 1886/156/1890
f 2036/156/2080 2033/165/2073 1901/165/2076 1885/156/1889
f 2033/165/2073 2036/156/2080 1886/156/1890 1902/165/2077
f 2037/146/2081 2038/145/2082 1773/145/2083 1769/146/2084
f 2038/145/2082 2037/146/2081 1770/146/2085 1774/145/2086
f 2038/145/2082 2039/145/2087 1767/145/2088 1773/145/2083
f 2039/145/2087 2038/145/2082 1774/145/2086 1768/145/2089
f 2039/145/2087 2040/146/2090 1771/146/2091 1767/145/2088
f 2040/146/2090 2039/145/2087 1768/145/2089 1772/146/2092
f 2040/146/2090 2037/146/2081 1769/146/2084 1771/146/2091
f 2037/146/2081 2040/146/2090 1772/146/2092 1770/146/2085
f 2041/145/2093 2042/151/2094 1739/151/2095 1737/145/2096
f 2042/151/2094 2041/145/2093 1738/145/2097 1740/151/2098
f 2042/151/2094 2043/152/2099 1733/152/2100 1739/151/2095
f 2043/152/2099 2042/151/2094 1740/151/2098 1734/152/2101
f 2043/152/2099 2044/146/2102 1735/146/2103 1733/152/2100
f 2044/146/2102 2043/152/2099 1734/152/2101 1736/146/2104
f 2044/146/2102 2041/145/2093 1737/145/2096 1735/146/2103
f 2041/145/2093 2044/146/2102 1736/146/2104 1738/145/2097
f 2045/164/2105 2046/157/2106 1881/157/1896 1873/164/2068
f 2046/157/2106 2045/164/2105 1874/164/2069 1882/157/1897
f 2046/157/2106 2047/157/2107 1877/157/1893 1881/157/1896
f 2047/157/2107 2046/157/2106 1882/157/1897 1878/157/1894
f 2047/157/2107 2048/164/2108 1875/164/2071 1877/157/1893
f 2048/164/2108 2047/157/2107 1878/157/1894 1876/164/2072
f 2048/164/2108 2045/164/2105 1873/164/2068 1875/164/2071
f 2045/164/2105 2048/164/2108 1876/164/2072 1874/164/2069
f 2049/163/2109 2050/167/2110 1899/167/2111 1891/163/2044
f 2050/167/2110 2049/163/2109 1892/163/2045 1900/167/2112
f 2050/167/2110 2051/167/2113 1897/167/2114 1899/167/2111
f 2051/167/2113 2050/167/2110 1900/167/2112 1898/167/2115
f 2051/167/2113 2052/163/2116 1895/163/2043 1897/167/2114
f 2052/163/2116 2051/167/2113 1898/167/2115 1896/163/2046
f 2052/163/2116 2049/163/2109 1891/163/2044 1895/163/2043
f 2049/163/2109 2052/163/2116 1896/163/2046 1892/163/2045
f 2053/166/2117 2054/166/2118 1905/166/2119 1903/166/2120
f 2054/166/2118 2053/166/2117 1904/166/2121 1906/166/2122
f 2054/166/2118 2055/165/2123 1893/165/2075 1905/166/2119
f 2055/165/2123 2054/166/2118 1906/166/2122 1894/165/2078
f 2055/165/2123 2056/165/2124 1901/165/2076 1893/165/2075
f 2056/165/2124 2055/165/2123 1894/165/2078 1902/165/2077
f 2056/165/2124 2053/166/2117 1903/166/2120 1901/165/2076
f 2053/166/2117 2056/165/2124 1902/165/2077 1904/166/2121
f 2057/142/2125 2058/145/2126 1869/145/2127 1867/142/2128
f 2058/145/2126 2057/142/2125 1868/142/2129 1870/145/2130
f 2058/145/2126 2059/146/2131 1863/146/2132 1869/145/2127
f 2059/146/2131 2058/145/2126 1870/145/2130 1864/146/2133
f 2059/146/2131 2060/141/2134 1865/141/2135 1863/146/2132
f 2060/141/2134 2059/146/2131 1864/146/2133 1866/141/2136
f 2060/141/2134 2057/142/2125 1867/142/2128 1865/141/2135
f 2057/142/2125 2060/141/2134 1866/141/2136 1868/142/2129
o Sphere_002_Sphere_82199642795777
v 0.000000 0.128811 0.283769
v 0.000001 0.129423 0.285673
v -0.200655 0.128811 0.200655
v -0.202001 0.129423 0.202001
v 0.000000 0.040682 0.295729
v 0.000001 0.040951 0.297711
v -0.209112 0.040682 0.209112
v -0.210513 0.040951 0.210513
v -0.153575 0.246407 0.153575
v -0.154660 0.247690 0.154660
v 0.000000 0.246407 0.217188
v 0.000001 0.247690 0.218722
v 0.000000 0.295951 0.148702
v 0.000001 0.297572 0.149874
v -0.105148 0.295951 0.105148
v -0.105977 0.297571 0.105977
v -0.283769 0.128811 -0.000000
v -0.285673 0.129423 0.000001
v -0.153575 0.246407 0.153575
v -0.154660 0.247690 0.154660
v -0.217188 0.246407 -0.000000
v -0.218722 0.247690 0.000001
v -0.148702 0.295951 -0.000000
v -0.149874 0.297571 0.000001
v -0.105148 0.295951 0.105148
v -0.105977 0.297571 0.105977
v -0.200655 0.128811 0.200655
v -0.202001 0.129423 0.202001
v -0.295729 0.040682 -0.000000
v -0.297711 0.040951 0.000001
v -0.209112 0.040682 0.209112
v -0.210513 0.040951 0.210513
v -0.153575 0.246407 -0.153575
v -0.154660 0.247690 -0.154660
v -0.200655 0.128811 -0.200655
v -0.202001 0.129423 -0.202001
v -0.283769 0.128811 -0.000000
v -0.285673 0.129423 0.000001
v -0.295729 0.040682 -0.000000
v -0.297711 0.040951 0.000001
v -0.209112 0.040682 -0.209112
v -0.210513 0.040951 -0.210513
v -0.217188 0.246407 -0.000000
v -0.218722 0.247690 0.000001
v -0.148702 0.295951 -0.000000
v -0.149874 0.297572 0.000001
v -0.105148 0.295951 -0.105148
v -0.105977 0.297571 -0.105977
v -0.200655 0.128811 -0.200655
v -0.202001 0.129423 -0.202001
v 0.000000 0.040682 -0.295729
v 0.000001 0.040951 -0.297711
v -0.209112 0.040682 -0.209112
v -0.210513 0.040951 -0.210513
v 0.000000 0.128811 -0.283769
v 0.000001 0.129423 -0.285673
v -0.153575 0.246407 -0.153575
v -0.154660 0.247690 -0.154660
v 0.000000 0.246407 -0.217188
v 0.000001 0.247690 -0.218722
v 0.000000 0.295951 -0.148702
v 0.000001 0.297571 -0.149874
v -0.105148 0.295951 -0.105148
v -0.105977 0.297571 -0.105977
v 0.153575 0.246407 -0.153575
v 0.154660 0.247690 -0.154660
v 0.000000 0.128811 -0.283769
v 0.000001 0.129423 -0.285673
v 0.000000 0.246407 -0.217188
v 0.000001 0.247690 -0.218722
v 0.000000 0.295951 -0.148702
v 0.000001 0.297572 -0.149874
v 0.105148 0.295951 -0.105148
v 0.105977 0.297571 -0.105977
v 0.200655 0.128811 -0.200655
v 0.202001 0.129423 -0.202002
v 0.000000 0.040682 -0.295729
v 0.000001 0.040951 -0.297711
v 0.209112 0.040682 -0.209112
v 0.210513 0.040951 -0.210513
v 0.153575 0.246407 -0.153575
v 0.154660 0.247690 -0.154660
v 0.283769 0.128811 -0.000000
v 0.285673 0.129423 0.000001
v 0.200655 0.128811 -0.200655
v 0.202001 0.129423 -0.202001
v 0.295729 0.040682 -0.000000
v 0.297711 0.040951 0.000001
v 0.209112 0.040682 -0.209112
v 0.210513 0.040951 -0.210513
v 0.217188 0.246407 -0.000000
v 0.218722 0.247690 0.000001
v 0.148702 0.295951 -0.000000
v 0.149874 0.297571 0.000001
v 0.105148 0.295951 -0.105148
v 0.105977 0.297571 -0.105977
v 0.283769 0.128811 -0.000000
v 0.285673 0.129423 0.000001
v 0.200655 0.128811 0.200655
v 0.202001 0.129423 0.202001
v 0.295729 0.040682 -0.000000
v 0.297711 0.040951 0.000001
v 0.209112 0.040682 0.209112
v 0.210513 0.040951 0.210513
v 0.153575 0.246407 0.153575
v 0.154660 0.247690 0.154660
v 0.217188 0.246407 -0.000000
v 0.218722 0.247690 0.000001
v 0.148702 0.295951 -0.000000
v 0.149874 0.297572 0.000001
v 0.105148 0.295951 0.105148
v 0.105977 0.297571 0.105977
v 0.200655 0.128811 0.200655
v 0.202001 0.129423 0.202001
v 0.000000 0.040682 0.295729
v 0.000001 0.040951 0.297711
v 0.209112 0.040682 0.209112
v 0.210513 0.040951 0.210513
v 0.000000 0.128811 0.283769
v 0.000001 0.129423 0.285673
v 0.153575 0.246407 0.153575
v 0.154660 0.247690 0.154660
v 0.000000 0.246407 0.217188
v 0.000001 0.247690 0.218722
v 0.000000 0.295951 0.148702
v 0.000001 0.297571 0.149874
v 0.105148 0.295951 0.105148
v 0.105977 0.297571 0.105977
v 0.000000 -0.106271 0.283769
v 0.000001 -0.106883 0.285673
v -0.153575 -0.223867 0.153575
v -0.154660 -0.225150 0.154660
v 0.000000 -0.223867 0.217188
v 0.000001 -0.225150 0.218722
v 0.000000 -0.295951 0.117541
v 0.000001 -0.297571 0.118713
v -0.083114 -0.295951 0.083114
v -0.083943 -0.297571 0.083944
v -0.200655 -0.106271 0.200655
v -0.202001 -0.106883 0.202002
v 0.000000 -0.018142 0.295729
v 0.000001 -0.018411 0.297711
v -0.209112 -0.018142 0.209112
v -0.210513 -0.018411 0.210513
v -0.153575 -0.223867 0.153575
v -0.154660 -0.225150 0.154660
v -0.117541 -0.295951 0.000000
v -0.118713 -0.297571 0.000001
v -0.083114 -0.295951 0.083114
v -0.083944 -0.297571 0.083943
v -0.217188 -0.223867 0.000000
v -0.218722 -0.225150 0.000001
v -0.283769 -0.106271 0.000000
v -0.285673 -0.106883 0.000001
v -0.200655 -0.106271 0.200655
v -0.202002 -0.106882 0.202001
v -0.295729 -0.018142 0.000000
v -0.297711 -0.018411 0.000001
v -0.209112 -0.018142 0.209112
v -0.210513 -0.018411 0.210513
v -0.153575 -0.223867 -0.153575
v -0.154660 -0.225150 -0.154660
v -0.283769 -0.106271 0.000000
v -0.285673 -0.106883 0.000001
v -0.200655 -0.106271 -0.200655
v -0.202002 -0.106883 -0.202001
v -0.295729 -0.018142 0.000000
v -0.297711 -0.018411 0.000001
v -0.209112 -0.018142 -0.209112
v -0.210513 -0.018411 -0.210513
v -0.217188 -0.223867 0.000000
v -0.218722 -0.225150 0.000001
v -0.117541 -0.295951 0.000000
v -0.118713 -0.297571 0.000001
v -0.083114 -0.295951 -0.083114
v -0.083944 -0.297571 -0.083943
v 0.000000 -0.106271 -0.283769
v 0.000001 -0.106883 -0.285673
v -0.153575 -0.223867 -0.153575
v -0.154660 -0.225150 -0.154660
v -0.200655 -0.106271 -0.200655
v -0.202001 -0.106883 -0.202002
v 0.000000 -0.018142 -0.295729
v 0.000001 -0.018411 -0.297711
v -0.209112 -0.018142 -0.209112
v -0.210513 -0.018411 -0.210513
v 0.000000 -0.223867 -0.217188
v 0.000001 -0.225150 -0.218722
v 0.000000 -0.295951 -0.117541
v 0.000001 -0.297571 -0.118713
v -0.083114 -0.295951 -0.083114
v -0.083943 -0.297571 -0.083944
v 0.153575 -0.223867 -0.153575
v 0.154660 -0.225150 -0.154660
v 0.000000 -0.295951 -0.117541
v 0.000001 -0.297571 -0.118713
v 0.000000 -0.223867 -0.217188
v 0.000001 -0.225150 -0.218722
v 0.083114 -0.295951 -0.083114
v 0.083943 -0.297571 -0.083944
v 0.000000 -0.106271 -0.283769
v 0.000001 -0.106883 -0.285673
v 0.200655 -0.106271 -0.200655
v 0.202001 -0.106883 -0.202002
v 0.000000 -0.018142 -0.295729
v 0.000001 -0.018411 -0.297711
v 0.209112 -0.018142 -0.209112
v 0.210513 -0.018411 -0.210513
v 0.153575 -0.223867 -0.153575
v 0.154660 -0.225150 -0.154660
v 0.117541 -0.295951 0.000000
v 0.118713 -0.297571 0.000001
v 0.083114 -0.295951 -0.083114
v 0.083944 -0.297571 -0.083943
v 0.217188 -0.223867 0.000000
v 0.218722 -0.225150 0.000001
v 0.283769 -0.106271 0.000000
v 0.285673 -0.106883 0.000001
v 0.200655 -0.106271 -0.200655
v 0.202002 -0.106883 -0.202001
v 0.295729 -0.018142 0.000000
v 0.297711 -0.018411 0.000001
v 0.209112 -0.018142 -0.209112
v 0.210513 -0.018411 -0.210513
v 0.283769 -0.106271 0.000000
v 0.285673 -0.106883 0.000001
v 0.153575 -0.223867 0.153575
v 0.154660 -0.225150 0.154660
v 0.217188 -0.223867 0.000000
v 0.218722 -0.225150 0.000001
v 0.117541 -0.295951 0.000000
v 0.118713 -0.297571 0.000001
v 0.083114 -0.295951 0.083114
v 0.083944 -0.297571 0.083943
v 0.200655 -0.106271 0.200655
v 0.202002 -0.106883 0.202001
v 0.295729 -0.018142 0.000000
v 0.297711 -0.018411 0.000001
v 0.209112 -0.018142 0.209112
v 0.210513 -0.018411 0.210513
v 0.000000 -0.223867 0.217188
v 0.000001 -0.225150 0.218722
v 0.153575 -0.223867 0.153575
v 0.154660 -0.225150 0.154660
v 0.000000 -0.106271 0.283769
v 0.000001 -0.106883 0.285673
v 0.000000 -0.295951 0.117541
v 0.000001 -0.297571 0.118713
v 0.083114 -0.295951 0.083114
v 0.083943 -0.297571 0.083944
v 0.200655 -0.106271 0.200655
v 0.202001 -0.106882 0.202002
v 0.000000 -0.018142 0.295729
v 0.000001 -0.018411 0.297711
v 0.209112 -0.018142 0.209112
v 0.210513 -0.018411 0.210513
v -0.153917 0.247665 0.152543
v -0.106568 0.296145 0.105193
v -0.149738 0.296145 0.000972
v -0.216700 0.247665 0.000972
v -0.283830 0.130003 0.000941
v -0.201363 0.130003 0.200033
v -0.154862 0.246163 0.153531
v -0.218067 0.246163 0.000941
v -0.149738 0.296145 -0.000971
v -0.106568 0.296145 -0.105193
v -0.153917 0.247665 -0.152543
v -0.216700 0.247665 -0.000971
v -0.296202 -0.019269 -0.000925
v -0.210101 -0.019269 -0.208792
v -0.201807 -0.105585 -0.200498
v -0.284473 -0.105585 -0.000925
v 0.153917 0.247665 -0.152543
v 0.106568 0.296145 -0.105193
v 0.149738 0.296145 -0.000971
v 0.216700 0.247665 -0.000971
v -0.154862 -0.223622 0.153531
v -0.201363 -0.107463 0.200033
v -0.283830 -0.107463 0.000941
v -0.218067 -0.223623 0.000941
v 0.153531 0.246163 0.154862
v 0.000941 0.246163 0.218067
v 0.000941 0.130003 0.283830
v 0.200033 0.130003 0.201363
v -0.208792 0.041809 0.210101
v -0.000925 0.041809 0.296202
v -0.000925 0.128125 0.284472
v -0.200498 0.128125 0.201807
v 0.149738 0.296145 0.000972
v 0.106568 0.296145 0.105193
v 0.153917 0.247665 0.152543
v 0.216700 0.247665 0.000972
v 0.153917 -0.225125 -0.152543
v 0.216700 -0.225125 -0.000971
v 0.118577 -0.296145 -0.000971
v 0.084534 -0.296144 -0.083159
v 0.152543 -0.225125 -0.153917
v 0.083159 -0.296144 -0.084534
v 0.000972 -0.296145 -0.118577
v 0.000972 -0.225125 -0.216700
v 0.152543 0.247665 0.153917
v 0.105193 0.296145 0.106568
v 0.000972 0.296145 0.149738
v 0.000972 0.247665 0.216700
v -0.152543 -0.225125 0.153917
v -0.083159 -0.296144 0.084534
v -0.000971 -0.296145 0.118577
v -0.000971 -0.225125 0.216700
v -0.153917 -0.225125 0.152543
v -0.216700 -0.225125 0.000972
v -0.118577 -0.296145 0.000972
v -0.084534 -0.296144 0.083159
v -0.154862 -0.223622 -0.153531
v -0.218067 -0.223622 -0.000940
v -0.283830 -0.107463 -0.000940
v -0.201363 -0.107463 -0.200033
v -0.153917 -0.225125 -0.152543
v -0.084534 -0.296144 -0.083159
v -0.118577 -0.296145 -0.000971
v -0.216700 -0.225125 -0.000971
v -0.000971 0.296145 0.149738
v -0.105193 0.296145 0.106568
v -0.152543 0.247665 0.153917
v -0.000971 0.247665 0.216700
v -0.200498 0.128125 -0.201807
v -0.000925 0.128125 -0.284473
v -0.000925 0.041809 -0.296202
v -0.208792 0.041809 -0.210101
v 0.283830 -0.107463 0.000941
v 0.201363 -0.107463 0.200033
v 0.154862 -0.223622 0.153531
v 0.218067 -0.223622 0.000941
v -0.152543 0.247665 -0.153917
v -0.105193 0.296145 -0.106568
v -0.000971 0.296145 -0.149738
v -0.000971 0.247665 -0.216700
v 0.153917 -0.225125 0.152543
v 0.084534 -0.296144 0.083160
v 0.118577 -0.296145 0.000972
v 0.216700 -0.225125 0.000972
v -0.153531 0.246163 -0.154862
v -0.000940 0.246163 -0.218067
v -0.000940 0.130003 -0.283830
v -0.200033 0.130003 -0.201363
v 0.000972 0.296145 -0.149738
v 0.105193 0.296145 -0.106568
v 0.152543 0.247665 -0.153917
v 0.000972 0.247665 -0.216700
v -0.283830 0.130003 -0.000940
v -0.218067 0.246163 -0.000940
v -0.154862 0.246163 -0.153531
v -0.201363 0.130003 -0.200033
v -0.296202 0.041809 0.000926
v -0.210101 0.041809 0.208792
v -0.201807 0.128125 0.200498
v -0.284473 0.128125 0.000926
v 0.200498 0.128125 -0.201807
v 0.208792 0.041809 -0.210101
v 0.000926 0.041809 -0.296202
v 0.000926 0.128125 -0.284472
v -0.210101 0.041809 -0.208792
v -0.296202 0.041809 -0.000925
v -0.284472 0.128125 -0.000925
v -0.201807 0.128125 -0.200498
v -0.000925 -0.019269 0.296202
v -0.208792 -0.019269 0.210101
v -0.200498 -0.105585 0.201807
v -0.000925 -0.105585 0.284473
v 0.296202 0.041809 -0.000925
v 0.210101 0.041809 -0.208792
v 0.201807 0.128125 -0.200498
v 0.284473 0.128125 -0.000925
v 0.218067 0.246163 0.000941
v 0.154862 0.246163 0.153531
v 0.201363 0.130003 0.200033
v 0.283830 0.130003 0.000941
v -0.201807 -0.105585 0.200498
v -0.210101 -0.019269 0.208792
v -0.296202 -0.019269 0.000926
v -0.284473 -0.105585 0.000926
v -0.000940 -0.107463 -0.283830
v -0.000940 -0.223623 -0.218067
v -0.153531 -0.223622 -0.154862
v -0.200033 -0.107463 -0.201363
v -0.000971 -0.296145 -0.118577
v -0.083159 -0.296144 -0.084534
v -0.152543 -0.225125 -0.153917
v -0.000971 -0.225125 -0.216700
v 0.000926 -0.019269 -0.296202
v 0.208792 -0.019269 -0.210101
v 0.200498 -0.105585 -0.201807
v 0.000926 -0.105585 -0.284473
v -0.200498 -0.105585 -0.201807
v -0.208792 -0.019269 -0.210101
v -0.000925 -0.019269 -0.296202
v -0.000925 -0.105585 -0.284473
v 0.154862 0.246163 -0.153531
v 0.218067 0.246163 -0.000940
v 0.283830 0.130003 -0.000940
v 0.201363 0.130003 -0.200033
v -0.000940 -0.107463 0.283830
v -0.200033 -0.107463 0.201363
v -0.153531 -0.223622 0.154862
v -0.000940 -0.223622 0.218067
v 0.201807 0.128125 0.200498
v 0.210101 0.041809 0.208792
v 0.296202 0.041809 0.000926
v 0.284472 0.128125 0.000926
v 0.200498 0.128125 0.201807
v 0.000926 0.128125 0.284473
v 0.000926 0.041809 0.296202
v 0.208792 0.041809 0.210101
v 0.000941 -0.107463 -0.283830
v 0.200033 -0.107463 -0.201363
v 0.153531 -0.223622 -0.154862
v 0.000941 -0.223623 -0.218067
v 0.296202 -0.019269 0.000926
v 0.210101 -0.019269 0.208792
v 0.201807 -0.105585 0.200498
v 0.284473 -0.105585 0.000926
v 0.153531 -0.223622 0.154862
v 0.200033 -0.107463 0.201363
v 0.000941 -0.107463 0.283830
v 0.000941 -0.223623 0.218067
v 0.210101 -0.019269 -0.208792
v 0.296202 -0.019269 -0.000925
v 0.284473 -0.105585 -0.000925
v 0.201807 -0.105585 -0.200498
v 0.208792 -0.019269 0.210101
v 0.000926 -0.019269 0.296202
v 0.000926 -0.105585 0.284473
v 0.200498 -0.105585 0.201807
v -0.000940 0.130003 0.283830
v -0.000940 0.246163 0.218067
v -0.153531 0.246163 0.154862
v -0.200033 0.130003 0.201363
v 0.153531 0.246163 -0.154862
v 0.200033 0.130003 -0.201363
v 0.000941 0.130003 -0.283830
v 0.000941 0.246163 -0.218067
v 0.000972 -0.296145 0.118577
v 0.083159 -0.296144 0.084534
v 0.152543 -0.225125 0.153917
v 0.000972 -0.225125 0.216700
v 0.201363 -0.107463 -0.200033
v 0.283830 -0.107463 -0.000940
v 0.218067 -0.223623 -0.000940
v 0.154862 -0.223622 -0.153531
vn 0.2657 0.5744 -0.7743
vn -0.7194 -0.5871 -0.3711
vn 0.0425 -0.8960 -0.4419
vn 0.5348 -0.7002 -0.4729
vn -0.7920 0.5664 0.2279
vn -0.8621 0.4702 0.1887
vn -0.2467 -0.5870 0.7711
vn 0.3423 -0.8962 0.2823
vn -0.7428 0.4702 0.4767
vn 0.7729 0.2718 0.5734
vn 0.7125 -0.7003 -0.0434
vn -0.7210 0.5662 0.3994
vn 0.4004 0.3298 0.8549
vn 0.0306 0.4300 -0.9023
vn 0.7884 -0.3386 -0.5136
vn 0.9207 -0.3386 -0.1939
vn -0.8838 0.2713 0.3813
vn -0.8943 0.2714 0.3559
vn -0.5097 -0.6926 -0.5104
vn 0.0001 -0.6927 0.7213
vn -0.2103 -0.3159 -0.9252
vn -0.7195 -0.5871 0.3711
vn 0.0425 -0.8960 0.4419
vn 0.3428 -0.8960 -0.2821
vn -0.7430 0.4708 -0.4757
vn -0.8621 0.4703 -0.1887
vn 0.1410 0.2715 0.9521
vn 0.5348 -0.7002 0.4729
vn -0.7920 0.5663 -0.2279
vn 0.7729 0.2712 -0.5736
vn 0.7125 -0.7003 0.0441
vn -0.7213 0.5666 -0.3984
vn 0.3233 -0.3348 -0.8851
vn -0.0557 -0.5072 0.8600
vn 0.6797 -0.0341 0.7327
vn 0.9987 -0.0339 -0.0375
vn -0.8185 -0.4381 -0.3716
vn -0.8417 -0.4382 -0.3155
vn -0.2503 0.6585 0.7098
vn 0.7884 0.3384 0.5136
vn -0.8943 -0.2712 -0.3559
vn 0.3252 0.6582 -0.6789
vn 0.9206 0.3384 0.1947
vn -0.8842 -0.2712 -0.3802
vn -0.2657 0.5743 0.7743
vn 0.7195 -0.5871 0.3711
vn -0.0425 -0.8960 0.4419
vn -0.5348 -0.7003 0.4729
vn 0.7920 0.5664 -0.2279
vn 0.8621 0.4703 -0.1887
vn 0.2461 -0.5873 -0.7711
vn -0.3428 -0.8960 -0.2821
vn 0.7430 0.4708 -0.4757
vn -0.7729 0.2712 -0.5736
vn -0.7125 -0.7003 0.0441
vn 0.7213 0.5666 -0.3984
vn -0.6673 0.7329 -0.1326
vn 0.0306 -0.4301 -0.9023
vn 0.7884 0.3384 -0.5137
vn 0.5349 0.7001 -0.4730
vn -0.7921 -0.5662 0.2280
vn -0.8943 -0.2711 0.3559
vn 0.6595 -0.4304 0.6162
vn 0.9208 0.3384 -0.1939
vn -0.8838 -0.2711 0.3813
vn 0.0002 0.6927 0.7213
vn 0.7126 0.7002 -0.0434
vn -0.7211 -0.5662 0.3994
vn -0.6198 -0.3968 0.6771
vn 0.7213 -0.6927 -0.0001
vn -0.0434 -0.7003 -0.7125
vn -0.4729 -0.7002 -0.5348
vn 0.2279 0.5664 0.7920
vn 0.3994 0.5662 0.7210
vn 0.6162 0.4304 -0.6596
vn -0.1939 -0.3386 -0.9207
vn 0.3813 0.2713 0.8838
vn -0.9023 0.4300 -0.0307
vn -0.5136 -0.3386 -0.7884
vn 0.3559 0.2714 0.8943
vn 0.8544 0.3352 0.3971
vn -0.6477 0.5067 -0.5690
vn -0.0375 0.0338 -0.9987
vn 0.7328 0.0341 -0.6796
vn -0.3155 0.4384 0.8416
vn -0.3716 0.4383 0.8184
vn -0.6789 -0.6583 -0.3252
vn 0.1947 -0.3386 -0.9206
vn -0.3802 0.2715 0.8842
vn 0.7098 -0.6585 0.2503
vn 0.5136 -0.3385 -0.7884
vn -0.3559 0.2713 0.8943
vn 0.2111 -0.3166 0.9248
vn 0.7194 -0.5871 -0.3711
vn -0.0425 -0.8960 -0.4419
vn -0.3423 -0.8962 0.2823
vn 0.7428 0.4702 0.4767
vn 0.8621 0.4702 0.1887
vn -0.1410 0.2715 -0.9520
vn -0.5348 -0.7002 -0.4729
vn 0.7920 0.5663 0.2279
vn -0.7729 0.2718 0.5734
vn -0.7125 -0.7003 -0.0434
vn 0.7210 0.5663 0.3994
vn 0.1893 -0.2904 0.9380
vn -0.7729 -0.2713 -0.5736
vn -0.7126 0.7002 0.0441
vn -0.5349 0.7002 0.4730
vn 0.7921 -0.5662 -0.2280
vn 0.7214 -0.5665 -0.3983
vn 0.2460 0.5873 -0.7711
vn -0.3428 0.8960 -0.2822
vn 0.7430 -0.4708 -0.4758
vn 0.7194 0.5871 0.3711
vn -0.0425 0.8960 0.4420
vn 0.8621 -0.4703 -0.1886
vn -0.7743 -0.5744 0.2657
vn -0.3711 0.5871 -0.7194
vn -0.4420 0.8960 0.0425
vn -0.4730 0.7002 0.5349
vn 0.2280 -0.5663 -0.7921
vn 0.1887 -0.4702 -0.8622
vn 0.7711 0.5870 -0.2467
vn 0.2823 0.8962 0.3423
vn 0.4767 -0.4702 -0.7428
vn 0.5733 -0.2719 0.7729
vn -0.0434 0.7002 0.7126
vn 0.3994 -0.5662 -0.7211
vn -0.7743 0.5744 -0.2657
vn -0.3711 -0.5871 0.7194
vn -0.4419 -0.8960 -0.0425
vn 0.1887 0.4702 0.8621
vn 0.7711 -0.5870 0.2467
vn 0.2823 -0.8962 -0.3423
vn 0.4767 0.4702 0.7428
vn 0.5734 0.2718 -0.7729
vn 0.7743 -0.5743 -0.2657
vn 0.3711 0.5871 0.7194
vn 0.4420 0.8960 -0.0425
vn 0.4730 0.7002 -0.5349
vn -0.2280 -0.5663 0.7920
vn -0.1886 -0.4703 0.8621
vn -0.7711 0.5873 0.2460
vn -0.2822 0.8960 -0.3428
vn -0.4758 -0.4708 0.7430
vn -0.5736 -0.2713 -0.7729
vn 0.0441 0.7002 -0.7126
vn -0.3983 -0.5665 0.7214
vn -0.1893 -0.2904 -0.9380
vn 0.7729 -0.2719 0.5733
vn -0.2467 0.5870 0.7711
vn 0.3423 0.8962 0.2824
vn -0.7428 -0.4702 0.4767
vn -0.7194 0.5871 -0.3711
vn 0.0425 0.8960 -0.4420
vn -0.8621 -0.4702 0.1886
vn -0.6770 0.3968 0.6198
vn 0.0009 0.6926 -0.7213
vn 0.7126 0.7002 0.0441
vn 0.5348 0.7002 0.4730
vn -0.7920 -0.5663 -0.2280
vn -0.7214 -0.5665 -0.3983
vn 0.6598 -0.4296 -0.6165
vn 0.0306 -0.4300 0.9023
vn 0.2657 -0.5743 0.7743
vn -0.7194 0.5871 0.3711
vn 0.0425 0.8960 0.4420
vn -0.8621 -0.4703 -0.1886
vn -0.2460 0.5873 -0.7711
vn 0.3428 0.8960 -0.2822
vn -0.7430 -0.4708 -0.4758
vn 0.7729 -0.2713 -0.5736
vn -0.9252 -0.3159 0.2104
vn 0.3711 -0.5871 0.7195
vn 0.4419 -0.8960 -0.0425
vn -0.2821 -0.8960 -0.3428
vn -0.4758 0.4708 0.7430
vn -0.1887 0.4703 0.8621
vn 0.9521 0.2715 -0.1410
vn 0.4729 -0.7002 -0.5348
vn -0.2279 0.5664 0.7920
vn -0.5736 0.2712 -0.7729
vn 0.0441 -0.7003 -0.7125
vn -0.3984 0.5666 0.7213
vn 0.7592 -0.3885 -0.5223
vn -0.6789 -0.6583 0.3252
vn 0.1947 -0.3385 0.9206
vn 0.5136 -0.3386 0.7884
vn -0.3559 0.2714 -0.8943
vn -0.3802 0.2714 -0.8842
vn -0.6477 0.5067 0.5690
vn -0.0375 0.0338 0.9987
vn -0.3716 0.4383 -0.8184
vn 0.8601 0.5071 -0.0557
vn 0.7328 0.0341 0.6796
vn -0.3155 0.4384 -0.8416
vn -0.4004 -0.3299 0.8549
vn -0.0306 -0.4300 -0.9023
vn -0.7884 0.3384 -0.5137
vn -0.9208 0.3384 -0.1939
vn 0.8838 -0.2711 0.3813
vn 0.8943 -0.2712 0.3559
vn 0.5096 0.6926 -0.5104
vn -0.5348 0.7002 -0.4730
vn 0.7921 -0.5663 0.2280
vn -0.0002 0.6926 0.7213
vn -0.7126 0.7002 -0.0434
vn 0.7211 -0.5662 0.3994
vn 0.7743 0.5743 0.2657
vn 0.3711 -0.5871 -0.7195
vn 0.4419 -0.8960 0.0425
vn 0.4729 -0.7003 0.5348
vn -0.2279 0.5664 -0.7920
vn -0.1887 0.4703 -0.8621
vn -0.7711 -0.5873 -0.2460
vn -0.2821 -0.8960 0.3428
vn -0.4757 0.4708 -0.7430
vn -0.5736 0.2712 0.7729
vn 0.0441 -0.7003 0.7125
vn -0.3984 0.5666 -0.7213
vn -0.2657 -0.5744 -0.7743
vn 0.7194 0.5871 -0.3711
vn -0.0425 0.8960 -0.4420
vn 0.8622 -0.4702 0.1886
vn 0.2467 0.5870 0.7711
vn -0.3423 0.8962 0.2823
vn 0.7428 -0.4702 0.4767
vn -0.7729 -0.2719 0.5733
vn 0.6198 -0.3968 -0.6771
vn -0.7213 -0.6926 0.0008
vn -0.6165 0.4296 0.6598
vn 0.9024 0.4299 0.0306
vn 0.9248 -0.3166 -0.2111
vn -0.3711 -0.5871 -0.7194
vn -0.4419 -0.8960 0.0425
vn 0.2823 -0.8962 0.3423
vn 0.4767 0.4702 -0.7428
vn 0.1887 0.4702 -0.8621
vn -0.9520 0.2716 0.1411
vn -0.4729 -0.7002 0.5348
vn 0.2279 0.5663 -0.7920
vn 0.5734 0.2718 0.7729
vn -0.0434 -0.7003 0.7125
vn 0.3994 0.5663 -0.7210
vn 0.4612 0.8114 -0.3591
vn 0.0008 -0.6926 -0.7213
vn 0.9206 -0.3386 0.1947
vn -0.8842 0.2715 -0.3802
vn -0.5097 -0.6926 0.5104
vn 0.0306 0.4299 0.9023
vn 0.7884 -0.3385 0.5136
vn -0.8943 0.2713 -0.3559
vn 0.3233 0.3357 0.8847
vn -0.0557 0.5072 -0.8600
vn 0.6796 0.0342 -0.7328
vn 0.9987 0.0344 0.0376
vn -0.8179 0.4385 0.3725
vn -0.8416 0.4384 0.3154
vn -0.2503 -0.6586 -0.7097
vn 0.3245 -0.6588 0.6787
vn -0.2633 -0.8825 -0.3897
vn -0.8600 0.5072 -0.0557
vn -0.7328 0.0342 0.6796
vn -0.5136 -0.3385 0.7884
vn 0.3559 0.2713 -0.8943
vn 0.3155 0.4384 -0.8416
vn 0.6474 0.5076 0.5686
vn 0.0376 0.0344 0.9987
vn 0.3725 0.4384 -0.8179
vn 0.6787 -0.6588 0.3245
vn -0.1939 -0.3386 0.9207
vn 0.3813 0.2714 -0.8837
vn -0.3971 0.3352 0.8544
vn 0.5690 0.5067 -0.6477
vn 0.9987 0.0338 -0.0375
vn 0.6796 0.0341 0.7328
vn -0.8416 0.4384 -0.3155
vn -0.8184 0.4383 -0.3716
vn 0.3252 -0.6583 -0.6789
vn -0.2503 -0.6585 0.7098
vn -0.8851 -0.3348 -0.3233
vn 0.8600 -0.5072 0.0557
vn 0.7327 -0.0341 -0.6797
vn -0.0374 -0.0339 -0.9987
vn -0.3716 -0.4381 0.8185
vn -0.3155 -0.4382 0.8417
vn 0.7098 0.6585 0.2503
vn 0.5136 0.3384 -0.7885
vn -0.3559 -0.2712 0.8943
vn -0.6789 0.6582 -0.3252
vn 0.1947 0.3384 -0.9206
vn -0.3802 -0.2712 0.8842
vn -0.3234 0.3348 -0.8851
vn 0.0557 0.5071 0.8601
vn -0.6796 0.0341 0.7328
vn -0.9987 0.0338 -0.0375
vn 0.8184 0.4383 -0.3716
vn 0.8416 0.4384 -0.3155
vn 0.2503 -0.6585 0.7097
vn -0.7884 -0.3386 0.5136
vn 0.8943 0.2714 -0.3559
vn -0.3252 -0.6583 -0.6789
vn -0.9206 -0.3385 0.1947
vn 0.8842 0.2714 -0.3802
vn 0.0407 -0.3972 0.9168
vn 0.5097 -0.6926 -0.5104
vn -0.0307 0.4300 -0.9023
vn -0.7884 -0.3385 -0.5136
vn 0.8943 0.2713 0.3559
vn -0.6596 0.4303 0.6162
vn -0.9207 -0.3386 -0.1939
vn 0.8837 0.2714 0.3813
vn -0.3897 0.8825 -0.2633
vn -0.0557 -0.5072 -0.8600
vn 0.6797 -0.0342 -0.7327
vn -0.8417 -0.4382 0.3155
vn 0.5685 -0.5076 0.6474
vn 0.9987 -0.0345 0.0375
vn -0.8180 -0.4383 0.3725
vn 0.3246 0.6587 0.6787
vn -0.3591 -0.8114 0.4611
vn -0.7213 0.6926 0.0009
vn 0.0441 0.7002 0.7126
vn 0.1947 0.3384 0.9206
vn -0.3802 -0.2713 -0.8842
vn -0.3983 -0.5665 -0.7214
vn 0.5105 0.6926 -0.5097
vn 0.4730 0.7001 0.5349
vn -0.2280 -0.5662 -0.7921
vn 0.9023 -0.4300 0.0306
vn 0.5136 0.3384 0.7885
vn -0.3559 -0.2711 -0.8943
vn -0.9252 0.3159 -0.2103
vn 0.3711 0.5871 -0.7194
vn 0.4420 0.8960 0.0425
vn -0.2822 0.8960 0.3428
vn -0.4758 -0.4708 -0.7430
vn -0.1886 -0.4703 -0.8621
vn 0.9520 -0.2716 0.1410
vn -0.5736 -0.2713 0.7729
vn 0.8847 -0.3357 0.3233
vn -0.8600 -0.5072 -0.0557
vn -0.7327 -0.0342 0.6797
vn 0.0375 -0.0345 0.9987
vn 0.3725 -0.4383 -0.8180
vn 0.3155 -0.4382 -0.8417
vn -0.7097 0.6585 -0.2502
vn -0.5137 0.3384 0.7884
vn 0.3559 -0.2712 -0.8943
vn 0.6787 0.6587 0.3246
vn -0.1939 0.3384 0.9208
vn 0.3813 -0.2711 -0.8838
vn 0.2633 0.8825 -0.3897
vn 0.8600 -0.5072 -0.0557
vn 0.7327 -0.0341 0.6797
vn -0.3155 -0.4382 -0.8417
vn -0.6477 -0.5068 0.5689
vn -0.0374 -0.0339 0.9987
vn -0.3716 -0.4381 -0.8185
vn -0.6789 0.6582 0.3252
vn 0.6771 -0.3968 0.6198
vn -0.0008 -0.6926 -0.7213
vn -0.6598 0.4296 -0.6165
vn -0.0306 0.4299 0.9024
vn -0.8553 -0.3290 -0.4002
vn 0.9023 -0.4300 -0.0306
vn 0.5105 0.6926 0.5097
vn -0.7213 0.6926 -0.0009
vn 0.3897 -0.8825 -0.2633
vn 0.0557 0.5072 -0.8600
vn -0.6796 0.0342 -0.7328
vn 0.8416 0.4384 0.3154
vn -0.5686 0.5076 0.6474
vn -0.9987 0.0344 0.0376
vn 0.8179 0.4384 0.3725
vn -0.3245 -0.6588 0.6787
vn -0.7591 -0.3885 0.5223
vn 0.6787 -0.6588 -0.3245
vn 0.6474 0.5076 -0.5686
vn 0.0376 0.0344 -0.9987
vn 0.3725 0.4385 0.8179
vn -0.8600 0.5072 0.0557
vn -0.7328 0.0342 -0.6796
vn 0.3154 0.4384 0.8416
vn 0.8549 -0.3299 0.4004
vn -0.9023 -0.4300 0.0306
vn -0.5104 0.6926 -0.5096
vn 0.7213 0.6926 0.0002
vn -0.3233 -0.3357 0.8847
vn 0.0557 -0.5072 -0.8600
vn -0.6797 -0.0342 -0.7327
vn -0.9987 -0.0345 0.0376
vn 0.8180 -0.4383 0.3725
vn 0.8417 -0.4382 0.3155
vn 0.2502 0.6585 -0.7097
vn -0.3246 0.6587 0.6788
vn -0.1326 0.7329 0.6673
vn -0.9023 -0.4301 -0.0306
vn -0.5137 0.3384 -0.7885
vn -0.4730 0.7001 -0.5349
vn 0.2280 -0.5662 0.7921
vn 0.3559 -0.2711 0.8943
vn 0.6162 -0.4304 -0.6595
vn -0.1939 0.3384 -0.9208
vn 0.3813 -0.2711 0.8838
vn 0.7213 0.6926 -0.0002
vn -0.0434 0.7002 -0.7126
vn 0.3994 -0.5662 0.7211
vn 0.3971 -0.3352 0.8544
vn -0.5689 -0.5068 -0.6477
vn -0.9987 -0.0339 -0.0375
vn -0.6797 -0.0341 0.7327
vn 0.8417 -0.4382 -0.3155
vn 0.8185 -0.4381 -0.3716
vn -0.3252 0.6582 -0.6789
vn -0.9206 0.3384 0.1947
vn 0.8842 -0.2713 -0.3802
vn 0.2503 0.6584 0.7098
vn -0.7885 0.3384 0.5136
vn 0.8943 -0.2711 -0.3559
vn -0.8543 -0.3353 0.3971
vn 0.6474 -0.5076 -0.5685
vn 0.0375 -0.0345 -0.9987
vn -0.7327 -0.0342 -0.6797
vn 0.3155 -0.4382 0.8417
vn 0.3725 -0.4383 0.8180
vn 0.6787 0.6587 -0.3246
vn -0.7098 0.6585 0.2502
vn -0.3591 0.8114 -0.4612
vn -0.7213 -0.6926 -0.0008
vn 0.5104 -0.6926 0.5097
vn 0.9024 0.4299 -0.0306
vn -0.1326 -0.7329 -0.6673
vn -0.9023 0.4300 0.0307
vn 0.6162 0.4303 0.6596
vn 0.7213 -0.6927 0.0001
vn 0.9248 0.3166 0.2111
vn -0.3711 0.5871 0.7194
vn -0.4420 0.8960 -0.0425
vn 0.2823 0.8962 -0.3423
vn 0.4767 -0.4702 0.7428
vn 0.1886 -0.4702 0.8621
vn -0.9520 -0.2717 -0.1411
vn 0.5734 -0.2719 -0.7729
vn 0.3217 -0.3294 0.8877
vn -0.6598 -0.4296 -0.6166
vn -0.0009 0.6926 -0.7213
vn 0.5097 0.6926 0.5105
vt 0.625000 0.750000
vt 0.625000 0.835911
vt 0.500000 0.835911
vt 0.500000 0.750000
vt 0.500000 0.625000
vt 0.625000 0.625000
vt 0.375000 0.835911
vt 0.375000 0.750000
vt 0.500000 0.437500
vt 0.375000 0.437500
vt 0.375000 0.375000
vt 0.500000 0.375000
vt 0.125000 0.750000
vt 0.125000 0.835911
vt 0.000000 0.835911
vt 0.000000 0.750000
vt 0.625000 0.250000
vt 0.625000 0.375000
vt 0.500000 0.250000
vt 0.875000 0.750000
vt 0.750000 0.750000
vt 0.750000 0.625000
vt 0.875000 0.625000
vt 0.625000 0.562500
vt 0.750000 0.562500
vt 1.000000 0.835911
vt 0.875000 0.835911
vt 1.000000 0.750000
vt 0.125000 0.250000
vt 0.000000 0.250000
vt 0.000000 0.125000
vt 0.125000 0.125000
vt 0.250000 0.125000
vt 0.250000 0.250000
vt 0.750000 0.835911
vt 0.625000 0.125000
vt 0.750000 0.125000
vt 0.750000 0.250000
vt 0.500000 0.125000
vt 0.375000 0.250000
vt 0.375000 0.125000
vt 0.375000 0.625000
vt 0.250000 0.625000
vt 0.250000 0.562500
vt 0.375000 0.562500
vt 1.000000 0.375000
vt 0.875000 0.375000
vt 0.875000 0.250000
vt 1.000000 0.250000
vt 0.250000 0.835911
vt 0.250000 0.750000
vt 0.875000 0.125000
vt 1.000000 0.125000
vt 0.500000 0.562500
vt 0.125000 0.625000
vt 0.125000 0.562500
vt 0.750000 0.437500
vt 0.625000 0.437500
vt 0.750000 0.375000
vt 0.000000 0.562500
vt 0.000000 0.625000
vt 1.000000 0.625000
vt 0.250000 0.375000
vt 0.250000 0.437500
vt 0.125000 0.437500
vt 0.125000 0.375000
vt 0.875000 0.562500
vt 1.000000 0.562500
vt 1.000000 0.437500
vt 0.875000 0.437500
vt 0.000000 0.437500
vt 0.000000 0.375000
s 1
f 2317/168/2137 2318/169/2138 2085/169/2139 2079/168/2140
f 2318/169/2138 2317/168/2137 2080/168/2141 2086/169/2142
f 2318/169/2138 2319/170/2143 2083/170/2144 2085/169/2139
f 2319/170/2143 2318/169/2138 2086/169/2142 2084/170/2145
f 2319/170/2143 2320/171/2146 2081/171/2147 2083/170/2144
f 2320/171/2146 2319/170/2143 2084/170/2145 2082/171/2148
f 2320/171/2146 2317/168/2137 2079/168/2140 2081/171/2147
f 2317/168/2137 2320/171/2146 2082/171/2148 2080/168/2141
f 2321/172/2149 2322/173/2150 2087/173/2151 2077/172/2152
f 2322/173/2150 2321/172/2149 2078/172/2153 2088/173/2154
f 2322/173/2150 2323/168/2155 2079/168/2140 2087/173/2151
f 2323/168/2155 2322/173/2150 2088/173/2154 2080/168/2141
f 2323/168/2155 2324/171/2156 2081/171/2147 2079/168/2140
f 2324/171/2156 2323/168/2155 2080/168/2141 2082/171/2148
f 2324/171/2156 2321/172/2149 2077/172/2152 2081/171/2147
f 2321/172/2149 2324/171/2156 2082/171/2148 2078/172/2153
f 2325/170/2157 2326/174/2158 2107/174/2159 2105/170/2160
f 2326/174/2158 2325/170/2157 2106/170/2161 2108/174/2162
f 2326/174/2158 2327/175/2163 2093/175/2164 2107/174/2159
f 2327/175/2163 2326/174/2158 2108/174/2162 2094/175/2165
f 2327/175/2163 2328/171/2166 2103/171/2167 2093/175/2164
f 2328/171/2166 2327/175/2163 2094/175/2165 2104/171/2168
f 2328/171/2166 2325/170/2157 2105/170/2160 2103/171/2167
f 2325/170/2157 2328/171/2166 2104/171/2168 2106/170/2161
f 2329/176/2169 2330/177/2170 2229/177/2171 2227/176/2172
f 2330/177/2170 2329/176/2169 2228/176/2173 2230/177/2174
f 2330/177/2170 2331/178/2175 2225/178/2176 2229/177/2171
f 2331/178/2175 2330/177/2170 2230/177/2174 2226/178/2177
f 2331/178/2175 2332/179/2178 2223/179/2179 2225/178/2176
f 2332/179/2178 2331/178/2175 2226/178/2177 2224/179/2180
f 2332/179/2178 2329/176/2169 2227/176/2172 2223/179/2179
f 2329/176/2169 2332/179/2178 2224/179/2180 2228/176/2173
f 2333/180/2181 2334/181/2182 2155/181/2183 2141/180/2184
f 2334/181/2182 2333/180/2181 2142/180/2185 2156/181/2186
f 2334/181/2182 2335/182/2187 2153/182/2188 2155/181/2183
f 2335/182/2187 2334/181/2182 2156/181/2186 2154/182/2189
f 2335/182/2187 2336/183/2190 2151/183/2191 2153/182/2188
f 2336/183/2190 2335/182/2187 2154/182/2189 2152/183/2192
f 2336/183/2190 2333/180/2181 2141/180/2184 2151/183/2191
f 2333/180/2181 2336/183/2190 2152/183/2192 2142/180/2185
f 2337/184/2193 2338/185/2194 2215/185/2195 2205/184/2196
f 2338/185/2194 2337/184/2193 2206/184/2197 2216/185/2198
f 2338/185/2194 2339/179/2199 2213/179/2200 2215/185/2195
f 2339/179/2199 2338/185/2194 2216/185/2198 2214/179/2201
f 2339/179/2199 2340/186/2202 2211/186/2203 2213/179/2200
f 2340/186/2202 2339/179/2199 2214/179/2201 2212/186/2204
f 2340/186/2202 2337/184/2193 2205/184/2196 2211/186/2203
f 2337/184/2193 2340/186/2202 2212/186/2204 2206/184/2197
f 2341/187/2205 2342/188/2206 2183/188/2207 2181/187/2208
f 2342/188/2206 2341/187/2205 2182/187/2209 2184/188/2210
f 2342/188/2206 2343/189/2211 2179/189/2212 2183/188/2207
f 2343/189/2211 2342/188/2206 2184/188/2210 2180/189/2213
f 2343/189/2211 2344/190/2214 2173/190/2215 2179/189/2212
f 2344/190/2214 2343/189/2211 2180/189/2213 2174/190/2216
f 2344/190/2214 2341/187/2205 2181/187/2208 2173/190/2215
f 2341/187/2205 2344/190/2214 2174/190/2216 2182/187/2209
f 2345/191/2217 2346/192/2218 2065/192/2219 2067/191/2220
f 2346/192/2218 2345/191/2217 2068/191/2221 2066/192/2222
f 2346/192/2218 2347/189/2223 2061/189/2224 2065/192/2219
f 2347/189/2223 2346/192/2218 2066/192/2222 2062/189/2225
f 2347/189/2223 2348/173/2226 2063/173/2227 2061/189/2224
f 2348/173/2226 2347/189/2223 2062/189/2225 2064/173/2228
f 2348/173/2226 2345/191/2217 2067/191/2220 2063/173/2227
f 2345/191/2217 2348/173/2226 2064/173/2228 2068/191/2221
f 2349/193/2229 2350/194/2230 2171/194/2231 2169/193/2232
f 2350/194/2230 2349/193/2229 2170/193/2233 2172/194/2234
f 2350/194/2230 2351/187/2235 2165/187/2236 2171/194/2231
f 2351/187/2235 2350/194/2230 2172/194/2234 2166/187/2237
f 2351/187/2235 2352/195/2238 2167/195/2239 2165/187/2236
f 2352/195/2238 2351/187/2235 2166/187/2237 2168/195/2240
f 2352/195/2238 2349/193/2229 2169/193/2232 2167/195/2239
f 2349/193/2229 2352/195/2238 2168/195/2240 2170/193/2233
f 2353/196/2241 2354/197/2242 2275/197/2243 2269/196/2244
f 2354/197/2242 2353/196/2241 2270/196/2245 2276/197/2246
f 2354/197/2242 2355/198/2247 2271/198/2248 2275/197/2243
f 2355/198/2247 2354/197/2242 2276/197/2246 2272/198/2249
f 2355/198/2247 2356/199/2250 2273/199/2251 2271/198/2248
f 2356/199/2250 2355/198/2247 2272/198/2249 2274/199/2252
f 2356/199/2250 2353/196/2241 2269/196/2244 2273/199/2251
f 2353/196/2241 2356/199/2250 2274/199/2252 2270/196/2245
f 2357/196/2253 2358/199/2254 2259/199/2255 2253/196/2256
f 2358/199/2254 2357/196/2253 2254/196/2257 2260/199/2258
f 2358/199/2254 2359/200/2259 2255/200/2260 2259/199/2255
f 2359/200/2259 2358/199/2254 2260/199/2258 2256/200/2261
f 2359/200/2259 2360/201/2262 2257/201/2263 2255/200/2260
f 2360/201/2262 2359/200/2259 2256/200/2261 2258/201/2264
f 2360/201/2262 2357/196/2253 2253/196/2256 2257/201/2263
f 2357/196/2253 2360/201/2262 2258/201/2264 2254/196/2257
f 2361/187/2265 2362/194/2266 2187/194/2267 2181/187/2208
f 2362/194/2266 2361/187/2265 2182/187/2209 2188/194/2268
f 2362/194/2266 2363/202/2269 2185/202/2270 2187/194/2267
f 2363/202/2269 2362/194/2266 2188/194/2268 2186/202/2271
f 2363/202/2269 2364/188/2272 2183/188/2207 2185/202/2270
f 2364/188/2272 2363/202/2269 2186/202/2271 2184/188/2210
f 2364/188/2272 2361/187/2265 2181/187/2208 2183/188/2207
f 2361/187/2265 2364/188/2272 2184/188/2210 2182/187/2209
f 2365/184/2273 2366/203/2274 2197/203/2275 2191/184/2276
f 2366/203/2274 2365/184/2273 2192/184/2277 2198/203/2278
f 2366/203/2274 2367/204/2279 2195/204/2280 2197/203/2275
f 2367/204/2279 2366/203/2274 2198/203/2278 2196/204/2281
f 2367/204/2279 2368/205/2282 2193/205/2283 2195/204/2280
f 2368/205/2282 2367/204/2279 2196/204/2281 2194/205/2284
f 2368/205/2282 2365/184/2273 2191/184/2276 2193/205/2283
f 2365/184/2273 2368/205/2282 2194/205/2284 2192/184/2277
f 2369/184/2285 2370/186/2286 2211/186/2203 2205/184/2196
f 2370/186/2286 2369/184/2285 2206/184/2197 2212/186/2204
f 2370/186/2286 2371/206/2287 2207/206/2288 2211/186/2203
f 2371/206/2287 2370/186/2286 2212/186/2204 2208/206/2289
f 2371/206/2287 2372/203/2290 2209/203/2291 2207/206/2288
f 2372/203/2290 2371/206/2287 2208/206/2289 2210/203/2292
f 2372/203/2290 2369/184/2285 2205/184/2196 2209/203/2291
f 2369/184/2285 2372/203/2290 2210/203/2292 2206/184/2197
f 2373/207/2293 2374/186/2294 2231/186/2295 2221/207/2296
f 2374/186/2294 2373/207/2293 2222/207/2297 2232/186/2298
f 2374/186/2294 2375/179/2299 2223/179/2179 2231/186/2295
f 2375/179/2299 2374/186/2294 2232/186/2298 2224/179/2180
f 2375/179/2299 2376/178/2300 2225/178/2176 2223/179/2179
f 2376/178/2300 2375/179/2299 2224/179/2180 2226/178/2177
f 2376/178/2300 2373/207/2293 2221/207/2296 2225/178/2176
f 2373/207/2293 2376/178/2300 2226/178/2177 2222/207/2297
f 2377/207/2301 2378/208/2302 2235/208/2303 2221/207/2296
f 2378/208/2302 2377/207/2301 2222/207/2297 2236/208/2304
f 2378/208/2302 2379/206/2305 2233/206/2306 2235/208/2303
f 2379/206/2305 2378/208/2302 2236/208/2304 2234/206/2307
f 2379/206/2305 2380/186/2308 2231/186/2295 2233/206/2306
f 2380/186/2308 2379/206/2305 2234/206/2307 2232/186/2298
f 2380/186/2308 2377/207/2301 2221/207/2296 2231/186/2295
f 2377/207/2301 2380/186/2308 2232/186/2298 2222/207/2297
f 2381/202/2309 2382/169/2310 2075/169/2311 2073/202/2312
f 2382/169/2310 2381/202/2309 2074/202/2313 2076/169/2314
f 2382/169/2310 2383/168/2315 2069/168/2316 2075/169/2311
f 2383/168/2315 2382/169/2310 2076/169/2314 2070/168/2317
f 2383/168/2315 2384/188/2318 2071/188/2319 2069/168/2316
f 2384/188/2318 2383/168/2315 2070/168/2317 2072/188/2320
f 2384/188/2318 2381/202/2309 2073/202/2312 2071/188/2319
f 2381/202/2309 2384/188/2318 2072/188/2320 2074/202/2313
f 2385/209/2321 2386/210/2322 2115/210/2323 2109/209/2324
f 2386/210/2322 2385/209/2321 2110/209/2325 2116/210/2326
f 2386/210/2322 2387/211/2327 2111/211/2328 2115/210/2323
f 2387/211/2327 2386/210/2322 2116/210/2326 2112/211/2329
f 2387/211/2327 2388/212/2330 2113/212/2331 2111/211/2328
f 2388/212/2330 2387/211/2327 2112/211/2329 2114/212/2332
f 2388/212/2330 2385/209/2321 2109/209/2324 2113/212/2331
f 2385/209/2321 2388/212/2330 2114/212/2332 2110/209/2325
f 2389/213/2333 2390/214/2334 2295/214/2335 2285/213/2336
f 2390/214/2334 2389/213/2333 2286/213/2337 2296/214/2338
f 2390/214/2334 2391/215/2339 2287/215/2340 2295/214/2335
f 2391/215/2339 2390/214/2334 2296/214/2338 2288/215/2341
f 2391/215/2339 2392/216/2342 2289/216/2343 2287/215/2340
f 2392/216/2342 2391/215/2339 2288/215/2341 2290/216/2344
f 2392/216/2342 2389/213/2333 2285/213/2336 2289/216/2343
f 2389/213/2333 2392/216/2342 2290/216/2344 2286/213/2337
f 2393/175/2345 2394/174/2346 2123/174/2347 2117/175/2348
f 2394/174/2346 2393/175/2345 2118/175/2349 2124/174/2350
f 2394/174/2346 2395/217/2351 2121/217/2352 2123/174/2347
f 2395/217/2351 2394/174/2346 2124/174/2350 2122/217/2353
f 2395/217/2351 2396/218/2354 2119/218/2355 2121/217/2352
f 2396/218/2354 2395/217/2351 2122/217/2353 2120/218/2356
f 2396/218/2354 2393/175/2345 2117/175/2348 2119/218/2355
f 2393/175/2345 2396/218/2354 2120/218/2356 2118/175/2349
f 2397/215/2357 2398/219/2358 2293/219/2359 2287/215/2340
f 2398/219/2358 2397/215/2357 2288/215/2341 2294/219/2360
f 2398/219/2358 2399/220/2361 2291/220/2362 2293/219/2359
f 2399/220/2361 2398/219/2358 2294/219/2360 2292/220/2363
f 2399/220/2361 2400/216/2364 2289/216/2343 2291/220/2362
f 2400/216/2364 2399/220/2361 2292/220/2363 2290/216/2344
f 2400/216/2364 2397/215/2357 2287/215/2340 2289/216/2343
f 2397/215/2357 2400/216/2364 2290/216/2344 2288/215/2341
f 2401/175/2365 2402/218/2366 2119/218/2355 2117/175/2348
f 2402/218/2366 2401/175/2365 2118/175/2349 2120/218/2356
f 2402/218/2366 2403/210/2367 2115/210/2323 2119/218/2355
f 2403/210/2367 2402/218/2366 2120/218/2356 2116/210/2326
f 2403/210/2367 2404/209/2368 2109/209/2324 2115/210/2323
f 2404/209/2368 2403/210/2367 2116/210/2326 2110/209/2325
f 2404/209/2368 2401/175/2365 2117/175/2348 2109/209/2324
f 2401/175/2365 2404/209/2368 2110/209/2325 2118/175/2349
f 2405/217/2369 2406/181/2370 2133/181/2371 2131/217/2372
f 2406/181/2370 2405/217/2369 2132/217/2373 2134/181/2374
f 2406/181/2370 2407/180/2375 2125/180/2376 2133/181/2371
f 2407/180/2375 2406/181/2370 2134/181/2374 2126/180/2377
f 2407/180/2375 2408/218/2378 2129/218/2379 2125/180/2376
f 2408/218/2378 2407/180/2375 2126/180/2377 2130/218/2380
f 2408/218/2378 2405/217/2369 2131/217/2372 2129/218/2379
f 2405/217/2369 2408/218/2378 2130/218/2380 2132/217/2373
f 2409/172/2381 2410/171/2382 2103/171/2167 2097/172/2383
f 2410/171/2382 2409/172/2381 2098/172/2384 2104/171/2168
f 2410/171/2382 2411/175/2385 2093/175/2164 2103/171/2167
f 2411/175/2385 2410/171/2382 2104/171/2168 2094/175/2165
f 2411/175/2385 2412/209/2386 2095/209/2387 2093/175/2164
f 2412/209/2386 2411/175/2385 2094/175/2165 2096/209/2388
f 2412/209/2386 2409/172/2381 2097/172/2383 2095/209/2387
f 2409/172/2381 2412/209/2386 2096/209/2388 2098/172/2384
f 2413/221/2389 2414/191/2390 2091/191/2391 2089/221/2392
f 2414/191/2390 2413/221/2389 2090/221/2393 2092/191/2394
f 2414/191/2390 2415/173/2395 2087/173/2151 2091/191/2391
f 2415/173/2395 2414/191/2390 2092/191/2394 2088/173/2154
f 2415/173/2395 2416/172/2396 2077/172/2152 2087/173/2151
f 2416/172/2396 2415/173/2395 2088/173/2154 2078/172/2153
f 2416/172/2396 2413/221/2389 2089/221/2392 2077/172/2152
f 2413/221/2389 2416/172/2396 2078/172/2153 2090/221/2393
f 2417/222/2397 2418/223/2398 2139/223/2399 2135/222/2400
f 2418/223/2398 2417/222/2397 2136/222/2401 2140/223/2402
f 2418/223/2398 2419/211/2403 2137/211/2404 2139/223/2399
f 2419/211/2403 2418/223/2398 2140/223/2402 2138/211/2405
f 2419/211/2403 2420/210/2406 2127/210/2407 2137/211/2404
f 2420/210/2406 2419/211/2403 2138/211/2405 2128/210/2408
f 2420/210/2406 2417/222/2397 2135/222/2400 2127/210/2407
f 2417/222/2397 2420/210/2406 2128/210/2408 2136/222/2401
f 2421/212/2409 2422/221/2410 2099/221/2411 2101/212/2412
f 2422/221/2410 2421/212/2409 2102/212/2413 2100/221/2414
f 2422/221/2410 2423/172/2415 2097/172/2383 2099/221/2411
f 2423/172/2415 2422/221/2410 2100/221/2414 2098/172/2384
f 2423/172/2415 2424/209/2416 2095/209/2387 2097/172/2383
f 2424/209/2416 2423/172/2415 2098/172/2384 2096/209/2388
f 2424/209/2416 2421/212/2409 2101/212/2412 2095/209/2387
f 2421/212/2409 2424/209/2416 2096/209/2388 2102/212/2413
f 2425/224/2417 2426/225/2418 2203/225/2419 2201/224/2420
f 2426/225/2418 2425/224/2417 2202/224/2421 2204/225/2422
f 2426/225/2418 2427/185/2423 2199/185/2424 2203/225/2419
f 2427/185/2423 2426/225/2418 2204/225/2422 2200/185/2425
f 2427/185/2423 2428/226/2426 2189/226/2427 2199/185/2424
f 2428/226/2426 2427/185/2423 2200/185/2425 2190/226/2428
f 2428/226/2426 2425/224/2417 2201/224/2420 2189/226/2427
f 2425/224/2417 2428/226/2426 2190/226/2428 2202/224/2421
f 2429/227/2429 2430/223/2430 2149/223/2431 2147/227/2432
f 2430/223/2430 2429/227/2429 2148/227/2433 2150/223/2434
f 2430/223/2430 2431/222/2435 2145/222/2436 2149/223/2431
f 2431/222/2435 2430/223/2430 2150/223/2434 2146/222/2437
f 2431/222/2435 2432/228/2438 2143/228/2439 2145/222/2436
f 2432/228/2438 2431/222/2435 2146/222/2437 2144/228/2440
f 2432/228/2438 2429/227/2429 2147/227/2432 2143/228/2439
f 2429/227/2429 2432/228/2438 2144/228/2440 2148/227/2433
f 2433/195/2441 2434/187/2442 2165/187/2236 2167/195/2239
f 2434/187/2442 2433/195/2441 2168/195/2240 2166/187/2237
f 2434/187/2442 2435/190/2443 2159/190/2444 2165/187/2236
f 2435/190/2443 2434/187/2442 2166/187/2237 2160/190/2445
f 2435/190/2443 2436/229/2446 2157/229/2447 2159/190/2444
f 2436/229/2446 2435/190/2443 2160/190/2445 2158/229/2448
f 2436/229/2446 2433/195/2441 2167/195/2239 2157/229/2447
f 2433/195/2441 2436/229/2446 2158/229/2448 2168/195/2240
f 2437/185/2449 2438/225/2450 2219/225/2451 2215/185/2195
f 2438/225/2450 2437/185/2449 2216/185/2198 2220/225/2452
f 2438/225/2450 2439/176/2453 2217/176/2454 2219/225/2451
f 2439/176/2453 2438/225/2450 2220/225/2452 2218/176/2455
f 2439/176/2453 2440/179/2456 2213/179/2200 2217/176/2454
f 2440/179/2456 2439/176/2453 2218/176/2455 2214/179/2201
f 2440/179/2456 2437/185/2449 2215/185/2195 2213/179/2200
f 2437/185/2449 2440/179/2456 2214/179/2201 2216/185/2198
f 2441/230/2457 2442/201/2458 2247/201/2459 2237/230/2460
f 2442/201/2458 2441/230/2457 2238/230/2461 2248/201/2462
f 2442/201/2458 2443/207/2463 2239/207/2464 2247/201/2459
f 2443/207/2463 2442/201/2458 2248/201/2462 2240/207/2465
f 2443/207/2463 2444/178/2466 2241/178/2467 2239/207/2464
f 2444/178/2466 2443/207/2463 2240/207/2465 2242/178/2468
f 2444/178/2466 2441/230/2457 2237/230/2460 2241/178/2467
f 2441/230/2457 2444/178/2466 2242/178/2468 2238/230/2461
f 2445/200/2469 2446/208/2470 2251/208/2471 2249/200/2472
f 2446/208/2470 2445/200/2469 2250/200/2473 2252/208/2474
f 2446/208/2470 2447/207/2475 2239/207/2464 2251/208/2471
f 2447/207/2475 2446/208/2470 2252/208/2474 2240/207/2465
f 2447/207/2475 2448/201/2476 2247/201/2459 2239/207/2464
f 2448/201/2476 2447/207/2475 2240/207/2465 2248/201/2462
f 2448/201/2476 2445/200/2469 2249/200/2472 2247/201/2459
f 2445/200/2469 2448/201/2476 2248/201/2462 2250/200/2473
f 2449/231/2477 2450/232/2478 2267/232/2479 2265/231/2480
f 2450/232/2478 2449/231/2477 2266/231/2481 2268/232/2482
f 2450/232/2478 2451/233/2483 2263/233/2484 2267/232/2479
f 2451/233/2483 2450/232/2478 2268/232/2482 2264/233/2485
f 2451/233/2483 2452/230/2486 2261/230/2487 2263/233/2484
f 2452/230/2486 2451/233/2483 2264/233/2485 2262/230/2488
f 2452/230/2486 2449/231/2477 2265/231/2480 2261/230/2487
f 2449/231/2477 2452/230/2486 2262/230/2488 2266/231/2481
f 2453/178/2489 2454/177/2490 2245/177/2491 2241/178/2467
f 2454/177/2490 2453/178/2489 2242/178/2468 2246/177/2492
f 2454/177/2490 2455/231/2493 2243/231/2494 2245/177/2491
f 2455/231/2493 2454/177/2490 2246/177/2492 2244/231/2495
f 2455/231/2493 2456/230/2496 2237/230/2460 2243/231/2494
f 2456/230/2496 2455/231/2493 2244/231/2495 2238/230/2461
f 2456/230/2496 2453/178/2489 2241/178/2467 2237/230/2460
f 2453/178/2489 2456/230/2496 2238/230/2461 2242/178/2468
f 2457/180/2497 2458/183/2498 2151/183/2191 2141/180/2184
f 2458/183/2498 2457/180/2497 2142/180/2185 2152/183/2192
f 2458/183/2498 2459/228/2499 2143/228/2439 2151/183/2191
f 2459/228/2499 2458/183/2498 2152/183/2192 2144/228/2440
f 2459/228/2499 2460/222/2500 2145/222/2436 2143/228/2439
f 2460/222/2500 2459/228/2499 2144/228/2440 2146/222/2437
f 2460/222/2500 2457/180/2497 2141/180/2184 2145/222/2436
f 2457/180/2497 2460/222/2500 2146/222/2437 2142/180/2185
f 2461/226/2501 2462/185/2502 2199/185/2424 2189/226/2427
f 2462/185/2502 2461/226/2501 2190/226/2428 2200/185/2425
f 2462/185/2502 2463/184/2503 2191/184/2276 2199/185/2424
f 2463/184/2503 2462/185/2502 2200/185/2425 2192/184/2277
f 2463/184/2503 2464/205/2504 2193/205/2283 2191/184/2276
f 2464/205/2504 2463/184/2503 2192/184/2277 2194/205/2284
f 2464/205/2504 2461/226/2501 2189/226/2427 2193/205/2283
f 2461/226/2501 2464/205/2504 2194/205/2284 2190/226/2428
f 2465/190/2505 2466/234/2506 2163/234/2507 2159/190/2444
f 2466/234/2506 2465/190/2505 2160/190/2445 2164/234/2508
f 2466/234/2506 2467/235/2509 2161/235/2510 2163/234/2507
f 2467/235/2509 2466/234/2506 2164/234/2508 2162/235/2511
f 2467/235/2509 2468/229/2512 2157/229/2447 2161/235/2510
f 2468/229/2512 2467/235/2509 2162/235/2511 2158/229/2448
f 2468/229/2512 2465/190/2505 2159/190/2444 2157/229/2447
f 2465/190/2505 2468/229/2512 2158/229/2448 2160/190/2445
f 2469/190/2513 2470/189/2514 2179/189/2212 2173/190/2215
f 2470/189/2514 2469/190/2513 2174/190/2216 2180/189/2213
f 2470/189/2514 2471/192/2515 2175/192/2516 2179/189/2212
f 2471/192/2515 2470/189/2514 2180/189/2213 2176/192/2517
f 2471/192/2515 2472/234/2518 2177/234/2519 2175/192/2516
f 2472/234/2518 2471/192/2515 2176/192/2517 2178/234/2520
f 2472/234/2518 2469/190/2513 2173/190/2215 2177/234/2519
f 2469/190/2513 2472/234/2518 2178/234/2520 2174/190/2216
f 2473/230/2521 2474/233/2522 2263/233/2484 2261/230/2487
f 2474/233/2522 2473/230/2521 2262/230/2488 2264/233/2485
f 2474/233/2522 2475/196/2523 2253/196/2256 2263/233/2484
f 2475/196/2523 2474/233/2522 2264/233/2485 2254/196/2257
f 2475/196/2523 2476/201/2524 2257/201/2263 2253/196/2256
f 2476/201/2524 2475/196/2523 2254/196/2257 2258/201/2264
f 2476/201/2524 2473/230/2521 2261/230/2487 2257/201/2263
f 2473/230/2521 2476/201/2524 2258/201/2264 2262/230/2488
f 2477/236/2525 2478/237/2526 2299/237/2527 2297/236/2528
f 2478/237/2526 2477/236/2525 2298/236/2529 2300/237/2530
f 2478/237/2526 2479/214/2531 2295/214/2335 2299/237/2527
f 2479/214/2531 2478/237/2526 2300/237/2530 2296/214/2338
f 2479/214/2531 2480/213/2532 2285/213/2336 2295/214/2335
f 2480/213/2532 2479/214/2531 2296/214/2338 2286/213/2337
f 2480/213/2532 2477/236/2525 2297/236/2528 2285/213/2336
f 2477/236/2525 2480/213/2532 2286/213/2337 2298/236/2529
f 2481/215/2533 2482/214/2534 2311/214/2535 2303/215/2536
f 2482/214/2534 2481/215/2533 2304/215/2537 2312/214/2538
f 2482/214/2534 2483/226/2539 2305/226/2540 2311/214/2535
f 2483/226/2539 2482/214/2534 2312/214/2538 2306/226/2541
f 2483/226/2539 2484/205/2542 2301/205/2543 2305/226/2540
f 2484/205/2542 2483/226/2539 2306/226/2541 2302/205/2544
f 2484/205/2542 2481/215/2533 2303/215/2536 2301/205/2543
f 2481/215/2533 2484/205/2542 2302/205/2544 2304/215/2537
f 2485/232/2545 2486/238/2546 2281/238/2547 2283/232/2548
f 2486/238/2546 2485/232/2545 2284/232/2549 2282/238/2550
f 2486/238/2546 2487/239/2551 2277/239/2552 2281/238/2547
f 2487/239/2551 2486/238/2546 2282/238/2550 2278/239/2553
f 2487/239/2551 2488/233/2554 2279/233/2555 2277/239/2552
f 2488/233/2554 2487/239/2551 2278/239/2553 2280/233/2556
f 2488/233/2554 2485/232/2545 2283/232/2548 2279/233/2555
f 2485/232/2545 2488/233/2554 2280/233/2556 2284/232/2549
f 2489/237/2557 2490/224/2558 2313/224/2559 2315/237/2560
f 2490/224/2558 2489/237/2557 2316/237/2561 2314/224/2562
f 2490/224/2558 2491/226/2563 2305/226/2540 2313/224/2559
f 2491/226/2563 2490/224/2558 2314/224/2562 2306/226/2541
f 2491/226/2563 2492/214/2564 2311/214/2535 2305/226/2540
f 2492/214/2564 2491/226/2563 2306/226/2541 2312/214/2538
f 2492/214/2564 2489/237/2557 2315/237/2560 2311/214/2535
f 2489/237/2557 2492/214/2564 2312/214/2538 2316/237/2561
f 2493/189/2565 2494/188/2566 2071/188/2319 2061/189/2224
f 2494/188/2566 2493/189/2565 2062/189/2225 2072/188/2320
f 2494/188/2566 2495/168/2567 2069/168/2316 2071/188/2319
f 2495/168/2567 2494/188/2566 2072/188/2320 2070/168/2317
f 2495/168/2567 2496/173/2568 2063/173/2227 2069/168/2316
f 2496/173/2568 2495/168/2567 2070/168/2317 2064/173/2228
f 2496/173/2568 2493/189/2565 2061/189/2224 2063/173/2227
f 2493/189/2565 2496/173/2568 2064/173/2228 2062/189/2225
f 2497/180/2569 2498/222/2570 2135/222/2400 2125/180/2376
f 2498/222/2570 2497/180/2569 2126/180/2377 2136/222/2401
f 2498/222/2570 2499/210/2571 2127/210/2407 2135/222/2400
f 2499/210/2571 2498/222/2570 2136/222/2401 2128/210/2408
f 2499/210/2571 2500/218/2572 2129/218/2379 2127/210/2407
f 2500/218/2572 2499/210/2571 2128/210/2408 2130/218/2380
f 2500/218/2572 2497/180/2569 2125/180/2376 2129/218/2379
f 2497/180/2569 2500/218/2572 2130/218/2380 2126/180/2377
f 2501/204/2573 2502/219/2574 2309/219/2575 2307/204/2576
f 2502/219/2574 2501/204/2573 2308/204/2577 2310/219/2578
f 2502/219/2574 2503/215/2579 2303/215/2536 2309/219/2575
f 2503/215/2579 2502/219/2574 2310/219/2578 2304/215/2537
f 2503/215/2579 2504/205/2580 2301/205/2543 2303/215/2536
f 2504/205/2580 2503/215/2579 2304/215/2537 2302/205/2544
f 2504/205/2580 2501/204/2573 2307/204/2576 2301/205/2543
f 2501/204/2573 2504/205/2580 2302/205/2544 2308/204/2577
f 2505/233/2581 2506/239/2582 2277/239/2552 2279/233/2555
f 2506/239/2582 2505/233/2581 2280/233/2556 2278/239/2553
f 2506/239/2582 2507/197/2583 2275/197/2243 2277/239/2552
f 2507/197/2583 2506/239/2582 2278/239/2553 2276/197/2246
f 2507/197/2583 2508/196/2584 2269/196/2244 2275/197/2243
f 2508/196/2584 2507/197/2583 2276/197/2246 2270/196/2245
f 2508/196/2584 2505/233/2581 2279/233/2555 2269/196/2244
f 2505/233/2581 2508/196/2584 2270/196/2245 2280/233/2556
o Sphere_006_Sphere_005_124620000165506
v 0.148702 0.293451 -0.000000
v 0.150696 0.293612 0.000001
v 0.102579 0.338450 0.102579
v 0.103989 0.338611 0.103989
v 0.105148 0.293451 0.105148
v 0.106558 0.293612 0.106558
v 0.145069 0.338450 -0.000000
v 0.147063 0.338611 0.000001
v 0.000000 0.293451 0.148702
v 0.000001 0.293612 0.150695
v 0.000000 0.338450 0.145069
v 0.000001 0.338611 0.147062
v -0.102579 0.338450 0.102579
v -0.103989 0.338611 0.103989
v -0.105148 0.293451 0.105148
v -0.106558 0.293612 0.106558
v -0.148702 0.293451 -0.000000
v -0.150696 0.293612 0.000001
v -0.145069 0.338450 -0.000000
v -0.147063 0.338611 0.000001
v -0.102579 0.338450 -0.102579
v -0.103989 0.338611 -0.103989
v -0.105148 0.293451 -0.105148
v -0.106558 0.293612 -0.106558
v 0.000000 0.293451 -0.148702
v 0.000001 0.293612 -0.150696
v 0.000000 0.338450 -0.145069
v 0.000001 0.338611 -0.147063
v 0.102579 0.338450 -0.102579
v 0.103989 0.338611 -0.103989
v 0.105148 0.293451 -0.105148
v 0.106558 0.293612 -0.106558
v 0.148702 0.293451 -0.000000
v 0.150695 0.293612 0.000001
v 0.145069 0.338450 -0.000000
v 0.147063 0.338611 0.000001
v 0.105787 -0.338450 0.000000
v 0.105788 -0.340450 0.000001
v -0.105787 -0.338450 0.000000
v -0.105786 -0.340450 0.000001
v 0.000000 -0.338450 -0.105787
v 0.000001 -0.340450 -0.105786
v -0.074803 -0.338450 -0.074803
v -0.074802 -0.340450 -0.074802
v 0.074803 -0.338450 -0.074803
v 0.074804 -0.340450 -0.074802
v 0.000000 -0.338450 0.105787
v 0.000001 -0.340450 0.105788
v -0.074803 -0.338450 0.074803
v -0.074802 -0.340450 0.074804
v 0.074803 -0.338450 0.074803
v 0.074804 -0.340450 0.074804
v 0.074803 -0.338450 0.074803
v 0.076160 -0.339014 0.076160
v 0.105787 -0.338450 0.000000
v 0.107706 -0.339014 0.000001
v 0.117541 -0.298450 0.000000
v 0.119460 -0.299014 0.000001
v 0.083114 -0.298450 0.083114
v 0.084471 -0.299014 0.084471
v 0.000000 -0.298450 0.117541
v 0.000001 -0.299014 0.119460
v 0.000000 -0.338450 0.105787
v 0.000001 -0.339014 0.107706
v -0.074803 -0.338450 0.074803
v -0.076160 -0.339014 0.076160
v -0.083114 -0.298450 0.083114
v -0.084471 -0.299014 0.084471
v -0.117541 -0.298450 0.000000
v -0.119460 -0.299014 0.000001
v -0.105787 -0.338450 0.000000
v -0.107706 -0.339014 0.000000
v -0.074803 -0.338450 -0.074803
v -0.076160 -0.339014 -0.076160
v -0.083114 -0.298450 -0.083114
v -0.084471 -0.299014 -0.084471
v 0.000000 -0.298450 -0.117541
v 0.000001 -0.299014 -0.119460
v 0.000000 -0.338450 -0.105787
v 0.000001 -0.339014 -0.107706
v 0.074803 -0.338450 -0.074803
v 0.076160 -0.339014 -0.076160
v 0.083114 -0.298450 -0.083114
v 0.084471 -0.299014 -0.084471
v 0.117541 -0.298450 0.000000
v 0.119460 -0.299014 0.000001
v 0.105787 -0.338450 0.000000
v 0.107706 -0.339014 0.000001
v 0.000000 0.008770 0.337865
v 0.000001 0.008771 0.339865
v -0.230023 -0.020348 0.230023
v -0.231321 -0.021140 0.231322
v 0.000000 -0.020348 0.325302
v 0.000001 -0.021141 0.327138
v -0.238906 0.008770 0.238906
v -0.240320 0.008771 0.240320
v -0.230023 0.037888 0.230023
v -0.231321 0.038680 0.231322
v 0.000000 0.037888 0.325302
v 0.000001 0.038681 0.327138
v 0.230023 0.037888 0.230023
v 0.231321 0.038680 0.231322
v 0.000000 0.037888 0.325302
v 0.000001 0.038681 0.327138
v 0.238906 0.008770 0.238906
v 0.240320 0.008771 0.240320
v 0.230023 -0.020348 0.230023
v 0.231321 -0.021140 0.231322
v 0.000000 -0.020348 0.325302
v 0.000001 -0.021140 0.327138
v 0.230023 0.037888 -0.230023
v 0.231321 0.038680 -0.231322
v 0.000000 0.008770 -0.337865
v 0.000001 0.008771 -0.339865
v 0.000000 0.037888 -0.325302
v 0.000001 0.038680 -0.327138
v 0.238906 0.008770 -0.238906
v 0.240320 0.008771 -0.240320
v 0.230023 -0.020348 -0.230023
v 0.231321 -0.021140 -0.231322
v 0.000000 -0.020348 -0.325302
v 0.000001 -0.021141 -0.327138
v 0.230023 0.037888 -0.230023
v 0.231322 0.038680 -0.231321
v 0.337865 0.008770 -0.000000
v 0.339865 0.008771 0.000001
v 0.325302 0.037888 -0.000000
v 0.327138 0.038681 0.000001
v 0.230023 -0.020348 -0.230023
v 0.231322 -0.021140 -0.231321
v 0.325302 -0.020348 0.000000
v 0.327138 -0.021140 0.000001
v 0.230023 -0.020348 0.230023
v 0.231322 -0.021140 0.231321
v 0.337865 0.008770 -0.000000
v 0.339865 0.008771 0.000001
v 0.325302 -0.020348 0.000000
v 0.327138 -0.021141 0.000001
v 0.230023 0.037888 0.230023
v 0.231322 0.038680 0.231321
v 0.325302 0.037888 -0.000000
v 0.327138 0.038680 0.000001
v -0.230023 0.037888 0.230023
v -0.231322 0.038680 0.231321
v -0.337865 0.008770 -0.000000
v -0.339865 0.008771 0.000001
v -0.325302 0.037888 -0.000000
v -0.327138 0.038681 0.000001
v -0.230023 -0.020348 0.230023
v -0.231322 -0.021140 0.231321
v -0.325302 -0.020348 0.000000
v -0.327138 -0.021140 0.000001
v -0.230023 0.037888 -0.230023
v -0.231322 0.038680 -0.231321
v -0.325302 0.037888 -0.000000
v -0.327138 0.038680 0.000001
v -0.238906 0.008770 -0.238906
v -0.240320 0.008771 -0.240320
v -0.230023 -0.020348 -0.230023
v -0.231322 -0.021140 -0.231321
v -0.325302 -0.020348 0.000000
v -0.327138 -0.021141 0.000001
v -0.230023 0.037888 -0.230023
v -0.231321 0.038680 -0.231322
v 0.000000 0.037888 -0.325302
v 0.000001 0.038681 -0.327138
v -0.230023 -0.020348 -0.230023
v -0.231321 -0.021140 -0.231322
v 0.000000 -0.020348 -0.325302
v 0.000001 -0.021141 -0.327138
v 0.000000 0.037888 0.325302
v 0.000001 0.039888 0.325313
v 0.188201 0.038182 0.188201
v 0.188208 0.040182 0.188208
v 0.000000 0.038182 0.266156
v 0.000001 0.040182 0.266167
v -0.188201 0.038182 0.188201
v -0.188208 0.040182 0.188208
v 0.230023 0.037888 0.230023
v 0.230030 0.039888 0.230030
v 0.325302 0.037888 -0.000000
v 0.325313 0.039888 0.000001
v 0.266156 0.038182 -0.000000
v 0.266167 0.040182 0.000001
v -0.230023 0.037888 0.230023
v -0.230030 0.039888 0.230030
v -0.325302 0.037888 -0.000000
v -0.325313 0.039888 0.000001
v -0.266156 0.038182 -0.000000
v -0.266167 0.040182 0.000001
v -0.188201 0.038182 -0.188201
v -0.188208 0.040182 -0.188208
v -0.230023 0.037888 -0.230023
v -0.230030 0.039888 -0.230030
v 0.000000 0.037888 -0.325302
v 0.000001 0.039888 -0.325313
v 0.000000 0.038182 -0.266156
v 0.000001 0.040182 -0.266167
v 0.188201 0.038182 -0.188201
v 0.188208 0.040182 -0.188208
v 0.230023 0.037888 -0.230023
v 0.230030 0.039888 -0.230030
v 0.325302 0.037888 -0.000000
v 0.325313 0.039888 0.000001
v 0.266156 0.038182 -0.000000
v 0.266167 0.040182 0.000001
v 0.000000 -0.020348 0.325302
v 0.000001 -0.022348 0.325313
v -0.188201 -0.020642 0.188201
v -0.188208 -0.022642 0.188208
v 0.000000 -0.020642 0.266156
v 0.000001 -0.022642 0.266167
v 0.188201 -0.020642 0.188201
v 0.188208 -0.022642 0.188208
v -0.230023 -0.020348 0.230023
v -0.230030 -0.022348 0.230030
v 0.230023 -0.020348 0.230023
v 0.230030 -0.022348 0.230030
v 0.325302 -0.020348 0.000000
v 0.325313 -0.022348 0.000001
v 0.266156 -0.020642 0.000000
v 0.266167 -0.022642 0.000001
v -0.325302 -0.020348 0.000000
v -0.325313 -0.022348 0.000001
v -0.266156 -0.020642 0.000000
v -0.266167 -0.022642 0.000001
v -0.188201 -0.020642 -0.188201
v -0.188208 -0.022642 -0.188208
v -0.230023 -0.020348 -0.230023
v -0.230030 -0.022348 -0.230030
v 0.000000 -0.020348 -0.325302
v 0.000001 -0.022348 -0.325313
v 0.000000 -0.020642 -0.266156
v 0.000001 -0.022642 -0.266167
v 0.188201 -0.020642 -0.188201
v 0.188208 -0.022642 -0.188208
v 0.230023 -0.020348 -0.230023
v 0.230030 -0.022348 -0.230030
v 0.325302 -0.020348 0.000000
v 0.325313 -0.022348 0.000001
v 0.266156 -0.020642 0.000000
v 0.266167 -0.022642 0.000001
v 0.000930 -0.299697 0.117832
v 0.000930 -0.337767 0.106645
v 0.074753 -0.337767 0.076067
v 0.082663 -0.299697 0.083977
v 0.229261 0.038888 -0.229261
v 0.000000 0.038888 -0.324225
v -0.229261 0.038888 -0.229261
v -0.324225 0.038888 0.000000
v -0.229261 0.038888 0.229261
v 0.000000 0.038888 0.324225
v 0.229261 0.038888 0.229261
v 0.323811 0.038893 0.001000
v 0.266830 0.039177 0.001000
v 0.188970 0.039182 0.188970
v 0.000001 0.039182 0.267244
v -0.188970 0.039182 0.188970
v -0.267244 0.039182 0.000001
v -0.188970 0.039182 -0.188970
v 0.000001 0.039182 -0.267244
v 0.188970 0.039182 -0.188970
v 0.266830 0.039177 -0.001000
v 0.323811 0.038893 -0.001000
v 0.338077 0.009699 0.000935
v 0.326234 0.037355 0.000935
v 0.231343 0.037355 0.230021
v 0.239717 0.009699 0.238395
v 0.000000 -0.339450 0.104705
v -0.074037 -0.339450 0.074038
v -0.104704 -0.339450 0.000001
v -0.074037 -0.339450 -0.074037
v 0.000000 -0.339450 -0.104704
v 0.074038 -0.339450 -0.074037
v 0.104705 -0.339450 0.000001
v 0.074038 -0.339450 0.074038
v 0.231343 0.037355 -0.230021
v 0.326234 0.037355 -0.000934
v 0.338077 0.009699 -0.000934
v 0.239717 0.009699 -0.238395
v -0.117832 -0.299697 -0.000929
v -0.083977 -0.299697 -0.082663
v -0.076067 -0.337767 -0.074753
v -0.106645 -0.337767 -0.000929
v 0.102416 0.337533 0.103724
v 0.000925 0.337533 0.145763
v 0.000925 0.294529 0.149235
v 0.104872 0.294529 0.106179
v 0.000935 -0.019815 0.326234
v 0.230021 -0.019815 0.231343
v 0.238395 0.007842 0.239717
v 0.000935 0.007842 0.338077
v -0.103724 0.337533 -0.102416
v -0.106179 0.294529 -0.104872
v -0.149235 0.294529 -0.000924
v -0.145763 0.337533 -0.000924
v 0.149235 0.294529 0.000925
v 0.145763 0.337533 0.000925
v 0.103724 0.337533 0.102416
v 0.106179 0.294529 0.104872
v -0.000934 0.007842 0.338077
v -0.238395 0.007842 0.239717
v -0.230021 -0.019815 0.231343
v -0.000934 -0.019815 0.326234
v -0.102416 0.337533 0.103724
v -0.104872 0.294529 0.106179
v -0.000924 0.294529 0.149235
v -0.000924 0.337533 0.145763
v -0.000934 0.007842 -0.338077
v -0.000934 -0.019815 -0.326234
v -0.230021 -0.019815 -0.231343
v -0.238395 0.007842 -0.239717
v -0.000929 -0.299697 -0.117832
v -0.000929 -0.337767 -0.106645
v -0.074753 -0.337767 -0.076067
v -0.082663 -0.299697 -0.083977
v -0.000934 0.037355 0.326234
v -0.230021 0.037355 0.231343
v -0.238395 0.009699 0.239717
v -0.000934 0.009699 0.338077
v 0.230021 -0.019815 -0.231343
v 0.000935 -0.019815 -0.326234
v 0.000935 0.007842 -0.338077
v 0.238395 0.007842 -0.239717
v 0.102416 0.337533 -0.103724
v 0.104872 0.294529 -0.106179
v 0.000925 0.294529 -0.149235
v 0.000925 0.337533 -0.145763
v 0.338077 0.007842 -0.000934
v 0.326234 -0.019815 -0.000934
v 0.231343 -0.019815 -0.230021
v 0.239717 0.007842 -0.238395
v 0.117832 -0.299697 0.000930
v 0.083977 -0.299697 0.082663
v 0.076067 -0.337767 0.074753
v 0.106645 -0.337767 0.000930
v -0.326234 -0.019815 0.000935
v -0.231343 -0.019815 0.230021
v -0.239717 0.007842 0.238395
v -0.338077 0.007842 0.000935
v -0.102416 0.337533 -0.103724
v -0.000924 0.337533 -0.145763
v -0.000924 0.294529 -0.149235
v -0.104872 0.294529 -0.106179
v -0.231343 -0.019815 -0.230021
v -0.326234 -0.019815 -0.000934
v -0.338077 0.007842 -0.000934
v -0.239717 0.007842 -0.238395
v 0.103724 0.337533 -0.102416
v 0.145763 0.337533 -0.000924
v 0.149235 0.294529 -0.000924
v 0.106179 0.294529 -0.104872
v 0.231343 -0.019815 0.230021
v 0.326234 -0.019815 0.000935
v 0.338077 0.007842 0.000935
v 0.239717 0.007842 0.238395
v 0.000935 0.009699 0.338077
v 0.238395 0.009699 0.239717
v 0.230021 0.037355 0.231343
v 0.000935 0.037355 0.326234
v 0.000001 -0.021642 -0.267244
v -0.188970 -0.021642 -0.188970
v -0.267244 -0.021642 0.000001
v -0.188970 -0.021642 0.188970
v 0.000001 -0.021642 0.267244
v 0.188970 -0.021642 0.188970
v 0.266830 -0.021637 0.001000
v 0.323811 -0.021353 0.001000
v 0.229261 -0.021348 0.229261
v 0.000000 -0.021348 0.324225
v -0.229261 -0.021348 0.229261
v -0.324225 -0.021348 0.000000
v -0.229261 -0.021348 -0.229261
v 0.000000 -0.021348 -0.324225
v 0.229261 -0.021348 -0.229261
v 0.323811 -0.021353 -0.000999
v 0.266830 -0.021637 -0.000999
v 0.188970 -0.021642 -0.188970
v -0.117832 -0.299697 0.000930
v -0.106645 -0.337767 0.000929
v -0.076067 -0.337767 0.074753
v -0.083977 -0.299697 0.082663
v -0.239717 0.009699 -0.238395
v -0.338077 0.009699 -0.000934
v -0.326234 0.037355 -0.000934
v -0.231343 0.037355 -0.230021
v -0.103724 0.337533 0.102416
v -0.145763 0.337533 0.000925
v -0.149235 0.294529 0.000925
v -0.106179 0.294529 0.104872
v 0.117832 -0.299697 -0.000929
v 0.106645 -0.337767 -0.000929
v 0.076067 -0.337767 -0.074753
v 0.083977 -0.299697 -0.082663
v 0.000930 -0.299697 -0.117832
v 0.082663 -0.299697 -0.083977
v 0.074753 -0.337767 -0.076067
v 0.000930 -0.337767 -0.106645
v -0.231343 0.037355 0.230021
v -0.326234 0.037355 0.000935
v -0.338077 0.009699 0.000935
v -0.239717 0.009699 0.238395
v 0.230021 0.037355 -0.231343
v 0.238395 0.009699 -0.239717
v 0.000935 0.009699 -0.338077
v 0.000935 0.037355 -0.326234
v -0.000929 -0.299697 0.117832
v -0.082663 -0.299697 0.083977
v -0.074753 -0.337767 0.076067
v -0.000929 -0.337767 0.106645
v -0.230021 0.037355 -0.231343
v -0.000934 0.037355 -0.326234
v -0.000934 0.009699 -0.338077
v -0.238395 0.009699 -0.239717
vn 0.6844 -0.6635 -0.3021
vn 0.7565 0.6502 0.0707
vn -0.0003 0.6954 -0.7186
vn -0.0002 -0.1932 -0.9812
vn 0.0004 -0.6687 0.7435
vn 0.0004 0.1585 0.9874
vn -0.4847 0.6501 0.5852
vn -0.5081 0.6955 -0.5081
vn 0.6982 0.1585 0.6982
vn -0.6977 -0.6634 0.2706
vn -0.6938 -0.1932 -0.6938
vn 0.5258 -0.6687 0.5258
vn -0.7111 0.0037 0.7031
vn -0.0000 -0.0031 1.0000
vn -0.0003 -0.7361 0.6769
vn -0.4792 -0.7354 0.4790
vn -0.4758 0.7396 0.4761
vn 0.0003 0.7393 0.6733
vn 0.7071 -0.0028 0.7071
vn 0.4788 -0.7359 0.4788
vn 0.4763 0.7391 0.4763
vn 1.0000 -0.0031 -0.0000
vn 0.6768 -0.7361 -0.0003
vn 0.6733 0.7393 0.0003
vn 0.7071 -0.0027 -0.7071
vn 0.4788 -0.7359 -0.4788
vn 0.4763 0.7391 -0.4763
vn -0.0000 -0.0031 -1.0000
vn -0.0003 -0.7361 -0.6769
vn 0.0003 0.7393 -0.6733
vn -0.7071 -0.0019 -0.7071
vn -0.4793 -0.7354 -0.4790
vn -0.4758 0.7396 -0.4760
vn -0.8315 -0.0032 0.5556
vn -0.4066 -0.8746 0.2642
vn -0.3959 0.8771 0.2720
vn 0.5541 -0.0086 0.8324
vn 0.3501 -0.7694 0.5342
vn 0.3624 0.7652 0.5321
vn 0.7071 0.0041 0.7071
vn 0.4810 -0.7329 0.4812
vn 0.4845 0.7286 0.4842
vn -0.0011 0.0054 1.0000
vn -0.0006 -0.7321 0.6812
vn 0.0006 0.7288 0.6847
vn -0.7071 0.0048 0.7071
vn -0.4815 -0.7324 0.4815
vn -0.4840 0.7291 0.4839
vn -1.0000 0.0054 -0.0011
vn -0.6812 -0.7321 -0.0006
vn -0.6847 0.7288 0.0006
vn -0.7071 0.0049 -0.7071
vn -0.4815 -0.7323 -0.4815
vn -0.4839 0.7291 -0.4839
vn -0.0011 0.0054 -1.0000
vn -0.0006 -0.7321 -0.6812
vn 0.0006 0.7288 -0.6847
vn 0.7071 0.0041 -0.7071
vn 0.4810 -0.7328 -0.4813
vn 0.4844 0.7286 -0.4842
vn 0.5555 -0.0084 -0.8315
vn 0.3496 -0.7697 -0.5341
vn 0.3622 0.7659 -0.5313
vn -0.8315 -0.0027 -0.5556
vn -0.4061 -0.8747 -0.2646
vn -0.3957 0.8774 -0.2712
vn -0.3261 0.8562 0.4007
vn -0.2304 -0.6868 0.6894
vn -0.8248 -0.5573 0.0954
vn -0.9893 -0.0003 -0.1460
vn 0.9220 0.0006 0.3871
vn 0.9083 0.0466 0.4158
vn 0.3243 -0.6866 -0.6507
vn -0.5159 -0.5571 -0.6508
vn 0.9361 0.0468 0.3487
vn 0.0350 0.5771 -0.8159
vn -0.8030 -0.0003 -0.5960
vn 0.9255 0.0006 0.3788
vn -0.0008 -0.0003 -1.0000
vn 0.7071 0.0008 -0.7071
vn 0.4794 0.7345 -0.4802
vn -0.0004 0.7347 -0.6784
vn 0.0004 -0.7350 -0.6781
vn 0.4802 -0.7346 -0.4794
vn 1.0000 0.0007 -0.0007
vn 0.6787 0.7344 -0.0004
vn 0.6790 -0.7341 0.0004
vn 0.7071 -0.0004 0.7071
vn 0.4800 0.7343 0.4800
vn 0.4803 -0.7339 0.4803
vn -0.0007 0.0007 1.0000
vn -0.0004 0.7344 0.6787
vn 0.0004 -0.7341 0.6790
vn -0.7071 0.0008 0.7071
vn -0.4802 0.7345 0.4794
vn -0.4794 -0.7345 0.4802
vn -1.0000 0.0005 -0.0000
vn -0.6784 0.7347 -0.0004
vn -0.6781 -0.7350 0.0004
vn -0.7071 0.0004 -0.7071
vn -0.4797 0.7347 -0.4797
vn -0.4794 -0.7351 -0.4794
vn 0.5769 -0.3795 0.7233
vn -0.2312 -0.6864 -0.6895
vn -0.8252 -0.5568 -0.0952
vn -0.5160 -0.5570 0.6508
vn 0.9361 0.0468 -0.3487
vn 0.9087 0.0471 -0.4148
vn -0.5525 0.5767 -0.6018
vn -0.9892 -0.0003 0.1468
vn 0.9225 0.0006 -0.3860
vn 0.0351 0.5770 0.8160
vn -0.8030 -0.0003 0.5960
vn 0.9255 0.0006 -0.3788
vn 0.3019 -0.6630 -0.6850
vn -0.2706 -0.6633 0.6977
vn 0.6938 -0.1932 0.6938
vn 0.9812 -0.1932 -0.0003
vn -0.7435 -0.6688 0.0005
vn -0.5258 -0.6686 -0.5258
vn -0.5852 0.6501 0.4847
vn 0.5081 0.6955 0.5081
vn -0.6982 0.1585 -0.6982
vn -0.0712 0.6500 -0.7566
vn 0.7185 0.6955 -0.0001
vn -0.9874 0.1585 -0.0000
vn -0.5611 -0.6776 0.4755
vn 0.7329 -0.6776 -0.0612
vn -0.0003 -0.5361 -0.8442
vn -0.5968 -0.5362 -0.5968
vn 0.6601 -0.3584 0.6601
vn 0.0006 -0.3584 0.9336
vn 0.7124 0.6815 -0.1673
vn -0.0004 0.3930 -0.9195
vn 0.0006 0.5041 0.8637
vn -0.6217 0.6815 0.3860
vn -0.6502 0.3930 -0.6502
vn 0.6108 0.5040 0.6107
vn 0.9192 0.3800 -0.1033
vn -0.6506 0.6867 0.3243
vn -0.6507 0.5570 -0.5160
vn 0.0953 0.5572 -0.8249
vn 0.4157 -0.0466 0.9083
vn 0.3488 -0.0468 0.9360
vn -0.8155 -0.5777 0.0350
vn -0.5960 -0.0003 -0.8030
vn 0.3788 0.0006 0.9255
vn 0.6013 -0.5780 -0.5517
vn -0.1460 -0.0003 -0.9893
vn 0.3871 0.0006 0.9220
vn -0.4755 -0.6775 0.5611
vn -0.3861 0.6815 0.6217
vn 0.6502 0.3929 0.6502
vn 0.5969 -0.5362 0.5969
vn -0.6601 -0.3583 -0.6602
vn -0.6108 0.5039 -0.6108
vn 0.1668 0.6812 -0.7128
vn 0.9195 0.3930 -0.0004
vn -0.8637 0.5041 0.0006
vn 0.0608 -0.6774 -0.7331
vn 0.8442 -0.5361 -0.0003
vn -0.9336 -0.3584 0.0006
vn -0.1333 0.9163 0.3777
vn -0.4577 -0.5861 0.6686
vn -0.9667 -0.2503 0.0526
vn -0.9951 0.0894 0.0414
vn 0.8385 0.3913 0.3792
vn 0.8851 -0.2478 0.3940
vn 0.4755 -0.6776 -0.5611
vn 0.3860 0.6815 -0.6217
vn -0.8674 -0.3800 -0.3212
vn 0.8156 -0.5776 0.0351
vn 0.5960 -0.0003 -0.8030
vn 0.1468 -0.0003 -0.9892
vn -0.3860 0.0006 0.9225
vn -0.3788 0.0006 0.9255
vn 0.6507 0.6866 0.3243
vn 0.6507 0.5570 -0.5160
vn -0.3488 -0.0469 0.9360
vn -0.6895 0.6865 -0.2311
vn -0.0951 0.5568 -0.8252
vn -0.4147 -0.0471 0.9087
vn 0.5611 -0.6775 0.4755
vn 0.6217 0.6815 0.3861
vn 0.6502 0.3930 -0.6502
vn 0.5968 -0.5362 -0.5969
vn -0.6601 -0.3584 0.6602
vn -0.6108 0.5039 0.6108
vn -0.7128 0.6812 -0.1668
vn -0.7331 -0.6774 -0.0608
vn -0.4000 -0.8566 0.3258
vn -0.6895 0.6865 0.2312
vn -0.0951 0.5568 0.8252
vn 0.1468 -0.0003 0.9892
vn -0.3860 0.0006 -0.9225
vn -0.4147 -0.0471 -0.9087
vn 0.6507 0.6866 -0.3243
vn 0.6508 0.5570 0.5160
vn -0.3488 -0.0468 -0.9360
vn 0.8156 -0.5776 -0.0351
vn 0.5960 -0.0003 0.8030
vn -0.3788 0.0006 -0.9255
vn -0.6844 -0.6636 0.3019
vn -0.7566 0.6500 -0.0708
vn -0.0004 0.6954 0.7186
vn -0.0004 -0.1932 0.9812
vn 0.0006 -0.6688 -0.7435
vn 0.0008 0.1585 -0.9874
vn 0.4847 0.6500 -0.5853
vn 0.6977 -0.6633 -0.2706
vn -0.9196 -0.3790 -0.1037
vn 0.6507 -0.6866 0.3244
vn 0.6508 -0.5570 -0.5160
vn -0.0952 -0.5568 -0.8252
vn -0.4148 0.0471 0.9087
vn -0.3487 0.0468 0.9361
vn 0.8160 0.5770 0.0351
vn -0.6019 0.5767 -0.5524
vn -0.7233 0.3795 -0.5769
vn 0.6893 0.6869 0.2304
vn 0.0953 0.5573 0.8249
vn -0.6507 0.5570 0.5160
vn 0.3488 -0.0468 -0.9360
vn 0.4157 -0.0467 -0.9083
vn 0.6013 -0.5780 0.5517
vn -0.1460 -0.0003 0.9893
vn 0.3871 0.0006 -0.9220
vn -0.8155 -0.5777 -0.0350
vn -0.5960 -0.0003 0.8030
vn 0.3788 0.0006 -0.9255
vn -0.5611 -0.6776 -0.4755
vn -0.6217 0.6815 -0.3860
vn -0.6502 0.3930 0.6502
vn -0.5969 -0.5362 0.5968
vn 0.6601 -0.3584 -0.6601
vn 0.6108 0.5039 -0.6108
vn 0.7124 0.6815 0.1673
vn -0.0004 0.3930 0.9195
vn 0.0006 0.5041 -0.8637
vn 0.7329 -0.6776 0.0612
vn -0.0003 -0.5361 0.8442
vn 0.0006 -0.3584 -0.9336
vn -0.3259 -0.8566 -0.4000
vn -0.2312 0.6865 -0.6895
vn -0.8252 0.5568 -0.0951
vn 0.9087 -0.0471 -0.4148
vn 0.3243 0.6866 0.6507
vn -0.5160 0.5570 0.6507
vn 0.9360 -0.0468 -0.3488
vn 0.0351 -0.5776 0.8156
vn -0.3699 -0.3227 0.8712
vn 0.2706 -0.6634 -0.6977
vn -0.9930 0.1102 0.0422
vn 0.7436 -0.5629 0.3609
vn 0.5852 0.6501 -0.4847
vn -0.3241 0.6496 0.6877
vn -0.8889 0.4505 0.0829
vn 0.9085 0.0619 0.4134
vn 0.1033 0.3800 0.9192
vn -0.3243 0.6867 -0.6506
vn 0.5160 0.5570 -0.6507
vn 0.8249 0.5573 0.0953
vn -0.9083 -0.0466 0.4157
vn -0.9360 -0.0468 0.3488
vn -0.0350 -0.5776 -0.8155
vn 0.8030 -0.0003 -0.5960
vn -0.9255 0.0006 0.3788
vn 0.5517 -0.5779 0.6013
vn 0.9893 -0.0003 -0.1460
vn -0.9220 0.0006 0.3871
vn 0.5611 -0.6775 -0.4755
vn -0.7331 -0.6774 0.0608
vn -0.7128 0.6812 0.1668
vn 0.6217 0.6815 -0.3861
vn -0.5769 0.3795 0.7233
vn 0.2311 0.6865 -0.6894
vn 0.8252 0.5568 -0.0951
vn 0.5160 0.5570 0.6507
vn -0.9360 -0.0468 -0.3488
vn -0.9087 -0.0471 -0.4147
vn 0.5522 -0.5772 -0.6016
vn 0.9892 -0.0003 0.1468
vn -0.9225 0.0006 -0.3860
vn -0.0351 -0.5776 0.8156
vn 0.8030 -0.0003 0.5960
vn -0.9255 0.0006 -0.3788
vn 0.4755 -0.6775 0.5611
vn -0.4582 -0.5854 -0.6689
vn -0.9669 -0.2497 -0.0524
vn 0.8856 -0.2475 -0.3930
vn -0.5428 0.5255 -0.6552
vn -0.9952 0.0888 -0.0413
vn 0.8390 0.3911 -0.3783
vn 0.3861 0.6815 0.6217
vn 0.5769 0.3795 -0.7233
vn -0.2304 0.6869 0.6893
vn -0.8249 0.5573 0.0953
vn -0.5160 0.5570 -0.6507
vn 0.9360 -0.0468 0.3488
vn 0.9083 -0.0467 0.4158
vn -0.5517 -0.5780 0.6013
vn 0.0350 -0.5776 -0.8155
vn 0.8670 0.3807 -0.3214
vn -0.8159 0.5771 0.0350
vn -0.6507 -0.6866 0.3243
vn -0.6508 -0.5571 -0.5159
vn 0.3487 0.0468 0.9361
vn 0.6894 -0.6868 -0.2304
vn 0.0954 -0.5573 -0.8248
vn 0.4158 0.0467 0.9083
vn 0.0074 0.0009 -1.0000
vn -0.7071 -0.0049 -0.7071
vn -0.4815 0.7323 -0.4815
vn -0.0006 0.7321 -0.6812
vn 0.0006 -0.7288 -0.6847
vn -0.4839 -0.7291 -0.4839
vn -1.0000 -0.0054 -0.0011
vn -0.6812 0.7321 -0.0006
vn -0.6847 -0.7288 0.0006
vn -0.7071 -0.0048 0.7071
vn -0.4815 0.7324 0.4815
vn -0.4840 -0.7291 0.4839
vn -0.0011 -0.0054 1.0000
vn -0.0006 0.7321 0.6812
vn 0.0006 -0.7288 0.6847
vn 0.7071 -0.0041 0.7071
vn 0.4810 0.7329 0.4812
vn 0.4845 -0.7286 0.4842
vn 0.5541 0.0086 0.8324
vn 0.3501 0.7694 0.5342
vn 0.3624 -0.7652 0.5321
vn -0.8315 0.0032 0.5556
vn -0.4066 0.8746 0.2642
vn -0.3959 -0.8771 0.2720
vn -0.7071 0.0019 -0.7071
vn -0.4793 0.7354 -0.4790
vn -0.4758 -0.7396 -0.4760
vn -0.0000 0.0031 -1.0000
vn -0.0003 0.7361 -0.6769
vn 0.0003 -0.7393 -0.6733
vn 0.7071 0.0027 -0.7071
vn 0.4788 0.7359 -0.4788
vn 0.4763 -0.7391 -0.4763
vn 1.0000 0.0031 -0.0000
vn 0.6768 0.7361 -0.0003
vn 0.6733 -0.7393 0.0003
vn 0.7071 0.0028 0.7071
vn 0.4788 0.7359 0.4788
vn 0.4763 -0.7391 0.4763
vn -0.0000 0.0031 1.0000
vn -0.0003 0.7361 0.6769
vn 0.0003 -0.7393 0.6733
vn -0.7071 0.0020 0.7071
vn -0.4792 0.7354 0.4790
vn -0.4758 -0.7396 0.4761
vn -0.8315 0.0027 -0.5556
vn -0.4061 0.8747 -0.2646
vn -0.3957 -0.8774 -0.2712
vn 0.5555 0.0084 -0.8315
vn 0.3496 0.7697 -0.5341
vn 0.3623 -0.7659 -0.5312
vn 0.7071 -0.0041 -0.7071
vn 0.4810 0.7328 -0.4813
vn 0.4844 -0.7286 -0.4842
vn 0.3021 -0.6637 0.6843
vn -0.0710 0.6501 0.7565
vn -0.5852 0.6501 -0.4847
vn 0.5081 0.6955 -0.5081
vn -0.6982 0.1585 0.6982
vn -0.2706 -0.6634 -0.6977
vn 0.6938 -0.1932 -0.6938
vn -0.5258 -0.6687 0.5258
vn -0.3860 0.3803 0.8405
vn 0.5525 0.5767 -0.6019
vn 0.2312 -0.6864 -0.6895
vn 0.8252 -0.5568 -0.0952
vn -0.9087 0.0471 -0.4148
vn -0.3244 -0.6866 0.6507
vn 0.5160 -0.5570 0.6508
vn -0.9361 0.0468 -0.3487
vn -0.4755 -0.6776 -0.5611
vn 0.0612 -0.6776 0.7329
vn 0.1673 0.6815 0.7124
vn -0.3860 0.6815 -0.6217
vn -0.3142 -0.8806 -0.3548
vn -0.3248 0.6491 -0.6879
vn -0.8892 0.4500 -0.0827
vn -0.9929 0.1108 -0.0421
vn 0.7441 -0.5628 -0.3600
vn 0.9089 0.0615 -0.4124
vn 0.5852 0.6500 0.4847
vn -0.5081 0.6955 0.5081
vn 0.6982 0.1585 -0.6982
vn 0.2706 -0.6633 0.6977
vn -0.6938 -0.1932 0.6938
vn 0.5258 -0.6687 -0.5258
vn 0.6849 -0.6630 0.3024
vn -0.6977 -0.6634 -0.2706
vn -0.4847 0.6501 -0.5852
vn 0.7565 0.6502 -0.0703
vn -0.5769 -0.3795 -0.7233
vn 0.2304 -0.6868 0.6893
vn 0.8248 -0.5573 0.0954
vn 0.5159 -0.5571 -0.6508
vn -0.9361 0.0468 0.3487
vn -0.9083 0.0467 0.4158
vn 0.5520 0.5774 0.6016
vn -0.0350 0.5771 -0.8159
vn -0.1293 -0.8385 -0.5293
vn -0.8159 0.5771 -0.0350
vn -0.6508 -0.5570 0.5159
vn 0.3487 0.0468 -0.9361
vn 0.6016 0.5774 0.5520
vn 0.6894 -0.6868 0.2304
vn 0.0954 -0.5573 0.8248
vn 0.4158 0.0466 -0.9083
vn -0.6849 -0.6631 -0.3019
vn 0.6977 -0.6633 0.2706
vn 0.4847 0.6500 0.5852
vn -0.7566 0.6500 0.0709
vn 0.7233 -0.3795 -0.5769
vn -0.6895 -0.6864 0.2311
vn -0.0952 -0.5568 0.8252
vn 0.6508 -0.5570 0.5160
vn -0.3487 0.0469 -0.9361
vn -0.4148 0.0471 -0.9087
vn -0.6019 0.5767 0.5524
vn 0.8160 0.5770 -0.0351
vt 0.750000 0.125000
vt 0.875000 0.125000
vt 0.125000 0.562500
vt 0.250000 0.562500
vt 0.375000 0.562500
vt 0.500000 0.562500
vt 0.625000 0.562500
vt 0.750000 0.562500
vt 0.875000 0.562500
vt 1.000000 0.562500
vt 0.000000 0.562500
vt 1.000000 0.500000
vt 0.875000 0.500000
vt 0.625000 0.125000
vt 0.500000 0.125000
vt 0.375000 0.125000
vt 0.250000 0.125000
vt 0.125000 0.125000
vt 0.000000 0.125000
vt 0.000000 0.500000
vt 0.125000 0.500000
vt 0.875000 0.835911
vt 0.750000 0.835911
vt 0.750000 0.437500
vt 0.875000 0.437500
vt 0.750000 0.500000
vt 0.375000 0.835911
vt 0.500000 0.835911
vt 1.000000 0.835911
vt 0.625000 0.500000
vt 0.625000 0.437500
vt 0.625000 0.835911
vt 0.250000 0.500000
vt 0.250000 0.437500
vt 0.375000 0.437500
vt 0.375000 0.500000
vt 0.125000 0.437500
vt 0.125000 0.835911
vt 0.250000 0.835911
vt 0.000000 0.437500
vt 1.000000 0.125000
vt 0.500000 0.437500
vt 0.500000 0.500000
vt 0.000000 0.835911
vt 1.000000 0.437500
s 1
f 2751/240/2585 2752/240/2586 2571/240/2587 2569/240/2588
f 2752/240/2586 2751/240/2585 2570/240/2589 2572/240/2590
f 2752/240/2586 2753/241/2591 2561/241/2592 2571/240/2587
f 2753/241/2591 2752/240/2586 2572/240/2590 2562/241/2593
f 2753/241/2591 2754/241/2594 2567/241/2595 2561/241/2592
f 2754/241/2594 2753/241/2591 2562/241/2593 2568/241/2596
f 2754/241/2594 2751/240/2585 2569/240/2588 2567/241/2595
f 2751/240/2585 2754/241/2594 2568/241/2596 2570/240/2589
f 2755/242/2597 2756/243/2598 2703/243/2599 2709/242/2600
f 2756/243/2598 2755/242/2597 2710/242/2601 2704/243/2602
f 2756/243/2598 2757/244/2603 2701/244/2604 2703/243/2599
f 2757/244/2603 2756/243/2598 2704/243/2602 2702/244/2605
f 2757/244/2603 2758/245/2606 2695/245/2607 2701/244/2604
f 2758/245/2606 2757/244/2603 2702/244/2605 2696/245/2608
f 2758/245/2606 2759/246/2609 2693/246/2610 2695/245/2607
f 2759/246/2609 2758/245/2606 2696/245/2608 2694/246/2611
f 2759/246/2609 2760/247/2612 2679/247/2613 2693/246/2610
f 2760/247/2612 2759/246/2609 2694/246/2611 2680/247/2614
f 2760/247/2612 2761/248/2615 2687/248/2616 2679/247/2613
f 2761/248/2615 2760/247/2612 2680/247/2614 2688/248/2617
f 2761/248/2615 2762/249/2618 2689/249/2619 2687/248/2616
f 2762/249/2618 2761/248/2615 2688/248/2617 2690/249/2620
f 2762/249/2618 2763/249/2621 2691/249/2622 2689/249/2619
f 2763/249/2621 2762/249/2618 2690/249/2620 2692/249/2623
f 2763/249/2621 2764/248/2624 2681/248/2625 2691/249/2622
f 2764/248/2624 2763/249/2621 2692/249/2623 2682/248/2626
f 2764/248/2624 2765/247/2627 2683/247/2628 2681/248/2625
f 2765/247/2627 2764/248/2624 2682/248/2626 2684/247/2629
f 2765/247/2627 2766/246/2630 2685/246/2631 2683/247/2628
f 2766/246/2630 2765/247/2627 2684/247/2629 2686/246/2632
f 2766/246/2630 2767/245/2633 2697/245/2634 2685/246/2631
f 2767/245/2633 2766/246/2630 2686/246/2632 2698/245/2635
f 2767/245/2633 2768/244/2636 2699/244/2637 2697/245/2634
f 2768/244/2636 2767/245/2633 2698/245/2635 2700/244/2638
f 2768/244/2636 2769/243/2639 2705/243/2640 2699/244/2637
f 2769/243/2639 2768/244/2636 2700/244/2638 2706/243/2641
f 2769/243/2639 2770/242/2642 2707/242/2643 2705/243/2640
f 2770/242/2642 2769/243/2639 2706/243/2641 2708/242/2644
f 2770/242/2642 2771/250/2645 2713/250/2646 2707/242/2643
f 2771/250/2645 2770/242/2642 2708/242/2644 2714/250/2647
f 2771/250/2645 2772/250/2648 2711/250/2649 2713/250/2646
f 2772/250/2648 2771/250/2645 2714/250/2647 2712/250/2650
f 2772/250/2648 2755/242/2597 2709/242/2600 2711/250/2649
f 2755/242/2597 2772/250/2648 2712/250/2650 2710/242/2601
f 2773/251/2651 2774/249/2652 2649/249/2653 2643/251/2654
f 2774/249/2652 2773/251/2651 2644/251/2655 2650/249/2656
f 2774/249/2652 2775/248/2657 2647/248/2658 2649/249/2653
f 2775/248/2657 2774/249/2652 2650/249/2656 2648/248/2659
f 2775/248/2657 2776/252/2660 2613/252/2661 2647/248/2658
f 2776/252/2660 2775/248/2657 2648/248/2659 2614/252/2662
f 2776/252/2660 2773/251/2651 2643/251/2654 2613/252/2661
f 2773/251/2651 2776/252/2660 2614/252/2662 2644/251/2655
f 2777/240/2663 2778/253/2664 2557/253/2665 2555/240/2666
f 2778/253/2664 2777/240/2663 2556/240/2667 2558/253/2668
f 2778/253/2664 2779/254/2669 2547/254/2670 2557/253/2665
f 2779/254/2669 2778/253/2664 2558/253/2668 2548/254/2671
f 2779/254/2669 2780/255/2672 2551/255/2673 2547/254/2670
f 2780/255/2672 2779/254/2669 2548/254/2671 2552/255/2674
f 2780/255/2672 2781/256/2675 2549/256/2676 2551/255/2673
f 2781/256/2675 2780/255/2672 2552/255/2674 2550/256/2677
f 2781/256/2675 2782/257/2678 2553/257/2679 2549/256/2676
f 2782/257/2678 2781/256/2675 2550/256/2677 2554/257/2680
f 2782/257/2678 2783/258/2681 2545/258/2682 2553/257/2679
f 2783/258/2681 2782/257/2678 2554/257/2680 2546/258/2683
f 2783/258/2681 2784/241/2684 2559/241/2685 2545/258/2682
f 2784/241/2684 2783/258/2681 2546/258/2683 2560/241/2686
f 2784/241/2684 2777/240/2663 2555/240/2666 2559/241/2685
f 2777/240/2663 2784/241/2684 2560/241/2686 2556/240/2667
f 2785/242/2687 2786/250/2688 2635/250/2689 2631/242/2690
f 2786/250/2688 2785/242/2687 2632/242/2691 2636/250/2692
f 2786/250/2688 2787/259/2693 2633/259/2694 2635/250/2689
f 2787/259/2693 2786/250/2688 2636/250/2692 2634/259/2695
f 2787/259/2693 2788/260/2696 2625/260/2697 2633/259/2694
f 2788/260/2696 2787/259/2693 2634/259/2695 2626/260/2698
f 2788/260/2696 2785/242/2687 2631/242/2690 2625/260/2697
f 2785/242/2687 2788/260/2696 2626/260/2698 2632/242/2691
f 2789/254/2699 2790/255/2700 2583/255/2701 2577/254/2702
f 2790/255/2700 2789/254/2699 2578/254/2703 2584/255/2704
f 2790/255/2700 2791/255/2705 2581/255/2706 2583/255/2701
f 2791/255/2705 2790/255/2700 2584/255/2704 2582/255/2707
f 2791/255/2705 2792/254/2708 2579/254/2709 2581/255/2706
f 2792/254/2708 2791/255/2705 2582/255/2707 2580/254/2710
f 2792/254/2708 2789/254/2699 2577/254/2702 2579/254/2709
f 2789/254/2699 2792/254/2708 2580/254/2710 2578/254/2703
f 2793/261/2711 2794/262/2712 2519/262/2713 2511/261/2714
f 2794/262/2712 2793/261/2711 2512/261/2715 2520/262/2716
f 2794/262/2712 2795/262/2717 2517/262/2718 2519/262/2713
f 2795/262/2717 2794/262/2712 2520/262/2716 2518/262/2719
f 2795/262/2717 2796/261/2720 2513/261/2721 2517/262/2718
f 2796/261/2720 2795/262/2717 2518/262/2719 2514/261/2722
f 2796/261/2720 2793/261/2711 2511/261/2714 2513/261/2721
f 2793/261/2711 2796/261/2720 2514/261/2722 2512/261/2715
f 2797/263/2723 2798/264/2724 2615/264/2725 2617/263/2726
f 2798/264/2724 2797/263/2723 2618/263/2727 2616/264/2728
f 2798/264/2724 2799/252/2729 2613/252/2730 2615/264/2725
f 2799/252/2729 2798/264/2724 2616/264/2728 2614/252/2731
f 2799/252/2729 2800/265/2732 2597/265/2733 2613/252/2730
f 2800/265/2732 2799/252/2729 2614/252/2731 2598/265/2734
f 2800/265/2732 2797/263/2723 2617/263/2726 2597/265/2733
f 2797/263/2723 2800/265/2732 2598/265/2734 2618/263/2727
f 2801/266/2735 2802/266/2736 2531/266/2737 2529/266/2738
f 2802/266/2736 2801/266/2735 2530/266/2739 2532/266/2740
f 2802/266/2736 2803/267/2741 2525/267/2742 2531/266/2737
f 2803/267/2741 2802/266/2736 2532/266/2740 2526/267/2743
f 2803/267/2741 2804/267/2744 2527/267/2745 2525/267/2742
f 2804/267/2744 2803/267/2741 2526/267/2743 2528/267/2746
f 2804/267/2744 2801/266/2735 2529/266/2738 2527/267/2745
f 2801/266/2735 2804/267/2744 2528/267/2746 2530/266/2739
f 2805/268/2747 2806/268/2748 2515/268/2749 2509/268/2750
f 2806/268/2748 2805/268/2747 2510/268/2751 2516/268/2752
f 2806/268/2748 2807/261/2753 2511/261/2714 2515/268/2749
f 2807/261/2753 2806/268/2748 2516/268/2752 2512/261/2715
f 2807/261/2753 2808/261/2754 2513/261/2721 2511/261/2714
f 2808/261/2754 2807/261/2753 2512/261/2715 2514/261/2722
f 2808/261/2754 2805/268/2747 2509/268/2750 2513/261/2721
f 2805/268/2747 2808/261/2754 2514/261/2722 2510/268/2751
f 2809/265/2755 2810/269/2756 2603/269/2757 2597/265/2758
f 2810/269/2756 2809/265/2755 2598/265/2759 2604/269/2760
f 2810/269/2756 2811/270/2761 2599/270/2762 2603/269/2757
f 2811/270/2761 2810/269/2756 2604/269/2760 2600/270/2763
f 2811/270/2761 2812/263/2764 2601/263/2765 2599/270/2762
f 2812/263/2764 2811/270/2761 2600/270/2763 2602/263/2766
f 2812/263/2764 2809/265/2755 2597/265/2758 2601/263/2765
f 2809/265/2755 2812/263/2764 2602/263/2766 2598/265/2759
f 2813/271/2767 2814/271/2768 2523/271/2769 2521/271/2770
f 2814/271/2768 2813/271/2767 2522/271/2771 2524/271/2772
f 2814/271/2768 2815/262/2773 2517/262/2718 2523/271/2769
f 2815/262/2773 2814/271/2768 2524/271/2772 2518/262/2719
f 2815/262/2773 2816/262/2774 2519/262/2713 2517/262/2718
f 2816/262/2774 2815/262/2773 2518/262/2719 2520/262/2716
f 2816/262/2774 2813/271/2767 2521/271/2770 2519/262/2713
f 2813/271/2767 2816/262/2774 2520/262/2716 2522/271/2771
f 2817/272/2775 2818/273/2776 2677/273/2777 2621/272/2778
f 2818/273/2776 2817/272/2775 2622/272/2779 2678/273/2780
f 2818/273/2776 2819/274/2781 2675/274/2782 2677/273/2777
f 2819/274/2781 2818/273/2776 2678/273/2780 2676/274/2783
f 2819/274/2781 2820/275/2784 2665/275/2785 2675/274/2782
f 2820/275/2784 2819/274/2781 2676/274/2783 2666/275/2786
f 2820/275/2784 2817/272/2775 2621/272/2778 2665/275/2785
f 2817/272/2775 2820/275/2784 2666/275/2786 2622/272/2779
f 2821/256/2787 2822/256/2788 2587/256/2789 2585/256/2790
f 2822/256/2788 2821/256/2787 2586/256/2791 2588/256/2792
f 2822/256/2788 2823/255/2793 2581/255/2706 2587/256/2789
f 2823/255/2793 2822/256/2788 2588/256/2792 2582/255/2707
f 2823/255/2793 2824/255/2794 2583/255/2701 2581/255/2706
f 2824/255/2794 2823/255/2793 2582/255/2707 2584/255/2704
f 2824/255/2794 2821/256/2787 2585/256/2790 2583/255/2701
f 2821/256/2787 2824/255/2794 2584/255/2704 2586/256/2791
f 2825/247/2795 2826/246/2796 2605/246/2797 2607/247/2798
f 2826/246/2796 2825/247/2795 2608/247/2799 2606/246/2800
f 2826/246/2796 2827/269/2801 2603/269/2757 2605/246/2797
f 2827/269/2801 2826/246/2796 2606/246/2800 2604/269/2760
f 2827/269/2801 2828/265/2802 2597/265/2758 2603/269/2757
f 2828/265/2802 2827/269/2801 2604/269/2760 2598/265/2759
f 2828/265/2802 2825/247/2795 2607/247/2798 2597/265/2758
f 2825/247/2795 2828/265/2802 2598/265/2759 2608/247/2799
f 2829/276/2803 2830/273/2804 2629/273/2805 2627/276/2806
f 2830/273/2804 2829/276/2803 2628/276/2807 2630/273/2808
f 2830/273/2804 2831/272/2809 2621/272/2810 2629/273/2805
f 2831/272/2809 2830/273/2804 2630/273/2808 2622/272/2811
f 2831/272/2809 2832/260/2812 2625/260/2813 2621/272/2810
f 2832/260/2812 2831/272/2809 2622/272/2811 2626/260/2814
f 2832/260/2812 2829/276/2803 2627/276/2806 2625/260/2813
f 2829/276/2803 2832/260/2812 2626/260/2814 2628/276/2807
f 2833/277/2815 2834/277/2816 2539/277/2817 2537/277/2818
f 2834/277/2816 2833/277/2815 2538/277/2819 2540/277/2820
f 2834/277/2816 2835/278/2821 2533/278/2822 2539/277/2817
f 2835/278/2821 2834/277/2816 2540/277/2820 2534/278/2823
f 2835/278/2821 2836/278/2824 2535/278/2825 2533/278/2822
f 2836/278/2824 2835/278/2821 2534/278/2823 2536/278/2826
f 2836/278/2824 2833/277/2815 2537/277/2818 2535/278/2825
f 2833/277/2815 2836/278/2824 2536/278/2826 2538/277/2819
f 2837/259/2827 2838/279/2828 2639/279/2829 2633/259/2694
f 2838/279/2828 2837/259/2827 2634/259/2695 2640/279/2830
f 2838/279/2828 2839/276/2831 2637/276/2832 2639/279/2829
f 2839/276/2831 2838/279/2828 2640/279/2830 2638/276/2833
f 2839/276/2831 2840/260/2834 2625/260/2697 2637/276/2832
f 2840/260/2834 2839/276/2831 2638/276/2833 2626/260/2698
f 2840/260/2834 2837/259/2827 2633/259/2694 2625/260/2697
f 2837/259/2827 2840/260/2834 2626/260/2698 2634/259/2695
f 2841/280/2835 2842/241/2836 2567/241/2595 2565/280/2837
f 2842/241/2836 2841/280/2835 2566/280/2838 2568/241/2596
f 2842/241/2836 2843/241/2839 2561/241/2592 2567/241/2595
f 2843/241/2839 2842/241/2836 2568/241/2596 2562/241/2593
f 2843/241/2839 2844/280/2840 2563/280/2841 2561/241/2592
f 2844/280/2840 2843/241/2839 2562/241/2593 2564/280/2842
f 2844/280/2840 2841/280/2835 2565/280/2837 2563/280/2841
f 2841/280/2835 2844/280/2840 2564/280/2842 2566/280/2838
f 2845/281/2843 2846/270/2844 2657/270/2845 2659/281/2846
f 2846/270/2844 2845/281/2843 2660/281/2847 2658/270/2848
f 2846/270/2844 2847/269/2849 2603/269/2850 2657/270/2845
f 2847/269/2849 2846/270/2844 2658/270/2848 2604/269/2851
f 2847/269/2849 2848/282/2852 2653/282/2853 2603/269/2850
f 2848/282/2852 2847/269/2849 2604/269/2851 2654/282/2854
f 2848/282/2852 2845/281/2843 2659/281/2846 2653/282/2853
f 2845/281/2843 2848/282/2852 2654/282/2854 2660/281/2847
f 2849/266/2855 2850/278/2856 2535/278/2825 2529/266/2738
f 2850/278/2856 2849/266/2855 2530/266/2739 2536/278/2826
f 2850/278/2856 2851/278/2857 2533/278/2822 2535/278/2825
f 2851/278/2857 2850/278/2856 2536/278/2826 2534/278/2823
f 2851/278/2857 2852/266/2858 2531/266/2737 2533/278/2822
f 2852/266/2858 2851/278/2857 2534/278/2823 2532/266/2740
f 2852/266/2858 2849/266/2855 2529/266/2738 2531/266/2737
f 2849/266/2855 2852/266/2858 2532/266/2740 2530/266/2739
f 2853/274/2859 2854/281/2860 2669/281/2861 2667/274/2862
f 2854/281/2860 2853/274/2859 2668/274/2863 2670/281/2864
f 2854/281/2860 2855/282/2865 2653/282/2866 2669/281/2861
f 2855/282/2865 2854/281/2860 2670/281/2864 2654/282/2867
f 2855/282/2865 2856/275/2868 2665/275/2869 2653/282/2866
f 2856/275/2868 2855/282/2865 2654/282/2867 2666/275/2870
f 2856/275/2868 2853/274/2859 2667/274/2862 2665/275/2869
f 2853/274/2859 2856/275/2868 2666/275/2870 2668/274/2863
f 2857/277/2871 2858/283/2872 2543/283/2873 2537/277/2818
f 2858/283/2872 2857/277/2871 2538/277/2819 2544/283/2874
f 2858/283/2872 2859/283/2875 2541/283/2876 2543/283/2873
f 2859/283/2875 2858/283/2872 2544/283/2874 2542/283/2877
f 2859/283/2875 2860/277/2878 2539/277/2817 2541/283/2876
f 2860/277/2878 2859/283/2875 2542/283/2877 2540/277/2820
f 2860/277/2878 2857/277/2871 2537/277/2818 2539/277/2817
f 2857/277/2871 2860/277/2878 2540/277/2820 2538/277/2819
f 2861/264/2879 2862/284/2880 2645/284/2881 2641/264/2882
f 2862/284/2880 2861/264/2879 2642/264/2883 2646/284/2884
f 2862/284/2880 2863/251/2885 2643/251/2654 2645/284/2881
f 2863/251/2885 2862/284/2880 2646/284/2884 2644/251/2655
f 2863/251/2885 2864/252/2886 2613/252/2661 2643/251/2654
f 2864/252/2886 2863/251/2885 2644/251/2655 2614/252/2662
f 2864/252/2886 2861/264/2879 2641/264/2882 2613/252/2661
f 2861/264/2879 2864/252/2886 2614/252/2662 2642/264/2883
f 2865/265/2887 2866/252/2888 2613/252/2730 2597/265/2733
f 2866/252/2888 2865/265/2887 2598/265/2734 2614/252/2731
f 2866/252/2888 2867/248/2889 2609/248/2890 2613/252/2730
f 2867/248/2889 2866/252/2888 2614/252/2731 2610/248/2891
f 2867/248/2889 2868/247/2892 2611/247/2893 2609/248/2890
f 2868/247/2892 2867/248/2889 2610/248/2891 2612/247/2894
f 2868/247/2892 2865/265/2887 2597/265/2733 2611/247/2893
f 2865/265/2887 2868/247/2892 2612/247/2894 2598/265/2734
f 2869/273/2895 2870/274/2896 2735/274/2897 2741/273/2898
f 2870/274/2896 2869/273/2895 2742/273/2899 2736/274/2900
f 2870/274/2896 2871/281/2901 2733/281/2902 2735/274/2897
f 2871/281/2901 2870/274/2896 2736/274/2900 2734/281/2903
f 2871/281/2901 2872/270/2904 2717/270/2905 2733/281/2902
f 2872/270/2904 2871/281/2901 2734/281/2903 2718/270/2906
f 2872/270/2904 2873/263/2907 2719/263/2908 2717/270/2905
f 2873/263/2907 2872/270/2904 2718/270/2906 2720/263/2909
f 2873/263/2907 2874/264/2910 2721/264/2911 2719/263/2908
f 2874/264/2910 2873/263/2907 2720/263/2909 2722/264/2912
f 2874/264/2910 2875/284/2913 2729/284/2914 2721/264/2911
f 2875/284/2913 2874/264/2910 2722/264/2912 2730/284/2915
f 2875/284/2913 2876/284/2916 2727/284/2917 2729/284/2914
f 2876/284/2916 2875/284/2913 2730/284/2915 2728/284/2918
f 2876/284/2916 2877/264/2919 2725/264/2920 2727/284/2917
f 2877/264/2919 2876/284/2916 2728/284/2918 2726/264/2921
f 2877/264/2919 2878/263/2922 2715/263/2923 2725/264/2920
f 2878/263/2922 2877/264/2919 2726/264/2921 2716/263/2924
f 2878/263/2922 2879/270/2925 2723/270/2926 2715/263/2923
f 2879/270/2925 2878/263/2922 2716/263/2924 2724/270/2927
f 2879/270/2925 2880/281/2928 2731/281/2929 2723/270/2926
f 2880/281/2928 2879/270/2925 2724/270/2927 2732/281/2930
f 2880/281/2928 2881/274/2931 2737/274/2932 2731/281/2929
f 2881/274/2931 2880/281/2928 2732/281/2930 2738/274/2933
f 2881/274/2931 2882/273/2934 2739/273/2935 2737/274/2932
f 2882/273/2934 2881/274/2931 2738/274/2933 2740/273/2936
f 2882/273/2934 2883/276/2937 2745/276/2938 2739/273/2935
f 2883/276/2937 2882/273/2934 2740/273/2936 2746/276/2939
f 2883/276/2937 2884/279/2940 2747/279/2941 2745/276/2938
f 2884/279/2940 2883/276/2937 2746/276/2939 2748/279/2942
f 2884/279/2940 2885/279/2943 2749/279/2944 2747/279/2941
f 2885/279/2943 2884/279/2940 2748/279/2942 2750/279/2945
f 2885/279/2943 2886/276/2946 2743/276/2947 2749/279/2944
f 2886/276/2946 2885/279/2943 2750/279/2945 2744/276/2948
f 2886/276/2946 2869/273/2895 2741/273/2898 2743/276/2947
f 2869/273/2895 2886/276/2946 2744/276/2948 2742/273/2899
f 2887/254/2949 2888/254/2950 2579/254/2709 2577/254/2702
f 2888/254/2950 2887/254/2949 2578/254/2703 2580/254/2710
f 2888/254/2950 2889/253/2951 2573/253/2952 2579/254/2709
f 2889/253/2951 2888/254/2950 2580/254/2710 2574/253/2953
f 2889/253/2951 2890/253/2954 2575/253/2955 2573/253/2952
f 2890/253/2954 2889/253/2951 2574/253/2953 2576/253/2956
f 2890/253/2954 2887/254/2949 2577/254/2702 2575/253/2955
f 2887/254/2949 2890/253/2954 2576/253/2956 2578/254/2703
f 2891/275/2957 2892/282/2958 2653/282/2866 2665/275/2869
f 2892/282/2958 2891/275/2957 2666/275/2870 2654/282/2867
f 2892/282/2958 2893/245/2959 2663/245/2960 2653/282/2866
f 2893/245/2959 2892/282/2958 2654/282/2867 2664/245/2961
f 2893/245/2959 2894/244/2962 2661/244/2963 2663/245/2960
f 2894/244/2962 2893/245/2959 2664/245/2961 2662/244/2964
f 2894/244/2962 2891/275/2957 2665/275/2869 2661/244/2963
f 2891/275/2957 2894/244/2962 2662/244/2964 2666/275/2870
f 2895/271/2965 2896/267/2966 2527/267/2745 2521/271/2770
f 2896/267/2966 2895/271/2965 2522/271/2771 2528/267/2746
f 2896/267/2966 2897/267/2967 2525/267/2742 2527/267/2745
f 2897/267/2967 2896/267/2966 2528/267/2746 2526/267/2743
f 2897/267/2967 2898/271/2968 2523/271/2769 2525/267/2742
f 2898/271/2968 2897/267/2967 2526/267/2743 2524/271/2772
f 2898/271/2968 2895/271/2965 2521/271/2770 2523/271/2769
f 2895/271/2965 2898/271/2968 2524/271/2772 2522/271/2771
f 2899/258/2969 2900/258/2970 2595/258/2971 2593/258/2972
f 2900/258/2970 2899/258/2969 2594/258/2973 2596/258/2974
f 2900/258/2970 2901/257/2975 2589/257/2976 2595/258/2971
f 2901/257/2975 2900/258/2970 2596/258/2974 2590/257/2977
f 2901/257/2975 2902/257/2978 2591/257/2979 2589/257/2976
f 2902/257/2978 2901/257/2975 2590/257/2977 2592/257/2980
f 2902/257/2978 2899/258/2969 2593/258/2972 2591/257/2979
f 2899/258/2969 2902/257/2978 2592/257/2980 2594/258/2973
f 2903/256/2981 2904/257/2982 2591/257/2979 2585/256/2790
f 2904/257/2982 2903/256/2981 2586/256/2791 2592/257/2980
f 2904/257/2982 2905/257/2983 2589/257/2976 2591/257/2979
f 2905/257/2983 2904/257/2982 2592/257/2980 2590/257/2977
f 2905/257/2983 2906/256/2984 2587/256/2789 2589/257/2976
f 2906/256/2984 2905/257/2983 2590/257/2977 2588/256/2792
f 2906/256/2984 2903/256/2981 2585/256/2790 2587/256/2789
f 2903/256/2981 2906/256/2984 2588/256/2792 2586/256/2791
f 2907/246/2985 2908/245/2986 2655/245/2987 2651/246/2988
f 2908/245/2986 2907/246/2985 2652/246/2989 2656/245/2990
f 2908/245/2986 2909/282/2991 2653/282/2853 2655/245/2987
f 2909/282/2991 2908/245/2986 2656/245/2990 2654/282/2854
f 2909/282/2991 2910/269/2992 2603/269/2850 2653/282/2853
f 2910/269/2992 2909/282/2991 2654/282/2854 2604/269/2851
f 2910/269/2992 2907/246/2985 2651/246/2988 2603/269/2850
f 2907/246/2985 2910/269/2992 2604/269/2851 2652/246/2989
f 2911/242/2993 2912/260/2994 2625/260/2813 2619/242/2995
f 2912/260/2994 2911/242/2993 2620/242/2996 2626/260/2814
f 2912/260/2994 2913/272/2997 2621/272/2810 2625/260/2813
f 2913/272/2997 2912/260/2994 2626/260/2814 2622/272/2811
f 2913/272/2997 2914/243/2998 2623/243/2999 2621/272/2810
f 2914/243/2998 2913/272/2997 2622/272/2811 2624/243/3000
f 2914/243/2998 2911/242/2993 2619/242/2995 2623/243/2999
f 2911/242/2993 2914/243/2998 2624/243/3000 2620/242/2996
f 2915/240/3001 2916/253/3002 2575/253/2955 2569/240/2588
f 2916/253/3002 2915/240/3001 2570/240/2589 2576/253/2956
f 2916/253/3002 2917/253/3003 2573/253/2952 2575/253/2955
f 2917/253/3003 2916/253/3002 2576/253/2956 2574/253/2953
f 2917/253/3003 2918/240/3004 2571/240/2587 2573/253/2952
f 2918/240/3004 2917/253/3003 2574/253/2953 2572/240/2590
f 2918/240/3004 2915/240/3001 2569/240/2588 2571/240/2587
f 2915/240/3001 2918/240/3004 2572/240/2590 2570/240/2589
f 2919/244/3005 2920/243/3006 2673/243/3007 2671/244/3008
f 2920/243/3006 2919/244/3005 2672/244/3009 2674/243/3010
f 2920/243/3006 2921/272/3011 2621/272/2778 2673/243/3007
f 2921/272/3011 2920/243/3006 2674/243/3010 2622/272/2779
f 2921/272/3011 2922/275/3012 2665/275/2785 2621/272/2778
f 2922/275/3012 2921/272/3011 2622/272/2779 2666/275/2786
f 2922/275/3012 2919/244/3005 2671/244/3008 2665/275/2785
f 2919/244/3005 2922/275/3012 2666/275/2786 2672/244/3009
