# Blender 4.5.3 LTS
# www.blender.org
mtllib Glass-outlinedeco-pintop.mtl
o RenderMesh_121842208464560
v -0.240306 0.517071 0.058531
v -0.240306 0.519071 0.058531
v 0.035694 0.517071 0.058531
v 0.035694 0.519071 0.058531
v -0.240306 0.517071 -0.056669
v -0.240306 0.519071 -0.056669
v 0.035694 0.517071 -0.056669
v 0.035694 0.519071 -0.056669
v -0.075199 -0.517071 0.047378
v -0.075199 -0.519071 0.047378
v -0.121682 -0.517071 0.000895
v -0.121682 -0.519071 0.000895
v -0.108067 -0.517071 -0.031974
v -0.108067 -0.519071 -0.031974
v -0.108067 -0.517071 0.033764
v -0.108067 -0.519071 0.033764
v -0.028715 -0.517071 0.000895
v -0.028715 -0.519071 0.000895
v -0.042330 -0.517071 0.033764
v -0.042330 -0.519071 0.033764
v -0.075199 -0.517071 -0.045589
v -0.075199 -0.519071 -0.045589
v -0.042330 -0.517071 -0.031974
v -0.042330 -0.519071 -0.031974
v -0.075199 -0.500051 -0.054802
v -0.075199 -0.501003 -0.056561
v -0.108067 -0.517071 -0.031974
v -0.109311 -0.518023 -0.033218
v -0.114581 -0.500051 -0.038488
v -0.115825 -0.501003 -0.039732
v -0.130895 -0.500051 0.000895
v -0.132654 -0.501003 0.000895
v -0.075199 -0.517071 -0.045589
v -0.075199 -0.518023 -0.047348
v -0.121682 -0.517071 0.000895
v -0.123441 -0.518023 0.000895
v -0.042330 -0.517071 -0.031974
v -0.041086 -0.518023 -0.033218
v -0.108067 -0.517071 0.033764
v -0.109311 -0.518023 0.035008
v -0.035815 -0.500051 -0.038488
v -0.034571 -0.501003 -0.039732
v -0.114581 -0.500051 0.040278
v -0.115825 -0.501003 0.041522
v -0.019502 -0.500051 0.000895
v -0.017743 -0.501003 0.000895
v -0.075199 -0.500051 0.056591
v -0.075199 -0.501003 0.058350
v -0.028715 -0.517071 0.000895
v -0.026956 -0.518023 0.000895
v -0.075199 -0.517071 0.047378
v -0.075199 -0.518023 0.049137
v -0.042330 -0.517071 0.033764
v -0.041086 -0.518023 0.035008
v -0.035815 -0.500051 0.040278
v -0.034571 -0.501003 0.041522
v 0.376737 -0.242744 0.058531
v 0.378151 -0.244158 0.058531
v 0.376737 -0.242744 -0.056669
v 0.378151 -0.244158 -0.056669
v 0.388736 -0.230744 -0.056669
v 0.390150 -0.232158 -0.056669
v 0.388736 -0.230744 0.058531
v 0.390150 -0.232158 0.058531
v -0.075199 -0.463713 0.085074
v -0.075199 -0.465713 0.085074
v -0.146876 -0.463713 0.072572
v -0.146876 -0.465713 0.072572
v -0.134723 -0.463713 0.060418
v -0.134723 -0.465713 0.060418
v -0.075199 -0.463713 0.102261
v -0.075199 -0.465713 0.102261
v -0.176564 -0.463713 0.000895
v -0.176564 -0.465713 0.000895
v -0.003522 -0.463713 0.072572
v -0.003522 -0.465713 0.072572
v -0.159378 -0.463713 0.000895
v -0.159378 -0.465713 0.000895
v -0.015676 -0.463713 0.060418
v -0.015676 -0.465713 0.060418
v -0.134723 -0.463713 -0.058629
v -0.134723 -0.465713 -0.058629
v 0.008980 -0.463713 0.000895
v 0.008980 -0.465713 0.000895
v -0.146876 -0.463713 -0.070782
v -0.146876 -0.465713 -0.070782
v 0.026167 -0.463713 0.000895
v 0.026167 -0.465713 0.000895
v -0.075199 -0.463713 -0.100471
v -0.075199 -0.465713 -0.100471
v -0.003522 -0.463713 -0.070782
v -0.003522 -0.465713 -0.070782
v -0.075199 -0.463713 -0.083284
v -0.075199 -0.465713 -0.083284
v -0.015676 -0.463713 -0.058629
v -0.015676 -0.465713 -0.058629
v 0.035694 0.517071 0.058531
v 0.037099 0.518495 0.058531
v 0.284745 0.271332 0.058531
v 0.286499 0.272293 0.058531
v 0.035694 0.517071 -0.056669
v 0.037099 0.518495 -0.056669
v 0.284745 0.271332 -0.056669
v 0.286499 0.272293 -0.056669
v 0.347008 -0.020111 0.058531
v 0.348987 -0.019820 0.058531
v 0.347008 -0.020111 -0.056669
v 0.348987 -0.019820 -0.056669
v 0.358931 -0.165832 0.058531
v 0.360907 -0.165525 0.058531
v 0.358931 -0.165832 -0.056669
v 0.360907 -0.165525 -0.056669
v 0.368865 -0.208886 0.058531
v 0.370637 -0.207958 0.058531
v 0.368865 -0.208886 -0.056669
v 0.370637 -0.207958 -0.056669
v 0.388736 -0.230744 0.058531
v 0.390216 -0.229399 0.058531
v 0.388736 -0.230744 -0.056669
v 0.390216 -0.229399 -0.056669
v -0.075199 -0.419334 -0.133381
v -0.075199 -0.420525 -0.134987
v -0.146876 -0.463713 -0.070782
v -0.148012 -0.464904 -0.071918
v -0.170145 -0.419334 -0.094052
v -0.171281 -0.420525 -0.095188
v -0.209474 -0.419334 0.000895
v -0.211080 -0.420525 0.000895
v -0.075199 -0.463713 -0.100471
v -0.075199 -0.464904 -0.102077
v -0.176564 -0.463713 0.000895
v -0.178170 -0.464904 0.000895
v -0.003522 -0.463713 -0.070782
v -0.002386 -0.464904 -0.071918
v -0.146876 -0.463713 0.072572
v -0.148012 -0.464904 0.073708
v 0.019748 -0.419334 -0.094052
v 0.020884 -0.420525 -0.095188
v -0.170145 -0.419334 0.095841
v -0.171281 -0.420525 0.096977
v 0.059077 -0.419334 0.000895
v 0.060683 -0.420525 0.000895
v -0.075199 -0.419334 0.135169
v -0.075199 -0.420525 0.136776
v 0.026167 -0.463713 0.000895
v 0.027773 -0.464904 0.000895
v -0.075199 -0.463713 0.102261
v -0.075199 -0.464904 0.103868
v -0.003522 -0.463713 0.072572
v -0.002386 -0.464904 0.073708
v 0.019748 -0.419334 0.095841
v 0.020884 -0.420525 0.096977
v 0.010558 0.284614 0.000895
v 0.010558 0.286614 0.000895
v -0.075199 0.284614 0.086651
v -0.075199 0.286614 0.086651
v -0.014559 0.284614 0.061534
v -0.014559 0.286614 0.061534
v -0.160955 0.284614 0.000895
v -0.160955 0.286614 0.000895
v -0.135837 0.284614 0.061534
v -0.135837 0.286614 0.061534
v -0.135837 0.284614 -0.059744
v -0.135837 0.286614 -0.059744
v -0.014559 0.284614 -0.059744
v -0.014559 0.286614 -0.059744
v -0.075199 0.284614 -0.084863
v -0.075199 0.286614 -0.084863
v 0.021358 0.276629 0.000895
v 0.022547 0.278237 0.000895
v -0.006922 0.276629 -0.067381
v -0.006081 0.278237 -0.068222
v -0.014559 0.284614 -0.059744
v -0.013718 0.286222 -0.060585
v 0.010558 0.284614 0.000895
v 0.011747 0.286222 0.000895
v -0.075199 0.284614 -0.084863
v -0.075199 0.286222 -0.086052
v -0.014559 0.284614 0.061534
v -0.013718 0.286222 0.062375
v -0.075199 0.276629 -0.095662
v -0.075199 0.278237 -0.096851
v -0.006922 0.276629 0.069171
v -0.006081 0.278237 0.070012
v -0.143474 0.276629 -0.067381
v -0.144315 0.278237 -0.068222
v -0.075199 0.276629 0.097452
v -0.075199 0.278237 0.098641
v -0.135837 0.284614 -0.059744
v -0.136678 0.286222 -0.060585
v -0.075199 0.284614 0.086651
v -0.075199 0.286222 0.087840
v -0.171755 0.276629 0.000895
v -0.172944 0.278237 0.000895
v -0.135837 0.284614 0.061534
v -0.136678 0.286222 0.062375
v -0.160955 0.284614 0.000895
v -0.162144 0.286222 0.000895
v -0.143474 0.276629 0.069171
v -0.144315 0.278237 0.070012
v -0.134274 -0.058269 -0.313532
v -0.133343 -0.058269 -0.315302
v -0.099066 -0.087609 -0.313532
v -0.098084 -0.086781 -0.315065
v -0.103536 -0.093195 -0.319412
v -0.102516 -0.092404 -0.320939
v -0.075594 -0.131618 -0.313532
v -0.075594 -0.130842 -0.315375
v -0.145447 -0.058269 -0.319412
v -0.144516 -0.058269 -0.321182
v -0.075594 -0.145584 -0.319412
v -0.075594 -0.144808 -0.321255
v -0.103536 -0.023343 -0.319412
v -0.102516 -0.024134 -0.320939
v -0.047653 -0.093195 -0.319412
v -0.048673 -0.092404 -0.320939
v -0.099066 -0.028929 -0.313532
v -0.098084 -0.029757 -0.315065
v -0.052122 -0.087609 -0.313532
v -0.053104 -0.086781 -0.315065
v -0.075594 0.015081 -0.313532
v -0.075594 0.014305 -0.315375
v -0.016914 -0.058269 -0.313532
v -0.017845 -0.058269 -0.315302
v -0.075594 0.029046 -0.319412
v -0.075594 0.028270 -0.321255
v -0.005742 -0.058269 -0.319412
v -0.006673 -0.058269 -0.321182
v -0.047653 -0.023343 -0.319412
v -0.048673 -0.024134 -0.320939
v -0.052122 -0.028929 -0.313532
v -0.053104 -0.029757 -0.315065
v -0.134274 -0.058269 0.313532
v -0.133343 -0.058269 0.315302
v -0.099066 -0.028929 0.313532
v -0.098084 -0.029757 0.315065
v -0.103536 -0.023343 0.319412
v -0.102516 -0.024134 0.320939
v -0.075594 0.015081 0.313532
v -0.075594 0.014305 0.315375
v -0.145447 -0.058269 0.319412
v -0.144516 -0.058269 0.321182
v -0.075594 0.029046 0.319412
v -0.075594 0.028270 0.321255
v -0.103536 -0.093195 0.319412
v -0.102516 -0.092404 0.320939
v -0.047653 -0.023343 0.319412
v -0.048673 -0.024134 0.320939
v -0.099066 -0.087609 0.313532
v -0.098084 -0.086781 0.315065
v -0.052122 -0.028929 0.313532
v -0.053104 -0.029757 0.315065
v -0.075594 -0.131618 0.313532
v -0.075594 -0.130842 0.315375
v -0.016914 -0.058269 0.313532
v -0.017845 -0.058269 0.315302
v -0.075594 -0.145584 0.319412
v -0.075594 -0.144808 0.321255
v -0.005742 -0.058269 0.319412
v -0.006673 -0.058269 0.321182
v -0.047653 -0.093195 0.319412
v -0.048673 -0.092404 0.320939
v -0.052122 -0.087609 0.313532
v -0.053104 -0.086781 0.315065
v -0.143474 0.276629 0.069171
v -0.144876 0.276894 0.070573
v -0.171755 0.276629 0.000895
v -0.173737 0.276894 0.000895
v -0.175660 0.247414 0.000895
v -0.177642 0.247679 0.000895
v -0.143474 0.276629 -0.067381
v -0.144876 0.276894 -0.068783
v -0.146235 0.247414 0.071932
v -0.147637 0.247679 0.073334
v -0.146235 0.247414 -0.070143
v -0.147637 0.247679 -0.071545
v -0.075199 0.247414 0.101356
v -0.075199 0.247679 0.103338
v -0.075199 0.247414 -0.099566
v -0.075199 0.247679 -0.101548
v -0.075199 0.276629 0.097452
v -0.075199 0.276894 0.099434
v -0.075199 0.276629 -0.095662
v -0.075199 0.276894 -0.097644
v -0.006922 0.276629 0.069171
v -0.005520 0.276894 0.070573
v -0.006922 0.276629 -0.067381
v -0.005520 0.276894 -0.068783
v -0.004161 0.247414 0.071932
v -0.002759 0.247679 0.073334
v -0.004161 0.247414 -0.070143
v -0.002759 0.247679 -0.071545
v 0.025262 0.247414 0.000895
v 0.027244 0.247679 0.000895
v 0.021358 0.276629 0.000895
v 0.023340 0.276894 0.000895
v -0.219655 -0.364398 -0.127907
v -0.221114 -0.365675 -0.127418
v -0.219199 -0.372602 -0.144025
v -0.220781 -0.373764 -0.143640
v -0.186421 -0.383459 -0.120511
v -0.187466 -0.384990 -0.119761
v -0.237732 -0.335770 -0.157467
v -0.239623 -0.336418 -0.157528
v -0.232683 -0.344960 -0.177954
v -0.234594 -0.345535 -0.178082
v -0.241221 -0.295777 -0.182664
v -0.243172 -0.296000 -0.183044
v -0.235508 -0.308547 -0.204004
v -0.237459 -0.308774 -0.204382
v -0.231201 -0.247731 -0.236042
v -0.233153 -0.247914 -0.236436
v -0.237698 -0.228806 -0.210417
v -0.239650 -0.229027 -0.210790
v -0.236490 -0.190377 -0.255036
v -0.238295 -0.191180 -0.255350
v -0.242701 -0.191011 -0.221225
v -0.244512 -0.191798 -0.221540
v -0.254359 -0.176230 -0.218709
v -0.255630 -0.177709 -0.219151
v -0.260621 -0.161642 -0.249138
v -0.261871 -0.163137 -0.249590
v -0.291165 -0.153950 -0.227011
v -0.291704 -0.155666 -0.227885
v -0.273820 -0.169143 -0.207868
v -0.274368 -0.170860 -0.208736
v -0.286213 -0.174781 -0.197127
v -0.286099 -0.176040 -0.198677
v -0.311476 -0.167790 -0.205356
v -0.311364 -0.169052 -0.206904
v -0.312854 -0.197285 -0.193296
v -0.312547 -0.197709 -0.195226
v -0.286123 -0.192680 -0.190426
v -0.285822 -0.193068 -0.192365
v -0.278040 -0.212093 -0.188707
v -0.278494 -0.211585 -0.190587
v -0.294999 -0.228709 -0.190536
v -0.295473 -0.228186 -0.192407
v -0.271433 -0.234163 -0.211992
v -0.272471 -0.233202 -0.213406
v -0.267384 -0.217335 -0.205801
v -0.268355 -0.216417 -0.207290
v -0.248363 -0.209604 -0.211182
v -0.249155 -0.208805 -0.212835
v -0.219655 -0.364398 0.129769
v -0.221114 -0.365675 0.129280
v -0.186421 -0.383459 0.122373
v -0.187466 -0.384990 0.121623
v -0.219199 -0.372602 0.145886
v -0.220781 -0.373764 0.145501
v -0.237732 -0.335770 0.159328
v -0.239623 -0.336418 0.159389
v -0.232683 -0.344960 0.179816
v -0.234594 -0.345535 0.179944
v -0.241221 -0.295777 0.184526
v -0.243172 -0.296000 0.184906
v -0.235508 -0.308547 0.205866
v -0.237459 -0.308774 0.206244
v -0.231201 -0.247731 0.237904
v -0.233153 -0.247914 0.238298
v -0.237698 -0.228806 0.212279
v -0.239650 -0.229027 0.212652
v -0.236490 -0.190377 0.256896
v -0.238295 -0.191180 0.257210
v -0.242701 -0.191011 0.223086
v -0.244512 -0.191798 0.223401
v -0.254359 -0.176230 0.220571
v -0.255630 -0.177709 0.221013
v -0.260621 -0.161642 0.250998
v -0.261871 -0.163137 0.251450
v -0.291165 -0.153950 0.228872
v -0.291704 -0.155666 0.229746
v -0.273820 -0.169143 0.209729
v -0.274368 -0.170860 0.210597
v -0.286213 -0.174781 0.198988
v -0.286099 -0.176039 0.200538
v -0.311476 -0.167790 0.207217
v -0.311364 -0.169052 0.208765
v -0.312854 -0.197285 0.195157
v -0.312547 -0.197709 0.197087
v -0.286123 -0.192680 0.192288
v -0.285822 -0.193068 0.194227
v -0.278040 -0.212093 0.190568
v -0.278494 -0.211585 0.192448
v -0.294999 -0.228709 0.192398
v -0.295473 -0.228186 0.194269
v -0.271433 -0.234163 0.213853
v -0.272471 -0.233202 0.215267
v -0.267384 -0.217335 0.207662
v -0.268355 -0.216417 0.209151
v -0.248363 -0.209604 0.213043
v -0.249155 -0.208805 0.214696
v -0.135049 -0.132586 -0.283458
v -0.135985 -0.133310 -0.285071
v -0.224229 -0.058269 -0.283458
v -0.224972 -0.059161 -0.285087
v -0.145447 -0.058269 -0.319412
v -0.146190 -0.059161 -0.321041
v -0.103536 -0.093195 -0.319412
v -0.104434 -0.093954 -0.321030
v -0.075594 -0.145584 -0.319412
v -0.076676 -0.146161 -0.320992
v -0.075594 -0.244061 -0.283458
v -0.076676 -0.244638 -0.285038
v -0.075594 -0.145584 0.319412
v -0.076676 -0.146161 0.320992
v -0.103536 -0.093195 0.319412
v -0.104434 -0.093954 0.321030
v -0.135049 -0.132586 0.283459
v -0.135985 -0.133310 0.285072
v -0.075594 -0.244061 0.283459
v -0.076676 -0.244638 0.285039
v -0.145447 -0.058269 0.319412
v -0.146190 -0.059161 0.321041
v -0.224229 -0.058269 0.283459
v -0.224972 -0.059161 0.285088
v -0.075594 0.029046 -0.319412
v -0.076676 0.029623 -0.320992
v -0.103536 -0.023343 -0.319412
v -0.104434 -0.022584 -0.321030
v -0.135049 0.016048 -0.283458
v -0.135985 0.016772 -0.285071
v -0.075594 0.127524 -0.283458
v -0.076676 0.128101 -0.285038
v -0.145447 -0.058269 -0.319412
v -0.146190 -0.057377 -0.321041
v -0.224229 -0.058269 -0.283458
v -0.224972 -0.057377 -0.285087
v -0.004161 0.247414 -0.070143
v -0.003650 0.249279 -0.070654
v -0.075199 0.234829 -0.132024
v -0.075199 0.236694 -0.132747
v -0.075199 0.247414 -0.099566
v -0.075199 0.249279 -0.100289
v -0.146235 0.247414 -0.070143
v -0.146746 0.249279 -0.070654
v 0.018789 0.234829 -0.093093
v 0.019300 0.236694 -0.093604
v -0.169187 0.234829 -0.093093
v -0.169698 0.236694 -0.093604
v 0.057720 0.234829 0.000895
v 0.058443 0.236694 0.000895
v -0.208117 0.234829 0.000895
v -0.208840 0.236694 0.000895
v 0.025262 0.247414 0.000895
v 0.025985 0.249279 0.000895
v -0.175660 0.247414 0.000895
v -0.176383 0.249279 0.000895
v -0.004161 0.247414 0.071932
v -0.003650 0.249279 0.072443
v -0.146235 0.247414 0.071932
v -0.146746 0.249279 0.072443
v 0.018789 0.234829 0.094883
v 0.019300 0.236694 0.095394
v -0.169187 0.234829 0.094883
v -0.169698 0.236694 0.095394
v -0.075199 0.234829 0.133814
v -0.075199 0.236694 0.134537
v -0.075199 0.247414 0.101356
v -0.075199 0.249279 0.102079
v 0.068466 -0.364398 -0.127907
v 0.069925 -0.365675 -0.127418
v 0.035232 -0.383459 -0.120511
v 0.036277 -0.384990 -0.119761
v 0.068010 -0.372602 -0.144025
v 0.069592 -0.373764 -0.143640
v 0.086543 -0.335770 -0.157467
v 0.088434 -0.336418 -0.157528
v 0.081494 -0.344960 -0.177954
v 0.083405 -0.345535 -0.178082
v 0.090032 -0.295777 -0.182664
v 0.091983 -0.296000 -0.183044
v 0.084319 -0.308547 -0.204004
v 0.086270 -0.308774 -0.204382
v 0.080012 -0.247731 -0.236042
v 0.081964 -0.247914 -0.236436
v 0.086509 -0.228806 -0.210417
v 0.088461 -0.229027 -0.210790
v 0.085301 -0.190377 -0.255036
v 0.087106 -0.191180 -0.255350
v 0.091512 -0.191011 -0.221225
v 0.093323 -0.191798 -0.221540
v 0.103170 -0.176230 -0.218709
v 0.104441 -0.177709 -0.219151
v 0.109432 -0.161642 -0.249138
v 0.110682 -0.163137 -0.249590
v 0.139976 -0.153950 -0.227011
v 0.140515 -0.155666 -0.227885
v 0.122631 -0.169143 -0.207868
v 0.123179 -0.170860 -0.208736
v 0.135024 -0.174781 -0.197127
v 0.134910 -0.176040 -0.198677
v 0.160287 -0.167790 -0.205356
v 0.160175 -0.169052 -0.206904
v 0.161665 -0.197285 -0.193296
v 0.161358 -0.197709 -0.195226
v 0.134934 -0.192680 -0.190426
v 0.134633 -0.193068 -0.192365
v 0.126851 -0.212093 -0.188707
v 0.127305 -0.211585 -0.190587
v 0.143810 -0.228709 -0.190536
v 0.144284 -0.228186 -0.192407
v 0.120244 -0.234163 -0.211992
v 0.121282 -0.233202 -0.213406
v 0.116195 -0.217335 -0.205801
v 0.117166 -0.216417 -0.207290
v 0.097174 -0.209604 -0.211182
v 0.097966 -0.208805 -0.212835
v 0.068466 -0.364398 0.129769
v 0.069925 -0.365675 0.129280
v 0.068010 -0.372602 0.145886
v 0.069592 -0.373764 0.145501
v 0.035232 -0.383459 0.122373
v 0.036277 -0.384990 0.121623
v 0.086543 -0.335770 0.159328
v 0.088434 -0.336418 0.159389
v 0.081494 -0.344960 0.179816
v 0.083405 -0.345535 0.179944
v 0.090032 -0.295777 0.184526
v 0.091983 -0.296000 0.184906
v 0.084319 -0.308547 0.205866
v 0.086270 -0.308774 0.206244
v 0.080012 -0.247731 0.237904
v 0.081964 -0.247914 0.238298
v 0.086509 -0.228806 0.212279
v 0.088461 -0.229027 0.212652
v 0.085301 -0.190377 0.256896
v 0.087106 -0.191180 0.257210
v 0.091512 -0.191011 0.223086
v 0.093323 -0.191798 0.223401
v 0.103170 -0.176230 0.220571
v 0.104441 -0.177709 0.221013
v 0.109432 -0.161642 0.250998
v 0.110682 -0.163137 0.251450
v 0.139976 -0.153950 0.228872
v 0.140515 -0.155666 0.229746
v 0.122631 -0.169143 0.209729
v 0.123179 -0.170860 0.210597
v 0.135024 -0.174781 0.198988
v 0.134910 -0.176039 0.200538
v 0.160287 -0.167790 0.207217
v 0.160175 -0.169052 0.208765
v 0.161665 -0.197285 0.195157
v 0.161358 -0.197709 0.197087
v 0.134934 -0.192680 0.192288
v 0.134633 -0.193068 0.194227
v 0.126851 -0.212093 0.190568
v 0.127305 -0.211585 0.192448
v 0.143810 -0.228709 0.192398
v 0.144284 -0.228186 0.194269
v 0.120244 -0.234163 0.213853
v 0.121282 -0.233202 0.215267
v 0.116195 -0.217335 0.207662
v 0.117166 -0.216417 0.209151
v 0.097174 -0.209604 0.213043
v 0.097966 -0.208805 0.214696
v -0.135049 0.016048 0.283459
v -0.135985 0.016772 0.285072
v -0.224229 -0.058269 0.283459
v -0.224972 -0.057377 0.285088
v -0.145447 -0.058269 0.319412
v -0.146190 -0.057377 0.321041
v -0.103536 -0.023343 0.319412
v -0.104434 -0.022584 0.321030
v -0.075594 0.029046 0.319412
v -0.076676 0.029623 0.320992
v -0.075594 0.127524 0.283459
v -0.076676 0.128101 0.285039
v -0.219199 -0.372602 -0.144025
v -0.218782 -0.374055 -0.145334
v -0.204564 -0.363030 -0.150101
v -0.204149 -0.364479 -0.151415
v -0.186421 -0.383459 -0.120511
v -0.185990 -0.384932 -0.121793
v -0.210007 -0.338921 -0.177340
v -0.209656 -0.340213 -0.178825
v -0.232683 -0.344960 -0.177954
v -0.232329 -0.346259 -0.179433
v -0.235508 -0.308547 -0.204004
v -0.235186 -0.309577 -0.205688
v -0.210468 -0.310866 -0.198328
v -0.210150 -0.311919 -0.199998
v -0.200897 -0.253747 -0.226561
v -0.200506 -0.254532 -0.228358
v -0.231201 -0.247731 -0.236042
v -0.230788 -0.248454 -0.237861
v -0.236490 -0.190377 -0.255036
v -0.236239 -0.190461 -0.257018
v -0.206384 -0.176390 -0.251979
v -0.206142 -0.176455 -0.253963
v -0.260621 -0.161642 -0.249138
v -0.261048 -0.160950 -0.250965
v -0.242401 -0.134396 -0.242824
v -0.242853 -0.133691 -0.244640
v -0.286393 -0.128159 -0.214619
v -0.287635 -0.127292 -0.215925
v -0.291165 -0.153950 -0.227011
v -0.292407 -0.153083 -0.228317
v -0.311476 -0.167790 -0.205356
v -0.313300 -0.167418 -0.206088
v -0.315727 -0.151050 -0.185590
v -0.317551 -0.150678 -0.186321
v -0.318898 -0.190730 -0.168393
v -0.320807 -0.191229 -0.168717
v -0.312854 -0.197285 -0.193296
v -0.314752 -0.197833 -0.193608
v -0.294999 -0.228709 -0.190536
v -0.296338 -0.230149 -0.190903
v -0.294451 -0.234535 -0.168826
v -0.295899 -0.235875 -0.169152
v -0.263528 -0.242636 -0.198918
v -0.263660 -0.244373 -0.199901
v -0.271433 -0.234163 -0.211992
v -0.271254 -0.235808 -0.213116
v -0.248363 -0.209604 -0.211182
v -0.247249 -0.210607 -0.212506
v -0.219199 -0.372602 0.145886
v -0.218782 -0.374055 0.147195
v -0.186421 -0.383459 0.122373
v -0.185990 -0.384932 0.123655
v -0.204564 -0.363030 0.151963
v -0.204149 -0.364479 0.153277
v -0.210007 -0.338921 0.179201
v -0.209656 -0.340213 0.180686
v -0.232683 -0.344960 0.179816
v -0.232329 -0.346259 0.181295
v -0.235508 -0.308547 0.205866
v -0.235186 -0.309576 0.207550
v -0.210468 -0.310866 0.200190
v -0.210150 -0.311919 0.201860
v -0.200897 -0.253747 0.228422
v -0.200506 -0.254532 0.230220
v -0.231201 -0.247731 0.237904
v -0.230788 -0.248454 0.239723
v -0.236490 -0.190377 0.256896
v -0.236239 -0.190461 0.258878
v -0.206384 -0.176390 0.253839
v -0.206142 -0.176455 0.255823
v -0.260621 -0.161642 0.250998
v -0.261048 -0.160950 0.252825
v -0.242401 -0.134396 0.244686
v -0.242853 -0.133691 0.246502
v -0.286393 -0.128159 0.216480
v -0.287635 -0.127292 0.217786
v -0.291165 -0.153950 0.228872
v -0.292407 -0.153083 0.230178
v -0.311476 -0.167790 0.207217
v -0.313300 -0.167418 0.207949
v -0.315727 -0.151050 0.187451
v -0.317551 -0.150678 0.188182
v -0.318898 -0.190730 0.170254
v -0.320807 -0.191229 0.170578
v -0.312854 -0.197285 0.195157
v -0.314752 -0.197833 0.195469
v -0.294999 -0.228709 0.192398
v -0.296338 -0.230149 0.192765
v -0.294451 -0.234535 0.170687
v -0.295899 -0.235875 0.171013
v -0.263528 -0.242636 0.200779
v -0.263660 -0.244373 0.201762
v -0.271433 -0.234163 0.213853
v -0.271254 -0.235808 0.214977
v -0.248363 -0.209604 0.213043
v -0.247249 -0.210607 0.214367
v -0.075594 -0.244061 -0.283458
v -0.074512 -0.244638 -0.285038
v -0.075594 -0.145584 -0.319412
v -0.074512 -0.146161 -0.320992
v -0.016140 -0.132586 -0.283458
v -0.015204 -0.133310 -0.285071
v -0.047653 -0.093195 -0.319412
v -0.046755 -0.093954 -0.321030
v -0.005742 -0.058269 -0.319412
v -0.004999 -0.059161 -0.321041
v 0.073040 -0.058269 -0.283458
v 0.073783 -0.059161 -0.285087
v -0.016140 -0.132586 0.283459
v -0.015204 -0.133310 0.285072
v 0.073040 -0.058269 0.283459
v 0.073783 -0.059161 0.285088
v -0.005742 -0.058269 0.319412
v -0.004999 -0.059161 0.321041
v -0.047653 -0.093195 0.319412
v -0.046755 -0.093954 0.321030
v -0.075594 -0.145584 0.319412
v -0.074512 -0.146161 0.320992
v -0.075594 -0.244061 0.283459
v -0.074512 -0.244638 0.285039
v 0.068010 -0.372602 -0.144025
v 0.067593 -0.374055 -0.145334
v 0.035232 -0.383459 -0.120511
v 0.034801 -0.384932 -0.121793
v 0.053375 -0.363030 -0.150101
v 0.052960 -0.364479 -0.151415
v 0.058818 -0.338921 -0.177340
v 0.058467 -0.340213 -0.178825
v 0.081494 -0.344960 -0.177954
v 0.081140 -0.346259 -0.179433
v 0.084319 -0.308547 -0.204004
v 0.083997 -0.309577 -0.205688
v 0.059279 -0.310866 -0.198328
v 0.058961 -0.311919 -0.199998
v 0.049708 -0.253747 -0.226561
v 0.049317 -0.254532 -0.228358
v 0.080012 -0.247731 -0.236042
v 0.079599 -0.248454 -0.237861
v 0.085301 -0.190377 -0.255036
v 0.085050 -0.190461 -0.257018
v 0.055195 -0.176390 -0.251979
v 0.054953 -0.176455 -0.253963
v 0.109432 -0.161642 -0.249138
v 0.109859 -0.160950 -0.250965
v 0.091212 -0.134396 -0.242824
v 0.091664 -0.133691 -0.244640
v 0.135204 -0.128159 -0.214619
v 0.136446 -0.127292 -0.215925
v 0.139976 -0.153950 -0.227011
v 0.141218 -0.153083 -0.228317
v 0.160287 -0.167790 -0.205356
v 0.162111 -0.167418 -0.206088
v 0.164538 -0.151050 -0.185590
v 0.166362 -0.150678 -0.186321
v 0.167709 -0.190730 -0.168393
v 0.169618 -0.191229 -0.168717
v 0.161665 -0.197285 -0.193296
v 0.163563 -0.197833 -0.193608
v 0.143810 -0.228709 -0.190536
v 0.145149 -0.230149 -0.190903
v 0.143262 -0.234535 -0.168826
v 0.144710 -0.235875 -0.169152
v 0.112339 -0.242636 -0.198918
v 0.112471 -0.244373 -0.199901
v 0.120244 -0.234163 -0.211992
v 0.120065 -0.235808 -0.213116
v 0.097174 -0.209604 -0.211182
v 0.096060 -0.210607 -0.212506
v 0.068010 -0.372602 0.145886
v 0.067593 -0.374055 0.147195
v 0.053375 -0.363030 0.151963
v 0.052960 -0.364479 0.153277
v 0.035232 -0.383459 0.122373
v 0.034801 -0.384932 0.123655
v 0.058818 -0.338921 0.179201
v 0.058467 -0.340213 0.180686
v 0.081494 -0.344960 0.179816
v 0.081140 -0.346259 0.181295
v 0.084319 -0.308547 0.205866
v 0.083997 -0.309576 0.207550
v 0.059279 -0.310866 0.200190
v 0.058961 -0.311919 0.201860
v 0.049708 -0.253747 0.228422
v 0.049317 -0.254532 0.230220
v 0.080012 -0.247731 0.237904
v 0.079599 -0.248454 0.239723
v 0.085301 -0.190377 0.256896
v 0.085050 -0.190461 0.258878
v 0.055195 -0.176390 0.253839
v 0.054953 -0.176455 0.255823
v 0.109432 -0.161642 0.250998
v 0.109859 -0.160950 0.252825
v 0.091212 -0.134396 0.244686
v 0.091664 -0.133691 0.246502
v 0.135204 -0.128159 0.216480
v 0.136446 -0.127292 0.217786
v 0.139976 -0.153950 0.228872
v 0.141218 -0.153083 0.230178
v 0.160287 -0.167790 0.207217
v 0.162111 -0.167418 0.207949
v 0.164538 -0.151050 0.187451
v 0.166362 -0.150678 0.188182
v 0.167709 -0.190730 0.170254
v 0.169618 -0.191229 0.170578
v 0.161665 -0.197285 0.195157
v 0.163563 -0.197833 0.195469
v 0.143810 -0.228709 0.192398
v 0.145149 -0.230149 0.192765
v 0.143262 -0.234535 0.170687
v 0.144710 -0.235875 0.171013
v 0.112339 -0.242636 0.200779
v 0.112471 -0.244373 0.201762
v 0.120244 -0.234163 0.213853
v 0.120065 -0.235808 0.214977
v 0.097174 -0.209604 0.213043
v 0.096060 -0.210607 0.214367
v -0.016140 0.016048 -0.283458
v -0.015204 0.016772 -0.285071
v 0.073040 -0.058269 -0.283458
v 0.073783 -0.057377 -0.285087
v -0.005742 -0.058269 -0.319412
v -0.004999 -0.057377 -0.321041
v -0.047653 -0.023343 -0.319412
v -0.046755 -0.022584 -0.321030
v -0.075594 0.029046 -0.319412
v -0.074512 0.029623 -0.320992
v -0.075594 0.127524 -0.283458
v -0.074512 0.128101 -0.285038
v -0.075594 0.127524 0.283459
v -0.074512 0.128101 0.285039
v -0.075594 0.029046 0.319412
v -0.074512 0.029623 0.320992
v -0.016140 0.016048 0.283459
v -0.015204 0.016772 0.285072
v -0.047653 -0.023343 0.319412
v -0.046755 -0.022584 0.321030
v -0.005742 -0.058269 0.319412
v -0.004999 -0.057377 0.321041
v 0.073040 -0.058269 0.283459
v 0.073783 -0.057377 0.285088
v -0.256836 0.021570 -0.220337
v -0.257947 0.023232 -0.220407
v -0.226967 0.056371 -0.203601
v -0.228717 0.057219 -0.204066
v -0.218606 0.059338 -0.226564
v -0.220396 0.060060 -0.227089
v -0.218591 0.090236 -0.217547
v -0.220414 0.090396 -0.218354
v -0.255507 0.022940 -0.196989
v -0.256508 0.024671 -0.197029
v -0.228890 0.083279 -0.196060
v -0.230706 0.083441 -0.196881
v -0.270122 0.016434 -0.188642
v -0.270570 0.018382 -0.188575
v -0.236180 0.111261 -0.178021
v -0.237935 0.111282 -0.178981
v -0.291402 0.012423 -0.208000
v -0.291828 0.014376 -0.207933
v -0.227613 0.130287 -0.189590
v -0.229371 0.130320 -0.190544
v -0.306563 0.010555 -0.177289
v -0.306391 0.012457 -0.177882
v -0.258133 0.141483 -0.144835
v -0.260013 0.141574 -0.145511
v -0.283424 0.012263 -0.167517
v -0.283132 0.014094 -0.168267
v -0.261364 0.122158 -0.132124
v -0.263282 0.122325 -0.132665
v -0.304442 0.032824 -0.157829
v -0.303696 0.033823 -0.159393
v -0.256433 0.158872 -0.110457
v -0.258235 0.159676 -0.110133
v -0.280294 0.023728 -0.148599
v -0.279548 0.024704 -0.150177
v -0.262511 0.140420 -0.096235
v -0.264325 0.141207 -0.095932
v -0.280142 0.039235 -0.146073
v -0.279754 0.039259 -0.148035
v -0.298420 0.049047 -0.148284
v -0.298081 0.049000 -0.150254
v -0.265076 0.079788 -0.163136
v -0.265239 0.079067 -0.164994
v -0.228762 0.176633 -0.087482
v -0.229890 0.178071 -0.086670
v -0.225801 0.169402 -0.069405
v -0.226769 0.170950 -0.068589
v -0.186343 0.183732 -0.076208
v -0.186848 0.185499 -0.075419
v -0.226967 0.056371 0.205463
v -0.228717 0.057219 0.205928
v -0.256836 0.021570 0.222199
v -0.257947 0.023232 0.222269
v -0.218606 0.059338 0.228426
v -0.220396 0.060060 0.228951
v -0.218591 0.090236 0.219408
v -0.220414 0.090396 0.220215
v -0.255507 0.022940 0.198850
v -0.256508 0.024671 0.198890
v -0.228890 0.083279 0.197921
v -0.230706 0.083441 0.198742
v -0.270122 0.016434 0.190503
v -0.270570 0.018382 0.190436
v -0.236180 0.111261 0.179882
v -0.237935 0.111282 0.180842
v -0.291402 0.012423 0.209862
v -0.291828 0.014376 0.209795
v -0.227613 0.130287 0.191451
v -0.229371 0.130320 0.192405
v -0.306563 0.010555 0.179150
v -0.306391 0.012457 0.179743
v -0.258133 0.141483 0.146696
v -0.260013 0.141574 0.147372
v -0.283424 0.012263 0.169379
v -0.283132 0.014094 0.170129
v -0.261364 0.122158 0.133985
v -0.263282 0.122325 0.134526
v -0.304442 0.032824 0.159690
v -0.303696 0.033823 0.161254
v -0.256433 0.158872 0.112319
v -0.258235 0.159676 0.111995
v -0.280294 0.023728 0.150460
v -0.279548 0.024704 0.152038
v -0.262511 0.140420 0.098096
v -0.264325 0.141207 0.097793
v -0.280142 0.039235 0.147934
v -0.279754 0.039259 0.149896
v -0.298420 0.049047 0.150146
v -0.298081 0.049000 0.152116
v -0.265076 0.079788 0.164998
v -0.265238 0.079066 0.166856
v -0.228762 0.176633 0.089344
v -0.229890 0.178071 0.088532
v -0.225801 0.169402 0.071267
v -0.226769 0.170950 0.070451
v -0.186343 0.183732 0.078070
v -0.186848 0.185499 0.077280
v 0.065101 0.180515 0.000895
v 0.067083 0.180784 0.000895
v 0.018789 0.234829 0.094883
v 0.020190 0.235098 0.096284
v 0.024008 0.180515 0.100101
v 0.025409 0.180784 0.101502
v -0.075199 0.180515 0.141194
v -0.075199 0.180784 0.143176
v 0.057720 0.234829 0.000895
v 0.059702 0.235098 0.000895
v -0.075199 0.234829 0.133814
v -0.075199 0.235098 0.135796
v 0.018789 0.234829 -0.093093
v 0.020190 0.235098 -0.094494
v -0.169187 0.234829 0.094883
v -0.170588 0.235098 0.096284
v 0.024008 0.180515 -0.098312
v 0.025409 0.180784 -0.099713
v -0.174406 0.180515 0.100101
v -0.175807 0.180784 0.101502
v -0.075199 0.180515 -0.139406
v -0.075199 0.180784 -0.141388
v -0.215499 0.180515 0.000895
v -0.217481 0.180784 0.000895
v -0.075199 0.234829 -0.132024
v -0.075199 0.235098 -0.134006
v -0.208117 0.234829 0.000895
v -0.210099 0.235098 0.000895
v -0.169187 0.234829 -0.093093
v -0.170588 0.235098 -0.094494
v -0.174406 0.180515 -0.098312
v -0.175807 0.180784 -0.099713
v 0.105647 0.021570 -0.220337
v 0.106758 0.023232 -0.220407
v 0.075778 0.056371 -0.203601
v 0.077528 0.057219 -0.204066
v 0.104318 0.022940 -0.196989
v 0.105319 0.024671 -0.197029
v 0.118933 0.016434 -0.188642
v 0.119381 0.018382 -0.188575
v 0.067417 0.059338 -0.226564
v 0.069207 0.060060 -0.227089
v 0.140213 0.012423 -0.208000
v 0.140639 0.014376 -0.207933
v 0.067402 0.090236 -0.217547
v 0.069225 0.090396 -0.218354
v 0.155374 0.010555 -0.177289
v 0.155202 0.012457 -0.177882
v 0.077701 0.083279 -0.196060
v 0.079517 0.083441 -0.196881
v 0.132235 0.012263 -0.167517
v 0.131943 0.014094 -0.168267
v 0.084991 0.111261 -0.178021
v 0.086746 0.111282 -0.178981
v 0.153253 0.032824 -0.157829
v 0.152507 0.033823 -0.159393
v 0.076424 0.130287 -0.189590
v 0.078182 0.130320 -0.190544
v 0.129105 0.023728 -0.148599
v 0.128359 0.024704 -0.150177
v 0.106944 0.141483 -0.144835
v 0.108824 0.141574 -0.145511
v 0.128953 0.039235 -0.146073
v 0.128565 0.039259 -0.148035
v 0.147231 0.049047 -0.148284
v 0.146892 0.049000 -0.150254
v 0.113887 0.079788 -0.163136
v 0.114050 0.079067 -0.164994
v 0.110175 0.122158 -0.132124
v 0.112093 0.122325 -0.132665
v 0.105244 0.158872 -0.110457
v 0.107046 0.159676 -0.110133
v 0.111323 0.140420 -0.096235
v 0.113137 0.141207 -0.095932
v 0.077573 0.176633 -0.087482
v 0.078701 0.178071 -0.086670
v 0.074612 0.169402 -0.069405
v 0.075580 0.170950 -0.068589
v 0.035154 0.183732 -0.076208
v 0.035659 0.185499 -0.075419
v 0.075778 0.056371 0.205463
v 0.077528 0.057219 0.205928
v 0.105647 0.021570 0.222199
v 0.106758 0.023232 0.222269
v 0.104318 0.022940 0.198850
v 0.105319 0.024671 0.198890
v 0.118933 0.016434 0.190503
v 0.119381 0.018382 0.190436
v 0.067417 0.059338 0.228426
v 0.069207 0.060060 0.228951
v 0.140213 0.012423 0.209862
v 0.140639 0.014376 0.209795
v 0.067402 0.090236 0.219408
v 0.069225 0.090396 0.220215
v 0.155374 0.010555 0.179150
v 0.155202 0.012457 0.179743
v 0.077701 0.083279 0.197921
v 0.079517 0.083441 0.198742
v 0.132235 0.012263 0.169379
v 0.131943 0.014094 0.170129
v 0.084991 0.111261 0.179882
v 0.086746 0.111282 0.180842
v 0.153253 0.032824 0.159690
v 0.152507 0.033823 0.161254
v 0.076424 0.130287 0.191451
v 0.078182 0.130320 0.192405
v 0.129105 0.023728 0.150460
v 0.128359 0.024704 0.152038
v 0.106944 0.141483 0.146696
v 0.108824 0.141574 0.147372
v 0.128953 0.039235 0.147934
v 0.128565 0.039259 0.149896
v 0.147231 0.049047 0.150146
v 0.146892 0.049000 0.152116
v 0.113887 0.079788 0.164998
v 0.114049 0.079066 0.166856
v 0.110175 0.122158 0.133985
v 0.112093 0.122325 0.134526
v 0.105244 0.158872 0.112319
v 0.107046 0.159676 0.111995
v 0.111323 0.140420 0.098096
v 0.113137 0.141207 0.097793
v 0.077573 0.176633 0.089344
v 0.078701 0.178071 0.088532
v 0.074612 0.169402 0.071267
v 0.075580 0.170950 0.070451
v 0.035154 0.183732 0.078070
v 0.035659 0.185499 0.077280
v 0.088536 0.007490 -0.216107
v 0.088481 0.006878 -0.218010
v 0.067417 0.059338 -0.226564
v 0.066850 0.059294 -0.228481
v 0.105647 0.021570 -0.220337
v 0.105724 0.020912 -0.222224
v 0.048043 0.051097 -0.218771
v 0.047455 0.051095 -0.220683
v 0.131361 -0.003453 -0.205073
v 0.132347 -0.004163 -0.206662
v 0.042897 0.083233 -0.209812
v 0.042102 0.084016 -0.211472
v 0.140213 0.012423 -0.208000
v 0.141297 0.011727 -0.209530
v 0.067402 0.090236 -0.217547
v 0.066608 0.091102 -0.219166
v 0.155374 0.010555 -0.177289
v 0.157250 0.010449 -0.177973
v 0.054616 0.125602 -0.181885
v 0.053942 0.127222 -0.182845
v 0.154143 -0.008354 -0.176795
v 0.155925 -0.008651 -0.177654
v 0.076424 0.130287 -0.189590
v 0.075795 0.132012 -0.190384
v 0.160176 0.023901 -0.144184
v 0.162059 0.024426 -0.144606
v 0.080317 0.137159 -0.133368
v 0.079627 0.138983 -0.133811
v 0.153253 0.032824 -0.157829
v 0.155133 0.033358 -0.158252
v 0.106944 0.141483 -0.144835
v 0.106282 0.143324 -0.145251
v 0.147231 0.049047 -0.148284
v 0.148872 0.050043 -0.148846
v 0.149013 0.057355 -0.130019
v 0.150599 0.058415 -0.130619
v 0.113887 0.079788 -0.163136
v 0.115316 0.081004 -0.163828
v 0.105244 0.158872 -0.110457
v 0.104388 0.160268 -0.111606
v 0.079084 0.141726 -0.105309
v 0.078245 0.143040 -0.106561
v 0.068563 0.160289 -0.094396
v 0.068004 0.161153 -0.096111
v 0.077573 0.176633 -0.087482
v 0.077065 0.177509 -0.089207
v 0.035154 0.183732 -0.076208
v 0.034841 0.184645 -0.077960
v -0.218606 0.059338 0.228426
v -0.218039 0.059294 0.230343
v -0.239725 0.007490 0.217968
v -0.239670 0.006878 0.219871
v -0.199232 0.051097 0.220632
v -0.198644 0.051095 0.222544
v -0.194086 0.083233 0.211673
v -0.193291 0.084016 0.213333
v -0.256836 0.021570 0.222199
v -0.256913 0.020912 0.224086
v -0.218591 0.090236 0.219408
v -0.217797 0.091102 0.221027
v -0.282551 -0.003453 0.206934
v -0.283537 -0.004163 0.208523
v -0.205805 0.125602 0.183747
v -0.205131 0.127222 0.184707
v -0.291402 0.012423 0.209862
v -0.292487 0.011727 0.211392
v -0.227613 0.130287 0.191451
v -0.226984 0.132012 0.192245
v -0.306563 0.010555 0.179150
v -0.308439 0.010449 0.179834
v -0.231506 0.137159 0.135229
v -0.230816 0.138983 0.135672
v -0.305332 -0.008354 0.178657
v -0.307114 -0.008651 0.179516
v -0.258133 0.141483 0.146696
v -0.257471 0.143324 0.147112
v -0.311365 0.023901 0.146045
v -0.313248 0.024426 0.146467
v -0.256433 0.158872 0.112319
v -0.255577 0.160268 0.113468
v -0.304442 0.032824 0.159690
v -0.306322 0.033358 0.160113
v -0.230273 0.141726 0.107170
v -0.229434 0.143040 0.108422
v -0.298420 0.049047 0.150146
v -0.300061 0.050043 0.150708
v -0.300202 0.057355 0.131880
v -0.301788 0.058415 0.132480
v -0.265076 0.079788 0.164998
v -0.266505 0.081004 0.165690
v -0.219752 0.160289 0.096258
v -0.219193 0.161153 0.097973
v -0.228762 0.176633 0.089344
v -0.228254 0.177509 0.091069
v -0.186343 0.183732 0.078070
v -0.186030 0.184645 0.079822
v 0.067417 0.059338 0.228426
v 0.066850 0.059294 0.230343
v 0.088536 0.007490 0.217968
v 0.088481 0.006878 0.219871
v 0.105647 0.021570 0.222199
v 0.105724 0.020912 0.224086
v 0.048043 0.051097 0.220632
v 0.047455 0.051095 0.222544
v 0.131361 -0.003453 0.206934
v 0.132347 -0.004163 0.208523
v 0.042897 0.083233 0.211673
v 0.042102 0.084016 0.213333
v 0.140213 0.012423 0.209862
v 0.141297 0.011727 0.211392
v 0.067402 0.090236 0.219408
v 0.066608 0.091102 0.221027
v 0.155374 0.010555 0.179150
v 0.157250 0.010449 0.179834
v 0.054616 0.125602 0.183747
v 0.053942 0.127222 0.184707
v 0.154143 -0.008354 0.178657
v 0.155925 -0.008651 0.179516
v 0.076424 0.130287 0.191451
v 0.075795 0.132012 0.192245
v 0.160176 0.023901 0.146045
v 0.162059 0.024426 0.146467
v 0.080317 0.137159 0.135229
v 0.079627 0.138983 0.135672
v 0.153253 0.032824 0.159690
v 0.155133 0.033358 0.160113
v 0.106944 0.141483 0.146696
v 0.106282 0.143324 0.147112
v 0.147231 0.049047 0.150146
v 0.148872 0.050043 0.150708
v 0.149013 0.057355 0.131880
v 0.150599 0.058415 0.132480
v 0.113887 0.079788 0.164998
v 0.115316 0.081004 0.165690
v 0.105244 0.158872 0.112319
v 0.104388 0.160268 0.113468
v 0.079084 0.141726 0.107170
v 0.078245 0.143040 0.108422
v 0.068563 0.160289 0.096258
v 0.068004 0.161153 0.097973
v 0.077573 0.176633 0.089344
v 0.077065 0.177509 0.091069
v 0.035154 0.183732 0.078070
v 0.034841 0.184645 0.079822
v -0.239725 0.007490 -0.216107
v -0.239670 0.006878 -0.218010
v -0.218606 0.059338 -0.226564
v -0.218039 0.059294 -0.228481
v -0.199232 0.051097 -0.218771
v -0.198644 0.051095 -0.220683
v -0.194086 0.083233 -0.209812
v -0.193291 0.084016 -0.211472
v -0.256836 0.021570 -0.220337
v -0.256913 0.020912 -0.222224
v -0.218591 0.090236 -0.217547
v -0.217797 0.091102 -0.219166
v -0.282551 -0.003453 -0.205073
v -0.283537 -0.004163 -0.206662
v -0.205805 0.125602 -0.181885
v -0.205131 0.127222 -0.182845
v -0.291402 0.012423 -0.208000
v -0.292486 0.011727 -0.209530
v -0.227613 0.130287 -0.189590
v -0.226984 0.132012 -0.190384
v -0.306563 0.010555 -0.177289
v -0.308439 0.010449 -0.177973
v -0.231506 0.137159 -0.133368
v -0.230816 0.138983 -0.133811
v -0.305332 -0.008354 -0.176795
v -0.307114 -0.008651 -0.177654
v -0.258133 0.141483 -0.144835
v -0.257471 0.143324 -0.145251
v -0.311365 0.023901 -0.144184
v -0.313248 0.024426 -0.144606
v -0.256433 0.158872 -0.110457
v -0.255577 0.160268 -0.111606
v -0.304442 0.032824 -0.157829
v -0.306322 0.033358 -0.158252
v -0.230273 0.141726 -0.105309
v -0.229434 0.143040 -0.106561
v -0.298420 0.049047 -0.148284
v -0.300061 0.050043 -0.148846
v -0.300202 0.057355 -0.130019
v -0.301788 0.058415 -0.130619
v -0.265076 0.079788 -0.163136
v -0.266505 0.081004 -0.163828
v -0.219752 0.160289 -0.094396
v -0.219193 0.161153 -0.096111
v -0.228762 0.176633 -0.087482
v -0.228254 0.177509 -0.089207
v -0.186343 0.183732 -0.076208
v -0.186030 0.184645 -0.077960
v -0.240306 0.517071 -0.056669
v -0.242306 0.517071 -0.056669
v -0.240306 0.404468 -0.056669
v -0.242306 0.404468 -0.056669
v -0.240306 0.517071 0.058531
v -0.242306 0.517071 0.058531
v -0.240306 0.404468 0.058531
v -0.242306 0.404468 0.058531
v -0.196083 0.419934 0.058531
v -0.194361 0.420951 0.058531
v -0.196083 0.419934 -0.056669
v -0.194361 0.420951 -0.056669
v -0.196083 0.455934 -0.056669
v -0.194083 0.455934 -0.056669
v -0.196083 0.455934 0.058531
v -0.194083 0.455934 0.058531
v -0.157600 0.398728 0.058531
v -0.156635 0.400480 0.058531
v -0.157600 0.398728 -0.056669
v -0.156635 0.400480 -0.056669
v 0.347008 -0.020111 -0.056669
v 0.347008 -0.020111 -0.058669
v 0.211918 0.227934 -0.056669
v 0.211918 0.227934 -0.058669
v 0.284745 0.271332 -0.056669
v 0.284745 0.271332 -0.058669
v 0.151918 0.299934 -0.056669
v 0.151918 0.299934 -0.058669
v 0.309969 -0.043106 -0.056669
v 0.309969 -0.043106 -0.058669
v 0.035694 0.517071 -0.056669
v 0.035694 0.517071 -0.058669
v 0.358931 -0.165832 -0.056669
v 0.358931 -0.165832 -0.058669
v 0.031917 0.371934 -0.056669
v 0.031917 0.371934 -0.058669
v 0.329046 -0.211613 -0.056669
v 0.329046 -0.211613 -0.058669
v -0.028083 0.455934 -0.056669
v -0.028083 0.455934 -0.058669
v 0.368865 -0.208886 -0.056669
v 0.368865 -0.208886 -0.058669
v 0.376737 -0.242744 -0.056669
v 0.376737 -0.242744 -0.058669
v 0.388736 -0.230744 -0.056669
v 0.388736 -0.230744 -0.058669
v -0.240306 0.517071 -0.056669
v -0.240306 0.517071 -0.058669
v -0.196083 0.455934 -0.056669
v -0.196083 0.455934 -0.058669
v -0.240306 0.404468 -0.056669
v -0.240306 0.404468 -0.058669
v -0.196083 0.419934 -0.056669
v -0.196083 0.419934 -0.058669
v -0.172082 0.380210 -0.056669
v -0.172082 0.380210 -0.058669
v -0.157600 0.398728 -0.056669
v -0.157600 0.398728 -0.058669
v 0.031917 0.371934 0.058531
v 0.031917 0.371934 0.060531
v 0.035694 0.517071 0.058531
v 0.035694 0.517071 0.060531
v -0.028083 0.455934 0.058531
v -0.028083 0.455934 0.060531
v 0.151918 0.299934 0.058531
v 0.151918 0.299934 0.060531
v -0.240306 0.517071 0.058531
v -0.240306 0.517071 0.060531
v 0.284745 0.271332 0.058531
v 0.284745 0.271332 0.060531
v -0.196083 0.455934 0.058531
v -0.196083 0.455934 0.060531
v 0.211918 0.227934 0.058531
v 0.211918 0.227934 0.060531
v -0.240306 0.404468 0.058531
v -0.240306 0.404468 0.060531
v 0.347008 -0.020111 0.058531
v 0.347008 -0.020111 0.060531
v -0.196083 0.419934 0.058531
v -0.196083 0.419934 0.060531
v -0.172082 0.380210 0.058531
v -0.172082 0.380210 0.060531
v -0.157600 0.398728 0.058531
v -0.157600 0.398728 0.060531
v 0.309969 -0.043106 0.058531
v 0.309969 -0.043106 0.060531
v 0.358931 -0.165832 0.058531
v 0.358931 -0.165832 0.060531
v 0.329046 -0.211613 0.058531
v 0.329046 -0.211613 0.060531
v 0.368865 -0.208886 0.058531
v 0.368865 -0.208886 0.060531
v 0.376737 -0.242744 0.058531
v 0.376737 -0.242744 0.060531
v 0.388736 -0.230744 0.058531
v 0.388736 -0.230744 0.060531
v -0.078249 0.323675 -0.053638
v -0.078249 0.323675 -0.055638
v -0.132351 0.346085 -0.053638
v -0.132351 0.346085 -0.055638
v -0.087531 0.346085 -0.053638
v -0.087531 0.346085 -0.055638
v -0.109940 0.355368 -0.053638
v -0.109940 0.355368 -0.055638
v -0.109940 0.291983 -0.053638
v -0.109940 0.291983 -0.055638
v -0.087531 0.301265 -0.053638
v -0.087531 0.301265 -0.055638
v -0.132351 0.301265 -0.053638
v -0.132351 0.301265 -0.055638
v -0.141634 0.323675 -0.053638
v -0.141634 0.323675 -0.055638
v -0.132351 0.301265 0.055371
v -0.132351 0.301265 0.057371
v -0.132351 0.346085 0.055371
v -0.132351 0.346085 0.057371
v -0.141634 0.323675 0.055371
v -0.141634 0.323675 0.057371
v -0.109940 0.291983 0.055371
v -0.109940 0.291983 0.057371
v -0.078249 0.323675 0.055371
v -0.078249 0.323675 0.057371
v -0.087531 0.301265 0.055371
v -0.087531 0.301265 0.057371
v -0.087531 0.346085 0.055371
v -0.087531 0.346085 0.057371
v -0.109940 0.355368 0.055371
v -0.109940 0.355368 0.057371
v -0.075199 -0.089958 -0.312643
v -0.075199 -0.091016 -0.314340
v 0.146506 -0.089958 -0.220811
v 0.147706 -0.091016 -0.222011
v 0.140244 -0.104165 -0.214548
v 0.141444 -0.105223 -0.215748
v 0.238339 -0.089958 0.000895
v 0.240036 -0.091016 0.000895
v -0.075199 -0.104165 -0.303788
v -0.075199 -0.105223 -0.305485
v 0.229484 -0.104165 0.000895
v 0.231181 -0.105223 0.000895
v -0.290641 -0.104165 -0.214548
v -0.291841 -0.105223 -0.215748
v 0.140244 -0.104165 0.216338
v 0.141444 -0.105223 0.217538
v -0.296903 -0.089958 -0.220811
v -0.298103 -0.091016 -0.222011
v 0.146506 -0.089958 0.222599
v 0.147706 -0.091016 0.223799
v -0.388736 -0.089958 0.000895
v -0.390433 -0.091016 0.000895
v -0.075199 -0.089958 0.314431
v -0.075199 -0.091016 0.316128
v -0.379882 -0.104165 0.000895
v -0.381579 -0.105223 0.000895
v -0.075199 -0.104165 0.305577
v -0.075199 -0.105223 0.307274
v -0.290641 -0.104165 0.216338
v -0.291841 -0.105223 0.217538
v -0.296902 -0.089958 0.222599
v -0.298102 -0.091016 0.223799
v 0.138910 -0.028308 -0.213214
v 0.139851 -0.026815 -0.214155
v 0.213799 -0.016009 0.000895
v 0.215130 -0.014516 0.000895
v 0.227595 -0.028308 0.000895
v 0.228926 -0.026815 0.000895
v 0.138910 -0.028308 0.215003
v 0.139851 -0.026815 0.215944
v 0.129154 -0.016009 -0.203457
v 0.130095 -0.014516 -0.204398
v 0.129154 -0.016009 0.205247
v 0.130095 -0.014516 0.206188
v -0.075199 -0.016009 -0.288104
v -0.075199 -0.014516 -0.289435
v -0.075199 -0.028308 0.303689
v -0.075199 -0.026815 0.305020
v -0.075199 -0.028308 -0.301899
v -0.075199 -0.026815 -0.303230
v -0.075199 -0.016009 0.289891
v -0.075199 -0.014516 0.291222
v -0.289307 -0.028308 -0.213214
v -0.290248 -0.026815 -0.214155
v -0.279550 -0.016009 0.205247
v -0.280491 -0.014516 0.206188
v -0.279550 -0.016009 -0.203457
v -0.280491 -0.014516 -0.204398
v -0.289307 -0.028308 0.215003
v -0.290248 -0.026815 0.215944
v -0.364196 -0.016009 0.000895
v -0.365527 -0.014516 0.000895
v -0.377993 -0.028308 0.000895
v -0.379324 -0.026815 0.000895
v -0.289307 -0.028308 -0.213214
v -0.290700 -0.027965 -0.214607
v -0.075199 -0.089958 -0.312643
v -0.075199 -0.089615 -0.314613
v -0.296903 -0.089958 -0.220811
v -0.298296 -0.089615 -0.222204
v -0.388736 -0.089958 0.000895
v -0.390706 -0.089615 0.000895
v -0.075199 -0.028308 -0.301899
v -0.075199 -0.027965 -0.303869
v -0.377993 -0.028308 0.000895
v -0.379963 -0.027965 0.000895
v 0.138910 -0.028308 -0.213214
v 0.140303 -0.027965 -0.214607
v -0.289307 -0.028308 0.215003
v -0.290700 -0.027965 0.216396
v 0.146506 -0.089958 -0.220811
v 0.147899 -0.089615 -0.222204
v -0.296902 -0.089958 0.222599
v -0.298295 -0.089615 0.223992
v 0.238339 -0.089958 0.000895
v 0.240309 -0.089615 0.000895
v -0.075199 -0.089958 0.314431
v -0.075199 -0.089615 0.316401
v 0.227595 -0.028308 0.000895
v 0.229565 -0.027965 0.000895
v -0.075199 -0.028308 0.303689
v -0.075199 -0.027965 0.305659
v 0.138910 -0.028308 0.215003
v 0.140303 -0.027965 0.216396
v 0.146506 -0.089958 0.222599
v 0.147899 -0.089615 0.223992
v -0.075594 -0.058269 0.004900
v -0.075594 -0.058269 0.006900
v -0.224229 -0.058269 -0.283458
v -0.226007 -0.058269 -0.282542
v -0.135049 -0.132586 -0.283458
v -0.136536 -0.133775 -0.282845
v -0.135049 0.016048 -0.283458
v -0.136536 0.017237 -0.282845
v -0.075594 -0.244061 -0.283458
v -0.075594 -0.245742 -0.282375
v -0.075594 0.127524 -0.283458
v -0.075594 0.129205 -0.282375
v -0.016140 -0.132586 -0.283458
v -0.014653 -0.133775 -0.282845
v -0.016140 0.016048 -0.283458
v -0.014653 0.017237 -0.282845
v 0.073040 -0.058269 -0.283458
v 0.074818 -0.058269 -0.282542
v -0.075594 -0.058269 0.004900
v -0.075594 -0.058269 0.002900
v -0.075594 0.127524 0.283459
v -0.075594 0.129188 0.282349
v -0.016140 0.016048 0.283459
v -0.014658 0.017232 0.282827
v -0.135049 0.016048 0.283459
v -0.136531 0.017232 0.282827
v 0.073040 -0.058269 0.283459
v 0.074805 -0.058269 0.282517
v -0.224229 -0.058269 0.283459
v -0.225993 -0.058269 0.282517
v -0.016140 -0.132586 0.283459
v -0.014658 -0.133770 0.282827
v -0.135049 -0.132586 0.283459
v -0.136531 -0.133770 0.282827
v -0.075594 -0.244061 0.283459
v -0.075594 -0.245725 0.282349
v -0.226967 0.056371 -0.203601
v -0.227639 0.056405 -0.201717
v -0.255507 0.022940 -0.196989
v -0.255491 0.023575 -0.195092
v -0.239144 0.009888 -0.192258
v -0.239245 0.010504 -0.190358
v -0.206155 0.048233 -0.194240
v -0.206833 0.048254 -0.192358
v -0.264709 0.002560 -0.187761
v -0.263697 0.003160 -0.186144
v -0.205426 0.074149 -0.187514
v -0.206294 0.073421 -0.185866
v -0.270122 0.016434 -0.188642
v -0.269131 0.017038 -0.187013
v -0.228890 0.083279 -0.196060
v -0.229745 0.082442 -0.194457
v -0.283424 0.012263 -0.167517
v -0.281625 0.012253 -0.166642
v -0.211935 0.104625 -0.171602
v -0.212652 0.103090 -0.170538
v -0.279069 -0.004893 -0.169102
v -0.277352 -0.004722 -0.168090
v -0.236180 0.111261 -0.178021
v -0.236830 0.109567 -0.177179
v -0.292363 0.017150 -0.136224
v -0.290559 0.016670 -0.135506
v -0.234967 0.119395 -0.121669
v -0.235551 0.117548 -0.121171
v -0.280294 0.023728 -0.148599
v -0.278482 0.023261 -0.147893
v -0.261364 0.122158 -0.132124
v -0.261939 0.120304 -0.131641
v -0.280142 0.039235 -0.146073
v -0.278342 0.038667 -0.145412
v -0.281348 0.049238 -0.127962
v -0.279519 0.048682 -0.127374
v -0.265076 0.079788 -0.163136
v -0.263191 0.079263 -0.162720
v -0.262511 0.140420 -0.096235
v -0.263151 0.138969 -0.095017
v -0.238953 0.129105 -0.091741
v -0.239566 0.127765 -0.090389
v -0.225801 0.169402 -0.069405
v -0.225772 0.168663 -0.067547
v -0.215532 0.154375 -0.077321
v -0.215579 0.153620 -0.075470
v -0.186343 0.183732 -0.076208
v -0.185809 0.183132 -0.074376
v -0.255507 0.022940 0.198850
v -0.255491 0.023575 0.196953
v -0.226967 0.056371 0.205463
v -0.227639 0.056405 0.203579
v -0.239144 0.009888 0.194119
v -0.239245 0.010504 0.192219
v -0.206155 0.048233 0.196102
v -0.206833 0.048254 0.194220
v -0.264709 0.002560 0.189622
v -0.263697 0.003160 0.188005
v -0.205426 0.074149 0.189376
v -0.206294 0.073421 0.187728
v -0.270122 0.016434 0.190503
v -0.269132 0.017038 0.188874
v -0.228890 0.083279 0.197921
v -0.229745 0.082442 0.196318
v -0.283424 0.012263 0.169379
v -0.281625 0.012253 0.168504
v -0.211935 0.104625 0.173463
v -0.212652 0.103090 0.172399
v -0.279069 -0.004893 0.170963
v -0.277352 -0.004722 0.169951
v -0.236180 0.111261 0.179882
v -0.236830 0.109567 0.179040
v -0.292363 0.017150 0.138085
v -0.290559 0.016670 0.137367
v -0.234967 0.119395 0.123530
v -0.235551 0.117548 0.123032
v -0.280294 0.023728 0.150460
v -0.278482 0.023261 0.149754
v -0.261364 0.122158 0.133985
v -0.261939 0.120304 0.133502
v -0.280142 0.039235 0.147934
v -0.278342 0.038667 0.147273
v -0.281348 0.049238 0.129823
v -0.279519 0.048682 0.129235
v -0.265076 0.079788 0.164998
v -0.263191 0.079263 0.164582
v -0.262511 0.140420 0.098096
v -0.263151 0.138969 0.096878
v -0.238953 0.129105 0.093603
v -0.239566 0.127765 0.092250
v -0.225801 0.169402 0.071267
v -0.225772 0.168663 0.069409
v -0.215532 0.154375 0.079183
v -0.215579 0.153620 0.077332
v -0.186343 0.183732 0.078070
v -0.185809 0.183132 0.076238
v 0.075778 0.056371 -0.203601
v 0.076450 0.056405 -0.201717
v 0.087955 0.009888 -0.192258
v 0.088056 0.010504 -0.190358
v 0.104318 0.022940 -0.196989
v 0.104302 0.023575 -0.195092
v 0.054966 0.048233 -0.194240
v 0.055644 0.048254 -0.192358
v 0.113520 0.002560 -0.187761
v 0.112508 0.003160 -0.186144
v 0.054237 0.074149 -0.187514
v 0.055105 0.073421 -0.185866
v 0.118933 0.016434 -0.188642
v 0.117943 0.017038 -0.187013
v 0.077701 0.083279 -0.196060
v 0.078556 0.082442 -0.194457
v 0.132235 0.012263 -0.167517
v 0.130437 0.012253 -0.166642
v 0.060746 0.104625 -0.171602
v 0.061463 0.103090 -0.170538
v 0.127880 -0.004893 -0.169102
v 0.126163 -0.004722 -0.168090
v 0.084991 0.111261 -0.178021
v 0.085641 0.109567 -0.177179
v 0.141174 0.017150 -0.136224
v 0.139370 0.016670 -0.135506
v 0.083778 0.119395 -0.121669
v 0.084362 0.117548 -0.121171
v 0.129105 0.023728 -0.148599
v 0.127293 0.023261 -0.147893
v 0.110175 0.122158 -0.132124
v 0.110750 0.120304 -0.131641
v 0.128953 0.039235 -0.146073
v 0.127153 0.038667 -0.145412
v 0.130159 0.049238 -0.127962
v 0.128330 0.048682 -0.127374
v 0.113887 0.079788 -0.163136
v 0.112002 0.079263 -0.162720
v 0.111323 0.140420 -0.096235
v 0.111963 0.138969 -0.095017
v 0.087764 0.129105 -0.091741
v 0.088377 0.127765 -0.090388
v 0.074612 0.169402 -0.069405
v 0.074583 0.168663 -0.067547
v 0.064343 0.154375 -0.077321
v 0.064390 0.153620 -0.075470
v 0.035154 0.183732 -0.076208
v 0.034620 0.183132 -0.074376
v 0.087955 0.009888 0.194119
v 0.088056 0.010504 0.192219
v 0.054966 0.048233 0.196102
v 0.055644 0.048254 0.194220
v 0.075778 0.056371 0.205463
v 0.076450 0.056405 0.203579
v 0.054237 0.074149 0.189376
v 0.055105 0.073421 0.187728
v 0.104318 0.022940 0.198850
v 0.104302 0.023575 0.196953
v 0.077701 0.083279 0.197921
v 0.078556 0.082442 0.196318
v 0.113520 0.002560 0.189622
v 0.112508 0.003160 0.188005
v 0.060746 0.104625 0.173463
v 0.061463 0.103090 0.172399
v 0.118933 0.016434 0.190503
v 0.117943 0.017038 0.188874
v 0.084991 0.111261 0.179882
v 0.085641 0.109567 0.179040
v 0.132235 0.012263 0.169379
v 0.130436 0.012253 0.168504
v 0.083778 0.119395 0.123530
v 0.084362 0.117548 0.123032
v 0.127880 -0.004893 0.170963
v 0.126163 -0.004722 0.169951
v 0.110175 0.122158 0.133985
v 0.110750 0.120304 0.133502
v 0.141174 0.017150 0.138085
v 0.139370 0.016670 0.137367
v 0.111323 0.140420 0.098096
v 0.111963 0.138969 0.096878
v 0.129105 0.023728 0.150460
v 0.127293 0.023261 0.149754
v 0.087764 0.129105 0.093603
v 0.088377 0.127765 0.092250
v 0.128953 0.039235 0.147934
v 0.127153 0.038667 0.147273
v 0.130159 0.049238 0.129823
v 0.128330 0.048682 0.129235
v 0.113887 0.079788 0.164998
v 0.112002 0.079263 0.164582
v 0.074612 0.169402 0.071267
v 0.074583 0.168663 0.069409
v 0.064343 0.154375 0.079183
v 0.064390 0.153620 0.077332
v 0.035154 0.183732 0.078070
v 0.034620 0.183132 0.076238
v 0.087955 0.009888 -0.192258
v 0.086905 0.008194 -0.192087
v 0.054966 0.048233 -0.194240
v 0.053230 0.047331 -0.193826
v 0.088536 0.007490 -0.216107
v 0.087452 0.005818 -0.215934
v 0.113520 0.002560 -0.187761
v 0.112998 0.000630 -0.187727
v 0.048043 0.051097 -0.218771
v 0.046283 0.050258 -0.218328
v 0.131361 -0.003453 -0.205073
v 0.130850 -0.005386 -0.205090
v 0.042897 0.083233 -0.209812
v 0.041060 0.083005 -0.209054
v 0.127880 -0.004893 -0.169102
v 0.127829 -0.006834 -0.168624
v 0.054237 0.074149 -0.187514
v 0.052402 0.073928 -0.186750
v 0.154143 -0.008354 -0.176795
v 0.154207 -0.010253 -0.176170
v 0.060746 0.104625 -0.171602
v 0.058950 0.104604 -0.170721
v 0.160176 0.023901 -0.144184
v 0.160791 0.022843 -0.142602
v 0.054616 0.125602 -0.181885
v 0.052820 0.125590 -0.181005
v 0.141174 0.017150 -0.136224
v 0.141788 0.016088 -0.134644
v 0.080317 0.137159 -0.133368
v 0.078435 0.136975 -0.132718
v 0.130159 0.049238 -0.127962
v 0.130298 0.049783 -0.126043
v 0.149013 0.057355 -0.130019
v 0.149220 0.057786 -0.128077
v 0.113887 0.079788 -0.163136
v 0.113450 0.081157 -0.161745
v 0.083778 0.119395 -0.121669
v 0.081870 0.119066 -0.121168
v 0.079084 0.141726 -0.105309
v 0.077260 0.140909 -0.105378
v 0.087764 0.129105 -0.091741
v 0.085950 0.128268 -0.091836
v 0.064343 0.154375 -0.077321
v 0.062855 0.153184 -0.077927
v 0.068563 0.160289 -0.094396
v 0.067024 0.159135 -0.094944
v 0.035154 0.183732 -0.076208
v 0.033831 0.182446 -0.076980
v 0.054966 0.048233 0.196102
v 0.053230 0.047331 0.195688
v 0.087955 0.009888 0.194119
v 0.086905 0.008194 0.193948
v 0.088536 0.007490 0.217968
v 0.087452 0.005818 0.217795
v 0.113520 0.002560 0.189622
v 0.112998 0.000630 0.189588
v 0.048043 0.051097 0.220632
v 0.046283 0.050258 0.220189
v 0.131361 -0.003453 0.206934
v 0.130850 -0.005386 0.206951
v 0.042897 0.083233 0.211673
v 0.041060 0.083005 0.210915
v 0.127880 -0.004893 0.170963
v 0.127829 -0.006834 0.170485
v 0.054237 0.074149 0.189376
v 0.052402 0.073928 0.188612
v 0.154143 -0.008354 0.178657
v 0.154207 -0.010253 0.178032
v 0.060746 0.104625 0.173463
v 0.058950 0.104604 0.172582
v 0.160176 0.023901 0.146045
v 0.160791 0.022843 0.144463
v 0.054616 0.125602 0.183747
v 0.052820 0.125590 0.182867
v 0.141174 0.017150 0.138085
v 0.141788 0.016088 0.136505
v 0.080317 0.137159 0.135229
v 0.078435 0.136975 0.134579
v 0.130159 0.049238 0.129823
v 0.130298 0.049783 0.127904
v 0.149013 0.057355 0.131880
v 0.149220 0.057786 0.129938
v 0.113887 0.079788 0.164998
v 0.113450 0.081157 0.163607
v 0.083778 0.119395 0.123530
v 0.081870 0.119066 0.123029
v 0.079084 0.141726 0.107170
v 0.077260 0.140909 0.107239
v 0.087764 0.129105 0.093603
v 0.085950 0.128268 0.093698
v 0.064343 0.154375 0.079183
v 0.062855 0.153184 0.079789
v 0.068563 0.160289 0.096258
v 0.067024 0.159135 0.096806
v 0.035154 0.183732 0.078070
v 0.033831 0.182446 0.078842
v 0.054473 -0.354506 -0.133704
v 0.054638 -0.353378 -0.132061
v 0.035232 -0.383459 -0.120511
v 0.035120 -0.382570 -0.118723
v 0.068466 -0.364398 -0.127907
v 0.068602 -0.363293 -0.126245
v 0.064369 -0.329679 -0.156486
v 0.064716 -0.328519 -0.154894
v 0.086543 -0.335770 -0.157467
v 0.086890 -0.334613 -0.155873
v 0.090032 -0.295777 -0.182664
v 0.090392 -0.294890 -0.180908
v 0.065345 -0.298227 -0.176693
v 0.065699 -0.297310 -0.174951
v 0.055853 -0.234591 -0.201267
v 0.056250 -0.233928 -0.199422
v 0.086509 -0.228806 -0.210417
v 0.086912 -0.228184 -0.208559
v 0.091512 -0.191011 -0.221225
v 0.091724 -0.190929 -0.219238
v 0.060291 -0.176774 -0.219036
v 0.060496 -0.176707 -0.217048
v 0.103170 -0.176230 -0.218709
v 0.102830 -0.176833 -0.216833
v 0.084414 -0.148035 -0.213127
v 0.084052 -0.148653 -0.211260
v 0.118218 -0.142116 -0.195693
v 0.117135 -0.142950 -0.194233
v 0.122631 -0.169143 -0.207868
v 0.121557 -0.169978 -0.206402
v 0.135024 -0.174781 -0.197127
v 0.133246 -0.175134 -0.196282
v 0.140508 -0.157031 -0.176886
v 0.138732 -0.157388 -0.176039
v 0.141850 -0.186507 -0.164773
v 0.139938 -0.186058 -0.164393
v 0.134934 -0.192680 -0.190426
v 0.133029 -0.192195 -0.190056
v 0.126851 -0.212093 -0.188707
v 0.125312 -0.210867 -0.188346
v 0.126807 -0.219460 -0.166061
v 0.125174 -0.218356 -0.165723
v 0.107111 -0.227020 -0.193090
v 0.106310 -0.225366 -0.192300
v 0.116195 -0.217335 -0.205801
v 0.115671 -0.215667 -0.204829
v 0.097174 -0.209604 -0.211182
v 0.097411 -0.208110 -0.209874
v 0.054473 -0.354506 0.135565
v 0.054638 -0.353378 0.133922
v 0.068466 -0.364398 0.129769
v 0.068602 -0.363293 0.128107
v 0.035232 -0.383459 0.122373
v 0.035120 -0.382570 0.120585
v 0.064369 -0.329679 0.158348
v 0.064716 -0.328519 0.156756
v 0.086543 -0.335770 0.159328
v 0.086890 -0.334613 0.157734
v 0.090032 -0.295777 0.184526
v 0.090392 -0.294890 0.182770
v 0.065345 -0.298227 0.178555
v 0.065699 -0.297310 0.176813
v 0.055853 -0.234591 0.203129
v 0.056250 -0.233928 0.201284
v 0.086509 -0.228806 0.212279
v 0.086912 -0.228184 0.210421
v 0.091512 -0.191011 0.223086
v 0.091724 -0.190929 0.221099
v 0.060291 -0.176774 0.220897
v 0.060496 -0.176707 0.218909
v 0.103170 -0.176230 0.220571
v 0.102830 -0.176833 0.218695
v 0.084414 -0.148035 0.214988
v 0.084052 -0.148653 0.213121
v 0.118218 -0.142116 0.197554
v 0.117135 -0.142950 0.196094
v 0.122631 -0.169143 0.209729
v 0.121557 -0.169978 0.208263
v 0.135024 -0.174781 0.198988
v 0.133246 -0.175134 0.198143
v 0.140508 -0.157031 0.178748
v 0.138732 -0.157388 0.177901
v 0.141850 -0.186507 0.166635
v 0.139938 -0.186058 0.166255
v 0.134934 -0.192680 0.192288
v 0.133029 -0.192195 0.191918
v 0.126851 -0.212093 0.190568
v 0.125312 -0.210867 0.190207
v 0.126807 -0.219460 0.167922
v 0.125174 -0.218356 0.167584
v 0.107111 -0.227020 0.194951
v 0.106310 -0.225366 0.194161
v 0.116195 -0.217335 0.207662
v 0.115671 -0.215667 0.206690
v 0.097174 -0.209604 0.213043
v 0.097411 -0.208110 0.211735
v -0.239725 0.007490 -0.216107
v -0.238641 0.005818 -0.215934
v -0.199232 0.051097 -0.218771
v -0.197472 0.050258 -0.218328
v -0.206155 0.048233 -0.194240
v -0.204419 0.047331 -0.193826
v -0.194086 0.083233 -0.209812
v -0.192249 0.083005 -0.209054
v -0.239144 0.009888 -0.192258
v -0.238094 0.008194 -0.192087
v -0.205426 0.074149 -0.187514
v -0.203591 0.073928 -0.186750
v -0.264709 0.002560 -0.187761
v -0.264187 0.000630 -0.187727
v -0.211935 0.104625 -0.171602
v -0.210139 0.104604 -0.170721
v -0.282551 -0.003453 -0.205073
v -0.282040 -0.005386 -0.205090
v -0.205805 0.125602 -0.181885
v -0.204009 0.125590 -0.181005
v -0.279069 -0.004893 -0.169102
v -0.279018 -0.006834 -0.168624
v -0.231506 0.137159 -0.133368
v -0.229624 0.136975 -0.132718
v -0.305332 -0.008354 -0.176795
v -0.305396 -0.010253 -0.176170
v -0.234967 0.119395 -0.121669
v -0.233059 0.119066 -0.121168
v -0.311365 0.023901 -0.144184
v -0.311980 0.022843 -0.142602
v -0.230273 0.141726 -0.105309
v -0.228449 0.140909 -0.105378
v -0.292363 0.017150 -0.136224
v -0.292977 0.016088 -0.134644
v -0.238953 0.129105 -0.091741
v -0.237139 0.128268 -0.091836
v -0.281348 0.049238 -0.127962
v -0.281487 0.049783 -0.126043
v -0.300202 0.057355 -0.130019
v -0.300409 0.057786 -0.128077
v -0.265076 0.079788 -0.163136
v -0.264639 0.081157 -0.161745
v -0.215532 0.154375 -0.077321
v -0.214044 0.153184 -0.077927
v -0.219752 0.160289 -0.094396
v -0.218213 0.159135 -0.094944
v -0.186343 0.183732 -0.076208
v -0.185020 0.182446 -0.076980
v -0.206155 0.048233 0.196102
v -0.204419 0.047331 0.195688
v -0.239725 0.007490 0.217968
v -0.238641 0.005818 0.217795
v -0.239144 0.009888 0.194119
v -0.238094 0.008194 0.193948
v -0.264709 0.002560 0.189622
v -0.264187 0.000630 0.189588
v -0.199232 0.051097 0.220632
v -0.197472 0.050258 0.220189
v -0.282551 -0.003453 0.206934
v -0.282040 -0.005386 0.206951
v -0.194086 0.083233 0.211673
v -0.192249 0.083005 0.210915
v -0.279069 -0.004893 0.170963
v -0.279018 -0.006834 0.170485
v -0.205426 0.074149 0.189376
v -0.203591 0.073928 0.188612
v -0.305332 -0.008354 0.178657
v -0.305396 -0.010253 0.178032
v -0.211935 0.104625 0.173463
v -0.210139 0.104604 0.172582
v -0.311365 0.023901 0.146045
v -0.311980 0.022843 0.144463
v -0.205805 0.125602 0.183747
v -0.204009 0.125590 0.182867
v -0.292363 0.017150 0.138085
v -0.292977 0.016088 0.136505
v -0.231506 0.137159 0.135229
v -0.229624 0.136975 0.134579
v -0.281348 0.049238 0.129823
v -0.281487 0.049783 0.127904
v -0.300202 0.057355 0.131880
v -0.300409 0.057786 0.129938
v -0.265076 0.079788 0.164998
v -0.264639 0.081157 0.163607
v -0.234967 0.119395 0.123530
v -0.233059 0.119066 0.123029
v -0.230273 0.141726 0.107170
v -0.228449 0.140909 0.107239
v -0.238953 0.129105 0.093603
v -0.237139 0.128268 0.093698
v -0.215532 0.154375 0.079183
v -0.214044 0.153184 0.079789
v -0.219752 0.160289 0.096258
v -0.218213 0.159135 0.096806
v -0.186343 0.183732 0.078070
v -0.185020 0.182446 0.078842
v -0.205662 -0.354506 -0.133704
v -0.205827 -0.353378 -0.132061
v -0.219655 -0.364398 -0.127907
v -0.219791 -0.363293 -0.126245
v -0.186421 -0.383459 -0.120511
v -0.186309 -0.382570 -0.118723
v -0.215558 -0.329679 -0.156486
v -0.215905 -0.328519 -0.154894
v -0.237732 -0.335770 -0.157467
v -0.238079 -0.334613 -0.155873
v -0.241221 -0.295777 -0.182664
v -0.241581 -0.294890 -0.180908
v -0.216534 -0.298227 -0.176693
v -0.216888 -0.297310 -0.174951
v -0.207042 -0.234591 -0.201267
v -0.207439 -0.233928 -0.199422
v -0.237698 -0.228806 -0.210417
v -0.238101 -0.228184 -0.208559
v -0.242701 -0.191011 -0.221225
v -0.242913 -0.190929 -0.219238
v -0.211479 -0.176774 -0.219036
v -0.211684 -0.176707 -0.217048
v -0.254359 -0.176230 -0.218709
v -0.254019 -0.176833 -0.216833
v -0.235603 -0.148035 -0.213127
v -0.235241 -0.148653 -0.211260
v -0.269408 -0.142116 -0.195693
v -0.268325 -0.142950 -0.194233
v -0.273820 -0.169143 -0.207868
v -0.272746 -0.169978 -0.206402
v -0.286213 -0.174781 -0.197127
v -0.284435 -0.175134 -0.196282
v -0.291696 -0.157031 -0.176886
v -0.289920 -0.157388 -0.176039
v -0.293038 -0.186507 -0.164773
v -0.291126 -0.186058 -0.164393
v -0.286123 -0.192680 -0.190426
v -0.284218 -0.192195 -0.190056
v -0.278040 -0.212093 -0.188707
v -0.276501 -0.210867 -0.188346
v -0.277996 -0.219460 -0.166061
v -0.276363 -0.218356 -0.165723
v -0.258300 -0.227020 -0.193090
v -0.257499 -0.225366 -0.192300
v -0.267384 -0.217335 -0.205801
v -0.266860 -0.215667 -0.204829
v -0.248363 -0.209604 -0.211182
v -0.248600 -0.208110 -0.209874
v -0.205662 -0.354506 0.135565
v -0.205827 -0.353378 0.133922
v -0.186421 -0.383459 0.122373
v -0.186309 -0.382570 0.120585
v -0.219655 -0.364398 0.129769
v -0.219791 -0.363293 0.128107
v -0.215558 -0.329679 0.158348
v -0.215905 -0.328519 0.156756
v -0.237732 -0.335770 0.159328
v -0.238079 -0.334613 0.157734
v -0.241221 -0.295777 0.184526
v -0.241581 -0.294890 0.182770
v -0.216534 -0.298227 0.178555
v -0.216888 -0.297310 0.176813
v -0.207042 -0.234591 0.203129
v -0.207439 -0.233928 0.201284
v -0.237698 -0.228806 0.212279
v -0.238101 -0.228184 0.210421
v -0.242701 -0.191011 0.223086
v -0.242913 -0.190929 0.221099
v -0.211479 -0.176774 0.220897
v -0.211684 -0.176707 0.218909
v -0.254359 -0.176230 0.220571
v -0.254019 -0.176833 0.218695
v -0.235603 -0.148035 0.214988
v -0.235241 -0.148653 0.213121
v -0.269408 -0.142116 0.197554
v -0.268325 -0.142950 0.196094
v -0.273820 -0.169143 0.209729
v -0.272746 -0.169978 0.208263
v -0.286213 -0.174781 0.198988
v -0.284435 -0.175134 0.198143
v -0.291696 -0.157031 0.178748
v -0.289920 -0.157388 0.177901
v -0.293038 -0.186507 0.166635
v -0.291126 -0.186058 0.166255
v -0.286123 -0.192680 0.192288
v -0.284218 -0.192195 0.191918
v -0.278040 -0.212093 0.190568
v -0.276501 -0.210867 0.190207
v -0.277996 -0.219460 0.167922
v -0.276363 -0.218356 0.167584
v -0.258300 -0.227020 0.194951
v -0.257499 -0.225366 0.194161
v -0.267384 -0.217335 0.207662
v -0.266860 -0.215667 0.206690
v -0.248363 -0.209604 0.213043
v -0.248600 -0.208110 0.211735
v 0.053375 -0.363030 -0.150101
v 0.051531 -0.362266 -0.150225
v 0.035232 -0.383459 -0.120511
v 0.033521 -0.382498 -0.120896
v 0.054473 -0.354506 -0.133704
v 0.052656 -0.353692 -0.133892
v 0.064369 -0.329679 -0.156486
v 0.062439 -0.329188 -0.156299
v 0.058818 -0.338921 -0.177340
v 0.056882 -0.338481 -0.177100
v 0.065345 -0.298227 -0.176693
v 0.063403 -0.298111 -0.176229
v 0.059279 -0.310866 -0.198328
v 0.057337 -0.310750 -0.197864
v 0.049708 -0.253747 -0.226561
v 0.047759 -0.253685 -0.226116
v 0.055853 -0.234591 -0.201267
v 0.053897 -0.234475 -0.200865
v 0.055195 -0.176390 -0.251979
v 0.053380 -0.175599 -0.251698
v 0.060291 -0.176774 -0.219036
v 0.058467 -0.176003 -0.218754
v 0.084414 -0.148035 -0.213127
v 0.083249 -0.146477 -0.212662
v 0.091212 -0.134396 -0.242824
v 0.090071 -0.132824 -0.242347
v 0.135204 -0.128159 -0.214619
v 0.134872 -0.126436 -0.213660
v 0.118218 -0.142116 -0.195693
v 0.117886 -0.140393 -0.194734
v 0.140508 -0.157031 -0.176886
v 0.140744 -0.155795 -0.175332
v 0.164538 -0.151050 -0.185590
v 0.164774 -0.149814 -0.184035
v 0.141850 -0.186507 -0.164773
v 0.142177 -0.186201 -0.162824
v 0.167709 -0.190730 -0.168393
v 0.168046 -0.190374 -0.166454
v 0.143262 -0.234535 -0.168826
v 0.142809 -0.235230 -0.167006
v 0.126807 -0.219460 -0.166061
v 0.126359 -0.220151 -0.164238
v 0.112339 -0.242636 -0.198918
v 0.110948 -0.243673 -0.197923
v 0.107111 -0.227020 -0.193090
v 0.105553 -0.227984 -0.192287
v 0.097174 -0.209604 -0.211182
v 0.095337 -0.210333 -0.210875
v 0.053375 -0.363030 0.151963
v 0.051531 -0.362266 0.152087
v 0.054473 -0.354506 0.135565
v 0.052656 -0.353692 0.135753
v 0.035232 -0.383459 0.122373
v 0.033521 -0.382498 0.122758
v 0.064369 -0.329679 0.158348
v 0.062439 -0.329188 0.158161
v 0.058818 -0.338921 0.179201
v 0.056882 -0.338481 0.178961
v 0.065345 -0.298227 0.178555
v 0.063403 -0.298111 0.178091
v 0.059279 -0.310866 0.200190
v 0.057337 -0.310750 0.199726
v 0.049708 -0.253747 0.228422
v 0.047759 -0.253685 0.227977
v 0.055853 -0.234591 0.203129
v 0.053897 -0.234475 0.202727
v 0.055195 -0.176390 0.253839
v 0.053380 -0.175599 0.253558
v 0.060291 -0.176774 0.220897
v 0.058467 -0.176002 0.220615
v 0.084414 -0.148035 0.214988
v 0.083249 -0.146477 0.214523
v 0.091212 -0.134396 0.244686
v 0.090071 -0.132824 0.244209
v 0.135204 -0.128159 0.216480
v 0.134872 -0.126436 0.215521
v 0.118218 -0.142116 0.197554
v 0.117886 -0.140393 0.196595
v 0.140508 -0.157031 0.178748
v 0.140744 -0.155795 0.177194
v 0.164538 -0.151050 0.187451
v 0.164774 -0.149814 0.185896
v 0.141850 -0.186507 0.166635
v 0.142177 -0.186201 0.164686
v 0.167709 -0.190730 0.170254
v 0.168046 -0.190374 0.168315
v 0.143262 -0.234535 0.170687
v 0.142809 -0.235230 0.168867
v 0.126807 -0.219460 0.167922
v 0.126359 -0.220151 0.166099
v 0.112339 -0.242636 0.200779
v 0.110948 -0.243673 0.199784
v 0.107111 -0.227020 0.194951
v 0.105553 -0.227984 0.194148
v 0.097174 -0.209604 0.213043
v 0.095337 -0.210333 0.212736
v -0.204564 -0.363030 -0.150101
v -0.202720 -0.362266 -0.150225
v -0.205662 -0.354506 -0.133704
v -0.203845 -0.353692 -0.133892
v -0.186421 -0.383459 -0.120511
v -0.184710 -0.382498 -0.120896
v -0.215558 -0.329679 -0.156486
v -0.213628 -0.329188 -0.156299
v -0.210007 -0.338921 -0.177340
v -0.208071 -0.338481 -0.177100
v -0.216534 -0.298227 -0.176693
v -0.214592 -0.298111 -0.176229
v -0.210468 -0.310866 -0.198328
v -0.208526 -0.310750 -0.197864
v -0.200897 -0.253747 -0.226561
v -0.198948 -0.253685 -0.226116
v -0.207042 -0.234591 -0.201267
v -0.205086 -0.234475 -0.200865
v -0.206384 -0.176390 -0.251979
v -0.204569 -0.175599 -0.251698
v -0.211479 -0.176774 -0.219036
v -0.209655 -0.176003 -0.218754
v -0.235603 -0.148035 -0.213127
v -0.234438 -0.146477 -0.212662
v -0.242401 -0.134396 -0.242824
v -0.241260 -0.132824 -0.242347
v -0.286393 -0.128159 -0.214619
v -0.286061 -0.126436 -0.213660
v -0.269408 -0.142116 -0.195693
v -0.269076 -0.140393 -0.194734
v -0.291696 -0.157031 -0.176886
v -0.291932 -0.155795 -0.175332
v -0.315727 -0.151050 -0.185590
v -0.315963 -0.149814 -0.184035
v -0.293038 -0.186507 -0.164773
v -0.293365 -0.186201 -0.162824
v -0.318898 -0.190730 -0.168393
v -0.319235 -0.190374 -0.166454
v -0.294451 -0.234535 -0.168826
v -0.293998 -0.235230 -0.167006
v -0.277996 -0.219460 -0.166061
v -0.277548 -0.220151 -0.164238
v -0.263528 -0.242636 -0.198918
v -0.262137 -0.243673 -0.197923
v -0.258300 -0.227020 -0.193090
v -0.256742 -0.227984 -0.192287
v -0.248363 -0.209604 -0.211182
v -0.246526 -0.210333 -0.210875
v -0.204564 -0.363030 0.151963
v -0.202720 -0.362266 0.152087
v -0.186421 -0.383459 0.122373
v -0.184710 -0.382498 0.122758
v -0.205662 -0.354506 0.135565
v -0.203845 -0.353692 0.135753
v -0.215558 -0.329679 0.158348
v -0.213628 -0.329188 0.158161
v -0.210007 -0.338921 0.179201
v -0.208071 -0.338481 0.178961
v -0.216534 -0.298227 0.178555
v -0.214592 -0.298111 0.178091
v -0.210468 -0.310866 0.200190
v -0.208526 -0.310750 0.199726
v -0.200897 -0.253747 0.228422
v -0.198948 -0.253685 0.227977
v -0.207042 -0.234591 0.203129
v -0.205086 -0.234475 0.202727
v -0.206384 -0.176390 0.253839
v -0.204569 -0.175599 0.253558
v -0.211479 -0.176774 0.220897
v -0.209655 -0.176002 0.220615
v -0.235603 -0.148035 0.214988
v -0.234438 -0.146477 0.214523
v -0.242401 -0.134396 0.244686
v -0.241260 -0.132824 0.244209
v -0.286393 -0.128159 0.216480
v -0.286061 -0.126436 0.215521
v -0.269408 -0.142116 0.197554
v -0.269076 -0.140393 0.196595
v -0.291696 -0.157031 0.178748
v -0.291932 -0.155795 0.177194
v -0.315727 -0.151050 0.187451
v -0.315963 -0.149814 0.185896
v -0.293038 -0.186507 0.166635
v -0.293365 -0.186201 0.164686
v -0.318898 -0.190730 0.170254
v -0.319235 -0.190374 0.168315
v -0.294451 -0.234535 0.170687
v -0.293998 -0.235230 0.168867
v -0.277996 -0.219460 0.167922
v -0.277548 -0.220151 0.166099
v -0.263528 -0.242636 0.200779
v -0.262137 -0.243673 0.199784
v -0.258300 -0.227020 0.194951
v -0.256742 -0.227984 0.194148
v -0.248363 -0.209604 0.213043
v -0.246526 -0.210333 0.212736
v 0.329046 -0.211613 0.058531
v 0.327344 -0.212663 0.058531
v 0.329046 -0.211613 -0.056669
v 0.327344 -0.212663 -0.056669
v 0.376737 -0.242744 -0.056669
v 0.375644 -0.244419 -0.056669
v 0.376737 -0.242744 0.058531
v 0.375644 -0.244419 0.058531
v 0.309969 -0.043106 0.058531
v 0.308022 -0.043562 0.058531
v 0.309969 -0.043106 -0.056669
v 0.308022 -0.043562 -0.056669
v 0.211918 0.227934 -0.056669
v 0.210183 0.226939 -0.056669
v 0.211918 0.227934 0.058531
v 0.210183 0.226939 0.058531
v 0.151918 0.299934 0.058531
v 0.150617 0.298415 0.058531
v 0.151918 0.299934 -0.056669
v 0.150617 0.298415 -0.056669
v 0.031917 0.371934 0.058531
v 0.030560 0.370465 0.058531
v 0.031917 0.371934 -0.056669
v 0.030560 0.370465 -0.056669
v -0.028083 0.455934 0.058531
v -0.029710 0.454772 0.058531
v -0.028083 0.455934 -0.056669
v -0.029710 0.454772 -0.056669
v -0.172082 0.380210 0.058531
v -0.170507 0.378978 0.058531
v -0.172082 0.380210 -0.056669
v -0.170507 0.378978 -0.056669
v -0.157600 0.398728 -0.056669
v -0.156025 0.397496 -0.056669
v -0.157600 0.398728 0.058531
v -0.156025 0.397496 0.058531
v 0.007915 -0.411386 -0.082219
v 0.008522 -0.409579 -0.082826
v 0.042342 -0.411386 0.000895
v 0.043200 -0.409579 0.000895
v 0.059077 -0.419334 0.000895
v 0.059935 -0.417527 0.000895
v 0.019748 -0.419334 -0.094052
v 0.020355 -0.417527 -0.094659
v 0.019748 -0.419334 0.095841
v 0.020355 -0.417527 0.096448
v -0.075199 -0.411386 -0.116646
v -0.075199 -0.409579 -0.117504
v 0.007915 -0.411386 0.084008
v 0.008522 -0.409579 0.084615
v -0.075199 -0.419334 -0.133381
v -0.075199 -0.417527 -0.134239
v -0.075199 -0.411386 0.118436
v -0.075199 -0.409579 0.119294
v -0.158312 -0.411386 -0.082219
v -0.158919 -0.409579 -0.082826
v -0.075199 -0.419334 0.135169
v -0.075199 -0.417527 0.136027
v -0.170145 -0.419334 -0.094052
v -0.170752 -0.417527 -0.094659
v -0.158312 -0.411386 0.084008
v -0.158919 -0.409579 0.084615
v -0.209474 -0.419334 0.000895
v -0.210332 -0.417527 0.000895
v -0.170145 -0.419334 0.095841
v -0.170752 -0.417527 0.096448
v -0.192740 -0.411386 0.000895
v -0.193598 -0.409579 0.000895
v -0.240306 0.404468 -0.056669
v -0.240976 0.402584 -0.056669
v -0.172082 0.380210 -0.056669
v -0.172752 0.378326 -0.056669
v -0.240306 0.404468 0.058531
v -0.240976 0.402584 0.058531
v -0.172082 0.380210 0.058531
v -0.172752 0.378326 0.058531
v -0.132351 0.346085 -0.053638
v -0.133765 0.347499 -0.053638
v -0.109940 0.355368 0.055371
v -0.109940 0.357368 0.055371
v -0.109940 0.355368 -0.053638
v -0.109940 0.357368 -0.053638
v -0.087531 0.346085 0.055371
v -0.086117 0.347499 0.055371
v -0.132351 0.346085 0.055371
v -0.133765 0.347499 0.055371
v -0.087531 0.346085 -0.053638
v -0.086117 0.347499 -0.053638
v -0.141634 0.323675 -0.053638
v -0.143634 0.323675 -0.053638
v -0.078249 0.323675 0.055371
v -0.076249 0.323675 0.055371
v -0.141634 0.323675 0.055371
v -0.143634 0.323675 0.055371
v -0.078249 0.323675 -0.053638
v -0.076249 0.323675 -0.053638
v -0.132351 0.301265 -0.053638
v -0.133765 0.299851 -0.053638
v -0.087531 0.301265 0.055371
v -0.086117 0.299851 0.055371
v -0.132351 0.301265 0.055371
v -0.133765 0.299851 0.055371
v -0.087531 0.301265 -0.053638
v -0.086117 0.299851 -0.053638
v -0.109940 0.291983 -0.053638
v -0.109940 0.289983 -0.053638
v -0.109940 0.291983 0.055371
v -0.109940 0.289983 0.055371
v -0.196083 0.455934 -0.056669
v -0.196083 0.453934 -0.056669
v -0.028083 0.455934 -0.056669
v -0.028083 0.453934 -0.056669
v -0.028083 0.455934 0.058531
v -0.028083 0.453934 0.058531
v -0.196083 0.455934 0.058531
v -0.196083 0.453934 0.058531
v -0.109420 -0.516653 0.033789
v -0.115250 -0.501421 0.039618
v -0.130901 -0.501421 0.001835
v -0.122656 -0.516653 0.001835
v 0.043326 -0.410940 0.001880
v 0.009307 -0.410940 0.084008
v 0.019779 -0.417974 0.094479
v 0.058136 -0.417973 0.001880
v -0.076139 -0.501421 -0.054808
v -0.076139 -0.516653 -0.046563
v -0.108092 -0.516653 -0.033327
v -0.113921 -0.501421 -0.039157
v -0.086441 0.301482 0.054371
v -0.086441 0.301482 -0.052638
v -0.077632 0.322751 -0.052638
v -0.077632 0.322751 0.054371
v -0.017221 -0.057396 0.315052
v -0.008462 -0.057396 0.319662
v -0.047877 -0.024982 0.319541
v -0.051362 -0.029380 0.314934
v -0.160460 -0.464713 0.000895
v -0.135903 -0.464713 0.060183
v -0.146525 -0.464713 0.070807
v -0.175482 -0.464713 0.000895
v -0.146525 -0.464713 -0.069017
v -0.135903 -0.464713 -0.058394
v -0.292014 -0.103827 -0.214587
v -0.380880 -0.103827 -0.000048
v -0.388654 -0.091354 -0.000048
v -0.297512 -0.091354 -0.220086
v -0.286264 -0.128301 -0.212823
v -0.314255 -0.150166 -0.185106
v -0.292063 -0.155689 -0.177068
v -0.270533 -0.141228 -0.195293
v -0.087748 0.347175 0.054371
v -0.087748 0.347175 -0.052638
v -0.109016 0.355985 -0.052638
v -0.109016 0.355985 0.054371
v 0.214844 -0.015957 0.001859
v 0.130575 -0.015957 0.205304
v 0.139229 -0.026867 0.213959
v 0.227082 -0.026867 0.001859
v -0.074785 -0.131298 -0.315120
v -0.052600 -0.088755 -0.314965
v -0.049164 -0.093092 -0.319509
v -0.074785 -0.142096 -0.319667
v -0.076142 -0.091354 0.314349
v -0.296177 -0.091354 0.223208
v -0.290680 -0.103827 0.217711
v -0.076142 -0.103827 0.306575
v -0.148270 -0.463484 -0.070834
v -0.177586 -0.463484 -0.000054
v -0.209272 -0.420755 -0.000054
v -0.170673 -0.420755 -0.093239
v 0.136641 -0.129153 -0.215077
v 0.164640 -0.151022 -0.187370
v 0.160714 -0.166481 -0.205624
v 0.141061 -0.153041 -0.226554
v -0.079331 0.323675 -0.054638
v -0.088296 0.302030 -0.054638
v -0.109940 0.293065 -0.054638
v -0.131586 0.302030 -0.054638
v -0.140552 0.323675 -0.054638
v -0.131586 0.345320 -0.054638
v -0.109940 0.354286 -0.054638
v -0.088296 0.345320 -0.054638
v -0.207071 0.236148 0.001884
v -0.169147 0.236148 0.093444
v -0.147606 0.247959 0.071904
v -0.176610 0.247959 0.001884
v -0.003470 -0.463484 0.073966
v 0.018935 -0.420755 0.096369
v -0.074250 -0.420755 0.134968
v -0.074250 -0.463484 0.103283
v -0.075199 -0.464713 -0.099389
v -0.004287 -0.464713 -0.070017
v 0.025085 -0.464713 0.000895
v -0.004287 -0.464713 0.071807
v -0.075199 -0.464713 0.101179
v -0.145111 -0.464713 0.072221
v -0.134488 -0.464713 0.061598
v -0.075199 -0.464713 0.086156
v -0.014911 -0.464713 0.061183
v 0.010062 -0.464713 0.000895
v -0.014911 -0.464713 -0.059394
v -0.075199 -0.464713 -0.084366
v -0.134488 -0.464713 -0.059809
v -0.145111 -0.464713 -0.070431
v -0.169058 0.233971 0.096062
v -0.174086 0.181642 0.101090
v -0.076124 0.181642 0.141667
v -0.076124 0.233971 0.134557
v -0.076188 0.236148 0.132768
v -0.076188 0.247959 0.102306
v -0.146207 0.247959 0.073303
v -0.167748 0.236148 0.094843
v -0.074273 -0.088799 0.314861
v 0.146155 -0.088799 0.223557
v 0.138802 -0.029124 0.216205
v -0.074273 -0.029124 0.304463
v -0.287830 -0.129153 0.216938
v -0.315829 -0.151022 0.189231
v -0.311903 -0.166481 0.207485
v -0.292250 -0.153041 0.228415
v -0.205939 -0.234148 0.204076
v -0.210331 -0.177372 0.221482
v -0.205566 -0.177003 0.252332
v -0.200195 -0.252083 0.227700
v -0.193724 -0.410940 0.001880
v -0.208533 -0.417973 0.001880
v -0.170176 -0.417974 0.094479
v -0.159704 -0.410940 0.084008
v -0.076124 0.181642 -0.139879
v -0.174086 0.181642 -0.099301
v -0.169058 0.233971 -0.094272
v -0.076124 0.233971 -0.132767
v -0.103311 -0.024982 0.319541
v -0.142727 -0.057396 0.319662
v -0.133967 -0.057396 0.315052
v -0.099826 -0.029380 0.314934
v -0.157428 0.397324 -0.055669
v -0.157428 0.397324 0.057531
v -0.170678 0.380382 0.057531
v -0.170678 0.380382 -0.055669
v -0.171102 0.278058 0.001866
v -0.143699 0.278058 0.068023
v -0.137257 0.284793 0.061581
v -0.161992 0.284793 0.001866
v -0.076188 0.236148 -0.130978
v -0.167748 0.236148 -0.093053
v -0.146207 0.247959 -0.071514
v -0.076188 0.247959 -0.100516
v -0.076976 -0.145974 -0.319589
v -0.076976 -0.241094 -0.284861
v -0.134483 -0.133208 -0.284877
v -0.104025 -0.095178 -0.319608
v 0.129211 -0.015957 0.206668
v -0.074235 -0.015957 0.290936
v -0.074235 -0.026867 0.303176
v 0.137866 -0.026867 0.215322
v -0.076403 -0.131298 -0.315120
v -0.076403 -0.142096 -0.319667
v -0.102025 -0.093092 -0.319509
v -0.098588 -0.088755 -0.314965
v -0.195083 0.454934 -0.055669
v -0.195083 0.454934 0.057531
v -0.195222 0.421443 0.057531
v -0.195222 0.421443 -0.055669
v -0.288263 -0.026867 -0.213533
v -0.279607 -0.015957 -0.204878
v -0.076163 -0.015957 -0.289149
v -0.076163 -0.026867 -0.301386
v -0.176135 0.248539 0.001820
v -0.147225 0.248539 0.071614
v -0.144652 0.275769 0.069041
v -0.172496 0.275769 0.001820
v -0.074259 -0.501421 -0.054808
v -0.036475 -0.501421 -0.039157
v -0.042305 -0.516653 -0.033327
v -0.074259 -0.516653 -0.046563
v -0.103311 -0.024982 -0.319541
v -0.099826 -0.029380 -0.314934
v -0.133967 -0.057396 -0.315052
v -0.142727 -0.057396 -0.319662
v -0.144652 0.275769 -0.067251
v -0.147225 0.248539 -0.069825
v -0.176135 0.248539 -0.000030
v -0.172496 0.275769 -0.000030
v -0.019496 -0.501421 0.001835
v -0.035146 -0.501421 0.039618
v -0.040977 -0.516653 0.033789
v -0.027741 -0.516653 0.001835
v 0.138802 -0.029124 -0.214416
v 0.146155 -0.088799 -0.221769
v -0.074273 -0.088799 -0.313073
v -0.074273 -0.029124 -0.302673
v -0.017221 -0.057396 -0.315052
v -0.051362 -0.029380 -0.314934
v -0.047877 -0.024982 -0.319541
v -0.008462 -0.057396 -0.319662
v -0.173359 0.379603 -0.055669
v -0.173359 0.379603 0.057531
v -0.239699 0.403191 0.057531
v -0.239699 0.403191 -0.055669
v -0.049164 -0.093092 0.319509
v -0.052600 -0.088755 0.314965
v -0.074785 -0.131297 0.315120
v -0.074785 -0.142096 0.319667
v -0.028315 0.454539 0.057531
v -0.028315 0.454539 -0.055669
v 0.030657 0.372013 -0.055669
v 0.030657 0.372013 0.057531
v -0.170366 0.233971 -0.092964
v -0.175395 0.181642 -0.097992
v -0.215972 0.181642 -0.000030
v -0.208860 0.233971 -0.000030
v -0.074212 0.029436 -0.319589
v -0.074212 0.124556 -0.284861
v -0.016706 0.016670 -0.284877
v -0.047164 -0.021360 -0.319608
v 0.388803 -0.229331 0.057531
v 0.388803 -0.229331 -0.055669
v 0.370424 -0.209162 -0.055669
v 0.370424 -0.209162 0.057531
v -0.143344 0.275769 -0.068559
v -0.076124 0.275769 -0.096403
v -0.076124 0.248539 -0.100041
v -0.145917 0.248539 -0.071133
v -0.103311 -0.091556 -0.319541
v -0.142727 -0.059142 -0.319662
v -0.133967 -0.059142 -0.315052
v -0.099826 -0.087158 -0.314934
v 0.375353 -0.243035 -0.055669
v 0.375353 -0.243035 0.057531
v 0.329032 -0.212685 0.057531
v 0.329032 -0.212685 -0.055669
v -0.074256 -0.091354 0.314349
v -0.074256 -0.103827 0.306575
v 0.140283 -0.103827 0.217711
v 0.145781 -0.091354 0.223208
v -0.290680 -0.103827 -0.215921
v -0.296178 -0.091354 -0.221420
v -0.076142 -0.091354 -0.312561
v -0.076142 -0.103827 -0.304786
v -0.146928 -0.463484 0.073966
v -0.076148 -0.463484 0.103283
v -0.076148 -0.420755 0.134968
v -0.169332 -0.420755 0.096369
v -0.005173 -0.059610 -0.319646
v 0.071066 -0.059610 -0.284853
v -0.015413 -0.131672 -0.284845
v -0.045927 -0.093570 -0.319641
v -0.014512 0.284793 0.062954
v -0.074228 0.284793 0.087688
v -0.074228 0.278058 0.096799
v -0.008070 0.278058 0.069396
v 0.058875 -0.420755 -0.000054
v 0.027189 -0.463484 -0.000054
v -0.002128 -0.463484 -0.070834
v 0.020276 -0.420755 -0.093239
v 0.025737 0.248539 0.001820
v 0.022099 0.275769 0.001820
v -0.005744 0.275769 0.069041
v -0.003171 0.248539 0.071614
v -0.074212 -0.145974 -0.319589
v -0.047164 -0.095178 -0.319608
v -0.016706 -0.133208 -0.284877
v -0.074212 -0.241093 -0.284861
v 0.151908 0.298406 0.057531
v 0.151908 0.298406 -0.055669
v 0.210410 0.228205 -0.055669
v 0.210410 0.228205 0.057531
v 0.140112 -0.029124 0.214895
v 0.147464 -0.088799 0.222248
v 0.238769 -0.088799 0.001821
v 0.228369 -0.029124 0.001821
v 0.238257 -0.091354 -0.000048
v 0.230482 -0.103827 -0.000048
v 0.141617 -0.103827 -0.214587
v 0.147115 -0.091354 -0.220086
v 0.058136 -0.417973 -0.000090
v 0.019779 -0.417973 -0.092690
v 0.009307 -0.410940 -0.082218
v 0.043326 -0.410940 -0.000090
v 0.369526 -0.207448 0.057531
v 0.369526 -0.207448 -0.055669
v 0.360144 -0.166653 -0.055669
v 0.360144 -0.166653 0.057531
v -0.219505 -0.365981 -0.128366
v -0.219174 -0.372975 -0.142272
v -0.190733 -0.382492 -0.121878
v -0.220778 -0.364845 -0.129279
v -0.236602 -0.339813 -0.155076
v -0.220446 -0.371871 -0.143247
v -0.238023 -0.337358 -0.158085
v -0.233558 -0.345466 -0.176274
v -0.221444 -0.370256 -0.145949
v 0.090710 -0.297233 0.185021
v 0.085456 -0.308973 0.204635
v 0.082737 -0.344017 0.179565
v 0.087342 -0.335646 0.160791
v 0.090733 -0.295463 0.185946
v 0.087330 -0.230461 0.212882
v 0.081253 -0.248126 0.236836
v 0.085456 -0.307276 0.205684
v 0.086302 -0.191792 -0.253830
v 0.092100 -0.192374 -0.222119
v 0.087406 -0.228517 -0.211743
v 0.081291 -0.246210 -0.235737
v 0.087047 -0.190016 -0.254016
v 0.109200 -0.163628 -0.248598
v 0.103350 -0.177343 -0.220008
v 0.092862 -0.190587 -0.222256
v -0.254478 -0.175397 0.219001
v -0.272242 -0.168924 0.209057
v -0.268122 -0.143609 0.197700
v -0.236906 -0.149040 0.213752
v 0.140288 -0.155776 -0.226095
v 0.158634 -0.168247 -0.206505
v 0.135189 -0.174781 -0.198899
v 0.124212 -0.169818 -0.208322
v -0.285532 -0.175267 0.197406
v -0.285431 -0.191267 0.191509
v -0.291783 -0.185576 0.167782
v -0.290642 -0.158860 0.178700
v 0.159943 -0.198241 -0.194068
v 0.143820 -0.226832 -0.191471
v 0.128254 -0.211601 -0.189817
v 0.135397 -0.193992 -0.191420
v -0.278819 -0.213323 -0.190499
v -0.273319 -0.232445 -0.210680
v -0.293697 -0.227882 -0.192098
v -0.271920 -0.230961 -0.210905
v -0.276883 -0.213634 -0.192618
v -0.268666 -0.217598 -0.206018
v -0.270347 -0.230766 -0.212059
v -0.267114 -0.217492 -0.207205
v -0.251996 -0.211443 -0.211539
v -0.219505 -0.365981 0.130228
v -0.190733 -0.382492 0.123740
v -0.219174 -0.372975 0.144133
v -0.236602 -0.339813 0.156937
v -0.220778 -0.364845 0.131141
v -0.220446 -0.371871 0.145108
v -0.221444 -0.370256 0.147811
v -0.233558 -0.345466 0.178136
v -0.238023 -0.337358 0.159946
v -0.241899 -0.297233 -0.183159
v -0.236645 -0.308973 -0.202773
v -0.233926 -0.344017 -0.177703
v -0.238531 -0.335646 -0.158930
v 0.085792 -0.229625 0.210669
v 0.089187 -0.294500 0.183798
v 0.066352 -0.296748 0.178276
v 0.057142 -0.235013 0.202131
v 0.087406 -0.228517 0.213605
v 0.092100 -0.192374 0.223980
v 0.086302 -0.191792 0.255690
v 0.081291 -0.246209 0.237599
v 0.103350 -0.177343 0.221870
v 0.109200 -0.163628 0.250458
v 0.087047 -0.190015 0.255876
v 0.092862 -0.190587 0.224117
v -0.268122 -0.143609 -0.195839
v -0.272242 -0.168924 -0.207196
v -0.254478 -0.175397 -0.217139
v -0.236906 -0.149040 -0.211891
v -0.286378 -0.174781 -0.198899
v -0.309823 -0.168247 -0.206505
v -0.291477 -0.155776 -0.226095
v -0.275401 -0.169818 -0.208322
v 0.138847 -0.155529 -0.227383
v 0.122635 -0.169785 -0.209474
v 0.104829 -0.176235 -0.219357
v 0.110693 -0.162624 -0.247842
v 0.128254 -0.211601 0.191678
v 0.143820 -0.226832 0.193333
v 0.159943 -0.198241 0.195929
v 0.135397 -0.193992 0.193282
v -0.273319 -0.232445 0.212541
v -0.278819 -0.213323 0.192360
v -0.293697 -0.227882 0.193960
v -0.276883 -0.213634 0.194479
v -0.271920 -0.230961 0.212766
v -0.268666 -0.217598 0.207879
v -0.270347 -0.230766 0.213920
v -0.251996 -0.211443 0.213400
v -0.267114 -0.217492 0.209066
v -0.074274 0.181642 -0.139879
v -0.074274 0.233971 -0.132767
v 0.018660 0.233971 -0.094272
v 0.023688 0.181642 -0.099301
v 0.032096 0.370685 0.057531
v 0.032096 0.370685 -0.055669
v 0.150410 0.299689 -0.055669
v 0.150410 0.299689 0.057531
v -0.019496 -0.501421 -0.000045
v -0.027741 -0.516653 -0.000045
v -0.040977 -0.516653 -0.031999
v -0.035146 -0.501421 -0.037828
v 0.309108 -0.044328 -0.055669
v 0.328082 -0.211144 -0.055669
v 0.328082 -0.211144 0.057531
v 0.309108 -0.044328 0.057531
v -0.109420 -0.516653 -0.031999
v -0.122656 -0.516653 -0.000045
v -0.130901 -0.501421 -0.000045
v -0.115250 -0.501421 -0.037828
v -0.103311 -0.091556 0.319541
v -0.099826 -0.087158 0.314934
v -0.133967 -0.059142 0.315052
v -0.142727 -0.059142 0.319662
v -0.076403 0.014760 0.315120
v -0.076403 0.025558 0.319667
v -0.102025 -0.023446 0.319509
v -0.098588 -0.027783 0.314965
v 0.140875 -0.155689 -0.177068
v 0.163066 -0.150166 -0.185106
v 0.135075 -0.128301 -0.212823
v 0.119343 -0.141228 -0.195293
v -0.171102 0.278058 -0.000076
v -0.161992 0.284793 -0.000076
v -0.137257 0.284793 -0.059791
v -0.143699 0.278058 -0.066233
v -0.146016 -0.059610 0.319646
v -0.222255 -0.059610 0.284854
v -0.135776 -0.131672 0.284846
v -0.105262 -0.093570 0.319641
v -0.008070 0.278058 -0.067606
v -0.074228 0.278058 -0.095009
v -0.074228 0.284793 -0.085900
v -0.014512 0.284793 -0.061164
v 0.068316 -0.365981 -0.128366
v 0.039544 -0.382492 -0.121878
v 0.067985 -0.372975 -0.142272
v 0.069257 -0.371871 -0.143247
v 0.085413 -0.339813 -0.155076
v 0.069589 -0.364845 -0.129279
v 0.086834 -0.337358 -0.158085
v 0.070255 -0.370256 -0.145949
v 0.082369 -0.345466 -0.176274
v -0.208331 -0.235013 -0.200269
v -0.236981 -0.229625 -0.208807
v -0.240376 -0.294500 -0.181935
v -0.217541 -0.296748 -0.176413
v -0.237491 -0.191792 0.255690
v -0.243289 -0.192374 0.223980
v -0.238595 -0.228517 0.213605
v -0.232480 -0.246209 0.237599
v 0.065548 -0.328513 0.158144
v 0.066490 -0.298534 0.177369
v 0.089128 -0.296312 0.182851
v 0.085819 -0.334073 0.159024
v -0.256018 -0.176235 -0.219357
v -0.273824 -0.169785 -0.209474
v -0.290036 -0.155529 -0.227383
v -0.261882 -0.162624 -0.247842
v 0.158634 -0.168247 0.208366
v 0.140288 -0.155776 0.227956
v 0.124212 -0.169817 0.210183
v 0.135189 -0.174781 0.200761
v -0.287132 -0.176138 -0.197848
v -0.286964 -0.192101 -0.191854
v -0.311664 -0.196390 -0.194538
v -0.310499 -0.169661 -0.205417
v -0.277680 -0.210825 0.189455
v -0.277610 -0.217650 0.168698
v -0.291370 -0.187492 0.167485
v -0.285038 -0.193150 0.191053
v 0.122130 -0.232445 -0.210680
v 0.127630 -0.213323 -0.190499
v 0.142508 -0.227882 -0.192098
v 0.125694 -0.213634 -0.192618
v 0.120731 -0.230961 -0.210905
v 0.117477 -0.217598 -0.206018
v 0.119158 -0.230766 -0.212059
v 0.100807 -0.211443 -0.211539
v 0.115925 -0.217492 -0.207205
v 0.068316 -0.365981 0.130228
v 0.067985 -0.372975 0.144133
v 0.039544 -0.382492 0.123740
v 0.085413 -0.339813 0.156937
v 0.069257 -0.371871 0.145108
v 0.069589 -0.364845 0.131141
v 0.082369 -0.345466 0.178136
v 0.070255 -0.370256 0.147811
v 0.086834 -0.337358 0.159946
v 0.082737 -0.344017 -0.177703
v 0.085456 -0.308973 -0.202773
v 0.090710 -0.297233 -0.183159
v 0.087342 -0.335646 -0.158930
v -0.240376 -0.294500 0.183798
v -0.236981 -0.229625 0.210669
v -0.208331 -0.235013 0.202131
v -0.217541 -0.296748 0.178276
v 0.060101 -0.312120 -0.198775
v 0.083086 -0.309996 -0.204016
v 0.080406 -0.344531 -0.179253
v 0.059637 -0.339015 -0.178718
v -0.254539 -0.177343 -0.220008
v -0.260389 -0.163628 -0.248598
v -0.238236 -0.190016 -0.254016
v -0.244051 -0.190587 -0.222256
v -0.290036 -0.155529 0.229244
v -0.273824 -0.169785 0.211335
v -0.256018 -0.176235 0.221219
v -0.261882 -0.162624 0.249702
v 0.065229 -0.330077 0.156942
v 0.085307 -0.335576 0.157809
v 0.068151 -0.362624 0.129948
v 0.055695 -0.353769 0.135098
v -0.311664 -0.196389 0.196399
v -0.286964 -0.192101 0.193716
v -0.287132 -0.176138 0.199709
v -0.310499 -0.169661 0.207278
v 0.140182 -0.187492 0.167485
v 0.126421 -0.217650 0.168698
v 0.126491 -0.210825 0.189455
v 0.133849 -0.193150 0.191053
v 0.127630 -0.213323 0.192360
v 0.122130 -0.232445 0.212541
v 0.142508 -0.227882 0.193960
v 0.120731 -0.230961 0.212766
v 0.125694 -0.213634 0.194479
v 0.117477 -0.217598 0.207879
v 0.119158 -0.230766 0.213920
v 0.115925 -0.217492 0.209066
v 0.100807 -0.211443 0.213400
v -0.005744 0.275769 -0.067251
v 0.022099 0.275769 -0.000030
v 0.025737 0.248539 -0.000030
v -0.003171 0.248539 -0.069825
v 0.066975 -0.372749 0.146841
v 0.080042 -0.345960 0.179780
v 0.059460 -0.340480 0.179229
v 0.054078 -0.364201 0.152603
v 0.037834 -0.382446 0.125974
v 0.083086 -0.309996 0.205878
v 0.060101 -0.312120 0.200637
v 0.059637 -0.339015 0.180579
v 0.080406 -0.344531 0.181115
v 0.126491 -0.210825 -0.187594
v 0.126421 -0.217650 -0.166837
v 0.140182 -0.187492 -0.165623
v 0.133849 -0.193150 -0.189191
v 0.050578 -0.252938 -0.228101
v 0.055953 -0.177860 -0.252740
v 0.084141 -0.190969 -0.255604
v 0.078898 -0.247282 -0.236972
v 0.055109 -0.175233 0.252509
v 0.089757 -0.134820 0.243688
v 0.083379 -0.147621 0.215851
v 0.059876 -0.175597 0.221614
v -0.295009 -0.226832 -0.191471
v -0.311132 -0.198241 -0.194068
v -0.286586 -0.193992 -0.191420
v -0.279443 -0.211601 -0.189817
v -0.134483 0.016670 -0.284877
v -0.076976 0.124556 -0.284861
v -0.076976 0.029436 -0.319589
v -0.104025 -0.021360 -0.319608
v 0.168358 -0.190303 -0.169911
v 0.162801 -0.196376 -0.192883
v 0.161414 -0.167904 -0.204537
v 0.165358 -0.152478 -0.186326
v -0.293784 -0.187459 0.165839
v -0.278978 -0.219554 0.167103
v -0.293973 -0.233296 0.169642
v -0.317511 -0.191310 0.169148
v 0.113568 -0.242831 -0.199473
v 0.120432 -0.235303 -0.211137
v 0.143555 -0.229954 -0.190349
v 0.143139 -0.235112 -0.171047
v -0.263659 -0.241972 -0.200626
v -0.270206 -0.234742 -0.211781
v -0.250178 -0.213597 -0.211194
v 0.088927 0.006511 -0.214760
v 0.129147 -0.003851 -0.204562
v 0.112942 0.001641 -0.188811
v 0.088409 0.008667 -0.193006
v 0.090546 -0.191529 -0.219883
v 0.061271 -0.178179 -0.217801
v 0.057124 -0.233065 -0.200951
v 0.085833 -0.227662 -0.209479
v -0.319093 -0.192170 0.171425
v -0.295701 -0.234042 0.171833
v -0.296161 -0.228790 0.191646
v -0.313530 -0.198200 0.194260
v -0.233926 -0.344017 0.179565
v -0.236645 -0.308973 0.204635
v -0.241899 -0.297233 0.185021
v -0.238531 -0.335646 0.160791
v -0.206298 -0.175233 -0.250649
v -0.240946 -0.134820 -0.241826
v -0.234568 -0.147621 -0.213990
v -0.211064 -0.175597 -0.219753
v 0.109897 -0.160267 0.251138
v 0.139595 -0.152796 0.229679
v 0.135140 -0.128753 0.218115
v 0.092868 -0.134766 0.245235
v 0.161414 -0.167904 0.206398
v 0.162801 -0.196375 0.194744
v 0.168358 -0.190303 0.171772
v 0.165358 -0.152478 0.188187
v 0.144512 -0.234042 0.171833
v 0.167904 -0.192170 0.171425
v 0.162341 -0.198200 0.194260
v 0.144972 -0.228790 0.191646
v 0.118538 -0.143946 0.196649
v 0.138707 -0.157407 0.179684
v 0.133576 -0.173904 0.198438
v 0.122668 -0.168977 0.207959
v -0.263659 -0.241972 0.202487
v -0.250178 -0.213597 0.213055
v -0.270206 -0.234742 0.213642
v -0.158311 -0.410940 0.085400
v -0.168783 -0.417974 0.095872
v -0.076184 -0.417973 0.134228
v -0.076184 -0.410940 0.119420
v -0.146016 -0.056928 0.319646
v -0.105262 -0.022968 0.319641
v -0.135776 0.015134 0.284846
v -0.222255 -0.056928 0.284854
v -0.218164 -0.372749 -0.144980
v -0.231231 -0.345960 -0.177918
v -0.210649 -0.340480 -0.177368
v -0.205267 -0.364201 -0.150740
v -0.189023 -0.382446 -0.124112
v -0.234275 -0.309996 -0.204016
v -0.211290 -0.312120 -0.198775
v -0.210826 -0.339015 -0.178718
v -0.231595 -0.344531 -0.179253
v -0.234306 -0.308263 -0.205093
v -0.230093 -0.249194 -0.236169
v -0.201801 -0.254848 -0.227313
v -0.211132 -0.310415 -0.199822
v 0.084141 -0.190969 0.257464
v 0.055953 -0.177860 0.254600
v 0.050578 -0.252938 0.229962
v 0.078898 -0.247282 0.238834
v -0.235873 0.108701 -0.181261
v -0.220091 0.089852 -0.216757
v -0.227609 0.059613 -0.203988
v -0.229351 0.083790 -0.197272
v -0.261086 -0.160267 -0.249277
v -0.290784 -0.152796 -0.227818
v -0.286329 -0.128753 -0.216254
v -0.244057 -0.134766 -0.243373
v -0.319547 -0.190303 0.171772
v -0.313990 -0.196375 0.194744
v -0.312603 -0.167904 0.206398
v -0.316547 -0.152478 0.188187
v -0.296161 -0.228790 -0.189784
v -0.295701 -0.234042 -0.169972
v -0.319093 -0.192170 -0.169564
v -0.313530 -0.198200 -0.192399
v 0.143555 -0.229954 0.192211
v 0.120432 -0.235303 0.212998
v 0.113568 -0.242831 0.201334
v 0.143139 -0.235112 0.172908
v 0.112470 -0.241972 -0.200626
v 0.098989 -0.213597 -0.211194
v 0.119017 -0.234742 -0.211781
v -0.210649 -0.340480 0.179229
v -0.231231 -0.345960 0.179780
v -0.218164 -0.372749 0.146841
v -0.189023 -0.382446 0.125974
v -0.205267 -0.364201 0.152603
v -0.286329 -0.128753 0.218115
v -0.290784 -0.152796 0.229679
v -0.261086 -0.160267 0.251138
v -0.244057 -0.134766 0.245235
v -0.210826 -0.339015 0.180579
v -0.211290 -0.312120 0.200637
v -0.234275 -0.309996 0.205878
v -0.231595 -0.344531 0.181115
v -0.201801 -0.254848 0.229174
v -0.230093 -0.249194 0.238031
v -0.234305 -0.308263 0.206955
v -0.211132 -0.310415 0.201684
v -0.201767 -0.252938 0.229962
v -0.207142 -0.177860 0.254600
v -0.235330 -0.190969 0.257464
v -0.230087 -0.247282 0.238834
v -0.207859 -0.176082 0.254757
v -0.242526 -0.135680 0.245962
v -0.259597 -0.161233 0.251876
v -0.236089 -0.189207 0.257633
v 0.084928 -0.146686 -0.213337
v 0.117746 -0.140912 -0.196369
v 0.133588 -0.127909 -0.214021
v 0.091296 -0.133910 -0.241110
v -0.108092 -0.516653 0.035117
v -0.076139 -0.516653 0.048352
v -0.076139 -0.501421 0.056597
v -0.113921 -0.501421 0.040947
v -0.294146 -0.185582 0.166182
v -0.318001 -0.189463 0.169548
v -0.314969 -0.151620 0.185917
v -0.292817 -0.157142 0.177920
v 0.167904 -0.192170 -0.169564
v 0.144512 -0.234042 -0.169972
v 0.144972 -0.228790 -0.189784
v 0.162341 -0.198200 -0.192399
v -0.264757 -0.242831 0.201334
v -0.271621 -0.235303 0.212998
v -0.294744 -0.229954 0.192211
v -0.294328 -0.235112 0.172908
v 0.112470 -0.241972 0.202487
v 0.119017 -0.234742 0.213642
v 0.098989 -0.213597 0.213055
v 0.009476 0.285614 0.000895
v -0.015324 0.285614 -0.058979
v -0.075199 0.285614 -0.083781
v -0.135072 0.285614 -0.058979
v -0.159873 0.285614 0.000895
v -0.135072 0.285614 0.060769
v -0.075199 0.285614 0.085569
v -0.015324 0.285614 0.060769
v -0.017221 -0.059142 0.315052
v -0.051362 -0.087158 0.314934
v -0.047877 -0.091556 0.319541
v -0.008462 -0.059142 0.319662
v -0.254493 0.025503 -0.219871
v -0.228114 0.056203 -0.205110
v -0.220661 0.058791 -0.225665
v -0.227178 0.058001 -0.205372
v -0.219847 0.087445 -0.217810
v -0.219844 0.060547 -0.225600
v -0.230461 0.053735 -0.204239
v -0.256656 0.023250 -0.218897
v -0.255421 0.024501 -0.198157
v 0.068902 0.089852 -0.216757
v 0.084684 0.108701 -0.181261
v 0.078162 0.083790 -0.197272
v 0.076420 0.059613 -0.203988
v -0.258074 0.022214 -0.216373
v -0.268422 0.018228 -0.190827
v -0.256951 0.023350 -0.197590
v -0.270714 0.017418 -0.190268
v -0.259165 0.021868 -0.218677
v -0.289732 0.013834 -0.207577
v -0.220661 0.092948 -0.215019
v -0.236320 0.111638 -0.179829
v -0.228678 0.128620 -0.190149
v -0.272304 0.017069 -0.189044
v -0.291314 0.013486 -0.206347
v -0.304566 0.011791 -0.179226
v -0.237138 0.112674 -0.178322
v -0.256775 0.139657 -0.148589
v -0.229500 0.129645 -0.188634
v -0.283677 0.013277 -0.169133
v -0.272633 0.016914 -0.186852
v -0.303593 0.011847 -0.177440
v -0.258771 0.140092 -0.145293
v -0.239148 0.113129 -0.175004
v -0.261669 0.122911 -0.133900
v -0.285075 0.013849 -0.167977
v -0.305410 0.012388 -0.176460
v -0.303265 0.031449 -0.159895
v -0.262040 0.124125 -0.132439
v -0.257628 0.156860 -0.112875
v -0.259168 0.141150 -0.143729
v -0.283905 0.014548 -0.166543
v -0.301843 0.031902 -0.158577
v -0.280972 0.024029 -0.150607
v -0.257732 0.157516 -0.110202
v -0.262166 0.124616 -0.129863
v -0.263132 0.141132 -0.097591
v -0.300852 0.033139 -0.157218
v -0.280878 0.037968 -0.147668
v -0.280825 0.025584 -0.149571
v -0.282413 0.039584 -0.147799
v -0.302495 0.034726 -0.157402
v -0.297678 0.047729 -0.149647
v -0.280508 0.040608 -0.147533
v -0.296612 0.049204 -0.149483
v -0.267529 0.075911 -0.162492
v -0.206794 0.073144 -0.187278
v -0.228319 0.081492 -0.195204
v -0.226480 0.057038 -0.201977
v -0.207344 0.049575 -0.193437
v -0.228161 0.177133 -0.085840
v -0.225501 0.170886 -0.070084
v -0.190881 0.183484 -0.076026
v -0.228114 0.056203 0.206972
v -0.254493 0.025503 0.221733
v -0.220661 0.058791 0.227527
v -0.219847 0.087445 0.219671
v -0.227178 0.058001 0.207234
v -0.219844 0.060547 0.227462
v -0.256656 0.023250 0.220759
v -0.230461 0.053735 0.206101
v -0.255421 0.024501 0.200018
v -0.232442 -0.248126 0.236836
v -0.238519 -0.230461 0.212882
v -0.241922 -0.295463 0.185946
v -0.236645 -0.307276 0.205684
v -0.268422 0.018228 0.192688
v -0.258074 0.022214 0.218235
v -0.256951 0.023350 0.199451
v -0.259165 0.021868 0.220539
v -0.270714 0.017418 0.192129
v -0.289732 0.013834 0.209439
v -0.220661 0.092948 0.216880
v -0.228678 0.128620 0.192010
v -0.236320 0.111638 0.181690
v -0.304566 0.011791 0.181087
v -0.291314 0.013486 0.208209
v -0.272304 0.017069 0.190905
v -0.256775 0.139657 0.150450
v -0.237138 0.112674 0.180183
v -0.229500 0.129645 0.190495
v -0.303592 0.011847 0.179301
v -0.272633 0.016914 0.188713
v -0.283677 0.013277 0.170995
v -0.239148 0.113129 0.176865
v -0.258771 0.140092 0.147154
v -0.261669 0.122911 0.135761
v -0.285075 0.013849 0.169839
v -0.303265 0.031449 0.161756
v -0.305410 0.012388 0.178321
v -0.257628 0.156860 0.114737
v -0.262040 0.124125 0.134300
v -0.259168 0.141150 0.145590
v -0.301843 0.031902 0.160438
v -0.283905 0.014548 0.168405
v -0.280972 0.024029 0.152468
v -0.262166 0.124616 0.131724
v -0.257732 0.157516 0.112064
v -0.263132 0.141132 0.099453
v -0.280878 0.037968 0.149529
v -0.300852 0.033139 0.159079
v -0.280825 0.025584 0.151432
v -0.302495 0.034726 0.159263
v -0.282413 0.039584 0.149660
v -0.297678 0.047729 0.151509
v -0.280508 0.040608 0.149394
v -0.267529 0.075911 0.164354
v -0.296612 0.049204 0.151345
v -0.262443 0.142176 -0.096181
v -0.227176 0.169993 -0.070515
v -0.229936 0.176436 -0.086686
v -0.256890 0.158946 -0.109113
v -0.228161 0.177133 0.087702
v -0.190881 0.183484 0.077888
v -0.225501 0.170886 0.071946
v 0.238257 -0.091354 0.001838
v 0.147115 -0.091354 0.221874
v 0.141617 -0.103827 0.216377
v 0.230482 -0.103827 0.001838
v 0.065574 0.181642 0.001820
v 0.058463 0.233971 0.001820
v 0.019968 0.233971 0.094754
v 0.024997 0.181642 0.099781
v 0.135075 -0.128301 0.214684
v 0.163066 -0.150166 0.186967
v 0.140875 -0.155689 0.178930
v 0.119343 -0.141228 0.197154
v -0.074274 0.248539 0.101831
v -0.004479 0.248539 0.072922
v -0.007052 0.275769 0.070349
v -0.074274 0.275769 0.098193
v -0.076125 -0.029124 0.304463
v -0.289199 -0.029124 0.216205
v -0.296551 -0.088799 0.223557
v -0.076125 -0.088799 0.314861
v -0.076976 0.029436 0.319589
v -0.076976 0.124556 0.284862
v -0.134483 0.016670 0.284878
v -0.104025 -0.021360 0.319608
v -0.075199 -0.518071 -0.044507
v -0.043095 -0.518071 -0.031209
v -0.029797 -0.518071 0.000895
v -0.043095 -0.518071 0.032999
v -0.075199 -0.518071 0.046296
v -0.107302 -0.518071 0.032999
v -0.120600 -0.518071 0.000895
v -0.107302 -0.518071 -0.031209
v 0.105467 0.023250 -0.218897
v 0.079272 0.053735 -0.204239
v 0.104232 0.024501 -0.198157
v 0.117233 0.018228 -0.190827
v 0.106885 0.022214 -0.216373
v 0.105762 0.023350 -0.197590
v 0.076925 0.056203 -0.205110
v 0.103304 0.025503 -0.219871
v 0.069472 0.058791 -0.225665
v 0.107976 0.021868 -0.218677
v 0.119525 0.017418 -0.190268
v 0.138543 0.013834 -0.207577
v 0.068658 0.087445 -0.217810
v 0.075989 0.058001 -0.205372
v 0.068655 0.060547 -0.225600
v 0.121115 0.017069 -0.189044
v 0.153377 0.011791 -0.179226
v 0.140125 0.013486 -0.206347
v 0.084684 0.108701 0.183122
v 0.068902 0.089852 0.218618
v 0.076420 0.059613 0.205850
v 0.078162 0.083790 0.199133
v 0.152404 0.011847 -0.177440
v 0.121444 0.016914 -0.186852
v 0.132488 0.013277 -0.169133
v 0.154221 0.012388 -0.176460
v 0.133886 0.013849 -0.167977
v 0.152076 0.031449 -0.159895
v 0.085131 0.111638 -0.179829
v 0.069472 0.092948 -0.215019
v 0.077489 0.128620 -0.190149
v 0.129783 0.024029 -0.150607
v 0.150654 0.031902 -0.158577
v 0.132716 0.014548 -0.166543
v 0.105586 0.139657 -0.148589
v 0.085949 0.112674 -0.178322
v 0.078311 0.129645 -0.188634
v 0.129688 0.037968 -0.147668
v 0.149663 0.033139 -0.157218
v 0.129636 0.025584 -0.149571
v 0.151306 0.034726 -0.157402
v 0.131224 0.039584 -0.147799
v 0.146489 0.047729 -0.149647
v 0.129319 0.040608 -0.147533
v 0.116340 0.075911 -0.162492
v 0.145423 0.049204 -0.149483
v 0.087959 0.113129 -0.175004
v 0.107582 0.140092 -0.145293
v 0.110480 0.122911 -0.133900
v 0.106439 0.156860 -0.112875
v 0.110851 0.124125 -0.132439
v 0.107979 0.141150 -0.143729
v 0.110977 0.124616 -0.129863
v 0.106543 0.157516 -0.110202
v 0.111944 0.141132 -0.097592
v -0.229936 0.176436 0.088548
v -0.227176 0.169993 0.072377
v -0.262443 0.142176 0.098042
v -0.256890 0.158946 0.110975
v 0.076972 0.177133 -0.085840
v 0.039692 0.183484 -0.076026
v 0.074312 0.170886 -0.070084
v 0.079272 0.053735 0.206101
v 0.105467 0.023250 0.220759
v 0.104232 0.024501 0.200018
v 0.106885 0.022214 0.218235
v 0.117233 0.018228 0.192688
v 0.105762 0.023350 0.199451
v 0.103304 0.025503 0.221733
v 0.076925 0.056203 0.206972
v 0.069472 0.058791 0.227527
v 0.119525 0.017418 0.192129
v 0.107976 0.021868 0.220539
v 0.138543 0.013834 0.209439
v 0.075989 0.058001 0.207234
v 0.068658 0.087445 0.219671
v 0.068655 0.060547 0.227462
v 0.153377 0.011791 0.181086
v 0.121115 0.017069 0.190905
v 0.140125 0.013486 0.208209
v -0.220091 0.089852 0.218618
v -0.235873 0.108701 0.183122
v -0.229351 0.083790 0.199133
v -0.227609 0.059613 0.205850
v 0.121444 0.016914 0.188713
v 0.152403 0.011847 0.179301
v 0.132488 0.013277 0.170995
v 0.152076 0.031449 0.161756
v 0.133886 0.013849 0.169839
v 0.154221 0.012388 0.178321
v 0.077489 0.128620 0.192010
v 0.069472 0.092948 0.216880
v 0.085131 0.111638 0.181690
v 0.150654 0.031902 0.160438
v 0.129783 0.024029 0.152468
v 0.132716 0.014548 0.168405
v 0.085949 0.112674 0.180183
v 0.105586 0.139657 0.150450
v 0.078311 0.129645 0.190495
v 0.149663 0.033139 0.159079
v 0.129688 0.037968 0.149529
v 0.129636 0.025584 0.151432
v 0.131224 0.039584 0.149660
v 0.151306 0.034726 0.159263
v 0.146489 0.047729 0.151509
v 0.129319 0.040608 0.149394
v 0.145423 0.049204 0.151345
v 0.116340 0.075911 0.164354
v 0.107582 0.140092 0.147154
v 0.087959 0.113129 0.176865
v 0.110480 0.122911 0.135761
v 0.110851 0.124125 0.134300
v 0.106439 0.156860 0.114737
v 0.107979 0.141150 0.145590
v 0.106543 0.157516 0.112064
v 0.110977 0.124616 0.131724
v 0.111944 0.141132 0.099453
v 0.078747 0.176436 -0.086686
v 0.075987 0.169993 -0.070515
v 0.111255 0.142176 -0.096181
v 0.105701 0.158946 -0.109113
v 0.076972 0.177133 0.087702
v 0.074312 0.170886 0.071946
v 0.039692 0.183484 0.077888
v 0.088918 0.008804 -0.217450
v 0.069862 0.055243 -0.226766
v 0.104216 0.021315 -0.221208
v 0.066640 0.058035 -0.226990
v 0.085712 0.011555 -0.217666
v 0.049368 0.050713 -0.220044
v 0.105586 0.019975 -0.220701
v 0.128623 -0.002026 -0.207148
v 0.090494 0.007633 -0.216995
v 0.043861 0.080922 -0.211848
v 0.065419 0.059612 -0.226627
v 0.048465 0.052426 -0.219809
v 0.131667 -0.002232 -0.206444
v 0.109072 0.019339 -0.219736
v 0.139338 0.011445 -0.208935
v 0.066198 0.061621 -0.226477
v 0.044378 0.083187 -0.211519
v 0.066072 0.089428 -0.218346
v 0.154064 0.009857 -0.181052
v 0.133105 -0.002411 -0.205239
v 0.140716 0.011158 -0.207710
v -0.206181 0.125785 0.185107
v -0.226181 0.130134 0.192087
v -0.217438 0.091225 0.219344
v -0.194876 0.084741 0.212248
v 0.134426 -0.003343 -0.202782
v 0.155582 0.009040 -0.178366
v 0.154473 -0.007364 -0.178027
v 0.160429 0.021377 -0.148634
v 0.155302 -0.006175 -0.176292
v 0.156385 0.009831 -0.176620
v -0.226910 0.131153 -0.188802
v -0.256307 0.142045 -0.145471
v -0.231614 0.138012 -0.134853
v -0.206874 0.126823 -0.181818
v 0.160478 0.024326 -0.146457
v 0.156438 0.012794 -0.174412
v 0.154658 0.031830 -0.157926
v 0.149290 0.046765 -0.149120
v 0.159881 0.026191 -0.145734
v 0.154280 0.033412 -0.156771
v 0.159682 0.027548 -0.143954
v 0.148603 0.049068 -0.147495
v 0.150084 0.056133 -0.132053
v 0.147439 0.050605 -0.147968
v 0.118203 0.077571 -0.161008
v 0.148969 0.057895 -0.132030
v 0.105607 0.142724 -0.143688
v 0.081656 0.138828 -0.133393
v 0.103982 0.158134 -0.113149
v 0.080708 0.138965 -0.131604
v 0.079538 0.142766 -0.107091
v 0.102761 0.158033 -0.111611
v 0.069996 0.159697 -0.096336
v 0.101905 0.158724 -0.110090
v 0.079051 0.143699 -0.105642
v 0.101478 0.160564 -0.109007
v 0.069695 0.161532 -0.095309
v 0.077564 0.175765 -0.089295
v 0.067980 0.162105 -0.094478
v 0.038908 0.182616 -0.078602
v 0.075879 0.176394 -0.088441
v -0.217829 0.058035 0.228852
v -0.236901 0.011555 0.219527
v -0.200557 0.050713 0.221905
v -0.195050 0.080922 0.213709
v -0.216608 0.059612 0.228489
v -0.199654 0.052426 0.221670
v -0.240107 0.008804 0.219312
v -0.221051 0.055243 0.228628
v -0.255405 0.021315 0.223070
v -0.217387 0.061621 0.228339
v -0.195567 0.083187 0.213380
v -0.217261 0.089428 0.220207
v -0.279813 -0.002026 0.209009
v -0.241683 0.007633 0.218856
v -0.256775 0.019975 0.222563
v 0.066249 0.091225 0.219344
v 0.074992 0.130134 0.192087
v 0.054992 0.125785 0.185107
v 0.043687 0.084741 0.212248
v -0.260261 0.019339 0.221598
v -0.290527 0.011445 0.210797
v -0.282857 -0.002232 0.208305
v -0.305253 0.009857 0.182914
v -0.284295 -0.002411 0.207100
v -0.291905 0.011158 0.209572
v 0.080425 0.138012 -0.134853
v 0.105118 0.142045 -0.145471
v 0.075721 0.131153 -0.188802
v 0.055685 0.126823 -0.181818
v -0.285616 -0.003343 0.204643
v -0.306771 0.009040 0.180227
v -0.305662 -0.007364 0.179889
v -0.307574 0.009831 0.178481
v -0.311618 0.021377 0.150495
v -0.306491 -0.006175 0.178154
v -0.255171 0.158134 0.115011
v -0.256796 0.142724 0.145549
v -0.232845 0.138828 0.135254
v -0.307627 0.012794 0.176273
v -0.305847 0.031830 0.159787
v -0.311667 0.024326 0.148318
v -0.253950 0.158033 0.113472
v -0.231897 0.138965 0.133465
v -0.230727 0.142766 0.108952
v -0.300479 0.046765 0.150982
v -0.311070 0.026191 0.147595
v -0.305469 0.033412 0.158632
v -0.310871 0.027547 0.145815
v -0.299792 0.049068 0.149357
v -0.301273 0.056133 0.133914
v -0.298628 0.050605 0.149830
v -0.269392 0.077571 0.162870
v -0.300158 0.057895 0.133891
v -0.221185 0.159697 0.098198
v -0.253094 0.158724 0.111952
v -0.230240 0.143699 0.107503
v -0.252667 0.160564 0.110869
v -0.220884 0.161532 0.097171
v -0.228753 0.175765 0.091157
v -0.219169 0.162105 0.096340
v -0.190097 0.182616 0.080464
v -0.227068 0.176394 0.090302
v 0.069862 0.055243 0.228628
v 0.088918 0.008804 0.219312
v 0.104216 0.021315 0.223070
v 0.085712 0.011555 0.219527
v 0.066640 0.058035 0.228852
v 0.049368 0.050713 0.221905
v 0.090494 0.007633 0.218856
v 0.128623 -0.002026 0.209009
v 0.105586 0.019975 0.222563
v 0.065419 0.059612 0.228489
v 0.043861 0.080922 0.213709
v 0.048465 0.052426 0.221670
v 0.109072 0.019339 0.221598
v 0.131667 -0.002232 0.208305
v 0.139338 0.011445 0.210797
v 0.044378 0.083187 0.213380
v 0.066198 0.061621 0.228339
v 0.066072 0.089428 0.220207
v 0.133105 -0.002411 0.207100
v 0.154064 0.009857 0.182913
v 0.140716 0.011158 0.209572
v 0.091337 -0.135680 0.245962
v 0.056670 -0.176082 0.254757
v 0.084900 -0.189207 0.257633
v 0.108407 -0.161233 0.251876
v 0.155582 0.009040 0.180227
v 0.134426 -0.003343 0.204643
v 0.154473 -0.007364 0.179889
v 0.155302 -0.006175 0.178154
v 0.160429 0.021377 0.150495
v 0.156385 0.009831 0.178481
v -0.231614 0.138012 0.136714
v -0.256307 0.142045 0.147332
v -0.226910 0.131153 0.190663
v -0.206874 0.126823 0.183680
v 0.156438 0.012794 0.176273
v 0.160478 0.024326 0.148318
v 0.154658 0.031830 0.159787
v 0.159881 0.026191 0.147595
v 0.149290 0.046765 0.150982
v 0.154280 0.033412 0.158632
v 0.148603 0.049068 0.149357
v 0.159682 0.027547 0.145815
v 0.150084 0.056133 0.133914
v 0.147439 0.050605 0.149830
v 0.148969 0.057895 0.133891
v 0.118203 0.077571 0.162870
v 0.103982 0.158134 0.115011
v 0.081656 0.138828 0.135254
v 0.105607 0.142724 0.145549
v 0.102761 0.158033 0.113472
v 0.079538 0.142766 0.108952
v 0.080708 0.138965 0.133465
v 0.101905 0.158724 0.111952
v 0.069996 0.159697 0.098198
v 0.079051 0.143699 0.107503
v 0.069695 0.161532 0.097171
v 0.101478 0.160564 0.110869
v 0.077564 0.175765 0.091157
v 0.067980 0.162105 0.096340
v 0.075879 0.176394 0.090302
v 0.038908 0.182616 0.080464
v -0.236901 0.011555 -0.217666
v -0.217829 0.058035 -0.226990
v -0.200557 0.050713 -0.220044
v -0.216608 0.059612 -0.226627
v -0.195050 0.080922 -0.211848
v -0.199654 0.052426 -0.219809
v -0.221051 0.055243 -0.226766
v -0.240107 0.008804 -0.217450
v -0.255405 0.021315 -0.221208
v -0.195567 0.083187 -0.211519
v -0.217387 0.061621 -0.226477
v -0.217261 0.089428 -0.218346
v -0.256775 0.019975 -0.220701
v -0.241683 0.007633 -0.216995
v -0.279813 -0.002026 -0.207148
v 0.054992 0.125785 -0.183245
v 0.074992 0.130134 -0.190226
v 0.066249 0.091225 -0.217483
v 0.043687 0.084741 -0.210387
v -0.290527 0.011445 -0.208935
v -0.260261 0.019339 -0.219736
v -0.282857 -0.002232 -0.206444
v -0.284295 -0.002411 -0.205239
v -0.305253 0.009857 -0.181053
v -0.291905 0.011158 -0.207710
v -0.312603 -0.167904 -0.204537
v -0.313990 -0.196376 -0.192883
v -0.319547 -0.190303 -0.169911
v -0.316547 -0.152478 -0.186326
v -0.306771 0.009040 -0.178366
v -0.285616 -0.003343 -0.202782
v -0.305662 -0.007364 -0.178027
v -0.306491 -0.006175 -0.176292
v -0.311618 0.021377 -0.148634
v -0.307574 0.009831 -0.176620
v -0.256796 0.142724 -0.143688
v -0.255171 0.158134 -0.113149
v -0.232845 0.138828 -0.133393
v -0.307627 0.012794 -0.174412
v -0.311667 0.024326 -0.146457
v -0.305847 0.031830 -0.157926
v -0.231897 0.138965 -0.131604
v -0.253950 0.158033 -0.111611
v -0.230727 0.142766 -0.107091
v -0.311070 0.026191 -0.145734
v -0.300479 0.046765 -0.149120
v -0.305469 0.033412 -0.156771
v -0.299792 0.049068 -0.147495
v -0.310871 0.027548 -0.143954
v -0.301273 0.056133 -0.132053
v -0.298628 0.050605 -0.147968
v -0.300158 0.057895 -0.132030
v -0.269392 0.077571 -0.161008
v -0.253094 0.158724 -0.110090
v -0.221185 0.159697 -0.096336
v -0.230240 0.143699 -0.105642
v -0.220884 0.161532 -0.095309
v -0.252667 0.160564 -0.109007
v -0.228753 0.175765 -0.089295
v -0.219169 0.162105 -0.094478
v -0.227068 0.176394 -0.088441
v -0.190097 0.182616 -0.078602
v 0.018660 0.233971 0.096062
v -0.074274 0.233971 0.134557
v -0.074274 0.181642 0.141667
v 0.023688 0.181642 0.101090
v -0.148270 -0.463484 0.072624
v -0.170673 -0.420755 0.095028
v -0.209272 -0.420755 0.001844
v -0.177586 -0.463484 0.001844
v -0.142326 0.278058 -0.067606
v -0.135884 0.284793 -0.061164
v -0.076170 0.284793 -0.085900
v -0.076170 0.278058 -0.095009
v -0.146016 -0.056928 -0.319646
v -0.222255 -0.056928 -0.284853
v -0.135776 0.015134 -0.284845
v -0.105262 -0.022968 -0.319641
v -0.279607 -0.015957 0.206668
v -0.288263 -0.026867 0.215322
v -0.076163 -0.026867 0.303176
v -0.076163 -0.015957 0.290936
v -0.077632 0.324599 0.054371
v -0.077632 0.324599 -0.052638
v -0.086441 0.345868 -0.052638
v -0.086441 0.345868 0.054371
v -0.132134 0.347175 -0.052638
v -0.132134 0.347175 0.054371
v -0.110864 0.355985 0.054371
v -0.110864 0.355985 -0.052638
v -0.197083 0.456934 -0.057669
v -0.197083 0.419343 -0.057669
v -0.159111 0.398419 -0.057669
v -0.172426 0.381394 -0.057669
v -0.239306 0.405174 -0.057669
v -0.239306 0.516071 -0.057669
v 0.035284 0.516071 -0.057669
v 0.283830 0.270830 -0.057669
v 0.346017 -0.020257 -0.057669
v 0.357940 -0.165986 -0.057669
v 0.367949 -0.209365 -0.057669
v 0.387355 -0.230711 -0.057669
v 0.376604 -0.241463 -0.057669
v 0.329987 -0.211033 -0.057669
v 0.310949 -0.042877 -0.057669
v 0.212799 0.228439 -0.057669
v 0.152578 0.300704 -0.057669
v 0.032610 0.372684 -0.057669
v -0.027568 0.456934 -0.057669
v -0.110864 0.291366 -0.052638
v -0.110864 0.291366 0.054371
v -0.132134 0.300175 0.054371
v -0.132134 0.300175 -0.052638
v -0.102025 -0.023446 -0.319509
v -0.076403 0.025558 -0.319667
v -0.076403 0.014760 -0.315120
v -0.098588 -0.027783 -0.314965
v 0.388736 -0.232158 -0.055669
v 0.388736 -0.232158 0.057531
v 0.378151 -0.242744 0.057531
v 0.378151 -0.242744 -0.055669
v -0.389166 -0.088799 -0.000031
v -0.378767 -0.029124 -0.000031
v -0.290509 -0.029124 -0.213106
v -0.297861 -0.088799 -0.220460
v 0.140112 -0.029124 -0.213106
v 0.228369 -0.029124 -0.000031
v 0.238769 -0.088799 -0.000031
v 0.147464 -0.088799 -0.220460
v -0.292014 -0.103827 0.216377
v -0.297511 -0.091354 0.221874
v -0.388654 -0.091354 0.001838
v -0.380880 -0.103827 0.001838
v -0.029083 0.454934 0.057531
v -0.195083 0.454934 0.057531
v -0.195083 0.454934 -0.055669
v -0.029083 0.454934 -0.055669
v -0.109016 0.291366 0.054371
v -0.109016 0.291366 -0.052638
v -0.087748 0.300175 -0.052638
v -0.087748 0.300175 0.054371
v -0.076148 -0.420755 -0.133179
v -0.076148 -0.463484 -0.101493
v -0.146928 -0.463484 -0.072176
v -0.169332 -0.420755 -0.094580
v -0.002790 0.247959 -0.070115
v 0.026212 0.247959 -0.000094
v 0.056674 0.236148 -0.000094
v 0.018749 0.236148 -0.091654
v -0.135884 0.284793 0.062954
v -0.142326 0.278058 0.069396
v -0.076170 0.278058 0.096799
v -0.076170 0.284793 0.087688
v -0.365241 -0.015957 0.001859
v -0.377480 -0.026867 0.001859
v -0.289626 -0.026867 0.213959
v -0.280971 -0.015957 0.205304
v -0.088296 0.345320 0.056371
v -0.109940 0.354286 0.056371
v -0.131586 0.345320 0.056371
v -0.140552 0.323675 0.056371
v -0.131586 0.302030 0.056371
v -0.109940 0.293065 0.056371
v -0.088296 0.302030 0.056371
v -0.079331 0.323675 0.056371
v -0.005173 -0.059610 0.319646
v -0.045927 -0.093570 0.319641
v -0.015413 -0.131672 0.284846
v 0.071066 -0.059610 0.284854
v -0.005173 -0.056928 -0.319646
v -0.045927 -0.022968 -0.319641
v -0.015413 0.015134 -0.284845
v 0.071066 -0.056928 -0.284853
v -0.207071 0.236148 -0.000094
v -0.176610 0.247959 -0.000094
v -0.147606 0.247959 -0.070115
v -0.169146 0.236148 -0.091654
v -0.315829 -0.151022 -0.187370
v -0.287830 -0.129153 -0.215077
v -0.292250 -0.153041 -0.226554
v -0.311903 -0.166481 -0.205624
v -0.049164 -0.023446 -0.319509
v -0.052600 -0.027783 -0.314965
v -0.074785 0.014760 -0.315120
v -0.074785 0.025558 -0.319667
v 0.139229 -0.026867 -0.212170
v 0.130575 -0.015957 -0.203514
v 0.214844 -0.015957 -0.000069
v 0.227082 -0.026867 -0.000069
v 0.140283 -0.103827 -0.215921
v -0.074256 -0.103827 -0.304786
v -0.074256 -0.091354 -0.312561
v 0.145781 -0.091354 -0.221420
v 0.308655 -0.042394 0.057531
v 0.211391 0.226496 0.057531
v 0.211391 0.226496 -0.055669
v 0.308655 -0.042394 -0.055669
v 0.284910 0.272515 -0.055669
v 0.037108 0.517080 -0.055669
v 0.037108 0.517080 0.057531
v 0.284910 0.272515 0.057531
v -0.076124 0.248539 0.101831
v -0.076124 0.275769 0.098193
v -0.143344 0.275769 0.070349
v -0.145917 0.248539 0.072922
v -0.074212 -0.145974 0.319589
v -0.074212 -0.241093 0.284862
v -0.016706 -0.133208 0.284878
v -0.047164 -0.095178 0.319608
v 0.058875 -0.420755 0.001844
v 0.020276 -0.420755 0.095028
v -0.002128 -0.463484 0.072624
v 0.027189 -0.463484 0.001844
v -0.289626 -0.026867 -0.212170
v -0.377480 -0.026867 -0.000069
v -0.365241 -0.015957 -0.000069
v -0.280971 -0.015957 -0.203514
v -0.017221 -0.059142 -0.315052
v -0.008462 -0.059142 -0.319662
v -0.047877 -0.091556 -0.319541
v -0.051362 -0.087158 -0.314934
v 0.137866 -0.026867 -0.213533
v -0.074235 -0.026867 -0.301386
v -0.074235 -0.015957 -0.289149
v 0.129211 -0.015957 -0.204878
v -0.289199 -0.029124 -0.214416
v -0.076125 -0.029124 -0.302673
v -0.076125 -0.088799 -0.313073
v -0.296552 -0.088799 -0.221769
v 0.160714 -0.166481 0.207485
v 0.164640 -0.151022 0.189231
v 0.136641 -0.129153 0.216938
v 0.141061 -0.153041 0.228415
v -0.197083 0.419343 0.059531
v -0.197083 0.456934 0.059531
v -0.027568 0.456934 0.059531
v 0.032610 0.372684 0.059531
v 0.152578 0.300704 0.059531
v 0.212799 0.228439 0.059531
v 0.310949 -0.042877 0.059531
v 0.329987 -0.211033 0.059531
v 0.376604 -0.241463 0.059531
v 0.387355 -0.230711 0.059531
v 0.367949 -0.209365 0.059531
v 0.357940 -0.165986 0.059531
v 0.346017 -0.020257 0.059531
v 0.283830 0.270830 0.059531
v 0.035284 0.516071 0.059531
v -0.239306 0.516071 0.059531
v -0.239306 0.405174 0.059531
v -0.172426 0.381394 0.059531
v -0.159111 0.398419 0.059531
v -0.241306 0.405468 -0.055669
v -0.241306 0.405468 0.057531
v -0.241306 0.516071 0.057531
v -0.241306 0.516071 -0.055669
v 0.018935 -0.420755 -0.094580
v -0.003470 -0.463484 -0.072176
v -0.074250 -0.463484 -0.101493
v -0.074250 -0.420755 -0.133179
v -0.007052 0.275769 -0.068559
v -0.004479 0.248539 -0.071133
v -0.074274 0.248539 -0.100041
v -0.074274 0.275769 -0.096403
v -0.389166 -0.088799 0.001821
v -0.297860 -0.088799 0.222248
v -0.290509 -0.029124 0.214895
v -0.378767 -0.029124 0.001821
v -0.077422 -0.058953 0.000762
v -0.223808 -0.058953 -0.282050
v -0.136365 -0.132295 -0.282202
v -0.077422 -0.057585 0.000762
v -0.136365 0.015757 -0.282202
v -0.223808 -0.057585 -0.282050
v -0.076130 -0.060421 0.001002
v -0.135121 -0.133823 -0.282195
v -0.076130 -0.243281 -0.281959
v -0.076130 -0.056117 0.001002
v -0.076130 0.126744 -0.281959
v -0.135121 0.017285 -0.282195
v -0.075058 -0.060421 0.001002
v -0.075058 -0.243281 -0.281959
v -0.016068 -0.133823 -0.282195
v -0.016068 0.017285 -0.282195
v -0.075058 0.126744 -0.281959
v -0.075058 -0.056117 0.001002
v -0.073766 -0.058953 0.000762
v -0.014824 -0.132295 -0.282202
v 0.072619 -0.058953 -0.282050
v 0.072619 -0.057585 -0.282050
v -0.014824 0.015757 -0.282202
v -0.073766 -0.057585 0.000762
v -0.075054 -0.056112 0.008652
v -0.075054 0.126708 0.281950
v -0.016077 0.017275 0.282189
v -0.135112 0.017275 0.282189
v -0.076134 0.126708 0.281950
v -0.076134 -0.056112 0.008652
v -0.073764 -0.057582 0.008873
v -0.014833 0.015748 0.282197
v 0.072593 -0.057582 0.282042
v -0.223782 -0.057582 0.282042
v -0.136356 0.015748 0.282197
v -0.077424 -0.057582 0.008873
v 0.072593 -0.058956 0.282042
v -0.014833 -0.132286 0.282197
v -0.073764 -0.058956 0.008873
v -0.136356 -0.132286 0.282197
v -0.223782 -0.058956 0.282042
v -0.077424 -0.058956 0.008873
v -0.016077 -0.133813 0.282189
v -0.075054 -0.243245 0.281950
v -0.075054 -0.060426 0.008652
v -0.076134 -0.243245 0.281950
v -0.135112 -0.133813 0.282189
v -0.076134 -0.060426 0.008652
v -0.229347 0.052491 -0.201788
v -0.254094 0.023401 -0.195969
v -0.239768 0.011917 -0.191808
v -0.226679 0.055086 -0.202031
v -0.237282 0.013814 -0.191881
v -0.208072 0.047803 -0.193662
v -0.255098 0.021733 -0.195408
v -0.262449 0.004331 -0.187676
v -0.241198 0.010590 -0.191371
v 0.075291 0.057038 -0.201977
v 0.077130 0.081492 -0.195204
v 0.055605 0.073144 -0.187278
v 0.056155 0.049575 -0.193437
v -0.264179 0.005242 -0.187544
v -0.257434 0.021302 -0.194669
v -0.268451 0.016165 -0.188232
v -0.269789 0.015641 -0.186934
v -0.280240 0.011930 -0.170072
v -0.265361 0.004317 -0.186221
v -0.206987 0.075065 -0.186550
v -0.212696 0.101746 -0.172701
v -0.227833 0.083125 -0.194167
v -0.266219 0.002910 -0.184563
v -0.281473 0.010717 -0.168008
v -0.277873 -0.003536 -0.169265
v -0.228951 0.084924 -0.193499
v -0.213857 0.103492 -0.172094
v -0.235309 0.109293 -0.177894
v -0.282553 0.011403 -0.166178
v -0.290010 0.015247 -0.140139
v -0.278959 -0.002825 -0.167432
v -0.234395 0.117565 -0.125627
v -0.235523 0.110298 -0.176330
v -0.213669 0.104387 -0.170424
v -0.290037 0.017229 -0.138361
v -0.282769 0.013489 -0.163734
v -0.280217 0.022586 -0.148432
v -0.237412 0.111113 -0.173874
v -0.236277 0.118422 -0.122878
v -0.260241 0.120927 -0.132379
v -0.279939 0.036225 -0.145436
v -0.289496 0.018995 -0.137704
v -0.280052 0.024146 -0.147389
v -0.290168 0.019835 -0.136079
v -0.279752 0.038618 -0.144504
v -0.280766 0.047151 -0.129101
v -0.280021 0.049105 -0.129357
v -0.278975 0.040310 -0.145234
v -0.265695 0.075963 -0.160349
v -0.236988 0.119119 -0.121171
v -0.261788 0.138225 -0.097937
v -0.260723 0.121600 -0.130582
v -0.260752 0.138449 -0.096200
v -0.236506 0.119765 -0.118923
v -0.240025 0.128556 -0.092182
v -0.239874 0.129704 -0.090768
v -0.227730 0.166228 -0.070437
v -0.261064 0.139819 -0.094875
v -0.225455 0.166851 -0.069657
v -0.236943 0.132333 -0.088876
v -0.216773 0.154083 -0.076382
v -0.224277 0.168594 -0.069060
v -0.215365 0.155488 -0.075962
v -0.189634 0.181153 -0.075002
v -0.254094 0.023401 0.197830
v -0.229347 0.052491 0.203650
v -0.239768 0.011917 0.193669
v -0.208072 0.047803 0.195524
v -0.237282 0.013814 0.193742
v -0.226679 0.055086 0.203893
v -0.262449 0.004331 0.189537
v -0.255098 0.021733 0.197269
v -0.241198 0.010590 0.193232
v -0.257434 0.021302 0.196530
v -0.264179 0.005242 0.189405
v -0.268451 0.016165 0.190093
v -0.265361 0.004317 0.188082
v -0.280240 0.011930 0.171934
v -0.269790 0.015641 0.188795
v -0.227833 0.083125 0.196028
v -0.212696 0.101746 0.174562
v -0.206987 0.075065 0.188411
v -0.281473 0.010717 0.169870
v -0.266219 0.002910 0.186424
v -0.277873 -0.003536 0.171126
v -0.213857 0.103492 0.173955
v -0.228951 0.084924 0.195360
v -0.235309 0.109293 0.179755
v -0.290010 0.015247 0.142000
v -0.282553 0.011403 0.168040
v -0.278959 -0.002825 0.169293
v -0.235523 0.110298 0.178191
v -0.234395 0.117565 0.127488
v -0.213669 0.104387 0.172285
v -0.282769 0.013489 0.165596
v -0.290037 0.017229 0.140222
v -0.280217 0.022586 0.150293
v -0.236277 0.118422 0.124739
v -0.237412 0.111113 0.175735
v -0.260241 0.120927 0.134240
v -0.289496 0.018995 0.139565
v -0.279939 0.036225 0.147297
v -0.280052 0.024146 0.149250
v -0.290168 0.019835 0.137940
v -0.280766 0.047151 0.130962
v -0.279752 0.038618 0.146365
v -0.280021 0.049105 0.131218
v -0.265695 0.075963 0.162211
v -0.278975 0.040310 0.147095
v -0.261788 0.138225 0.099798
v -0.236988 0.119119 0.123032
v -0.260723 0.121600 0.132443
v -0.236506 0.119765 0.120784
v -0.260752 0.138449 0.098061
v -0.240025 0.128556 0.094044
v -0.227730 0.166228 0.072299
v -0.239874 0.129704 0.092630
v -0.261064 0.139819 0.096736
v -0.236943 0.132333 0.090737
v -0.225455 0.166851 0.071519
v -0.216773 0.154083 0.078244
v -0.224277 0.168594 0.070922
v -0.189634 0.181153 0.076864
v -0.215365 0.155488 0.077824
v 0.078158 0.052491 -0.201788
v 0.088578 0.011917 -0.191808
v 0.102905 0.023401 -0.195969
v 0.086093 0.013814 -0.191881
v 0.075490 0.055086 -0.202031
v 0.056883 0.047803 -0.193662
v 0.111260 0.004331 -0.187676
v 0.103909 0.021733 -0.195408
v 0.090009 0.010590 -0.191371
v 0.055605 0.073144 0.189140
v 0.077130 0.081492 0.197065
v 0.075291 0.057038 0.203839
v 0.056155 0.049575 0.195299
v 0.106245 0.021302 -0.194669
v 0.112990 0.005242 -0.187544
v 0.117262 0.016165 -0.188232
v 0.129052 0.011930 -0.170072
v 0.118600 0.015641 -0.186934
v 0.114172 0.004317 -0.186221
v 0.055798 0.075065 -0.186550
v 0.076644 0.083125 -0.194167
v 0.061507 0.101746 -0.172701
v 0.115030 0.002910 -0.184563
v 0.126684 -0.003536 -0.169265
v 0.130284 0.010717 -0.168008
v 0.077762 0.084924 -0.193499
v 0.084120 0.109293 -0.177894
v 0.062668 0.103492 -0.172094
v 0.138821 0.015247 -0.140139
v 0.131364 0.011403 -0.166178
v 0.127770 -0.002825 -0.167432
v 0.083206 0.117565 -0.125627
v 0.062480 0.104387 -0.170424
v 0.084334 0.110298 -0.176330
v 0.131581 0.013489 -0.163735
v 0.138848 0.017229 -0.138361
v 0.129028 0.022586 -0.148432
v 0.085088 0.118422 -0.122878
v 0.086223 0.111113 -0.173874
v 0.109052 0.120927 -0.132379
v 0.138307 0.018995 -0.137704
v 0.128750 0.036225 -0.145436
v 0.128863 0.024146 -0.147389
v 0.138979 0.019835 -0.136079
v 0.129577 0.047151 -0.129101
v 0.128563 0.038618 -0.144504
v 0.128832 0.049105 -0.129357
v 0.114506 0.075963 -0.160349
v 0.127786 0.040310 -0.145234
v 0.110600 0.138225 -0.097937
v 0.085799 0.119119 -0.121171
v 0.109534 0.121600 -0.130582
v 0.085317 0.119765 -0.118923
v 0.109564 0.138449 -0.096200
v 0.088836 0.128556 -0.092182
v 0.076541 0.166228 -0.070437
v 0.088685 0.129704 -0.090768
v 0.109876 0.139819 -0.094875
v 0.085754 0.132333 -0.088876
v 0.074266 0.166851 -0.069657
v 0.065584 0.154083 -0.076382
v 0.073088 0.168594 -0.069060
v 0.038445 0.181153 -0.075002
v 0.064176 0.155488 -0.075962
v 0.086093 0.013814 0.193742
v 0.056883 0.047803 0.195524
v 0.075490 0.055086 0.203893
v -0.226480 0.057038 0.203839
v -0.228319 0.081492 0.197065
v -0.206794 0.073144 0.189140
v -0.207344 0.049575 0.195299
v 0.088579 0.011917 0.193669
v 0.078158 0.052491 0.203650
v 0.102905 0.023401 0.197830
v 0.103909 0.021733 0.197269
v 0.111260 0.004331 0.189537
v 0.090009 0.010590 0.193232
v 0.076644 0.083125 0.196028
v 0.055798 0.075065 0.188411
v 0.061507 0.101746 0.174562
v 0.112990 0.005242 0.189405
v 0.106245 0.021302 0.196530
v 0.117262 0.016165 0.190093
v 0.062668 0.103492 0.173955
v 0.084120 0.109293 0.179755
v 0.077762 0.084924 0.195360
v 0.114172 0.004317 0.188082
v 0.118601 0.015641 0.188795
v 0.129051 0.011930 0.171934
v 0.084334 0.110298 0.178191
v 0.062480 0.104387 0.172285
v 0.083206 0.117565 0.127488
v 0.126684 -0.003536 0.171126
v 0.115030 0.002910 0.186424
v 0.130284 0.010717 0.169870
v 0.109052 0.120927 0.134240
v 0.086223 0.111113 0.175735
v 0.085088 0.118422 0.124739
v 0.131364 0.011403 0.168040
v 0.138821 0.015247 0.142000
v 0.127770 -0.002825 0.169293
v 0.085799 0.119119 0.123032
v 0.110600 0.138225 0.099798
v 0.109534 0.121600 0.132443
v 0.138848 0.017229 0.140222
v 0.131581 0.013489 0.165596
v 0.129028 0.022586 0.150293
v 0.109564 0.138449 0.098061
v 0.085317 0.119765 0.120784
v 0.088836 0.128556 0.094044
v 0.128750 0.036225 0.147297
v 0.138307 0.018995 0.139565
v 0.128863 0.024146 0.149250
v 0.129577 0.047151 0.130962
v 0.138979 0.019835 0.137940
v 0.128563 0.038618 0.146365
v 0.128832 0.049105 0.131218
v 0.127786 0.040310 0.147095
v 0.114506 0.075963 0.162211
v 0.088685 0.129704 0.092630
v 0.076541 0.166228 0.072299
v 0.109876 0.139819 0.096736
v 0.074266 0.166851 0.071519
v 0.085754 0.132333 0.090738
v 0.065584 0.154083 0.078244
v 0.073088 0.168594 0.070922
v 0.064176 0.155488 0.077824
v 0.038445 0.181153 0.076864
v 0.086802 0.009699 -0.193208
v 0.057055 0.044272 -0.194853
v 0.087302 0.007573 -0.214464
v 0.112942 0.001641 0.190672
v 0.129147 -0.003851 0.206423
v 0.088927 0.006511 0.216621
v 0.088409 0.008667 0.194867
v 0.048161 0.049791 -0.217497
v 0.085027 0.010038 -0.215229
v 0.054418 0.047175 -0.195383
v 0.042692 0.080247 -0.209240
v 0.047281 0.051523 -0.217321
v 0.053415 0.048958 -0.195641
v 0.129942 -0.004134 -0.202632
v 0.127168 -0.005380 -0.171339
v 0.114539 0.001058 -0.187665
v 0.043078 0.081285 -0.207579
v 0.053599 0.050581 -0.194241
v 0.052917 0.073407 -0.188231
v 0.131855 -0.004667 -0.202562
v 0.152463 -0.009021 -0.177019
v 0.128980 -0.005956 -0.170230
v 0.064112 -0.299501 -0.176760
v 0.058531 -0.311120 -0.196650
v 0.058105 -0.337479 -0.176924
v 0.063192 -0.328981 -0.157836
v 0.159058 0.021036 -0.145601
v 0.129603 -0.005370 -0.168622
v 0.153343 -0.008470 -0.175486
v 0.130104 -0.003289 -0.165864
v 0.158640 0.022297 -0.143552
v 0.142046 0.016400 -0.136603
v 0.075721 0.131153 0.190663
v 0.105118 0.142045 0.147332
v 0.080425 0.138012 0.136714
v 0.055685 0.126823 0.183680
v 0.158551 0.023720 -0.142479
v 0.132237 0.046531 -0.128218
v 0.142044 0.017853 -0.135565
v 0.158422 0.026416 -0.141837
v 0.148496 0.056296 -0.129321
v 0.132042 0.049284 -0.127541
v 0.147418 0.057601 -0.129612
v 0.116222 0.077787 -0.158996
v 0.130813 0.050523 -0.127815
v 0.061880 0.106899 -0.166964
v 0.082226 0.119829 -0.122921
v 0.079173 0.135637 -0.133210
v 0.082472 0.120971 -0.121376
v 0.078471 0.139961 -0.107569
v 0.079504 0.136344 -0.131378
v 0.082759 0.120965 -0.119016
v 0.086226 0.129043 -0.093632
v 0.078772 0.139883 -0.105262
v 0.065550 0.151850 -0.079848
v 0.078163 0.141070 -0.103846
v 0.085694 0.130117 -0.092095
v 0.076509 0.143504 -0.102907
v 0.064574 0.153702 -0.080197
v 0.068013 0.158576 -0.094187
v 0.063121 0.154808 -0.078518
v 0.037993 0.180116 -0.077640
v 0.066741 0.159934 -0.093237
v 0.057055 0.044272 0.196715
v 0.086802 0.009700 0.195069
v 0.087302 0.007573 0.216325
v -0.240116 0.006511 0.216621
v -0.280337 -0.003851 0.206423
v -0.264131 0.001641 0.190672
v -0.239598 0.008667 0.194867
v 0.054418 0.047175 0.197245
v 0.085026 0.010038 0.217090
v 0.048161 0.049791 0.219358
v 0.047281 0.051523 0.219182
v 0.042692 0.080247 0.211102
v 0.053415 0.048958 0.197503
v 0.129942 -0.004134 0.204493
v 0.114539 0.001058 0.189526
v 0.127168 -0.005380 0.173200
v 0.053599 0.050581 0.196103
v 0.043078 0.081285 0.209440
v 0.052917 0.073407 0.190093
v 0.152463 -0.009021 0.178881
v 0.131855 -0.004667 0.204423
v 0.128980 -0.005956 0.172091
v 0.129603 -0.005370 0.170483
v 0.159058 0.021036 0.147462
v 0.153343 -0.008470 0.177348
v 0.158640 0.022297 0.145413
v 0.130104 -0.003289 0.167725
v 0.142046 0.016400 0.138464
v -0.205250 0.124701 0.182823
v -0.193843 0.083609 0.209868
v -0.204265 0.075267 0.189382
v -0.210595 0.105281 0.173658
v -0.228641 0.135170 0.138592
v 0.132237 0.046531 0.130079
v 0.158551 0.023720 0.144340
v 0.142044 0.017853 0.137426
v 0.158422 0.026416 0.143698
v 0.132042 0.049284 0.129402
v 0.148496 0.056296 0.131182
v 0.147418 0.057601 0.131473
v 0.130813 0.050523 0.129676
v 0.116222 0.077787 0.160858
v 0.061880 0.106899 0.168825
v 0.079173 0.135637 0.135071
v 0.082226 0.119829 0.124782
v 0.078471 0.139961 0.109430
v 0.082472 0.120971 0.123237
v 0.079504 0.136344 0.133239
v 0.082759 0.120965 0.120877
v 0.078772 0.139883 0.107123
v 0.086226 0.129043 0.095494
v 0.078163 0.141070 0.105707
v 0.065550 0.151850 0.081710
v 0.085694 0.130117 0.093957
v 0.064574 0.153702 0.082059
v 0.076509 0.143504 0.104769
v 0.068013 0.158576 0.096049
v 0.063121 0.154808 0.080380
v 0.066741 0.159934 0.095099
v 0.037993 0.180116 0.079502
v 0.054814 -0.355280 -0.132200
v 0.038158 -0.380254 -0.120803
v 0.066812 -0.363784 -0.127215
v 0.111255 0.142176 0.098042
v 0.075987 0.169993 0.072377
v 0.078747 0.176436 0.088548
v 0.105701 0.158946 0.110975
v 0.059460 -0.340480 -0.177368
v 0.080042 -0.345960 -0.177918
v 0.066975 -0.372749 -0.144980
v 0.037834 -0.382446 -0.124112
v 0.054078 -0.364201 -0.150740
v 0.081253 -0.248126 -0.234974
v 0.087330 -0.230461 -0.211020
v 0.090733 -0.295463 -0.184084
v 0.085456 -0.307276 -0.203822
v -0.208313 -0.233065 -0.200951
v -0.212459 -0.178179 -0.217801
v -0.241735 -0.191529 -0.219883
v -0.237022 -0.227662 -0.209479
v -0.213177 -0.176386 -0.217947
v -0.235329 -0.149998 -0.212527
v -0.252962 -0.176486 -0.217739
v -0.242505 -0.189746 -0.220030
v -0.238595 -0.228517 -0.211743
v -0.243289 -0.192374 -0.222119
v -0.237491 -0.191792 -0.253830
v -0.232480 -0.246210 -0.235737
v -0.284765 -0.173904 0.198438
v -0.289895 -0.157407 0.179684
v -0.269728 -0.143946 0.196649
v -0.273857 -0.168977 0.207959
v -0.291783 -0.185576 -0.165920
v -0.285431 -0.191267 -0.189647
v -0.285532 -0.175267 -0.195545
v -0.290642 -0.158860 -0.176838
v 0.054821 -0.236096 0.203367
v 0.063998 -0.297732 0.179528
v 0.058395 -0.309431 0.199557
v 0.049076 -0.254013 0.226964
v 0.108669 -0.225020 -0.191309
v 0.125209 -0.218787 -0.168265
v 0.125294 -0.212384 -0.187750
v 0.124278 -0.212656 -0.189911
v 0.115951 -0.216781 -0.203777
v 0.108282 -0.224817 -0.193330
v 0.114539 -0.216664 -0.204876
v 0.099155 -0.210344 -0.209167
v 0.106872 -0.224698 -0.194432
v 0.054814 -0.355280 0.134062
v 0.066812 -0.363784 0.129077
v 0.038158 -0.380254 0.122665
v -0.219340 -0.362624 0.129948
v -0.236496 -0.335576 0.157809
v -0.216418 -0.330077 0.156942
v -0.206884 -0.353769 0.135098
v -0.240317 -0.296312 0.182851
v -0.217679 -0.298534 0.177369
v -0.216737 -0.328513 0.158144
v -0.237008 -0.334073 0.159024
v 0.089187 -0.294500 -0.181935
v 0.085792 -0.229625 -0.208807
v 0.057142 -0.235013 -0.200269
v 0.066352 -0.296748 -0.176413
v -0.241735 -0.191529 0.221744
v -0.212459 -0.178179 0.219662
v -0.208313 -0.233065 0.202813
v -0.237022 -0.227662 0.211341
v -0.252962 -0.176486 0.219601
v -0.235329 -0.149998 0.214388
v -0.213177 -0.176386 0.219808
v -0.242505 -0.189746 0.221891
v 0.104829 -0.176235 0.221219
v 0.122635 -0.169785 0.211335
v 0.138847 -0.155529 0.229244
v 0.110693 -0.162624 0.249702
v 0.133576 -0.173904 -0.196577
v 0.138707 -0.157407 -0.177822
v 0.118538 -0.143946 -0.194788
v 0.122668 -0.168977 -0.206098
v 0.160475 -0.196390 -0.194538
v 0.135775 -0.192101 -0.191854
v 0.135943 -0.176138 -0.197848
v 0.159310 -0.169661 -0.205417
v 0.050612 -0.254848 -0.227313
v 0.078904 -0.249194 -0.236169
v 0.083117 -0.308263 -0.205093
v 0.059943 -0.310415 -0.199822
v 0.125294 -0.212384 0.189611
v 0.125209 -0.218787 0.170126
v 0.108669 -0.225020 0.193170
v 0.115951 -0.216781 0.205638
v 0.124278 -0.212656 0.191772
v 0.108282 -0.224817 0.195191
v 0.114539 -0.216664 0.206737
v 0.106872 -0.224698 0.196293
v 0.099155 -0.210344 0.211028
v -0.236215 0.010038 -0.215229
v -0.199350 0.049791 -0.217497
v -0.205607 0.047175 -0.195383
v -0.193881 0.080247 -0.209240
v -0.204604 0.048958 -0.195641
v -0.198470 0.051523 -0.217321
v -0.238491 0.007573 -0.214464
v -0.208244 0.044272 -0.194853
v -0.237991 0.009699 -0.193208
v -0.204788 0.050581 -0.194241
v -0.194267 0.081285 -0.207579
v -0.204106 0.073407 -0.188231
v 0.042654 0.083609 0.209868
v 0.054061 0.124701 0.182823
v 0.077452 0.135170 0.138592
v 0.059406 0.105281 0.173658
v 0.053076 0.075267 0.189382
v -0.278357 -0.005380 -0.171339
v -0.281132 -0.004134 -0.202632
v -0.265728 0.001058 -0.187665
v 0.054061 0.124701 -0.180961
v 0.042654 0.083609 -0.208007
v 0.053076 0.075267 -0.187520
v 0.059406 0.105281 -0.171797
v 0.077452 0.135170 -0.136731
v -0.283045 -0.004667 -0.202562
v -0.280169 -0.005956 -0.170230
v -0.303652 -0.009021 -0.177019
v -0.233415 0.119829 -0.122921
v -0.213069 0.106899 -0.166964
v -0.230362 0.135637 -0.133210
v -0.280792 -0.005370 -0.168622
v -0.310247 0.021036 -0.145601
v -0.304532 -0.008470 -0.175486
v -0.230693 0.136344 -0.131378
v -0.229660 0.139961 -0.107569
v -0.233661 0.120971 -0.121376
v -0.309829 0.022297 -0.143552
v -0.281293 -0.003289 -0.165864
v -0.293235 0.016400 -0.136603
v -0.237415 0.129043 -0.093632
v -0.233948 0.120965 -0.119016
v -0.229961 0.139883 -0.105262
v -0.293233 0.017853 -0.135565
v -0.283426 0.046531 -0.128218
v -0.309740 0.023720 -0.142479
v -0.299685 0.056296 -0.129321
v -0.309611 0.026416 -0.141837
v -0.283231 0.049284 -0.127541
v -0.298607 0.057601 -0.129612
v -0.282002 0.050523 -0.127815
v -0.267411 0.077787 -0.158996
v -0.229352 0.141070 -0.103846
v -0.216739 0.151850 -0.079848
v -0.236883 0.130117 -0.092095
v -0.215763 0.153702 -0.080197
v -0.227698 0.143504 -0.102907
v -0.219202 0.158576 -0.094187
v -0.214310 0.154808 -0.078518
v -0.217930 0.159934 -0.093237
v -0.189182 0.180116 -0.077640
v -0.208244 0.044272 0.196715
v -0.238491 0.007573 0.216325
v -0.237991 0.009700 0.195069
v -0.280337 -0.003851 -0.204562
v -0.240116 0.006511 -0.214760
v -0.239598 0.008667 -0.193006
v -0.264131 0.001641 -0.188811
v -0.236215 0.010038 0.217090
v -0.205607 0.047175 0.197245
v -0.199350 0.049791 0.219358
v -0.204604 0.048958 0.197503
v -0.193881 0.080247 0.211102
v -0.198470 0.051523 0.219182
v -0.281132 -0.004134 0.204493
v -0.278357 -0.005380 0.173200
v -0.265728 0.001058 0.189526
v -0.204788 0.050581 0.196103
v -0.204106 0.073407 0.190093
v -0.194267 0.081285 0.209440
v -0.303652 -0.009021 0.178881
v -0.280169 -0.005956 0.172091
v -0.283045 -0.004667 0.204423
v -0.310247 0.021036 0.147462
v -0.280792 -0.005370 0.170483
v -0.304532 -0.008470 0.177348
v -0.281293 -0.003289 0.167725
v -0.309829 0.022297 0.145413
v -0.293235 0.016400 0.138464
v -0.193843 0.083609 -0.208007
v -0.205250 0.124701 -0.180961
v -0.228641 0.135170 -0.136731
v -0.210595 0.105281 -0.171797
v -0.204265 0.075267 -0.187520
v -0.309740 0.023720 0.144340
v -0.283426 0.046531 0.130079
v -0.293233 0.017853 0.137426
v -0.283231 0.049284 0.129402
v -0.309611 0.026416 0.143698
v -0.299685 0.056296 0.131182
v -0.298608 0.057601 0.131473
v -0.267411 0.077787 0.160858
v -0.282002 0.050523 0.129676
v -0.230362 0.135637 0.135071
v -0.213069 0.106899 0.168825
v -0.233415 0.119829 0.124782
v -0.229660 0.139961 0.109430
v -0.230693 0.136344 0.133239
v -0.233661 0.120971 0.123237
v -0.233948 0.120965 0.120877
v -0.237415 0.129043 0.095494
v -0.229961 0.139883 0.107123
v -0.216739 0.151850 0.081710
v -0.229352 0.141070 0.105707
v -0.236883 0.130117 0.093957
v -0.227698 0.143504 0.104769
v -0.215763 0.153702 0.082059
v -0.219202 0.158576 0.096049
v -0.214310 0.154808 0.080380
v -0.189182 0.180116 0.079502
v -0.217930 0.159934 0.095099
v -0.206003 -0.355280 -0.132200
v -0.218001 -0.363784 -0.127215
v -0.189347 -0.380254 -0.120803
v 0.068151 -0.362624 -0.128086
v 0.085307 -0.335576 -0.155947
v 0.065229 -0.330077 -0.155080
v 0.055695 -0.353769 -0.133237
v 0.089129 -0.296312 -0.180989
v 0.066490 -0.298534 -0.175507
v 0.065548 -0.328513 -0.156282
v 0.085819 -0.334073 -0.157163
v -0.241922 -0.295463 -0.184084
v -0.238519 -0.230461 -0.211020
v -0.232442 -0.248126 -0.234974
v -0.236645 -0.307276 -0.203822
v 0.057124 -0.233065 0.202813
v 0.061271 -0.178179 0.219662
v 0.090546 -0.191529 0.221744
v 0.085833 -0.227662 0.211341
v 0.061989 -0.176386 0.219808
v 0.084140 -0.149998 0.214388
v 0.101773 -0.176486 0.219601
v 0.091316 -0.189746 0.221891
v 0.103289 -0.175397 -0.217139
v 0.121053 -0.168924 -0.207196
v 0.116932 -0.143609 -0.195839
v 0.085717 -0.149040 -0.211891
v -0.309823 -0.168247 0.208366
v -0.286378 -0.174781 0.200761
v -0.275401 -0.169817 0.210183
v -0.291477 -0.155776 0.227956
v 0.135943 -0.176138 0.199709
v 0.135775 -0.192101 0.193716
v 0.160475 -0.196389 0.196399
v 0.159310 -0.169661 0.207278
v -0.311132 -0.198241 0.195929
v -0.295009 -0.226832 0.193333
v -0.279443 -0.211601 0.191678
v -0.286586 -0.193992 0.193282
v -0.276398 -0.218787 -0.168265
v -0.259858 -0.225020 -0.191309
v -0.276483 -0.212384 -0.187750
v -0.275467 -0.212656 -0.189911
v -0.259471 -0.224817 -0.193330
v -0.267140 -0.216781 -0.203777
v -0.265728 -0.216664 -0.204876
v -0.258061 -0.224698 -0.194432
v -0.250344 -0.210344 -0.209167
v -0.206003 -0.355280 0.134062
v -0.189347 -0.380254 0.122665
v -0.218001 -0.363784 0.129077
v -0.216418 -0.330077 -0.155080
v -0.236496 -0.335576 -0.155947
v -0.219340 -0.362624 -0.128086
v -0.206884 -0.353769 -0.133237
v -0.216737 -0.328513 -0.156282
v -0.217679 -0.298534 -0.175507
v -0.240317 -0.296312 -0.180989
v -0.237008 -0.334073 -0.157163
v -0.294744 -0.229954 -0.190349
v -0.271621 -0.235303 -0.211137
v -0.264757 -0.242831 -0.199473
v -0.294328 -0.235112 -0.171047
v -0.238236 -0.190015 0.255876
v -0.260389 -0.163628 0.250458
v -0.254539 -0.177343 0.221870
v -0.244051 -0.190587 0.224117
v 0.116932 -0.143609 0.197700
v 0.121053 -0.168924 0.209057
v 0.103289 -0.175397 0.219001
v 0.085717 -0.149040 0.213752
v -0.269728 -0.143946 -0.194788
v -0.289895 -0.157407 -0.177822
v -0.284765 -0.173904 -0.196577
v -0.273857 -0.168977 -0.206098
v 0.134343 -0.175268 -0.195545
v 0.134242 -0.191267 -0.189647
v 0.140595 -0.185576 -0.165920
v 0.139454 -0.158860 -0.176838
v -0.291370 -0.187492 -0.165623
v -0.277610 -0.217650 -0.166837
v -0.277680 -0.210825 -0.187594
v -0.285038 -0.193150 -0.189191
v -0.259858 -0.225020 0.193170
v -0.276398 -0.218787 0.170126
v -0.276483 -0.212384 0.189611
v -0.267140 -0.216781 0.205638
v -0.259471 -0.224817 0.195191
v -0.275467 -0.212656 0.191772
v -0.265728 -0.216664 0.206737
v -0.250344 -0.210344 0.211028
v -0.258061 -0.224698 0.196293
v 0.052028 -0.362699 -0.148403
v 0.036488 -0.380173 -0.123081
v 0.052986 -0.355341 -0.134330
v 0.062235 -0.332687 -0.154752
v 0.052837 -0.361190 -0.149424
v 0.053793 -0.353845 -0.135376
v 0.053198 -0.360052 -0.151664
v 0.062837 -0.330817 -0.157132
v 0.057945 -0.338982 -0.175470
v -0.215301 -0.299501 0.178622
v -0.209720 -0.311120 0.198512
v -0.209294 -0.337479 0.178785
v -0.214381 -0.328981 0.159698
v -0.200265 -0.254013 -0.225103
v -0.206010 -0.236096 -0.201505
v -0.215187 -0.297732 -0.177666
v -0.209584 -0.309431 -0.197695
v 0.054377 -0.177003 0.252332
v 0.059143 -0.177372 0.221482
v 0.054750 -0.234148 0.204076
v 0.049006 -0.252083 0.227700
v -0.259597 -0.161233 -0.250016
v -0.242526 -0.135680 -0.244100
v -0.207859 -0.176082 -0.252897
v -0.236089 -0.189207 -0.255773
v 0.133588 -0.127909 0.215882
v 0.117746 -0.140912 0.198230
v 0.084928 -0.146686 0.215198
v 0.091296 -0.133910 0.242972
v -0.005173 -0.056928 0.319646
v 0.071066 -0.056928 0.284854
v -0.015413 0.015134 0.284846
v -0.045927 -0.022968 0.319641
v 0.163780 -0.151620 0.185917
v 0.166812 -0.189463 0.169548
v 0.142958 -0.185582 0.166182
v 0.141629 -0.157142 0.177920
v 0.101773 -0.176486 -0.217739
v 0.084140 -0.149998 -0.212527
v 0.061989 -0.176386 -0.217947
v 0.091316 -0.189746 -0.220030
v 0.113726 -0.241703 -0.195516
v 0.141526 -0.234372 -0.168507
v 0.126985 -0.221046 -0.166062
v 0.124251 -0.221754 -0.169128
v 0.107245 -0.228205 -0.192214
v 0.111695 -0.241285 -0.196985
v 0.106255 -0.227783 -0.193821
v 0.098147 -0.213700 -0.208577
v 0.110530 -0.240342 -0.198398
v 0.052028 -0.362699 0.150265
v 0.052986 -0.355341 0.136191
v 0.036488 -0.380173 0.124942
v 0.052837 -0.361190 0.151286
v 0.062235 -0.332687 0.156614
v 0.053793 -0.353845 0.137237
v 0.062837 -0.330818 0.158994
v 0.053198 -0.360052 0.153526
v 0.057945 -0.338982 0.177332
v -0.217438 0.091225 -0.217483
v -0.226181 0.130134 -0.190226
v -0.206181 0.125785 -0.183245
v -0.194876 0.084741 -0.210387
v -0.215187 -0.297732 0.179528
v -0.206010 -0.236096 0.203367
v -0.200265 -0.254013 0.226964
v -0.209584 -0.309431 0.199557
v -0.207142 -0.177860 -0.252740
v -0.201767 -0.252938 -0.228101
v -0.230087 -0.247282 -0.236972
v -0.235330 -0.190969 -0.255604
v 0.056670 -0.176082 -0.252897
v 0.091337 -0.135680 -0.244100
v 0.108407 -0.161233 -0.250016
v 0.084900 -0.189207 -0.255773
v -0.284777 -0.127909 -0.214021
v -0.268936 -0.140912 -0.196369
v -0.236117 -0.146686 -0.213337
v -0.242485 -0.133910 -0.241110
v -0.074212 0.029436 0.319589
v -0.047164 -0.021360 0.319608
v -0.016706 0.016670 0.284878
v -0.074212 0.124556 0.284862
v -0.314969 -0.151620 -0.184056
v -0.318001 -0.189463 -0.167687
v -0.294146 -0.185582 -0.164320
v -0.292817 -0.157142 -0.176058
v -0.293973 -0.233296 -0.167781
v -0.278978 -0.219554 -0.165242
v -0.293784 -0.187460 -0.163977
v -0.317511 -0.191310 -0.167287
v 0.126985 -0.221046 0.167923
v 0.141526 -0.234372 0.170368
v 0.113726 -0.241703 0.197377
v 0.107245 -0.228205 0.194075
v 0.124251 -0.221754 0.170989
v 0.111695 -0.241285 0.198847
v 0.106255 -0.227783 0.195682
v 0.110530 -0.240342 0.200259
v 0.098147 -0.213700 0.210438
v -0.203217 -0.362699 -0.148403
v -0.204175 -0.355341 -0.134330
v -0.187677 -0.380173 -0.123081
v -0.204026 -0.361190 -0.149424
v -0.213424 -0.332687 -0.154752
v -0.204982 -0.353845 -0.135376
v -0.214026 -0.330817 -0.157132
v -0.204387 -0.360052 -0.151664
v -0.209134 -0.338982 -0.175470
v 0.058105 -0.337479 0.178785
v 0.058531 -0.311120 0.198512
v 0.064112 -0.299501 0.178622
v 0.063192 -0.328981 0.159698
v 0.083116 -0.308263 0.206955
v 0.078904 -0.249194 0.238031
v 0.050612 -0.254848 0.229174
v 0.059943 -0.310415 0.201684
v 0.054750 -0.234148 -0.202214
v 0.059143 -0.177372 -0.219621
v 0.054377 -0.177003 -0.250472
v 0.049006 -0.252083 -0.225839
v -0.234568 -0.147621 0.215851
v -0.240946 -0.134820 0.243688
v -0.206298 -0.175233 0.252509
v -0.211064 -0.175597 0.221614
v -0.236117 -0.146686 0.215198
v -0.268936 -0.140912 0.198230
v -0.284777 -0.127909 0.215882
v -0.242485 -0.133910 0.242972
v 0.140595 -0.185576 0.167782
v 0.134242 -0.191267 0.191509
v 0.134343 -0.175267 0.197406
v 0.139454 -0.158860 0.178700
v 0.142595 -0.187460 -0.163977
v 0.127789 -0.219554 -0.165242
v 0.142784 -0.233296 -0.167781
v 0.166322 -0.191310 -0.167287
v -0.292715 -0.234372 -0.168507
v -0.264915 -0.241703 -0.195516
v -0.278174 -0.221046 -0.166062
v -0.275440 -0.221754 -0.169128
v -0.262884 -0.241285 -0.196985
v -0.258434 -0.228205 -0.192214
v -0.257444 -0.227783 -0.193821
v -0.261719 -0.240342 -0.198398
v -0.249336 -0.213700 -0.208577
v -0.203217 -0.362699 0.150265
v -0.187677 -0.380173 0.124942
v -0.204175 -0.355341 0.136191
v -0.213424 -0.332687 0.156614
v -0.204026 -0.361190 0.151286
v -0.204982 -0.353845 0.137237
v -0.204387 -0.360052 0.153526
v -0.214026 -0.330817 0.158994
v -0.209134 -0.338982 0.177332
v -0.209294 -0.337479 -0.176924
v -0.209720 -0.311120 -0.196650
v -0.215301 -0.299501 -0.176760
v -0.214381 -0.328981 -0.157836
v 0.063998 -0.297732 -0.177666
v 0.054821 -0.236096 -0.201505
v 0.049076 -0.254013 -0.225103
v 0.058395 -0.309431 -0.197695
v -0.205566 -0.177003 -0.250473
v -0.210331 -0.177372 -0.219621
v -0.205939 -0.234148 -0.202214
v -0.200195 -0.252083 -0.225839
v 0.083379 -0.147621 -0.213990
v 0.089757 -0.134820 -0.241826
v 0.055109 -0.175233 -0.250649
v 0.059876 -0.175597 -0.219753
v 0.135140 -0.128753 -0.216254
v 0.139595 -0.152796 -0.227818
v 0.109897 -0.160267 -0.249277
v 0.092868 -0.134766 -0.243373
v -0.074785 0.014760 0.315120
v -0.052600 -0.027783 0.314965
v -0.049164 -0.023446 0.319509
v -0.074785 0.025558 0.319667
v 0.142958 -0.185582 -0.164320
v 0.166812 -0.189463 -0.167687
v 0.163780 -0.151620 -0.184056
v 0.141629 -0.157142 -0.176058
v 0.142784 -0.233296 0.169642
v 0.127789 -0.219554 0.167103
v 0.142595 -0.187459 0.165839
v 0.166322 -0.191310 0.169148
v -0.278174 -0.221046 0.167923
v -0.264915 -0.241703 0.197377
v -0.292715 -0.234372 0.170368
v -0.262884 -0.241285 0.198846
v -0.275440 -0.221754 0.170989
v -0.258434 -0.228205 0.194075
v -0.257444 -0.227783 0.195682
v -0.249336 -0.213700 0.210438
v -0.261719 -0.240342 0.200259
v 0.034694 0.518071 -0.055669
v -0.239306 0.518071 -0.055669
v -0.239306 0.518071 0.057531
v 0.034694 0.518071 0.057531
v -0.102025 -0.093092 0.319509
v -0.076403 -0.142096 0.319667
v -0.076403 -0.131297 0.315120
v -0.098588 -0.088755 0.314965
v -0.157993 0.400086 0.057531
v -0.157993 0.400086 -0.055669
v -0.194346 0.419960 -0.055669
v -0.194346 0.419960 0.057531
v 0.359838 -0.164682 -0.055669
v 0.348079 -0.020962 -0.055669
v 0.348079 -0.020962 0.057531
v 0.359838 -0.164682 0.057531
v 0.065574 0.181642 -0.000030
v 0.024997 0.181642 -0.097992
v 0.019968 0.233971 -0.092964
v 0.058463 0.233971 -0.000030
v -0.076184 -0.417973 -0.132440
v -0.168783 -0.417973 -0.094082
v -0.158311 -0.410940 -0.083611
v -0.076184 -0.410940 -0.117630
v 0.347788 -0.018988 -0.055669
v 0.285831 0.270835 -0.055669
v 0.285831 0.270835 0.057531
v 0.347788 -0.018988 0.057531
v -0.208860 0.233971 0.001820
v -0.215972 0.181642 0.001820
v -0.175395 0.181642 0.099781
v -0.170366 0.233971 0.094754
v -0.013139 0.284793 -0.059791
v 0.011595 0.284793 -0.000076
v 0.020705 0.278058 -0.000076
v -0.006697 0.278058 -0.066233
v -0.142251 0.324599 -0.052638
v -0.142251 0.324599 0.054371
v -0.133441 0.345868 0.054371
v -0.133441 0.345868 -0.052638
v -0.134483 -0.133208 0.284878
v -0.076976 -0.241093 0.284862
v -0.076976 -0.145974 0.319589
v -0.104025 -0.095178 0.319608
v -0.004189 0.247959 0.073303
v -0.074210 0.247959 0.102306
v -0.074210 0.236148 0.132768
v 0.017350 0.236148 0.094843
v -0.146016 -0.059610 -0.319646
v -0.105262 -0.093570 -0.319641
v -0.135776 -0.131672 -0.284845
v -0.222255 -0.059610 -0.284853
v -0.292063 -0.155689 0.178930
v -0.314255 -0.150166 0.186967
v -0.286264 -0.128301 0.214684
v -0.270533 -0.141228 0.197154
v -0.013139 0.284793 0.061581
v -0.006697 0.278058 0.068023
v 0.020705 0.278058 0.001866
v 0.011595 0.284793 0.001866
v -0.208533 -0.417973 -0.000090
v -0.193724 -0.410940 -0.000090
v -0.159704 -0.410940 -0.082218
v -0.170176 -0.417973 -0.092690
v 0.018386 -0.417973 -0.094082
v -0.074214 -0.417973 -0.132440
v -0.074214 -0.410940 -0.117630
v 0.007914 -0.410940 -0.083611
v -0.004189 0.247959 -0.071514
v 0.017350 0.236148 -0.093053
v -0.074210 0.236148 -0.130978
v -0.074210 0.247959 -0.100516
v -0.042305 -0.516653 0.035117
v -0.036475 -0.501422 0.040947
v -0.074259 -0.501421 0.056597
v -0.074259 -0.516653 0.048352
v -0.002790 0.247959 0.071904
v 0.018749 0.236148 0.093444
v 0.056674 0.236148 0.001884
v 0.026212 0.247959 0.001884
v -0.074214 -0.410940 0.119420
v -0.074214 -0.417973 0.134228
v 0.018386 -0.417974 0.095872
v 0.007914 -0.410940 0.085400
v -0.133441 0.301482 -0.052638
v -0.133441 0.301482 0.054371
v -0.142251 0.322751 0.054371
v -0.142251 0.322751 -0.052638
vn -0.6901 0.5965 -0.4097
vn -0.1542 -0.6170 -0.7717
vn 0.7069 0.0231 -0.7069
vn 0.3975 0.8270 -0.3975
vn -0.7060 -0.0547 0.7061
vn -0.4170 -0.8076 0.4170
vn 0.4366 -0.6170 0.6547
vn 0.9997 0.0231 -0.0000
vn -0.5897 -0.8076 -0.0000
vn -0.1983 0.5965 0.7777
vn 0.5622 0.8270 -0.0000
vn -0.9985 -0.0547 -0.0000
vn 0.4872 -0.2961 0.8216
vn 0.9254 -0.2961 -0.2364
vn 0.0036 -1.0000 0.0036
vn 0.0051 -1.0000 -0.0000
vn 0.7667 0.6420 -0.0000
vn 0.5421 0.6420 0.5421
vn -0.1262 0.3142 -0.9409
vn -0.5488 -0.6306 -0.5488
vn 0.0074 0.9999 0.0074
vn -0.7546 0.3142 0.5761
vn -0.7761 -0.6306 -0.0000
vn 0.0105 0.9999 -0.0000
vn -0.6547 -0.6170 0.4366
vn -0.7777 0.5965 -0.1983
vn -0.0000 0.8270 0.5622
vn -0.0000 0.0231 0.9997
vn -0.0000 -0.8076 -0.5897
vn -0.0000 -0.0547 -0.9985
vn 0.4097 0.5965 -0.6901
vn 0.3975 0.8270 0.3975
vn -0.7061 -0.0546 -0.7060
vn 0.7717 -0.6170 -0.1542
vn 0.7069 0.0231 0.7069
vn -0.4170 -0.8076 -0.4170
vn 0.4310 0.5915 -0.6815
vn 0.4310 0.5915 0.6815
vn -0.6255 0.6255 0.4664
vn -0.6255 0.6255 -0.4664
vn 0.6375 -0.6375 -0.4327
vn 0.6375 -0.6375 0.4327
vn -0.1134 -0.7230 0.6815
vn -0.8846 -0.0000 0.4664
vn 0.9015 -0.0000 0.4327
vn -0.1134 -0.7230 -0.6815
vn -0.8846 -0.0000 -0.4664
vn 0.9015 -0.0000 -0.4327
vn 0.2190 0.8929 0.3934
vn -0.7799 0.4574 -0.4272
vn 0.1662 -0.0000 -0.9861
vn 0.7741 -0.0000 -0.6331
vn -0.1349 -0.0000 0.9909
vn -0.7905 -0.0000 0.6125
vn 0.1741 -0.9228 -0.3437
vn 0.1245 0.1411 -0.9821
vn -0.7154 -0.5223 0.4641
vn 0.8942 -0.0306 0.4465
vn 0.7070 0.5383 -0.4586
vn -0.1271 -0.1586 0.9791
vn -1.0000 -0.0000 -0.0000
vn -0.9808 -0.0000 -0.1951
vn -0.2965 0.9078 0.2965
vn -0.6786 0.7345 -0.0000
vn -0.6786 -0.7345 -0.0000
vn -0.2965 -0.9078 0.2965
vn 0.1951 -0.0000 -0.9808
vn 0.2965 0.9078 -0.2965
vn 0.2965 -0.9078 -0.2965
vn 1.0000 -0.0000 -0.0000
vn 0.6786 0.7345 -0.0000
vn 0.6786 -0.7345 -0.0000
vn 0.1951 -0.0000 0.9808
vn 0.2965 0.9078 0.2965
vn 0.2965 -0.9078 0.2965
vn -0.9808 -0.0000 0.1951
vn -0.2965 0.9078 -0.2965
vn -0.2965 -0.9078 -0.2965
vn -0.7188 0.5763 0.3889
vn -0.2332 0.5762 -0.7833
vn 0.5125 0.8587 -0.0000
vn 0.3623 0.8587 0.3623
vn -0.7023 -0.1169 -0.7022
vn -0.9932 -0.1168 -0.0000
vn 0.4743 -0.5981 -0.6460
vn 0.9962 0.0867 -0.0000
vn -0.5401 -0.8416 -0.0000
vn -0.1214 -0.5981 0.7922
vn 0.7044 0.0868 0.7044
vn -0.3818 -0.8417 -0.3818
vn -0.0327 -0.5348 0.8443
vn 0.9614 0.2453 -0.1248
vn 0.5207 -0.6528 -0.5502
vn 0.1289 -0.9790 -0.1577
vn 0.4228 0.5744 0.7009
vn 0.2817 0.4680 0.8376
vn -0.1983 0.6851 -0.7010
vn -0.2876 -0.4431 -0.8491
vn -0.4956 0.6628 0.5613
vn -0.9940 0.1080 0.0167
vn -0.3832 -0.5487 -0.7430
vn -0.0727 0.9871 0.1426
vn -0.5914 0.4311 -0.6815
vn -0.5914 0.4310 0.6815
vn -0.6255 -0.6255 0.4664
vn -0.6255 -0.6255 -0.4664
vn 0.6375 0.6375 -0.4327
vn 0.6375 0.6375 0.4327
vn 0.7230 -0.1135 0.6815
vn -0.0000 -0.8846 0.4664
vn -0.0000 0.9015 0.4327
vn 0.7230 -0.1135 -0.6815
vn -0.0000 -0.8846 -0.4664
vn -0.0000 0.9016 -0.4327
vn 0.3790 -0.4552 0.8057
vn 0.8377 -0.4552 -0.3017
vn -0.1855 -0.9650 -0.1855
vn -0.2624 -0.9650 -0.0000
vn 0.9178 0.3970 -0.0000
vn 0.6490 0.3971 0.6490
vn -0.0190 0.4790 -0.8776
vn -0.6553 -0.3757 -0.6553
vn 0.2025 0.9581 0.2025
vn -0.6339 0.4790 0.6072
vn -0.9268 -0.3757 -0.0000
vn 0.2864 0.9581 -0.0000
vn 0.9044 -0.1331 -0.4054
vn 0.0161 -0.9382 -0.3458
vn 0.7070 -0.5383 0.4586
vn -0.0000 -0.6834 0.7301
vn -0.0000 0.1209 -0.9927
vn -0.1271 0.1586 -0.9791
vn -0.8765 -0.2123 0.4321
vn 0.1245 -0.1411 0.9821
vn -0.7154 0.5223 -0.4641
vn 0.4138 0.7978 0.4385
vn -0.0000 -0.1475 0.9891
vn -0.0000 0.7007 -0.7134
vn -0.6460 -0.5981 -0.4742
vn 0.7921 -0.5981 0.1214
vn 0.7044 0.0867 -0.7044
vn -0.0000 0.0867 -0.9962
vn -0.0000 -0.8416 0.5401
vn -0.3819 -0.8416 0.3819
vn 0.3889 0.5763 0.7188
vn 0.3624 0.8587 -0.3624
vn -0.7023 -0.1168 0.7023
vn -0.7833 0.5763 0.2332
vn -0.0000 0.8587 -0.5125
vn -0.0000 -0.1168 0.9932
vn -0.7550 0.5464 0.3625
vn -0.2775 0.5464 -0.7902
vn 0.4445 0.8958 -0.0000
vn 0.3143 0.8958 0.3143
vn -0.6931 -0.1982 -0.6931
vn -0.9802 -0.1982 -0.0000
vn 0.5224 -0.5696 -0.6346
vn 0.9854 0.1702 -0.0000
vn -0.4717 -0.8818 -0.0000
vn -0.0794 -0.5696 0.8181
vn 0.6968 0.1702 0.6968
vn -0.3335 -0.8818 -0.3336
vn 0.5623 -0.8229 0.0821
vn -0.4179 -0.0504 -0.9071
vn -0.8927 -0.4504 -0.0148
vn -0.5034 -0.7754 0.3813
vn 0.6130 0.0110 -0.7900
vn 0.7528 -0.0946 -0.6514
vn -0.2974 0.9547 0.0124
vn -0.7522 0.1224 0.6475
vn 0.8952 0.4454 -0.0138
vn 0.4529 0.4023 0.7957
vn -0.6567 0.0170 0.7539
vn 0.4703 0.7708 -0.4297
vn -0.7071 0.7071 -0.0000
vn -0.4798 0.4798 0.7345
vn -0.6786 -0.0000 0.7345
vn -0.6786 -0.0000 -0.7345
vn -0.4798 0.4798 -0.7345
vn -0.0000 1.0000 -0.0000
vn -0.0000 0.6786 0.7345
vn -0.0000 0.6786 -0.7345
vn 0.7071 0.7071 -0.0000
vn 0.4798 0.4799 0.7345
vn 0.4798 0.4799 -0.7345
vn 0.6786 -0.0000 0.7345
vn 0.6786 -0.0000 -0.7345
vn 0.7071 -0.7071 -0.0000
vn 0.4798 -0.4799 0.7345
vn 0.4798 -0.4799 -0.7345
vn -0.0000 -1.0000 -0.0000
vn -0.0000 -0.6786 0.7345
vn -0.0000 -0.6786 -0.7345
vn -0.7071 -0.7071 -0.0000
vn -0.4799 -0.4798 0.7345
vn -0.4799 -0.4798 -0.7345
vn 0.7775 0.2656 0.5700
vn 0.1467 0.2656 -0.9528
vn 0.5132 -0.6880 -0.5132
vn 0.7257 -0.6880 -0.0000
vn 0.0622 0.9981 -0.0000
vn 0.0440 0.9981 -0.0440
vn -0.9420 -0.2499 -0.2241
vn -0.0532 -0.9972 0.0532
vn -0.5071 0.6969 0.5071
vn -0.5076 -0.2499 0.8245
vn -0.0752 -0.9972 -0.0000
vn -0.7171 0.6969 -0.0000
vn -0.3625 0.5464 0.7550
vn -0.8181 -0.5696 0.0794
vn -0.6968 0.1702 -0.6968
vn -0.3143 0.8958 -0.3143
vn 0.6931 -0.1982 0.6931
vn 0.3336 -0.8818 0.3335
vn 0.6346 -0.5696 -0.5223
vn -0.0000 0.1702 -0.9854
vn -0.0000 -0.8817 0.4717
vn 0.7902 0.5464 0.2775
vn -0.0000 0.8958 -0.4445
vn -0.0000 -0.1982 0.9802
vn -0.0000 -0.0000 1.0000
vn -0.7071 -0.0000 0.7071
vn -0.4798 0.7345 0.4798
vn -0.0000 0.7345 0.6786
vn -0.0000 -0.7345 0.6786
vn -0.4798 -0.7345 0.4798
vn -0.7071 -0.0000 -0.7071
vn -0.4798 0.7345 -0.4798
vn -0.4798 -0.7345 -0.4798
vn -0.0000 -0.0000 -1.0000
vn -0.0000 0.7345 -0.6786
vn -0.0000 -0.7345 -0.6786
vn 0.9808 -0.0000 -0.1951
vn 0.7071 -0.0000 0.7071
vn 0.4798 0.7345 0.4798
vn 0.4798 -0.7345 0.4798
vn 0.7071 -0.0000 -0.7071
vn 0.4798 0.7345 -0.4798
vn 0.4798 -0.7345 -0.4798
vn 0.9808 -0.0000 0.1951
vn 0.5407 -0.6727 0.5052
vn 0.6421 0.6792 0.3555
vn 0.6646 0.3416 -0.6646
vn 0.5754 -0.5812 -0.5754
vn -0.6730 -0.3066 0.6730
vn -0.5905 0.5501 0.5905
vn -0.7054 0.6792 -0.2027
vn -0.0000 0.3416 -0.9399
vn -0.0000 0.5501 0.8351
vn -0.7395 -0.6727 -0.0251
vn -0.0000 -0.5812 -0.8137
vn -0.0000 -0.3066 0.9518
vn -0.5700 0.2656 -0.7775
vn -0.8245 -0.2499 0.5076
vn -0.0000 -0.9972 0.0752
vn -0.0000 -0.6880 -0.7257
vn -0.0000 0.9981 -0.0622
vn -0.0000 0.6969 0.7171
vn 0.2241 -0.2499 0.9420
vn 0.9528 0.2656 -0.1467
vn 0.7003 0.6766 -0.2275
vn -0.6560 0.6766 0.3344
vn -0.6733 0.3055 -0.6733
vn -0.0000 0.3055 -0.9522
vn -0.0000 0.5809 0.8140
vn 0.5756 0.5809 0.5756
vn -0.5267 -0.6683 0.5254
vn -0.5597 -0.6111 -0.5597
vn 0.6808 -0.2704 0.6808
vn 0.7439 -0.6683 -0.0009
vn -0.0000 -0.6111 -0.7916
vn -0.0000 -0.2704 0.9627
vn -0.5623 -0.8228 -0.0821
vn 0.4179 -0.0504 0.9071
vn 0.8927 -0.4504 0.0148
vn 0.5034 -0.7753 -0.3813
vn -0.6130 0.0110 0.7900
vn -0.7528 -0.0946 0.6514
vn 0.2974 0.9547 -0.0124
vn 0.7522 0.1224 -0.6475
vn -0.8952 0.4454 0.0138
vn -0.4529 0.4023 -0.7957
vn 0.6567 0.0170 -0.7539
vn -0.4703 0.7708 0.4297
vn 0.1570 0.3258 0.9323
vn 0.3085 -0.7715 0.5565
vn -0.7406 -0.3556 0.5702
vn -0.7630 -0.1356 0.6320
vn 0.9661 -0.0414 0.2550
vn 0.8941 0.3386 0.2930
vn 0.0600 -0.5806 -0.8120
vn -0.8872 -0.3384 -0.3136
vn 0.7508 0.3694 -0.5476
vn -0.1382 0.9489 -0.2837
vn -0.9671 0.0914 -0.2375
vn 0.7681 0.1562 -0.6211
vn -0.4872 -0.2961 0.8216
vn 0.7546 0.3142 0.5761
vn 0.7761 -0.6306 -0.0000
vn -0.0051 -1.0000 -0.0000
vn -0.7667 0.6420 -0.0000
vn -0.0105 0.9999 -0.0000
vn 0.1262 0.3142 -0.9409
vn 0.5488 -0.6306 -0.5488
vn -0.0074 0.9999 0.0074
vn -0.9254 -0.2961 -0.2365
vn -0.0036 -1.0000 0.0036
vn -0.5421 0.6420 0.5421
vn -0.7054 0.6792 0.2027
vn 0.6421 0.6792 -0.3555
vn 0.6646 0.3416 0.6646
vn -0.0000 0.3415 0.9399
vn -0.0000 0.5502 -0.8351
vn -0.5905 0.5501 -0.5905
vn 0.5407 -0.6727 -0.5052
vn 0.5754 -0.5812 0.5754
vn -0.6731 -0.3066 -0.6730
vn -0.7395 -0.6727 0.0251
vn -0.0000 -0.5812 0.8137
vn -0.0000 -0.3066 -0.9518
vn -0.1741 -0.9228 -0.3437
vn 0.7799 0.4574 -0.4272
vn -0.1661 -0.0000 -0.9861
vn -0.1244 0.1411 -0.9821
vn 0.7153 -0.5223 0.4642
vn 0.7905 -0.0000 0.6125
vn -0.2190 0.8929 0.3933
vn -0.7741 -0.0000 -0.6331
vn 0.1349 -0.0000 0.9909
vn -0.8943 -0.0306 0.4465
vn -0.7070 0.5383 -0.4587
vn 0.1271 -0.1586 0.9791
vn -0.4356 -0.5570 0.7071
vn -0.4356 -0.5570 -0.7071
vn -0.8947 0.1814 -0.4083
vn -0.8947 0.1814 0.4083
vn 0.3917 -0.8246 0.4083
vn 0.3917 -0.8246 -0.4083
vn 0.4356 0.5570 -0.7071
vn -0.3917 0.8246 -0.4083
vn 0.8947 -0.1814 -0.4083
vn 0.4356 0.5570 0.7071
vn -0.3917 0.8246 0.4083
vn 0.8947 -0.1814 0.4083
vn 0.6777 0.4306 0.5960
vn 0.0578 0.4306 -0.9007
vn 0.6269 -0.4625 -0.6269
vn 0.8866 -0.4625 -0.0000
vn -0.1994 0.9799 -0.0000
vn -0.1410 0.9799 0.1410
vn -0.8697 -0.4079 -0.2779
vn 0.1256 -0.9841 -0.1256
vn -0.6201 0.4806 0.6201
vn -0.4184 -0.4079 0.8115
vn 0.1777 -0.9841 -0.0000
vn -0.8769 0.4806 -0.0000
vn -0.5700 0.2656 0.7775
vn 0.9529 0.2656 0.1467
vn 0.5132 -0.6880 0.5132
vn -0.0000 -0.6880 0.7257
vn -0.0000 0.9981 0.0622
vn 0.0440 0.9981 0.0440
vn 0.2241 -0.2500 -0.9420
vn -0.0532 -0.9972 -0.0532
vn -0.5071 0.6969 -0.5071
vn -0.8245 -0.2499 -0.5076
vn -0.0000 -0.9972 -0.0752
vn -0.0000 0.6969 -0.7171
vn -0.8074 -0.0983 0.5817
vn -0.2395 0.9564 -0.1669
vn 0.4475 0.5417 0.7116
vn -0.1689 0.1392 0.9758
vn -0.9459 -0.2750 -0.1720
vn -0.5860 -0.0073 -0.8103
vn 0.8667 -0.1978 -0.4580
vn 0.7179 0.5239 0.4583
vn -0.1073 -0.1257 -0.9862
vn 0.0037 -0.9183 0.3958
vn 0.1054 0.1378 0.9848
vn -0.7119 -0.5387 -0.4505
vn -0.3017 -0.4552 0.8377
vn 0.8057 -0.4552 0.3791
vn -0.0000 -0.9650 -0.2623
vn -0.0000 0.3971 0.9178
vn 0.6072 0.4790 -0.6340
vn -0.0000 -0.3757 -0.9267
vn -0.0000 0.9581 0.2864
vn -0.8776 0.4790 -0.0190
vn -0.9044 -0.1331 -0.4054
vn -0.4138 0.7978 0.4385
vn 0.8765 -0.2123 0.4320
vn -0.1244 -0.1411 0.9821
vn 0.7153 0.5223 -0.4642
vn -0.0161 -0.9382 -0.3458
vn -0.7070 -0.5383 0.4587
vn 0.1271 0.1586 -0.9791
vn 0.0012 -0.7211 0.6928
vn 0.0012 -0.7211 -0.6928
vn -0.8264 -0.4051 -0.3910
vn -0.8264 -0.4051 0.3910
vn 0.8254 -0.4091 0.3890
vn 0.8254 -0.4091 -0.3890
vn -0.2308 0.7016 -0.6741
vn -0.7691 -0.4542 -0.4496
vn 0.7468 0.4407 -0.4980
vn -0.2308 0.7016 0.6741
vn -0.7691 -0.4542 0.4496
vn 0.7468 0.4407 0.4980
vn 0.8776 0.4790 0.0189
vn 0.3017 -0.4552 -0.8377
vn 0.1855 -0.9650 0.1855
vn 0.6553 -0.3757 0.6553
vn -0.2025 0.9581 -0.2025
vn -0.6490 0.3971 -0.6490
vn -0.8057 -0.4552 -0.3790
vn -0.0000 -0.9650 0.2624
vn -0.0000 0.3970 -0.9178
vn -0.6071 0.4790 0.6340
vn -0.0000 -0.3757 0.9268
vn -0.0000 0.9581 -0.2864
vn 0.2012 0.6793 0.7057
vn -0.3567 0.6793 -0.6413
vn 0.6640 0.3437 -0.6640
vn 0.9391 0.3437 -0.0000
vn -0.8363 0.5483 -0.0000
vn -0.5913 0.5483 0.5913
vn -0.5040 -0.6729 -0.5415
vn 0.5763 -0.5795 -0.5763
vn -0.6726 -0.3087 0.6726
vn 0.0265 -0.6729 0.7393
vn 0.8150 -0.5795 -0.0000
vn -0.9512 -0.3087 -0.0000
vn 0.6547 -0.6170 0.4366
vn -0.7717 -0.6170 -0.1542
vn -0.7069 0.0231 0.7069
vn 0.4170 -0.8076 -0.4170
vn -0.4097 0.5965 -0.6901
vn -0.3975 0.8270 0.3975
vn 0.7060 -0.0547 -0.7061
vn 0.7777 0.5965 -0.1983
vn -0.1741 -0.9228 0.3437
vn -0.8943 -0.0306 -0.4465
vn -0.7070 0.5383 0.4587
vn -0.1244 0.1411 0.9821
vn 0.7153 -0.5223 -0.4642
vn 0.1271 -0.1586 -0.9791
vn -0.2190 0.8929 -0.3933
vn -0.7741 -0.0000 0.6331
vn 0.1349 -0.0000 -0.9909
vn 0.7799 0.4574 0.4272
vn -0.1661 -0.0000 0.9861
vn 0.7905 -0.0000 -0.6125
vn -0.5040 -0.6729 0.5415
vn -0.3567 0.6793 0.6413
vn 0.6640 0.3436 0.6640
vn 0.5763 -0.5795 0.5763
vn -0.6726 -0.3087 -0.6726
vn -0.5913 0.5483 -0.5913
vn 0.2012 0.6793 -0.7057
vn 0.0265 -0.6729 -0.7393
vn -0.4367 -0.6170 0.6547
vn 0.1542 -0.6170 -0.7717
vn -0.7069 0.0231 -0.7069
vn -0.9997 0.0231 -0.0000
vn 0.5897 -0.8076 -0.0000
vn 0.4170 -0.8076 0.4170
vn 0.6902 0.5965 -0.4097
vn -0.3975 0.8270 -0.3975
vn 0.7060 -0.0547 0.7061
vn 0.1983 0.5965 0.7777
vn -0.5622 0.8270 -0.0000
vn 0.9985 -0.0547 -0.0000
vn -0.5267 -0.6683 -0.5254
vn -0.6561 0.6766 -0.3344
vn -0.6733 0.3055 0.6733
vn -0.5597 -0.6111 0.5597
vn 0.6808 -0.2704 -0.6808
vn 0.5755 0.5809 -0.5756
vn 0.7003 0.6766 0.2275
vn -0.0000 0.3055 0.9522
vn -0.0000 0.5809 -0.8139
vn 0.7439 -0.6683 0.0009
vn -0.0000 -0.6111 0.7916
vn -0.0000 -0.2704 -0.9627
vn 0.2190 0.8929 -0.3934
vn 0.8942 -0.0306 -0.4465
vn 0.7070 0.5383 0.4586
vn 0.7741 -0.0000 0.6331
vn -0.1349 -0.0000 -0.9909
vn -0.1271 -0.1586 -0.9791
vn 0.1741 -0.9228 0.3437
vn 0.1245 0.1411 0.9821
vn -0.7154 -0.5223 -0.4641
vn -0.7799 0.4574 0.4272
vn 0.1662 -0.0000 0.9861
vn -0.7905 -0.0000 -0.6125
vn -0.6662 0.2369 0.7071
vn -0.6662 0.2369 -0.7071
vn -0.1111 0.9061 -0.4082
vn -0.1111 0.9061 0.4082
vn -0.6582 -0.6325 0.4083
vn -0.6582 -0.6325 -0.4083
vn 0.6662 -0.2369 -0.7071
vn 0.6582 0.6325 -0.4082
vn 0.1111 -0.9061 -0.4083
vn 0.6662 -0.2369 0.7071
vn 0.6582 0.6325 0.4082
vn 0.1111 -0.9061 0.4083
vn -0.8765 -0.2123 -0.4321
vn 0.0161 -0.9382 0.3458
vn 0.7070 -0.5383 -0.4586
vn 0.1245 -0.1411 -0.9821
vn -0.7154 0.5223 0.4642
vn -0.1271 0.1586 0.9791
vn 0.9044 -0.1330 0.4054
vn -0.0000 -0.6834 -0.7301
vn -0.0000 0.1209 0.9927
vn 0.4138 0.7978 -0.4385
vn -0.0000 -0.1475 -0.9891
vn -0.0000 0.7007 0.7134
vn 0.4121 -0.5770 -0.7052
vn 0.4121 -0.5770 0.7052
vn 0.9026 0.1435 0.4057
vn 0.9026 0.1435 -0.4057
vn -0.4284 -0.8074 -0.4057
vn -0.4284 -0.8074 0.4057
vn -0.4823 0.5235 0.7024
vn 0.6027 0.6531 0.4586
vn -0.6087 -0.6596 0.4410
vn -0.4822 0.5235 -0.7024
vn 0.6027 0.6531 -0.4586
vn -0.6087 -0.6596 -0.4410
vn -0.5052 -0.6727 0.5407
vn -0.3554 0.6792 0.6421
vn 0.2027 0.6792 -0.7054
vn 0.9399 0.3416 -0.0000
vn -0.8351 0.5502 -0.0000
vn 0.0251 -0.6727 -0.7395
vn 0.8137 -0.5812 -0.0000
vn -0.9518 -0.3066 -0.0000
vn 0.8074 0.0983 0.5817
vn 0.2396 -0.9564 -0.1669
vn -0.4475 -0.5417 0.7116
vn 0.1689 -0.1392 0.9758
vn 0.9459 0.2750 -0.1720
vn 0.5860 0.0073 -0.8103
vn -0.8667 0.1978 -0.4580
vn -0.7179 -0.5239 0.4583
vn 0.1073 0.1257 -0.9862
vn -0.0037 0.9183 0.3958
vn -0.1054 -0.1378 0.9848
vn 0.7120 0.5387 -0.4505
vn -0.4775 0.5257 -0.7039
vn -0.4775 0.5257 0.7039
vn -0.8800 -0.2493 0.4044
vn -0.8800 -0.2493 -0.4044
vn 0.3308 0.8529 -0.4038
vn 0.3308 0.8529 0.4038
vn 0.3932 -0.5963 0.6998
vn -0.7949 -0.4162 0.4415
vn 0.7848 0.4110 0.4638
vn 0.3932 -0.5963 -0.6998
vn -0.7949 -0.4162 -0.4415
vn 0.7848 0.4110 -0.4638
vn 0.5415 -0.6729 -0.5040
vn -0.7393 -0.6729 0.0265
vn -0.0000 -0.5794 0.8150
vn -0.0000 -0.3087 -0.9512
vn -0.7057 0.6794 0.2013
vn -0.0000 0.3437 0.9391
vn -0.0000 0.5483 -0.8363
vn 0.6413 0.6794 -0.3567
vn -0.1741 0.9228 0.3437
vn 0.7799 -0.4574 0.4272
vn -0.2190 -0.8929 -0.3933
vn -0.8943 0.0306 -0.4465
vn -0.5998 0.3912 0.6980
vn -0.5998 0.3912 -0.6980
vn 0.1097 0.9114 -0.3967
vn 0.1097 0.9114 0.3967
vn -0.7913 -0.4658 0.3961
vn -0.7913 -0.4658 -0.3961
vn 0.4857 -0.5427 -0.6853
vn 0.7454 0.4593 -0.4832
vn -0.7625 -0.4698 -0.4448
vn 0.4857 -0.5427 0.6853
vn 0.7454 0.4593 0.4832
vn -0.7625 -0.4698 0.4448
vn 0.6460 -0.5981 -0.4743
vn 0.7833 0.5763 0.2332
vn -0.3889 0.5763 0.7188
vn -0.3624 0.8587 -0.3624
vn 0.7023 -0.1169 0.7023
vn -0.7921 -0.5981 0.1214
vn -0.7044 0.0867 -0.7044
vn 0.3819 -0.8416 0.3819
vn 0.3889 0.5762 -0.7188
vn 0.7922 -0.5981 -0.1214
vn -0.6460 -0.5981 0.4743
vn -0.0000 0.0867 0.9962
vn -0.0000 -0.8416 -0.5400
vn -0.7833 0.5762 -0.2333
vn -0.0000 0.8587 0.5124
vn -0.0000 -0.1169 -0.9931
vn 0.3625 0.5464 0.7550
vn -0.7902 0.5464 0.2775
vn 0.3143 0.8958 -0.3143
vn -0.6931 -0.1982 0.6931
vn -0.6346 -0.5696 -0.5223
vn 0.8181 -0.5696 0.0794
vn 0.6968 0.1702 -0.6968
vn -0.3336 -0.8817 0.3336
vn 0.1820 -0.8249 0.5351
vn -0.9096 -0.3497 -0.2245
vn -0.6752 0.2898 0.6783
vn -0.1502 -0.2305 0.9614
vn 0.3967 -0.8869 -0.2366
vn 0.0182 -0.5422 -0.8400
vn 0.1639 0.9164 -0.3652
vn -0.7179 0.5239 0.4583
vn 0.1073 -0.1257 -0.9862
vn 0.8914 0.0255 0.4525
vn -0.1054 0.1378 0.9848
vn 0.7120 -0.5387 -0.4505
vn -0.2779 -0.4079 0.8697
vn 0.8115 -0.4079 0.4185
vn -0.0000 -0.9841 -0.1776
vn -0.1256 -0.9841 -0.1256
vn 0.6201 0.4806 0.6201
vn -0.0000 0.4806 0.8769
vn 0.5960 0.4306 -0.6777
vn -0.0000 -0.4625 -0.8866
vn -0.0000 0.9799 0.1994
vn -0.9007 0.4306 -0.0578
vn -0.6269 -0.4625 -0.6269
vn 0.1410 0.9799 0.1410
vn -0.5224 -0.5696 -0.6346
vn 0.2776 0.5464 -0.7902
vn -0.4445 0.8958 -0.0000
vn -0.9854 0.1702 -0.0000
vn 0.4717 -0.8818 -0.0000
vn 0.9802 -0.1982 -0.0000
vn 0.7550 0.5464 0.3625
vn -0.3143 0.8958 0.3143
vn 0.6931 -0.1982 -0.6931
vn 0.0793 -0.5696 0.8181
vn -0.6968 0.1702 0.6968
vn 0.3335 -0.8818 -0.3335
vn -0.2012 0.6793 0.7057
vn -0.0265 -0.6729 0.7393
vn -0.8150 -0.5794 -0.0000
vn -0.9391 0.3437 -0.0000
vn 0.8363 0.5483 -0.0000
vn 0.9511 -0.3087 -0.0000
vn 0.5040 -0.6729 -0.5415
vn -0.5763 -0.5794 -0.5763
vn 0.6726 -0.3087 0.6726
vn 0.3567 0.6793 -0.6413
vn -0.6640 0.3437 -0.6640
vn 0.5913 0.5483 0.5913
vn 0.8074 -0.0983 0.5817
vn -0.0037 -0.9183 0.3958
vn 0.1689 0.1392 0.9758
vn 0.9459 -0.2750 -0.1720
vn -0.8667 -0.1978 -0.4580
vn 0.2395 0.9564 -0.1669
vn -0.4475 0.5417 0.7116
vn 0.5860 -0.0073 -0.8103
vn 0.5088 -0.4975 -0.7025
vn 0.5088 -0.4975 0.7025
vn 0.5841 0.6821 0.4399
vn 0.5841 0.6821 -0.4399
vn -0.5795 -0.6766 -0.4543
vn -0.5795 -0.6766 0.4543
vn -0.3956 0.5917 0.7024
vn 0.7785 0.4468 0.4408
vn -0.7720 -0.4430 0.4558
vn -0.3956 0.5917 -0.7024
vn 0.7785 0.4468 -0.4408
vn -0.7720 -0.4430 -0.4558
vn 0.5254 -0.6683 -0.5267
vn 0.3344 0.6766 -0.6560
vn -0.2275 0.6766 0.7003
vn -0.9522 0.3055 -0.0000
vn 0.8140 0.5809 -0.0000
vn -0.0009 -0.6683 0.7439
vn -0.7916 -0.6111 -0.0000
vn 0.9627 -0.2704 -0.0000
vn -0.4743 -0.5981 -0.6460
vn 0.2333 0.5762 -0.7833
vn -0.5124 0.8587 -0.0000
vn -0.9962 0.0867 -0.0000
vn 0.5400 -0.8416 -0.0000
vn 0.9931 -0.1169 -0.0000
vn 0.7188 0.5763 0.3889
vn -0.3623 0.8587 0.3623
vn 0.7023 -0.1169 -0.7022
vn 0.1214 -0.5981 0.7922
vn -0.7044 0.0868 0.7044
vn 0.3818 -0.8417 -0.3818
vn -0.7546 0.3142 -0.5761
vn -0.1262 0.3142 0.9409
vn -0.5488 -0.6306 0.5488
vn 0.0074 0.9999 -0.0074
vn 0.9254 -0.2960 0.2364
vn 0.0036 -1.0000 -0.0036
vn 0.5421 0.6420 -0.5422
vn 0.4872 -0.2961 -0.8216
vn -0.2660 0.6632 -0.6995
vn -0.2660 0.6632 0.6995
vn 0.1292 -0.6989 0.7035
vn -0.8863 -0.1378 0.4422
vn 0.8833 0.1372 0.4483
vn 0.1292 -0.6989 -0.7035
vn -0.8863 -0.1378 -0.4422
vn 0.8833 0.1372 -0.4483
vn 0.5703 -0.7173 -0.4003
vn 0.4119 0.0036 0.9112
vn 0.6438 0.7601 0.0878
vn 0.7125 0.2503 -0.6555
vn -0.5858 -0.7967 -0.1488
vn -0.8362 -0.3199 0.4455
vn -0.7949 0.4286 -0.4296
vn 0.3418 0.8262 -0.4478
vn -0.6915 -0.6673 0.2766
vn -0.2735 0.0621 -0.9599
vn 0.4472 -0.7335 0.5118
vn 0.9445 0.1407 -0.2967
vn -0.8056 -0.4751 -0.3540
vn -0.4117 0.8181 0.4015
vn 0.3272 -0.8570 -0.3981
vn -0.0228 -0.1351 0.9906
vn 0.6777 0.6194 0.3963
vn -0.9675 0.0610 0.2456
vn -0.3743 0.7435 -0.5543
vn -0.1746 -0.9601 0.2186
vn 0.1427 -0.2208 -0.9648
vn -0.7709 0.3359 -0.5412
vn -0.9701 -0.0886 0.2262
vn 0.7770 -0.2848 0.5614
vn 0.9725 0.1257 -0.1963
vn 0.2936 0.9339 -0.2041
vn -0.6777 0.6194 -0.3962
vn 0.9675 0.0610 -0.2456
vn -0.0347 0.2914 0.9560
vn -0.9445 0.1407 0.2967
vn 0.8056 -0.4751 0.3540
vn -0.1654 0.3189 0.9333
vn -0.1330 -0.9589 0.2504
vn -0.9603 0.0144 0.2786
vn 0.7699 -0.1815 0.6118
vn 0.1836 -0.2288 -0.9560
vn -0.7740 0.2090 -0.5977
vn 0.9656 0.0471 -0.2558
vn 0.1354 0.9584 -0.2513
vn -0.0686 -0.5741 0.8159
vn -0.3293 -0.7562 -0.5655
vn -0.8939 0.3515 -0.2781
vn -0.7370 0.3716 0.5646
vn 0.8910 -0.3457 0.2943
vn 0.7273 -0.3587 -0.5852
vn -0.1331 0.3429 -0.9299
vn -0.9603 0.0144 -0.2786
vn 0.7699 -0.1815 -0.6118
vn 0.1920 0.9396 0.2832
vn -0.7740 0.2090 0.5977
vn 0.9656 0.0471 0.2558
vn 0.4275 0.5370 0.7272
vn -0.5609 -0.6919 0.4547
vn -0.6368 0.5035 0.5840
vn 0.4824 -0.8552 0.1894
vn -0.4669 -0.2341 -0.8528
vn -0.5523 0.8078 -0.2059
vn 0.6045 -0.5030 -0.6178
vn 0.2750 0.6973 -0.6620
vn -0.2482 0.8795 -0.4060
vn 0.8051 0.5693 0.1667
vn -0.3574 0.7647 0.5361
vn 0.1394 0.5833 0.8002
vn 0.4451 0.0678 -0.8929
vn 0.5906 0.0347 -0.8062
vn 0.4571 -0.6514 0.6056
vn -0.5343 -0.0099 0.8452
vn 0.4494 -0.7684 -0.4556
vn -0.9264 -0.3654 -0.0907
vn -0.4032 -0.0622 0.9130
vn -0.0816 -0.6372 -0.7664
vn 0.0280 -0.4865 0.8733
vn -0.9655 0.1818 -0.1863
vn -0.3337 0.4733 0.8152
vn -0.5087 0.5574 0.6561
vn -0.0413 -0.9904 -0.1319
vn -0.4792 -0.6701 -0.5669
vn 0.1581 0.6773 -0.7185
vn 0.4388 0.6956 0.5689
vn 0.3386 -0.4439 -0.8296
vn 0.9771 0.2086 0.0411
vn -0.0661 0.9951 0.0735
vn 0.4605 -0.5370 -0.7068
vn -0.3417 -0.2749 -0.8987
vn -0.2559 0.8694 -0.4227
vn -0.9583 -0.1598 -0.2369
vn -0.8892 0.4506 0.0794
vn 0.7151 0.1292 -0.6870
vn 0.7443 0.2839 -0.6046
vn 0.1164 0.4616 0.8794
vn -0.7644 -0.2458 0.5961
vn 0.9533 0.1661 0.2523
vn -0.0077 -0.9716 0.2366
vn -0.7143 -0.0966 0.6932
vn 0.8956 -0.4436 -0.0326
vn -0.8806 -0.4437 0.1662
vn -0.1161 0.9675 0.2246
vn -0.4305 -0.0203 0.9023
vn -0.2814 0.3228 0.9037
vn -0.5374 -0.0615 -0.8411
vn -0.0960 0.5913 -0.8007
vn 0.9722 0.2169 0.0884
vn 0.1449 -0.3979 0.9059
vn 0.6271 0.0962 -0.7730
vn 0.4819 -0.8730 0.0753
vn 0.5281 0.0734 0.8460
vn 0.3107 -0.2883 -0.9057
vn -0.1765 -0.9345 -0.3092
vn -0.5374 0.5225 0.6619
vn 0.4530 -0.2420 0.8580
vn -0.1449 -0.3979 0.9059
vn -0.6271 0.0962 -0.7730
vn -0.5188 0.6710 -0.5298
vn 0.9640 0.1931 -0.1826
vn 0.4305 -0.0203 0.9023
vn 0.0960 0.5913 -0.8007
vn -0.0191 0.7907 0.6119
vn 0.5426 -0.5275 -0.6538
vn -0.7056 -0.5535 0.4424
vn 0.3983 -0.6971 0.5962
vn -0.4948 0.0666 -0.8664
vn 0.4449 0.8793 0.1701
vn 0.6538 -0.5407 -0.5293
vn -0.8106 -0.5636 0.1590
vn 0.2037 -0.5464 0.8124
vn -0.5938 0.2621 -0.7607
vn 0.4889 -0.7468 0.4508
vn -0.7949 0.4286 0.4296
vn 0.3418 0.8262 0.4478
vn 0.7125 0.2503 0.6556
vn -0.5858 -0.7967 0.1488
vn -0.6915 -0.6673 -0.2766
vn 0.4119 0.0036 -0.9112
vn 0.6438 0.7601 -0.0878
vn -0.8362 -0.3198 -0.4455
vn 0.4256 -0.7332 -0.5303
vn -0.3231 0.0499 0.9451
vn 0.9445 0.1407 0.2967
vn -0.8056 -0.4751 0.3540
vn -0.4117 0.8181 -0.4015
vn -0.3917 0.7159 0.5780
vn -0.0228 -0.1351 -0.9906
vn 0.6777 0.6194 -0.3962
vn -0.9675 0.0610 -0.2456
vn 0.3503 -0.8582 0.3751
vn 0.1745 -0.9601 -0.2186
vn -0.1427 -0.2209 0.9648
vn 0.7709 0.3359 0.5412
vn 0.9700 -0.0886 -0.2262
vn -0.7770 -0.2847 -0.5614
vn -0.9725 0.1257 0.1963
vn -0.2936 0.9339 0.2041
vn 0.0347 0.2914 -0.9560
vn -0.5784 -0.7177 -0.3878
vn -0.7737 0.6196 0.1321
vn -0.5983 -0.3178 0.7356
vn -0.6230 -0.1689 0.7638
vn -0.2696 0.3835 -0.8833
vn -0.2945 0.4767 -0.8283
vn 0.5668 0.6905 0.4493
vn 0.2858 -0.4490 0.8466
vn 0.5996 0.3680 -0.7106
vn 0.8177 -0.5740 -0.0428
vn 0.2638 -0.3557 0.8966
vn 0.6261 0.2317 -0.7445
vn -0.1331 0.3429 0.9299
vn -0.3293 -0.7561 0.5655
vn -0.8939 0.3515 0.2781
vn 0.7273 -0.3587 0.5852
vn -0.0686 -0.5741 -0.8159
vn -0.7370 0.3716 -0.5646
vn 0.8910 -0.3457 -0.2943
vn 0.1920 0.9396 -0.2832
vn -0.4669 -0.2341 0.8527
vn -0.5609 -0.6919 -0.4547
vn -0.6368 0.5035 -0.5840
vn -0.5523 0.8078 0.2059
vn 0.6045 -0.5030 0.6178
vn 0.4824 -0.8552 -0.1894
vn 0.4275 0.5370 -0.7272
vn 0.2750 0.6973 0.6620
vn 0.4571 -0.6514 -0.6056
vn 0.8051 0.5693 -0.1667
vn -0.3574 0.7647 -0.5361
vn -0.5343 -0.0099 -0.8452
vn 0.4494 -0.7684 0.4556
vn 0.5906 0.0347 0.8062
vn -0.2482 0.8795 0.4060
vn 0.1394 0.5832 -0.8002
vn 0.4451 0.0678 0.8929
vn -0.9264 -0.3654 0.0907
vn -0.4032 -0.0622 -0.9130
vn -0.0816 -0.6372 0.7664
vn -0.1581 0.6773 -0.7185
vn 0.9655 0.1818 -0.1863
vn 0.3337 0.4733 0.8152
vn -0.4388 0.6956 0.5689
vn -0.3386 -0.4439 -0.8296
vn 0.4792 -0.6701 -0.5669
vn -0.0280 -0.4865 0.8733
vn 0.5087 0.5574 0.6561
vn 0.0413 -0.9904 -0.1319
vn -0.9771 0.2086 0.0411
vn 0.0661 0.9951 0.0735
vn -0.4605 -0.5370 -0.7068
vn -0.9137 -0.4030 0.0517
vn -0.2856 0.2867 -0.9145
vn 0.7319 0.6164 -0.2904
vn 0.3358 -0.0441 0.9409
vn 0.9716 0.2179 -0.0925
vn -0.1161 0.9675 -0.2246
vn -0.4305 -0.0203 -0.9024
vn 0.1451 -0.3980 -0.9059
vn 0.6271 0.0961 0.7730
vn -0.0960 0.5913 0.8007
vn -0.8806 -0.4437 -0.1662
vn -0.2814 0.3228 -0.9037
vn -0.5374 -0.0614 0.8411
vn 0.4819 -0.8730 -0.0753
vn 0.5280 0.0734 -0.8460
vn 0.3108 -0.2883 0.9057
vn -0.5292 0.5467 -0.6489
vn -0.1777 -0.9327 0.3137
vn -0.1449 -0.3979 -0.9059
vn 0.4530 -0.2420 -0.8580
vn -0.5187 0.6710 0.5298
vn -0.6271 0.0962 0.7730
vn 0.9640 0.1931 0.1826
vn 0.4305 -0.0203 -0.9024
vn 0.0960 0.5913 0.8007
vn 0.5465 -0.5255 0.6520
vn 0.0149 0.7863 -0.6176
vn -0.7057 -0.5535 -0.4424
vn 0.3982 -0.6971 -0.5962
vn -0.4948 0.0667 0.8664
vn 0.4893 0.8608 -0.1399
vn -0.8106 -0.5636 -0.1590
vn 0.2037 -0.5464 -0.8124
vn -0.5939 0.2621 0.7607
vn 0.6538 -0.5407 0.5293
vn 0.7054 0.6792 0.2027
vn 0.7395 -0.6727 0.0251
vn -0.5407 -0.6727 -0.5052
vn -0.5754 -0.5812 0.5754
vn 0.6731 -0.3066 -0.6731
vn -0.6421 0.6792 -0.3555
vn -0.6646 0.3416 0.6646
vn 0.5905 0.5501 -0.5905
vn 0.5613 -0.4399 -0.7011
vn 0.5613 -0.4399 0.7011
vn -0.5703 0.4266 0.7020
vn -0.5703 0.4266 -0.7020
vn -0.4367 -0.6170 -0.6547
vn 0.1983 0.5965 -0.7777
vn 0.6902 0.5965 0.4097
vn 0.1542 -0.6170 0.7717
vn 0.1315 -0.7054 0.6965
vn -0.2676 0.6784 0.6842
vn 0.8765 0.2047 0.4358
vn -0.8717 -0.2037 0.4456
vn -0.2676 0.6784 -0.6842
vn 0.1315 -0.7054 -0.6965
vn 0.8765 0.2047 -0.4358
vn -0.8717 -0.2037 -0.4456
vn -0.6901 0.5965 0.4097
vn -0.1983 0.5965 -0.7777
vn 0.4366 -0.6170 -0.6547
vn -0.1542 -0.6170 0.7717
vn -0.1741 0.9228 -0.3437
vn -0.8943 0.0306 0.4465
vn -0.7070 -0.5383 -0.4587
vn -0.1244 -0.1411 -0.9821
vn 0.7153 0.5223 0.4642
vn 0.1271 0.1586 0.9791
vn -0.2190 -0.8929 0.3933
vn 0.7799 -0.4574 -0.4272
vn -0.9044 0.1330 0.4054
vn -0.4138 -0.7979 -0.4385
vn -0.0000 0.1476 -0.9891
vn -0.0000 0.6834 -0.7301
vn -0.0000 -0.1209 0.9927
vn -0.0000 -0.7007 0.7134
vn 0.8765 0.2123 -0.4321
vn -0.0161 0.9382 0.3458
vn 0.1982 0.6851 -0.7010
vn -0.9614 0.2452 -0.1248
vn -0.5207 -0.6528 -0.5502
vn 0.2876 -0.4431 -0.8491
vn 0.4956 0.6628 0.5613
vn -0.2817 0.4680 0.8376
vn 0.0327 -0.5348 0.8443
vn -0.1289 -0.9790 -0.1577
vn -0.4228 0.5744 0.7010
vn 0.9940 0.1080 0.0167
vn 0.3832 -0.5487 -0.7430
vn 0.0727 0.9871 0.1426
vn 0.6777 0.4306 -0.5960
vn -0.4184 -0.4079 -0.8115
vn -0.8697 -0.4079 0.2779
vn 0.1256 -0.9841 0.1256
vn -0.6201 0.4806 -0.6201
vn 0.0577 0.4306 0.9007
vn 0.6269 -0.4625 0.6269
vn -0.1410 0.9799 -0.1410
vn -0.1820 -0.8249 -0.5351
vn 0.9096 -0.3497 0.2245
vn 0.6752 0.2898 -0.6783
vn 0.1502 -0.2305 -0.9614
vn -0.3967 -0.8869 0.2366
vn -0.0182 -0.5422 0.8400
vn -0.1639 0.9164 0.3652
vn 0.7179 0.5239 -0.4583
vn -0.1073 -0.1257 0.9862
vn -0.8914 0.0254 -0.4525
vn 0.1054 0.1378 -0.9848
vn -0.7119 -0.5387 0.4505
vn -0.9007 0.4306 0.0577
vn 0.5960 0.4306 0.6777
vn -0.0000 -0.4624 0.8866
vn -0.6269 -0.4625 0.6269
vn 0.1410 0.9799 -0.1410
vn -0.0000 0.9799 -0.1994
vn 0.8115 -0.4079 -0.4184
vn -0.0000 -0.9841 0.1777
vn -0.0000 0.4806 -0.8770
vn -0.2779 -0.4079 -0.8697
vn -0.1256 -0.9841 0.1256
vn 0.6201 0.4806 -0.6201
vn -0.4889 -0.7468 -0.4508
vn 0.7949 0.4286 -0.4296
vn -0.3418 0.8262 -0.4478
vn -0.7125 0.2503 -0.6555
vn 0.5858 -0.7967 -0.1488
vn 0.6915 -0.6673 0.2766
vn -0.4119 0.0036 0.9112
vn -0.6438 0.7601 0.0878
vn 0.8362 -0.3199 0.4455
vn 0.4451 0.8119 0.3778
vn -0.4472 -0.7335 0.5118
vn -0.9445 0.1407 -0.2967
vn 0.8056 -0.4751 -0.3540
vn 0.3231 0.0499 -0.9451
vn -0.3346 -0.8729 -0.3550
vn 0.3742 0.7435 -0.5542
vn 0.0228 -0.1351 0.9906
vn -0.6777 0.6194 0.3963
vn 0.9675 0.0610 0.2456
vn -0.8177 -0.5740 0.0428
vn 0.5784 -0.7177 0.3878
vn 0.6230 -0.1689 -0.7638
vn -0.2638 -0.3557 -0.8966
vn -0.6261 0.2318 0.7445
vn 0.2697 0.3835 0.8833
vn 0.7737 0.6196 -0.1321
vn 0.5983 -0.3178 -0.7356
vn 0.2945 0.4767 0.8283
vn -0.5668 0.6905 -0.4493
vn -0.2858 -0.4490 -0.8466
vn -0.5996 0.3680 0.7106
vn 0.0686 -0.5741 -0.8159
vn 0.3293 -0.7561 0.5655
vn 0.8939 0.3515 0.2782
vn 0.7370 0.3716 -0.5646
vn -0.8910 -0.3457 -0.2943
vn -0.7273 -0.3587 0.5852
vn 0.1331 0.3429 0.9299
vn 0.9603 0.0144 0.2786
vn -0.7699 -0.1815 0.6118
vn -0.1920 0.9396 -0.2832
vn 0.7740 0.2090 -0.5977
vn -0.9656 0.0471 -0.2558
vn 0.7674 0.4419 0.4645
vn 0.7500 -0.6297 -0.2026
vn 0.2709 -0.6147 0.7408
vn 0.5925 0.4198 -0.6876
vn -0.6541 -0.5973 -0.4641
vn -0.5984 0.7144 0.3626
vn -0.5759 -0.3796 0.7241
vn -0.2589 0.6631 -0.7024
vn -0.7319 0.6164 -0.2904
vn 0.2856 0.2867 -0.9145
vn 0.5523 0.8078 -0.2059
vn -0.6045 -0.5030 -0.6178
vn 0.9137 -0.4030 0.0517
vn -0.3358 -0.0442 0.9409
vn 0.6368 0.5035 0.5840
vn -0.4824 -0.8552 0.1894
vn -0.9655 0.1818 0.1863
vn 0.0280 -0.4865 -0.8733
vn -0.5087 0.5574 -0.6561
vn -0.3337 0.4733 -0.8152
vn -0.4792 -0.6701 0.5669
vn -0.0413 -0.9904 0.1319
vn 0.9771 0.2086 -0.0411
vn -0.0661 0.9951 -0.0735
vn 0.4605 -0.5370 0.7068
vn 0.1581 0.6773 0.7185
vn 0.4387 0.6956 -0.5689
vn 0.3386 -0.4439 0.8297
vn -0.8182 -0.5341 0.2128
vn -0.7461 0.6028 -0.2828
vn -0.5281 0.0734 0.8460
vn -0.3107 -0.2883 -0.9057
vn 0.6499 0.7518 -0.1115
vn 0.2814 0.3228 0.9037
vn 0.5374 -0.0615 -0.8411
vn 0.5130 -0.6884 0.5128
vn -0.4429 0.4936 -0.7485
vn -0.3261 0.7543 0.5699
vn -0.8174 -0.2769 0.5052
vn -0.7397 -0.6589 -0.1367
vn 0.6939 0.5135 -0.5047
vn 0.6306 0.7500 0.1996
vn 0.3305 -0.7263 0.6026
vn 0.0404 -0.5890 -0.8071
vn 0.5292 0.5467 0.6489
vn 0.1777 -0.9328 -0.3137
vn -0.4530 -0.2420 0.8580
vn 0.5188 0.6710 -0.5298
vn -0.9640 0.1931 -0.1827
vn -0.5465 -0.5255 -0.6520
vn -0.0148 0.7864 0.6176
vn 0.7056 -0.5535 0.4424
vn -0.3982 -0.6971 0.5962
vn 0.4948 0.0667 -0.8664
vn -0.4894 0.8608 0.1399
vn 0.8106 -0.5637 0.1589
vn -0.2037 -0.5464 0.8124
vn 0.5938 0.2621 -0.7607
vn -0.6538 -0.5407 -0.5293
vn -0.5702 -0.7173 0.4003
vn -0.4119 0.0036 -0.9112
vn -0.6438 0.7601 -0.0878
vn -0.7125 0.2503 0.6555
vn 0.5858 -0.7967 0.1488
vn 0.8362 -0.3199 -0.4455
vn 0.7949 0.4286 0.4296
vn -0.3418 0.8262 0.4478
vn 0.6915 -0.6673 -0.2766
vn -0.4289 -0.7573 -0.4925
vn 0.4117 0.8181 -0.4015
vn 0.3230 0.0499 0.9451
vn -0.0179 -0.1229 -0.9923
vn 0.3742 0.7435 0.5543
vn -0.3503 -0.8582 0.3751
vn 0.3016 0.9203 0.2490
vn 0.1427 -0.2208 0.9648
vn -0.7709 0.3359 0.5412
vn 0.9725 0.1257 0.1963
vn -0.1746 -0.9601 -0.2186
vn -0.9701 -0.0886 -0.2262
vn 0.7770 -0.2847 -0.5614
vn -0.0347 0.2914 -0.9560
vn 0.7737 0.6196 0.1321
vn 0.5784 -0.7177 -0.3878
vn 0.6230 -0.1689 0.7638
vn 0.5983 -0.3178 0.7356
vn 0.2945 0.4767 -0.8283
vn 0.2696 0.3835 -0.8833
vn -0.8177 -0.5740 -0.0428
vn -0.2638 -0.3557 0.8966
vn -0.6261 0.2318 -0.7445
vn -0.5668 0.6905 0.4493
vn -0.2858 -0.4490 0.8466
vn -0.5996 0.3680 -0.7106
vn 0.7557 -0.6043 0.2525
vn -0.6496 -0.5679 0.5054
vn -0.3107 0.5311 0.7883
vn 0.5836 0.4357 0.6852
vn 0.3035 -0.5059 -0.8075
vn -0.5830 -0.3880 -0.7138
vn -0.6076 0.6769 -0.4155
vn -0.2648 0.6912 0.6724
vn -0.5911 -0.4597 -0.6628
vn 0.7640 0.4159 -0.4933
vn 0.6160 0.5008 0.6080
vn 0.2657 -0.6444 -0.7170
vn 0.4669 -0.2341 -0.8528
vn 0.5609 -0.6919 0.4547
vn -0.4275 0.5370 0.7272
vn 0.7370 0.3716 0.5646
vn -0.8910 -0.3457 0.2943
vn -0.2750 0.6973 -0.6620
vn 0.8939 0.3515 -0.2781
vn -0.7273 -0.3587 -0.5852
vn 0.9137 -0.4030 -0.0517
vn 0.2856 0.2867 0.9145
vn 0.0661 0.9951 -0.0735
vn 0.5087 0.5574 -0.6561
vn 0.0412 -0.9904 0.1319
vn -0.4605 -0.5370 0.7068
vn -0.7319 0.6164 0.2904
vn 0.5523 0.8078 0.2059
vn -0.6045 -0.5030 0.6178
vn -0.3358 -0.0441 -0.9409
vn 0.6368 0.5035 -0.5840
vn -0.4824 -0.8552 -0.1894
vn 0.5114 -0.7229 -0.4646
vn -0.8764 -0.2822 -0.3901
vn -0.2128 0.8117 0.5440
vn -0.3840 -0.2345 0.8931
vn -0.2504 0.7562 -0.6045
vn 0.9486 0.1586 0.2739
vn 0.3836 -0.6252 0.6797
vn 0.4964 0.3713 -0.7846
vn 0.6499 0.7518 0.1115
vn -0.7461 0.6028 0.2828
vn -0.5280 0.0734 -0.8460
vn 0.2814 0.3228 -0.9037
vn 0.5374 -0.0614 0.8411
vn -0.3107 -0.2883 0.9057
vn -0.8182 -0.5341 -0.2128
vn -0.4387 0.6956 -0.5689
vn -0.3386 -0.4439 0.8296
vn 0.5130 -0.6884 -0.5128
vn 0.3337 0.4733 -0.8152
vn 0.4792 -0.6701 0.5669
vn -0.3305 -0.7263 0.6026
vn 0.3261 0.7543 0.5698
vn 0.8174 -0.2769 0.5052
vn 0.7644 -0.2458 0.5961
vn -0.9533 0.1661 0.2523
vn -0.6306 0.7500 0.1996
vn 0.4461 0.4940 -0.7463
vn 0.7397 -0.6589 -0.1366
vn -0.6940 0.5135 -0.5047
vn -0.0404 -0.5890 -0.8071
vn 0.9583 -0.1598 -0.2369
vn -0.7442 0.2839 -0.6046
vn 0.1766 -0.9345 0.3091
vn 0.5374 0.5225 -0.6619
vn -0.4530 -0.2420 -0.8580
vn 0.5187 0.6710 0.5298
vn -0.9640 0.1931 0.1826
vn 0.0191 0.7907 -0.6119
vn -0.5425 -0.5275 0.6538
vn 0.7056 -0.5535 -0.4424
vn -0.3983 -0.6971 -0.5962
vn 0.4948 0.0666 0.8664
vn -0.4449 0.8793 -0.1700
vn -0.6538 -0.5407 0.5293
vn 0.8106 -0.5637 -0.1589
vn -0.2037 -0.5464 -0.8124
vn 0.5939 0.2621 0.7607
vn 0.5040 -0.6729 0.5415
vn -0.0265 -0.6729 -0.7393
vn -0.5763 -0.5795 0.5763
vn 0.6726 -0.3087 -0.6726
vn -0.2012 0.6793 -0.7057
vn 0.3567 0.6793 0.6413
vn -0.6640 0.3437 0.6640
vn 0.5913 0.5483 -0.5913
vn -0.7895 0.5248 0.3181
vn -0.8385 -0.2557 -0.4813
vn -0.2648 0.6912 -0.6724
vn -0.3820 0.8866 -0.2608
vn -0.7082 -0.1663 0.6861
vn -0.5911 -0.4597 0.6628
vn 0.5605 -0.6816 -0.4704
vn 0.6161 0.5008 -0.6080
vn 0.2657 -0.6444 0.7170
vn 0.9235 -0.3756 -0.0780
vn 0.8165 0.2475 -0.5215
vn 0.4801 -0.7751 0.4109
vn 0.6331 0.3921 0.6674
vn 0.3490 0.7930 -0.4994
vn -0.0982 -0.6389 0.7630
vn -0.6496 -0.5679 -0.5054
vn 0.7557 -0.6043 -0.2526
vn 0.5836 0.4357 -0.6852
vn -0.3107 0.5311 -0.7883
vn -0.5830 -0.3880 0.7138
vn 0.3035 -0.5059 0.8075
vn 0.7640 0.4158 0.4933
vn -0.6076 0.6769 0.4155
vn 0.4428 0.4935 0.7486
vn 0.3261 0.7543 -0.5698
vn 0.8174 -0.2769 -0.5052
vn 0.7398 -0.6589 0.1366
vn -0.6940 0.5135 0.5046
vn -0.6306 0.7500 -0.1996
vn -0.3305 -0.7263 -0.6027
vn 0.7644 -0.2458 -0.5961
vn -0.9533 0.1662 -0.2523
vn -0.0404 -0.5890 0.8071
vn 0.9583 -0.1598 0.2369
vn -0.7443 0.2839 0.6046
vn 0.6051 0.6950 -0.3884
vn 0.4822 -0.8755 0.0316
vn 0.5191 -0.1382 0.8435
vn 0.6258 0.2771 0.7291
vn 0.2690 -0.4082 -0.8723
vn 0.2826 -0.1926 -0.9397
vn -0.8501 -0.4769 0.2232
vn -0.3015 0.2112 0.9298
vn -0.5043 0.1266 -0.8542
vn -0.7555 0.6513 -0.0708
vn -0.2748 0.4284 0.8608
vn -0.6235 -0.2277 -0.7479
vn 0.4191 0.5385 -0.7310
vn -0.6004 -0.6605 -0.4508
vn 0.4311 -0.8817 -0.1917
vn 0.8872 -0.3384 -0.3136
vn -0.7507 0.3694 -0.5476
vn -0.5944 0.5434 -0.5928
vn -0.4731 -0.2097 0.8557
vn 0.5676 -0.5330 0.6275
vn -0.4758 0.8594 0.1872
vn 0.2964 0.7014 0.6482
vn 0.7406 -0.3556 0.5702
vn -0.8941 0.3386 0.2930
vn 0.0393 0.9904 0.1325
vn 0.8806 -0.4437 0.1662
vn -0.4819 -0.8730 0.0753
vn -0.9722 0.2169 0.0884
vn 0.8667 0.1978 -0.4580
vn -0.2395 -0.9564 -0.1669
vn 0.4475 -0.5417 0.7116
vn 0.7179 -0.5239 0.4583
vn -0.1073 0.1257 -0.9862
vn -0.5860 0.0073 -0.8103
vn -0.8074 0.0983 0.5817
vn -0.1689 -0.1392 0.9758
vn -0.9459 0.2750 -0.1720
vn 0.0037 0.9183 0.3958
vn 0.1054 -0.1378 0.9848
vn -0.7120 0.5387 -0.4505
vn -0.0893 0.4384 -0.8943
vn 0.2340 0.8879 0.3960
vn -0.7486 0.3189 0.5813
vn -0.9420 0.1721 -0.2882
vn 0.7756 -0.2789 -0.5662
vn 0.9454 -0.1857 0.2676
vn 0.3184 -0.2517 0.9139
vn 0.0299 -0.9724 -0.2312
vn -0.4601 -0.8878 -0.0127
vn -0.9746 0.2010 -0.0992
vn -0.5993 0.1411 0.7880
vn -0.2978 -0.2503 0.9212
vn -0.5456 0.0289 -0.8375
vn -0.1148 -0.5114 -0.8516
vn 0.1127 0.9478 -0.2982
vn 0.1720 0.6794 0.7134
vn 0.4954 -0.0000 -0.8687
vn 0.8767 -0.4597 -0.1414
vn 0.5643 -0.0317 0.8250
vn 0.2596 0.2846 -0.9228
vn 0.9510 0.2920 -0.1016
vn 0.3288 -0.3813 0.8640
vn -0.2143 0.4719 0.8552
vn 0.3783 0.9081 0.1798
vn 0.4160 -0.5891 -0.6928
vn -0.2968 -0.9368 -0.1853
vn -0.7467 -0.6058 0.2746
vn -0.6865 0.5003 0.5276
vn 0.5298 -0.8251 0.1961
vn -0.3633 -0.0857 -0.9277
vn -0.5373 0.8103 -0.2339
vn 0.7418 -0.4414 -0.5048
vn 0.1787 0.6164 -0.7669
vn 0.9385 0.0381 0.3432
vn 0.2143 0.4719 0.8552
vn -0.3783 0.9081 0.1798
vn -0.4160 -0.5891 -0.6928
vn 0.2968 -0.9368 -0.1853
vn -0.6029 -0.7493 0.2739
vn -0.6225 0.3264 0.7113
vn 0.4143 -0.6687 -0.6174
vn 0.5537 -0.2236 0.8022
vn -0.9171 0.3207 0.2366
vn 0.0582 0.9718 0.2285
vn 0.5323 0.7784 0.3327
vn -0.4763 -0.7594 0.4432
vn -0.4021 -0.8838 0.2391
vn -0.3504 0.0661 -0.9343
vn 0.3780 0.7954 -0.4739
vn -0.0791 -0.9174 -0.3900
vn 0.7107 -0.3479 -0.6114
vn 0.5006 0.7010 -0.5079
vn -0.4551 -0.8179 -0.3522
vn -0.8614 -0.4667 0.2004
vn 0.4842 -0.8747 0.0202
vn 0.3034 -0.1942 -0.9329
vn -0.4873 0.1304 -0.8635
vn -0.3207 0.2112 0.9233
vn 0.5018 -0.1341 0.8545
vn 0.6236 0.7049 -0.3380
vn 0.2638 -0.3557 -0.8966
vn 0.6261 0.2318 0.7445
vn -0.7382 0.6720 -0.0589
vn -0.6230 -0.1689 -0.7638
vn -0.2697 0.3835 0.8833
vn 0.3674 -0.7287 0.5779
vn -0.4252 0.6635 0.6156
vn 0.5373 0.8103 0.2339
vn 0.9420 0.1721 0.2882
vn -0.7756 -0.2789 0.5662
vn -0.7418 -0.4414 0.5048
vn -0.5012 0.4614 -0.7321
vn 0.6865 0.5003 -0.5276
vn -0.5298 -0.8251 -0.1962
vn 0.0963 -0.5800 -0.8089
vn 0.7486 0.3189 -0.5813
vn -0.9454 -0.1858 -0.2676
vn -0.3016 0.9203 -0.2490
vn -0.1427 -0.2209 -0.9648
vn 0.7709 0.3359 -0.5412
vn -0.9725 0.1257 -0.1963
vn 0.1745 -0.9601 0.2186
vn 0.9700 -0.0886 0.2262
vn -0.7770 -0.2848 0.5614
vn 0.0347 0.2914 0.9560
vn -0.4190 0.5385 0.7311
vn 0.6004 -0.6605 0.4508
vn -0.4311 -0.8817 0.1917
vn -0.8872 -0.3384 0.3136
vn 0.7508 0.3694 0.5476
vn 0.5944 0.5434 0.5928
vn 0.4731 -0.2097 -0.8557
vn -0.5676 -0.5330 -0.6275
vn 0.4758 0.8594 -0.1872
vn -0.2964 0.7014 -0.6482
vn -0.7406 -0.3556 -0.5702
vn 0.8941 0.3386 -0.2931
vn 0.2609 0.8404 -0.4749
vn -0.7628 0.6148 0.2004
vn -0.6567 0.0170 -0.7539
vn -0.4781 0.0358 -0.8776
vn -0.0757 0.6417 0.7632
vn 0.4703 0.7708 0.4297
vn -0.3989 -0.6024 0.6913
vn -0.5034 -0.7753 -0.3813
vn 0.6130 0.0110 0.7900
vn 0.9118 -0.3845 -0.1444
vn 0.0542 -0.6767 -0.7343
vn 0.4409 -0.0197 0.8973
vn 0.3184 -0.2517 -0.9139
vn 0.2340 0.8879 -0.3960
vn -0.7486 0.3189 -0.5813
vn -0.7522 0.1224 -0.6475
vn 0.8952 0.4454 0.0138
vn 0.9454 -0.1858 -0.2676
vn -0.0893 0.4384 0.8943
vn -0.9420 0.1721 0.2882
vn 0.7756 -0.2789 0.5662
vn 0.0299 -0.9724 0.2312
vn -0.8927 -0.4504 0.0148
vn 0.7528 -0.0946 0.6514
vn 0.4252 0.6635 0.6156
vn -0.3674 -0.7287 0.5779
vn -0.5373 0.8103 0.2339
vn 0.7418 -0.4414 0.5048
vn -0.0963 -0.5800 -0.8089
vn 0.5012 0.4614 -0.7321
vn -0.6865 0.5003 -0.5276
vn 0.5298 -0.8251 -0.1961
vn 0.6007 -0.7980 -0.0489
vn -0.4927 -0.0754 0.8669
vn 0.7142 -0.0966 0.6932
vn 0.5343 -0.0098 0.8453
vn -0.4494 -0.7684 -0.4556
vn -0.8956 -0.4436 -0.0326
vn -0.3313 0.9434 0.0142
vn 0.8892 0.4506 0.0795
vn -0.7151 0.1292 -0.6870
vn 0.4993 0.4685 -0.7288
vn 0.3574 0.7647 0.5361
vn -0.5906 0.0347 -0.8062
vn 0.1787 0.6164 0.7669
vn -0.6029 -0.7493 -0.2739
vn -0.6225 0.3264 -0.7113
vn -0.3783 0.9081 -0.1798
vn -0.4160 -0.5891 0.6928
vn 0.4143 -0.6687 0.6174
vn 0.9385 0.0380 -0.3432
vn 0.2143 0.4719 -0.8552
vn 0.2968 -0.9368 0.1853
vn 0.2364 -0.2961 0.9254
vn 0.9409 0.3142 -0.1262
vn -0.5761 0.3142 -0.7546
vn -0.0000 -0.6306 -0.7761
vn -0.0000 0.9999 0.0105
vn -0.8216 -0.2961 0.4872
vn -0.0000 -1.0000 0.0051
vn -0.0000 0.6420 0.7667
vn -0.1820 0.8249 -0.5351
vn -0.8914 -0.0254 -0.4525
vn 0.1054 -0.1378 -0.9848
vn 0.1502 0.2305 -0.9614
vn -0.3967 0.8869 0.2366
vn -0.7119 0.5387 0.4505
vn -0.1639 -0.9164 0.3652
vn 0.7179 -0.5239 -0.4583
vn -0.1073 0.1257 0.9862
vn 0.9096 0.3497 0.2245
vn 0.6752 -0.2898 -0.6783
vn -0.0182 0.5422 0.8400
vn 0.7896 0.5248 -0.3180
vn 0.8385 -0.2556 0.4813
vn 0.2648 0.6912 0.6724
vn 0.3820 0.8866 0.2608
vn 0.7082 -0.1662 -0.6861
vn 0.5911 -0.4597 -0.6628
vn -0.5604 -0.6816 0.4704
vn -0.6161 0.5008 0.6080
vn -0.2658 -0.6444 -0.7170
vn -0.9235 -0.3756 0.0780
vn -0.8165 0.2475 0.5215
vn -0.4801 -0.7751 -0.4109
vn -0.6332 0.3921 -0.6673
vn -0.3490 0.7930 0.4994
vn 0.0982 -0.6388 -0.7630
vn 0.6496 -0.5679 0.5054
vn -0.7557 -0.6043 0.2526
vn -0.5836 0.4357 0.6852
vn 0.3107 0.5311 0.7883
vn 0.5830 -0.3880 -0.7138
vn -0.3035 -0.5059 -0.8075
vn -0.7640 0.4158 -0.4933
vn 0.6076 0.6769 -0.4155
vn 0.7806 0.5952 -0.1906
vn 0.5620 -0.7044 0.4337
vn 0.2748 0.4284 0.8608
vn 0.6235 -0.2277 -0.7479
vn -0.8298 -0.5515 0.0859
vn -0.6258 0.2771 0.7291
vn -0.2690 -0.4082 -0.8723
vn -0.5637 0.6583 -0.4990
vn -0.8502 -0.4769 -0.2232
vn 0.4822 -0.8755 -0.0315
vn 0.5191 -0.1382 -0.8435
vn -0.3015 0.2112 -0.9298
vn -0.5042 0.1266 0.8542
vn 0.2825 -0.1926 0.9397
vn 0.6051 0.6950 0.3884
vn 0.6259 0.2771 -0.7291
vn 0.2690 -0.4082 0.8724
vn -0.7555 0.6513 0.0708
vn -0.2748 0.4284 -0.8608
vn -0.6235 -0.2277 0.7479
vn 0.3329 -0.6218 -0.7089
vn -0.3494 -0.3379 0.8739
vn 0.6953 -0.2535 0.6725
vn 0.9110 0.2200 0.3488
vn -0.7471 0.2929 -0.5968
vn -0.9957 -0.0909 -0.0201
vn 0.2379 0.9713 0.0074
vn 0.9024 -0.4305 -0.0169
vn -0.7610 0.3532 -0.5442
vn 0.4500 0.3949 -0.8010
vn 0.9346 0.2256 -0.2748
vn -0.3605 0.3715 -0.8556
vn -0.2609 0.8404 0.4750
vn 0.7628 0.6148 -0.2004
vn 0.6567 0.0170 0.7539
vn 0.4781 0.0357 0.8776
vn 0.0757 0.6418 -0.7632
vn -0.4703 0.7708 -0.4297
vn 0.3989 -0.6024 -0.6913
vn 0.5034 -0.7754 0.3813
vn -0.6130 0.0110 -0.7900
vn -0.9117 -0.3845 0.1444
vn -0.0542 -0.6767 0.7343
vn -0.4409 -0.0196 -0.8974
vn 0.0893 0.4384 0.8943
vn -0.2340 0.8879 -0.3960
vn -0.3184 -0.2517 -0.9139
vn -0.0299 -0.9724 0.2313
vn -0.5012 0.4614 0.7321
vn -0.4252 0.6635 -0.6156
vn 0.5373 0.8103 -0.2339
vn 0.6865 0.5003 0.5276
vn -0.5298 -0.8251 0.1961
vn -0.7418 -0.4414 -0.5048
vn 0.3674 -0.7287 -0.5779
vn 0.9420 0.1721 -0.2882
vn -0.7756 -0.2789 -0.5662
vn 0.0963 -0.5800 0.8089
vn 0.7486 0.3189 0.5813
vn -0.9454 -0.1857 0.2676
vn -0.7467 -0.6058 -0.2746
vn 0.3289 -0.3813 -0.8640
vn -0.2143 0.4719 -0.8552
vn -0.2968 -0.9368 0.1853
vn 0.9510 0.2920 0.1016
vn 0.3783 0.9081 -0.1798
vn 0.4160 -0.5891 0.6928
vn -0.3633 -0.0857 0.9277
vn -0.1787 0.6164 -0.7669
vn 0.6029 -0.7493 0.2739
vn 0.6225 0.3264 0.7113
vn -0.4143 -0.6687 -0.6174
vn -0.9385 0.0381 0.3432
vn -0.5669 -0.6789 -0.4667
vn 0.8385 -0.2557 -0.4812
vn 0.2648 0.6912 -0.6724
vn -0.6161 0.5008 -0.6080
vn -0.2657 -0.6444 0.7170
vn 0.5911 -0.4597 0.6628
vn 0.7925 0.5269 0.3070
vn 0.3820 0.8866 -0.2608
vn 0.7082 -0.1662 0.6861
vn -0.6332 0.3921 0.6674
vn -0.3490 0.7930 -0.4994
vn 0.0982 -0.6389 0.7630
vn -0.9235 -0.3755 -0.0779
vn -0.8166 0.2475 -0.5215
vn -0.4801 -0.7751 0.4108
vn 0.3989 -0.6024 0.6913
vn 0.7628 0.6148 0.2004
vn -0.2609 0.8404 -0.4750
vn 0.4781 0.0358 -0.8776
vn 0.0757 0.6417 0.7632
vn -0.9118 -0.3845 -0.1444
vn -0.0542 -0.6767 -0.7343
vn -0.4409 -0.0197 0.8973
vn -0.7593 0.4211 0.4962
vn -0.7557 -0.6043 -0.2526
vn -0.5836 0.4357 -0.6852
vn -0.3035 -0.5059 0.8075
vn 0.6496 -0.5679 -0.5054
vn 0.3107 0.5311 -0.7883
vn 0.5830 -0.3880 0.7138
vn 0.6076 0.6769 0.4155
vn -0.8298 -0.5515 -0.0859
vn 0.5620 -0.7044 -0.4337
vn 0.2748 0.4284 -0.8608
vn -0.6259 0.2771 -0.7291
vn -0.2690 -0.4082 0.8724
vn 0.6235 -0.2277 0.7479
vn 0.7806 0.5952 0.1906
vn -0.5637 0.6583 0.4990
vn -0.6051 0.6950 0.3884
vn -0.4822 -0.8755 -0.0315
vn -0.5191 -0.1382 -0.8435
vn -0.2825 -0.1926 0.9397
vn 0.8502 -0.4769 -0.2232
vn 0.3015 0.2112 -0.9298
vn 0.5042 0.1266 0.8542
vn 0.7555 0.6513 0.0708
vn -0.9690 0.2393 0.0606
vn 0.0719 -0.9480 0.3100
vn 0.9913 0.0722 0.1097
vn 0.2072 0.9753 -0.0767
vn 0.7834 0.5562 -0.2772
vn -0.2825 0.3536 -0.8917
vn 0.5676 -0.5330 -0.6275
vn -0.4758 0.8594 -0.1872
vn -0.9476 -0.3040 0.0984
vn 0.3695 -0.0896 0.9249
vn 0.4311 -0.8817 0.1917
vn -0.5944 0.5434 0.5928
vn 0.4097 0.5965 0.6901
vn -0.7777 0.5965 0.1983
vn -0.0000 0.8270 -0.5622
vn -0.0000 -0.0547 0.9985
vn -0.6547 -0.6170 -0.4366
vn -0.0000 0.0231 -0.9997
vn -0.0000 -0.8076 0.5897
vn 0.7717 -0.6170 0.1542
vn -0.7204 0.6234 0.3041
vn 0.6592 0.7483 0.0741
vn 0.4997 -0.6844 -0.5309
vn 0.5207 -0.6528 0.5502
vn 0.2817 0.4680 -0.8376
vn -0.8292 -0.5296 -0.1786
vn -0.2876 -0.4431 0.8491
vn -0.4956 0.6628 -0.5613
vn -0.3674 -0.7287 -0.5779
vn 0.4252 0.6635 -0.6156
vn 0.5012 0.4614 0.7321
vn -0.0963 -0.5800 0.8089
vn -0.9510 0.2920 0.1016
vn -0.3289 -0.3813 -0.8640
vn 0.7467 -0.6058 -0.2746
vn 0.3633 -0.0858 0.9277
vn -0.1787 0.6164 0.7669
vn -0.9385 0.0381 -0.3432
vn 0.6029 -0.7493 -0.2738
vn 0.6225 0.3264 -0.7113
vn -0.4143 -0.6687 0.6174
vn 0.2190 -0.8929 0.3934
vn 0.8943 0.0306 0.4465
vn 0.1741 0.9228 -0.3437
vn -0.7799 -0.4574 -0.4272
vn 0.6527 0.7495 0.1104
vn -0.0782 -0.5220 -0.8494
vn 0.5622 -0.7828 0.2668
vn -0.4653 0.8500 0.2470
vn -0.4592 -0.6104 0.6454
vn 0.6863 -0.3018 0.6618
vn -0.9041 0.3651 0.2220
vn 0.4421 0.5874 -0.6779
vn -0.1950 -0.9798 0.0450
vn -0.0805 0.5515 0.8303
vn -0.6504 -0.7535 -0.0960
vn 0.4947 0.3771 0.7830
vn 0.5991 0.2663 -0.7551
vn 0.2749 -0.9029 -0.3305
vn -0.5966 0.6756 -0.4332
vn 0.3602 -0.3279 0.8733
vn -0.3595 -0.6523 -0.6673
vn -0.9110 0.2200 0.3488
vn -0.6953 -0.2535 0.6725
vn 0.9957 -0.0909 -0.0201
vn 0.7470 0.2929 -0.5968
vn -0.4500 0.3949 -0.8010
vn -0.9346 0.2256 -0.2748
vn 0.3605 0.3715 -0.8556
vn -0.2378 0.9713 0.0075
vn -0.9024 -0.4305 -0.0169
vn 0.7610 0.3532 -0.5442
vn -0.1179 -0.1836 0.9759
vn 0.6112 0.2568 -0.7487
vn 0.0765 -0.9744 -0.2116
vn -0.4042 0.8931 -0.1974
vn -0.7219 -0.5049 -0.4732
vn -0.1857 -0.0767 -0.9796
vn -0.6703 -0.2939 0.6814
vn 0.9558 0.2310 0.1819
vn 0.4488 -0.8404 0.3039
vn 0.0612 0.9330 0.3545
vn -0.3002 0.6360 0.7109
vn 0.5075 0.2343 -0.8292
vn -0.1128 -0.9921 -0.0557
vn 0.6041 -0.4663 0.6462
vn -0.9045 -0.3546 -0.2371
vn -0.9467 -0.2477 -0.2058
vn 0.1855 -0.0266 0.9823
vn 0.7121 0.0063 -0.7020
vn 0.3280 -0.8633 0.3835
vn 0.4198 0.8980 -0.1317
vn -0.0892 0.9836 0.1569
vn 0.4811 -0.3941 -0.7831
vn 0.8212 -0.3266 0.4679
vn -0.9452 -0.2802 -0.1675
vn -0.5511 -0.3483 0.7583
vn -0.2244 -0.2163 -0.9502
vn -0.7672 -0.0672 0.6379
vn -0.5031 -0.8312 0.2366
vn -0.1715 0.8162 -0.5518
vn 0.9913 -0.1192 -0.0555
vn 0.1006 -0.9752 -0.1972
vn -0.3685 0.4163 0.8312
vn 0.2964 0.4094 -0.8629
vn 0.9446 0.3241 0.0525
vn -0.8351 0.3806 -0.3973
vn -0.9749 0.1602 0.1547
vn 0.5616 0.3037 0.7697
vn 0.3397 -0.7299 -0.5932
vn -0.1487 -0.5698 0.8082
vn 0.5756 0.3897 -0.7189
vn -0.0009 0.9990 -0.0451
vn -0.1267 -0.6582 -0.7421
vn 0.7621 -0.6123 0.2105
vn -0.8891 0.1421 0.4352
vn -0.1738 -0.2014 0.9640
vn -0.3440 0.6067 0.7167
vn 0.7715 -0.6311 0.0806
vn -0.6969 -0.2119 -0.6851
vn -0.8381 -0.2462 0.4868
vn -0.1365 0.5546 -0.8209
vn -0.3770 -0.9260 0.0193
vn 0.0268 0.6530 0.7569
vn 0.0450 0.2084 -0.9770
vn 0.9100 -0.0532 -0.4111
vn -0.7374 0.6613 -0.1375
vn 0.8249 -0.0950 0.5572
vn -0.5367 -0.7730 -0.3382
vn -0.5032 0.0140 0.8640
vn -0.1333 0.0999 -0.9860
vn -0.5581 0.8298 0.0039
vn -0.9930 0.0547 -0.1051
vn 0.6548 0.5959 0.4649
vn 0.3965 -0.9155 -0.0681
vn 0.3124 -0.2974 0.9022
vn 0.5213 -0.3221 -0.7903
vn -0.3375 0.9267 -0.1654
vn 0.9590 0.2814 0.0339
vn -0.5163 -0.8243 0.2324
vn -0.0392 0.1880 0.9814
vn -0.1759 -0.5142 -0.8395
vn -0.7070 -0.4610 -0.5364
vn 0.6129 -0.7900 -0.0137
vn 0.6895 0.3543 -0.6317
vn 0.0183 0.3219 -0.9466
vn -0.7837 -0.3408 0.5193
vn -0.0749 -0.4737 0.8775
vn 0.7209 0.5584 0.4104
vn 0.7070 -0.0669 -0.7041
vn 0.0944 -0.0021 0.9955
vn -0.4828 0.8539 -0.1945
vn 0.0388 0.1124 -0.9929
vn -0.6900 0.1973 0.6964
vn 0.6538 -0.0129 0.7565
vn 0.4781 0.5805 -0.6591
vn 0.4424 -0.4735 -0.7616
vn 0.3113 -0.9503 0.0021
vn -0.6327 0.3567 0.6873
vn -0.4502 0.8927 -0.0208
vn -0.9430 -0.3213 -0.0871
vn 0.0466 -0.9105 -0.4109
vn -0.4607 0.8025 0.3791
vn -0.1214 -0.5220 0.8443
vn 0.6774 0.7316 -0.0771
vn 0.5622 -0.7828 -0.2668
vn 0.9024 -0.4305 0.0169
vn -0.7610 0.3532 0.5442
vn -0.4653 0.8500 -0.2470
vn -0.4592 -0.6104 -0.6454
vn 0.6863 -0.3018 -0.6618
vn -0.9041 0.3651 -0.2219
vn -0.2040 -0.9777 -0.0496
vn 0.4740 0.5566 0.6823
vn 0.6953 -0.2535 -0.6725
vn -0.9957 -0.0910 0.0201
vn -0.0804 0.5515 -0.8303
vn 0.4880 0.4224 -0.7638
vn -0.6340 -0.7708 0.0620
vn 0.5991 0.2663 0.7551
vn 0.2749 -0.9029 0.3305
vn -0.5966 0.6756 0.4332
vn -0.1836 -0.2288 -0.9560
vn 0.1330 -0.9589 0.2504
vn 0.1654 0.3189 0.9333
vn -0.1354 0.9584 -0.2513
vn 0.6054 0.2609 0.7519
vn -0.0716 -0.2124 -0.9746
vn 0.0765 -0.9743 0.2116
vn -0.4042 0.8931 0.1974
vn -0.7219 -0.5049 0.4732
vn -0.6651 -0.2599 -0.7001
vn -0.1901 -0.0856 0.9780
vn 0.9558 0.2310 -0.1819
vn 0.4488 -0.8404 -0.3039
vn 0.0612 0.9330 -0.3545
vn -0.2932 0.6502 -0.7009
vn -0.1127 -0.9921 0.0557
vn 0.6041 -0.4663 -0.6462
vn -0.9045 -0.3546 0.2371
vn 0.5075 0.2343 0.8292
vn 0.9110 0.2200 -0.3488
vn -0.7470 0.2929 0.5968
vn 0.7774 0.0894 0.6226
vn 0.1855 -0.0266 -0.9823
vn 0.3280 -0.8633 -0.3835
vn 0.4197 0.8980 0.1317
vn -0.9462 -0.2551 0.1993
vn 0.4350 -0.4511 0.7793
vn -0.0312 0.9892 -0.1433
vn 0.8212 -0.3266 -0.4679
vn -0.9452 -0.2802 0.1675
vn -0.5510 -0.3484 -0.7583
vn 0.9941 -0.0633 -0.0885
vn -0.7672 -0.0672 -0.6378
vn -0.3010 -0.1474 0.9422
vn -0.5031 -0.8312 -0.2366
vn -0.1715 0.8162 0.5518
vn -0.4107 0.4488 -0.7937
vn 0.1231 -0.9838 0.1301
vn 0.2964 0.4094 0.8629
vn 0.9446 0.3241 -0.0525
vn -0.8351 0.3806 0.3973
vn -0.9715 0.2264 -0.0696
vn 0.3397 -0.7299 0.5932
vn -0.1487 -0.5698 -0.8082
vn 0.5757 0.3897 0.7189
vn 0.5616 0.3037 -0.7697
vn -0.1144 -0.6592 0.7432
vn -0.0014 0.9999 -0.0124
vn 0.7621 -0.6123 -0.2105
vn -0.8891 0.1421 -0.4352
vn -0.1738 -0.2014 -0.9640
vn 0.7644 -0.6420 -0.0594
vn -0.2654 0.6542 -0.7082
vn -0.6969 -0.2119 0.6851
vn -0.8382 -0.2462 -0.4867
vn -0.1365 0.5546 0.8209
vn 0.1074 0.6423 -0.7589
vn -0.3774 -0.9260 -0.0111
vn 0.0450 0.2084 0.9770
vn 0.9100 -0.0532 0.4111
vn -0.7374 0.6613 0.1375
vn -0.5634 -0.7558 0.3338
vn 0.8099 -0.0926 -0.5792
vn -0.5033 0.0140 -0.8640
vn -0.1333 0.0999 0.9860
vn -0.5580 0.8298 -0.0038
vn 0.6671 0.5822 -0.4648
vn -0.9964 0.0243 0.0807
vn 0.3964 -0.9155 0.0681
vn 0.3123 -0.2973 -0.9023
vn 0.5213 -0.3221 0.7903
vn -0.3149 0.9399 0.1319
vn -0.5163 -0.8242 -0.2324
vn -0.0393 0.1880 -0.9814
vn -0.1759 -0.5142 0.8394
vn 0.9590 0.2813 -0.0339
vn 0.5239 0.8514 0.0236
vn -0.6064 -0.0425 -0.7940
vn -0.5664 -0.7439 0.3547
vn 0.1933 -0.1301 0.9725
vn 0.6538 -0.0129 -0.7565
vn -0.9430 -0.3213 0.0871
vn 0.0466 -0.9105 0.4109
vn 0.3113 -0.9503 -0.0021
vn -0.6327 0.3567 -0.6873
vn -0.4607 0.8025 -0.3791
vn 0.4781 0.5805 0.6591
vn 0.4424 -0.4735 0.7616
vn -0.4502 0.8927 0.0208
vn -0.4743 -0.5981 0.6460
vn 0.1214 -0.5981 -0.7921
vn 0.7188 0.5762 -0.3890
vn 0.2332 0.5763 0.7833
vn -0.2027 0.6792 0.7054
vn -0.0251 -0.6727 0.7395
vn -0.8137 -0.5812 -0.0000
vn -0.9399 0.3416 -0.0000
vn 0.8351 0.5501 -0.0000
vn 0.9518 -0.3066 -0.0000
vn 0.5052 -0.6727 -0.5407
vn -0.5754 -0.5812 -0.5754
vn 0.6730 -0.3066 0.6731
vn 0.3555 0.6792 -0.6421
vn -0.6646 0.3416 -0.6646
vn 0.5905 0.5501 0.5905
vn 0.0327 -0.5348 -0.8443
vn -0.9614 0.2452 0.1248
vn -0.5207 -0.6528 0.5502
vn -0.1289 -0.9790 0.1577
vn -0.4228 0.5744 -0.7010
vn -0.2817 0.4680 -0.8376
vn 0.1982 0.6851 0.7010
vn 0.2876 -0.4431 0.8491
vn 0.4956 0.6628 -0.5613
vn 0.9940 0.1080 -0.0167
vn 0.3832 -0.5487 0.7430
vn 0.0727 0.9871 -0.1426
vn 0.7057 0.6793 -0.2012
vn -0.6413 0.6793 0.3567
vn -0.0000 0.3437 -0.9391
vn -0.0000 0.5483 0.8363
vn -0.5415 -0.6729 0.5040
vn 0.7393 -0.6729 -0.0265
vn -0.0000 -0.5794 -0.8150
vn -0.0000 -0.3087 0.9512
vn -0.7439 -0.6683 -0.0009
vn 0.5267 -0.6683 0.5254
vn 0.5597 -0.6111 -0.5597
vn -0.6808 -0.2704 0.6808
vn 0.6560 0.6766 0.3344
vn 0.6733 0.3055 -0.6733
vn -0.5756 0.5809 0.5756
vn -0.7003 0.6766 -0.2275
vn -0.8074 0.0983 -0.5817
vn -0.2396 -0.9564 0.1669
vn 0.4475 -0.5417 -0.7116
vn -0.1689 -0.1392 -0.9758
vn -0.9459 0.2750 0.1721
vn -0.5860 0.0073 0.8103
vn 0.8667 0.1978 0.4580
vn 0.0036 0.9183 -0.3958
vn -0.4880 0.4224 0.7638
vn 0.6341 -0.7708 -0.0620
vn -0.5622 -0.7828 0.2668
vn 0.4652 0.8500 0.2470
vn -0.5991 0.2663 -0.7551
vn -0.2749 -0.9029 -0.3305
vn 0.5966 0.6756 -0.4332
vn -0.6054 0.2609 -0.7519
vn 0.0717 -0.2124 0.9746
vn -0.0765 -0.9743 -0.2116
vn 0.4042 0.8931 -0.1974
vn 0.7219 -0.5049 -0.4732
vn 0.1214 -0.5220 -0.8443
vn -0.6774 0.7316 0.0771
vn 0.4592 -0.6104 0.6454
vn -0.6863 -0.3018 0.6618
vn 0.9041 0.3651 0.2220
vn 0.6651 -0.2599 0.7001
vn 0.1901 -0.0856 -0.9780
vn -0.9558 0.2310 0.1819
vn -0.4488 -0.8404 0.3039
vn -0.0612 0.9330 0.3545
vn 0.2040 -0.9777 0.0497
vn -0.4740 0.5566 -0.6823
vn 0.0805 0.5515 0.8303
vn 0.9494 -0.2478 -0.1930
vn -0.7121 0.0062 -0.7020
vn -0.3280 -0.8633 0.3835
vn -0.4197 0.8980 -0.1316
vn -0.1855 -0.0266 0.9823
vn -0.3329 -0.6218 0.7089
vn 0.3494 -0.3379 -0.8739
vn -0.6953 -0.2535 -0.6725
vn -0.9110 0.2200 -0.3488
vn 0.7471 0.2929 0.5968
vn 0.9957 -0.0910 0.0201
vn -0.2379 0.9713 -0.0075
vn -0.9024 -0.4305 0.0169
vn 0.7610 0.3532 0.5442
vn -0.4501 0.3949 0.8009
vn -0.9347 0.2256 0.2748
vn 0.3605 0.3715 0.8556
vn -0.9941 -0.0633 0.0885
vn 0.7672 -0.0672 0.6379
vn 0.3010 -0.1473 -0.9422
vn 0.5032 -0.8312 0.2366
vn 0.1715 0.8162 -0.5518
vn -0.4886 0.4029 0.7739
vn 0.9558 0.2394 0.1709
vn -0.3397 -0.7299 -0.5932
vn 0.1487 -0.5698 0.8082
vn -0.5756 0.3897 -0.7189
vn -0.4727 0.1963 -0.8591
vn 0.2887 0.6428 0.7096
vn 0.1127 -0.9921 -0.0557
vn -0.6041 -0.4663 0.6462
vn 0.9045 -0.3546 -0.2371
vn 0.6635 -0.3883 -0.6395
vn -0.7715 -0.6311 0.0806
vn 0.8381 -0.2462 0.4868
vn 0.1365 0.5546 -0.8209
vn 0.2654 0.6542 0.7082
vn -0.4350 -0.4511 -0.7793
vn 0.0312 0.9892 0.1433
vn -0.8212 -0.3266 0.4679
vn 0.9452 -0.2802 -0.1675
vn 0.5511 -0.3484 0.7583
vn 0.5634 -0.7557 -0.3338
vn -0.8099 -0.0926 0.5792
vn 0.5032 0.0140 0.8640
vn 0.1333 0.0999 -0.9860
vn 0.5581 0.8298 0.0038
vn -0.6671 0.5822 0.4648
vn 0.9964 0.0244 -0.0807
vn -0.3965 -0.9155 -0.0682
vn -0.3124 -0.2974 0.9022
vn -0.5213 -0.3221 -0.7903
vn 0.3149 0.9399 -0.1319
vn 0.5163 -0.8243 0.2324
vn 0.0392 0.1880 0.9814
vn 0.1759 -0.5142 -0.8395
vn -0.9590 0.2814 0.0339
vn 0.4107 0.4488 0.7937
vn -0.1231 -0.9838 -0.1301
vn -0.2964 0.4093 -0.8629
vn -0.9446 0.3241 0.0526
vn 0.8351 0.3805 -0.3973
vn 0.1144 -0.6591 -0.7433
vn 0.0014 0.9999 0.0124
vn -0.7621 -0.6123 0.2105
vn 0.8891 0.1421 0.4352
vn 0.1738 -0.2014 0.9640
vn -0.1075 0.6423 0.7589
vn 0.3774 -0.9260 0.0110
vn -0.0450 0.2085 -0.9770
vn -0.9100 -0.0532 -0.4111
vn 0.7374 0.6613 -0.1375
vn -0.5664 -0.7439 -0.3547
vn -0.6064 -0.0425 0.7940
vn 0.5366 0.8438 0.0057
vn 0.1933 -0.1300 -0.9725
vn -0.6538 -0.0129 0.7565
vn 0.9430 -0.3213 -0.0871
vn -0.0466 -0.9105 -0.4109
vn -0.3113 -0.9503 0.0021
vn 0.6327 0.3567 0.6873
vn 0.4607 0.8025 0.3791
vn -0.4781 0.5805 -0.6591
vn -0.4424 -0.4735 -0.7616
vn 0.4502 0.8927 -0.0208
vn 0.6504 -0.7535 0.0960
vn -0.4947 0.3771 -0.7829
vn -0.5622 -0.7828 -0.2668
vn 0.4653 0.8500 -0.2470
vn -0.5991 0.2663 0.7551
vn -0.2749 -0.9029 0.3305
vn 0.5966 0.6756 0.4332
vn 0.1179 -0.1836 -0.9759
vn -0.6112 0.2568 0.7487
vn -0.0765 -0.9743 0.2116
vn 0.4042 0.8931 0.1974
vn 0.7219 -0.5049 0.4732
vn -0.6527 0.7495 -0.1104
vn 0.0782 -0.5220 0.8494
vn 0.4592 -0.6104 -0.6454
vn -0.6863 -0.3018 -0.6618
vn 0.9041 0.3651 -0.2219
vn 0.1857 -0.0767 0.9796
vn 0.6702 -0.2939 -0.6815
vn -0.9558 0.2310 -0.1819
vn -0.4488 -0.8404 -0.3039
vn -0.0612 0.9330 -0.3545
vn -0.4421 0.5874 0.6779
vn 0.1951 -0.9798 -0.0449
vn 0.0804 0.5515 -0.8303
vn -0.7776 -0.0711 0.6247
vn 0.9462 -0.2550 0.1994
vn -0.3280 -0.8633 -0.3835
vn -0.4198 0.8980 0.1316
vn -0.1855 -0.0266 -0.9823
vn -0.3602 -0.3280 -0.8733
vn 0.3596 -0.6523 0.6673
vn 0.4501 0.3949 0.8009
vn 0.9346 0.2256 0.2748
vn -0.3605 0.3715 0.8556
vn 0.2378 0.9713 -0.0075
vn 0.7728 -0.0627 -0.6315
vn -0.9913 -0.1192 0.0556
vn 0.3010 -0.1474 0.9422
vn 0.5031 -0.8312 -0.2366
vn 0.1715 0.8162 0.5518
vn -0.3466 -0.7161 0.6059
vn 0.9558 0.2393 -0.1710
vn 0.1487 -0.5698 -0.8082
vn -0.5757 0.3897 0.7189
vn -0.5616 0.3037 -0.7696
vn 0.0798 -0.9954 -0.0526
vn 0.2888 0.6428 -0.7095
vn -0.6041 -0.4663 -0.6462
vn 0.9045 -0.3546 0.2371
vn -0.5075 0.2343 0.8292
vn -0.7808 -0.6214 -0.0651
vn 0.6969 -0.2119 0.6851
vn 0.8382 -0.2461 -0.4867
vn 0.1365 0.5546 0.8209
vn 0.2654 0.6542 -0.7082
vn 0.0891 0.9836 -0.1569
vn -0.4811 -0.3941 0.7831
vn -0.8212 -0.3266 -0.4679
vn 0.9452 -0.2802 0.1675
vn 0.5511 -0.3483 -0.7583
vn -0.8250 -0.0950 -0.5572
vn 0.5367 -0.7731 0.3382
vn 0.5033 0.0140 -0.8640
vn 0.1333 0.0999 0.9860
vn 0.5580 0.8298 -0.0039
vn 0.9930 0.0548 0.1051
vn -0.6548 0.5959 -0.4649
vn -0.3964 -0.9156 0.0681
vn -0.3122 -0.2973 -0.9023
vn -0.5213 -0.3220 0.7903
vn 0.3375 0.9267 0.1655
vn -0.9590 0.2813 -0.0340
vn 0.5163 -0.8243 -0.2324
vn 0.0393 0.1880 -0.9814
vn 0.1759 -0.5142 0.8395
vn -0.1006 -0.9752 0.1972
vn 0.3685 0.4163 -0.8312
vn -0.2964 0.4093 0.8629
vn -0.9446 0.3241 -0.0526
vn 0.8351 0.3805 0.3973
vn 0.0009 0.9990 0.0450
vn 0.1267 -0.6582 0.7421
vn -0.7621 -0.6123 -0.2105
vn 0.8891 0.1421 -0.4352
vn 0.1738 -0.2014 -0.9640
vn 0.3770 -0.9260 -0.0193
vn -0.0269 0.6531 -0.7568
vn -0.0450 0.2084 0.9770
vn -0.9100 -0.0532 0.4111
vn 0.7374 0.6613 0.1375
vn 0.5664 -0.7439 0.3547
vn 0.6064 -0.0425 -0.7940
vn -0.5366 0.8438 -0.0056
vn -0.1933 -0.1301 0.9725
vn -0.6538 -0.0129 -0.7565
vn -0.4781 0.5805 0.6591
vn -0.4424 -0.4735 0.7616
vn -0.3113 -0.9503 -0.0021
vn 0.6327 0.3567 -0.6873
vn 0.4502 0.8927 0.0208
vn 0.9430 -0.3213 0.0871
vn -0.0466 -0.9105 0.4109
vn 0.4607 0.8025 -0.3791
vn 0.2152 0.9254 -0.3121
vn 0.5669 -0.8169 0.1058
vn 0.0449 -0.1391 0.9893
vn 0.2441 0.5705 0.7842
vn 0.1790 -0.0108 -0.9838
vn -0.5116 -0.1547 -0.8452
vn -0.9997 0.0245 0.0083
vn -0.3107 -0.0307 0.9500
vn -0.1949 -0.5728 -0.7962
vn -0.3365 -0.9204 0.1992
vn -0.5359 0.8408 -0.0763
vn 0.9153 -0.2560 -0.3109
vn 0.7133 0.2770 0.6439
vn 0.0996 0.2150 -0.9715
vn -0.0399 -0.9580 0.2841
vn -0.8270 0.4342 -0.3570
vn -0.3458 0.6747 0.6521
vn 0.5540 -0.0456 -0.8313
vn 0.9825 0.1858 0.0119
vn 0.4205 -0.8298 -0.3668
vn -0.9207 0.1950 0.3380
vn 0.6972 -0.2446 0.6739
vn -0.0808 0.4637 -0.8823
vn 0.4283 0.8845 -0.1849
vn -0.0939 0.8925 -0.4411
vn 0.8414 -0.4033 0.3597
vn -0.9118 -0.3799 -0.1560
vn -0.6158 -0.0139 0.7878
vn 0.3495 -0.6999 -0.6228
vn -0.3868 0.8547 0.3462
vn 0.8338 -0.1877 -0.5192
vn -0.6339 -0.7711 -0.0598
vn -0.0884 -0.3818 0.9200
vn -0.7550 0.3737 -0.5387
vn -0.5817 -0.1912 -0.7906
vn 0.7218 0.6149 0.3177
vn -0.8129 -0.2419 0.5297
vn 0.9286 -0.3385 -0.1519
vn 0.1697 -0.6968 0.6969
vn -0.4791 -0.3875 0.7876
vn 0.7717 -0.5674 0.2871
vn 0.1055 -0.7626 -0.6382
vn -0.6999 -0.6992 -0.1462
vn -0.0748 0.7457 0.6620
vn 0.6573 0.7478 0.0943
vn 0.5975 0.5048 -0.6230
vn 0.0884 -0.3819 -0.9200
vn 0.7550 0.3737 0.5387
vn -0.6709 0.7348 -0.1001
vn -0.6972 -0.2446 -0.6739
vn 0.0808 0.4637 0.8823
vn 0.6642 0.1561 0.7310
vn -0.3671 -0.7980 -0.4780
vn -0.2950 0.7260 -0.6212
vn -0.8696 0.4438 0.2163
vn 0.7805 0.2311 -0.5809
vn -0.1410 -0.6306 -0.7632
vn 0.0857 0.9037 0.4195
vn -0.9882 -0.1502 0.0310
vn 0.8256 0.3686 -0.4273
vn 0.2045 -0.5484 0.8108
vn 0.3457 0.1740 0.9221
vn 0.8903 -0.2856 -0.3547
vn 0.2269 -0.9061 0.3570
vn 0.1055 -0.7626 0.6382
vn 0.6573 0.7477 -0.0943
vn 0.6971 0.7160 -0.0380
vn -0.3371 -0.0884 -0.9373
vn -0.5935 -0.8024 0.0634
vn 0.0367 0.9182 -0.3945
vn -0.8424 0.4099 0.3497
vn -0.6999 -0.6992 0.1462
vn -0.0748 0.7458 -0.6620
vn -0.1967 0.0397 -0.9797
vn 0.0740 0.6281 0.7746
vn 0.2994 -0.9315 0.2065
vn -0.6072 -0.4701 0.6406
vn 0.9878 0.0037 0.1558
vn 0.3797 -0.9106 -0.1634
vn -0.4436 0.7539 -0.4846
vn -0.6899 -0.3773 0.6178
vn 0.8383 0.5386 0.0850
vn 0.0803 0.3848 0.9195
vn -0.4027 0.9134 0.0600
vn 0.4690 -0.3490 0.8113
vn 0.1849 -0.6826 -0.7070
vn -0.8131 -0.5758 -0.0859
vn 0.6684 0.3917 -0.6323
vn -0.4070 0.8107 0.4209
vn 0.6702 -0.5653 0.4809
vn -0.5741 -0.6966 0.4304
vn 0.8334 0.4915 -0.2528
vn -0.4036 0.0349 -0.9143
vn -0.5218 0.1587 0.8382
vn 0.9288 0.3423 0.1423
vn 0.5935 -0.8024 0.0634
vn -0.2269 -0.9061 0.3570
vn -0.6971 0.7160 -0.0380
vn -0.0367 0.9182 -0.3945
vn -0.3015 -0.5552 -0.7752
vn 0.2490 -0.8075 0.5347
vn -0.6204 0.5070 -0.5984
vn 0.2481 0.4449 0.8605
vn 0.6727 0.1593 -0.7226
vn 0.8674 -0.1657 0.4692
vn 0.0784 0.8328 -0.5479
vn -0.6992 -0.6909 -0.1836
vn 0.7216 -0.4109 -0.5572
vn -0.8509 -0.3295 0.4091
vn 0.4697 -0.2128 0.8568
vn -0.0331 0.6577 -0.7525
vn 0.2267 0.9041 0.3622
vn -0.8336 0.1957 0.5165
vn 0.8927 0.4497 0.0289
vn 0.1205 -0.8006 -0.5869
vn -0.0328 -0.8167 0.5762
vn -0.4282 0.0286 -0.9032
vn -0.1963 0.8446 0.4981
vn 0.8627 -0.3437 -0.3710
vn 0.3515 -0.5110 0.7844
vn 0.0297 0.3609 -0.9321
vn -0.9170 -0.3973 -0.0354
vn 0.3364 -0.9204 -0.1992
vn 0.5359 0.8408 0.0763
vn -0.2441 0.5705 -0.7842
vn -0.0449 -0.1391 -0.9893
vn 0.5116 -0.1547 0.8452
vn -0.1790 -0.0108 0.9838
vn -0.9153 -0.2560 0.3110
vn -0.7133 0.2770 -0.6438
vn -0.0996 0.2150 0.9715
vn -0.4206 -0.8298 0.3669
vn 0.9207 0.1950 -0.3381
vn -0.4283 0.8845 0.1850
vn -0.2152 0.9254 0.3121
vn -0.5670 -0.8169 -0.1059
vn 0.9997 0.0245 -0.0083
vn 0.3107 -0.0306 -0.9500
vn 0.1949 -0.5728 0.7962
vn 0.3869 0.8547 -0.3463
vn -0.8338 -0.1877 0.5192
vn 0.6339 -0.7711 0.0598
vn 0.8425 0.4184 0.3393
vn -0.9825 0.1858 -0.0119
vn 0.3458 0.6747 -0.6521
vn -0.5540 -0.0456 0.8313
vn 0.0194 -0.9511 -0.3082
vn -0.6200 0.4996 -0.6050
vn -0.7717 -0.5674 0.2871
vn -0.1055 -0.7626 -0.6382
vn -0.0884 -0.3819 -0.9200
vn -0.7550 0.3737 0.5387
vn -0.6573 0.7478 0.0943
vn 0.4791 -0.3875 0.7876
vn 0.6999 -0.6992 -0.1462
vn 0.0748 0.7457 0.6620
vn 0.6709 0.7348 -0.1001
vn 0.6972 -0.2446 -0.6739
vn -0.0808 0.4637 0.8823
vn -0.8333 -0.4300 -0.3475
vn 0.9118 -0.3800 0.1560
vn 0.6158 -0.0139 -0.7878
vn -0.3495 -0.6999 0.6228
vn 0.0609 0.8922 0.4474
vn 0.5817 -0.1912 0.7906
vn -0.7217 0.6150 -0.3177
vn 0.8129 -0.2419 -0.5297
vn -0.9286 -0.3385 0.1519
vn -0.1697 -0.6967 -0.6970
vn 0.3390 -0.0844 -0.9370
vn -0.8903 -0.2856 -0.3547
vn -0.3457 0.1740 0.9221
vn -0.1055 -0.7626 0.6382
vn -0.6573 0.7477 -0.0943
vn 0.8424 0.4099 0.3497
vn 0.6999 -0.6992 0.1462
vn 0.0748 0.7457 -0.6620
vn -0.6642 0.1561 -0.7311
vn 0.3671 -0.7980 0.4780
vn 0.2950 0.7261 0.6212
vn 0.8696 0.4437 -0.2164
vn -0.7804 0.2311 0.5810
vn -0.2259 -0.5320 -0.8161
vn 0.1895 -0.6071 0.7717
vn 0.9882 -0.1502 -0.0310
vn -0.8256 0.3686 0.4273
vn -0.0857 0.9037 -0.4196
vn 0.2946 -0.5420 0.7870
vn 0.6050 0.0597 -0.7940
vn 0.2269 -0.9061 -0.3570
vn -0.2490 -0.8075 -0.5347
vn 0.6204 0.5070 0.5984
vn 0.6971 0.7160 0.0380
vn -0.9287 0.3423 -0.1423
vn -0.5935 -0.8023 -0.0634
vn 0.0367 0.9181 0.3946
vn -0.0806 0.6382 -0.7657
vn -0.2994 -0.9315 -0.2065
vn 0.6072 -0.4701 -0.6406
vn -0.9878 0.0037 -0.1558
vn 0.2517 0.0768 0.9648
vn 0.7055 -0.6788 0.2037
vn -0.2510 0.4440 -0.8601
vn -0.6726 0.1593 0.7226
vn -0.8674 -0.1657 -0.4691
vn -0.0784 0.8328 0.5479
vn -0.3797 -0.9106 0.1634
vn 0.4436 0.7539 0.4846
vn 0.6900 -0.3773 -0.6177
vn -0.8383 0.5386 -0.0850
vn -0.0803 0.3848 -0.9195
vn 0.4027 0.9134 -0.0600
vn -0.4689 -0.3491 -0.8113
vn -0.1849 -0.6826 0.7070
vn 0.8131 -0.5758 0.0859
vn -0.6685 0.3917 0.6323
vn 0.4070 0.8106 -0.4209
vn -0.6702 -0.5653 -0.4810
vn 0.5741 -0.6966 -0.4303
vn -0.8334 0.4915 0.2528
vn 0.4036 0.0349 0.9143
vn -0.7216 -0.4109 0.5572
vn 0.8509 -0.3295 -0.4091
vn -0.4697 -0.2128 -0.8568
vn 0.0331 0.6577 0.7526
vn -0.2267 0.9041 -0.3622
vn 0.8336 0.1958 -0.5166
vn -0.8927 0.4497 -0.0289
vn -0.1205 -0.8006 0.5869
vn 0.0328 -0.8166 -0.5762
vn 0.4282 0.0286 0.9032
vn 0.1963 0.8446 -0.4981
vn -0.8627 -0.3437 0.3711
vn -0.3515 -0.5110 -0.7844
vn -0.0297 0.3609 0.9321
vn 0.9170 -0.3973 0.0354
vn 0.5336 -0.8407 -0.0923
vn 0.2270 0.9259 0.3019
vn 0.2441 0.5705 -0.7842
vn 0.0449 -0.1391 -0.9893
vn -0.5116 -0.1547 0.8452
vn 0.1790 -0.0108 0.9838
vn -0.9997 0.0245 -0.0083
vn -0.3107 -0.0306 -0.9500
vn -0.1949 -0.5728 0.7962
vn -0.5279 0.8441 0.0938
vn -0.3553 -0.9065 -0.2281
vn 0.9153 -0.2560 0.3110
vn 0.7133 0.2770 -0.6438
vn 0.0996 0.2150 0.9715
vn 0.9850 0.1727 -0.0063
vn -0.8270 0.4342 0.3571
vn -0.3458 0.6747 -0.6521
vn 0.5540 -0.0456 0.8313
vn -0.0194 -0.9511 -0.3082
vn -0.9220 0.2197 -0.3188
vn 0.4183 -0.8335 0.3611
vn 0.4283 0.8845 0.1850
vn 0.8215 -0.4135 -0.3926
vn -0.0609 0.8922 0.4474
vn -0.9118 -0.3799 0.1559
vn -0.6158 -0.0138 -0.7878
vn 0.3495 -0.6999 0.6229
vn 0.8310 -0.1902 0.5228
vn -0.3483 0.8638 -0.3639
vn -0.6339 -0.7711 0.0598
vn 0.7330 0.6129 -0.2951
vn -0.5939 -0.1719 0.7860
vn -0.8129 -0.2419 -0.5298
vn 0.9286 -0.3385 0.1519
vn 0.1697 -0.6967 -0.6970
vn -0.0719 -0.9480 0.3101
vn 0.9690 0.2393 0.0606
vn -0.2071 0.9753 -0.0767
vn -0.9913 0.0722 0.1097
vn -0.3600 -0.7899 0.4965
vn 0.6709 0.1362 -0.7289
vn -0.2950 0.7261 0.6211
vn -0.8696 0.4438 -0.2164
vn 0.7804 0.2311 0.5810
vn 0.1535 0.8761 -0.4570
vn -0.1895 -0.6071 0.7717
vn -0.9882 -0.1502 -0.0310
vn 0.8256 0.3686 0.4273
vn 0.2045 -0.5484 -0.8108
vn -0.3390 -0.0844 0.9370
vn 0.8903 -0.2856 0.3547
vn 0.3457 0.1740 -0.9221
vn -0.8424 0.4099 -0.3498
vn 0.0977 0.6092 -0.7870
vn -0.2517 0.0768 0.9647
vn 0.2994 -0.9315 -0.2065
vn -0.6072 -0.4701 -0.6406
vn 0.9878 0.0037 -0.1558
vn -0.4078 0.7924 0.4536
vn 0.3876 -0.9075 0.1619
vn -0.6900 -0.3773 -0.6177
vn 0.8383 0.5386 -0.0850
vn 0.0804 0.3848 -0.9195
vn 0.4633 -0.3442 -0.8166
vn -0.4339 0.8933 -0.1178
vn 0.1850 -0.6825 0.7071
vn -0.8131 -0.5758 0.0859
vn 0.6684 0.3917 0.6323
vn -0.4108 0.8150 -0.4086
vn -0.4036 0.0349 0.9143
vn 0.6702 -0.5653 -0.4809
vn -0.5741 -0.6966 -0.4303
vn 0.8334 0.4915 0.2528
vn -0.3188 -0.5453 0.7753
vn 0.9288 0.3423 -0.1423
vn 0.5935 -0.8024 -0.0634
vn 0.2491 -0.8075 -0.5347
vn -0.6203 0.5070 0.5984
vn -0.0367 0.9182 0.3945
vn -0.6050 0.0597 -0.7940
vn -0.2269 -0.9061 -0.3570
vn -0.6971 0.7160 0.0380
vn -0.7124 -0.6786 0.1787
vn 0.6726 0.1593 0.7226
vn 0.8674 -0.1657 -0.4692
vn 0.0784 0.8328 0.5479
vn 0.2510 0.4440 -0.8602
vn -0.8623 -0.3086 -0.4015
vn 0.7178 -0.4273 0.5498
vn 0.4697 -0.2128 -0.8568
vn -0.0331 0.6577 0.7526
vn 0.2267 0.9041 -0.3621
vn 0.8942 0.4475 -0.0089
vn -0.8239 0.1959 -0.5319
vn 0.1205 -0.8006 0.5869
vn -0.0328 -0.8167 -0.5762
vn -0.4282 0.0286 0.9032
vn -0.1708 0.8509 -0.4968
vn -0.9170 -0.3973 0.0354
vn 0.8627 -0.3437 0.3711
vn 0.3515 -0.5110 -0.7844
vn 0.0297 0.3609 0.9321
vn 0.5279 0.8441 -0.0938
vn 0.3553 -0.9065 0.2281
vn -0.0449 -0.1391 0.9893
vn -0.2441 0.5705 0.7842
vn -0.1790 -0.0108 -0.9838
vn 0.5116 -0.1547 -0.8452
vn -0.9153 -0.2560 -0.3109
vn -0.7133 0.2770 0.6439
vn -0.0996 0.2150 -0.9715
vn 0.9220 0.2197 0.3188
vn -0.4183 -0.8335 -0.3611
vn -0.6972 -0.2446 0.6739
vn 0.0808 0.4637 -0.8823
vn -0.4283 0.8845 -0.1849
vn -0.5336 -0.8407 0.0923
vn -0.2270 0.9259 -0.3019
vn 0.9997 0.0245 0.0083
vn 0.3107 -0.0307 0.9500
vn 0.1949 -0.5728 -0.7962
vn -0.8310 -0.1902 -0.5228
vn 0.3483 0.8639 0.3638
vn 0.6339 -0.7711 -0.0598
vn 0.0884 -0.3819 0.9200
vn 0.7550 0.3737 -0.5387
vn 0.0453 -0.9417 0.3334
vn -0.9825 0.1858 0.0119
vn 0.8271 0.4342 -0.3570
vn 0.3458 0.6747 0.6521
vn -0.5540 -0.0456 -0.8313
vn 0.4791 -0.3875 -0.7876
vn -0.7717 -0.5674 -0.2871
vn -0.5975 0.5048 0.6230
vn 0.6709 0.7348 0.1001
vn 0.9054 -0.3346 -0.2613
vn -0.8414 -0.4033 0.3597
vn 0.6158 -0.0140 0.7878
vn -0.3495 -0.6999 -0.6229
vn 0.0610 0.8923 -0.4474
vn -0.7330 0.6129 0.2951
vn 0.5939 -0.1719 -0.7860
vn 0.8129 -0.2419 0.5297
vn -0.9286 -0.3385 -0.1519
vn -0.1697 -0.6968 0.6969
vn -0.3184 -0.2517 0.9139
vn -0.2340 0.8879 0.3960
vn 0.7522 0.1224 0.6475
vn -0.8952 0.4454 -0.0138
vn 0.0893 0.4384 -0.8943
vn -0.0299 -0.9724 -0.2313
vn 0.8927 -0.4504 -0.0148
vn -0.7528 -0.0946 -0.6514
vn 0.3599 -0.7899 -0.4965
vn -0.6709 0.1363 0.7289
vn 0.2950 0.7260 -0.6212
vn 0.8696 0.4438 0.2163
vn -0.7804 0.2311 -0.5810
vn -0.1535 0.8762 0.4569
vn 0.1894 -0.6071 -0.7717
vn 0.9882 -0.1502 0.0310
vn -0.8256 0.3686 -0.4273
vn -0.2045 -0.5484 0.8108
vn 0.5007 -0.0193 0.8654
vn 0.3015 -0.5552 -0.7752
vn -0.2490 -0.8075 0.5347
vn 0.6204 0.5070 -0.5984
vn -0.9288 0.3423 0.1423
vn -0.0977 0.6092 0.7870
vn 0.2517 0.0768 -0.9648
vn -0.2994 -0.9315 0.2065
vn 0.6072 -0.4701 0.6406
vn -0.9878 0.0037 0.1558
vn -0.2529 0.4478 0.8577
vn 0.6992 -0.6909 -0.1836
vn -0.6727 0.1593 -0.7226
vn -0.8674 -0.1657 0.4692
vn -0.0784 0.8328 -0.5480
vn 0.4078 0.7925 -0.4536
vn -0.3876 -0.9075 -0.1619
vn 0.6899 -0.3773 0.6178
vn -0.8383 0.5386 0.0850
vn -0.0803 0.3848 0.9195
vn -0.4633 -0.3442 0.8166
vn 0.4339 0.8932 0.1178
vn -0.1849 -0.6826 -0.7070
vn 0.8131 -0.5758 -0.0859
vn -0.6684 0.3917 -0.6323
vn 0.4109 0.8150 0.4086
vn 0.4036 0.0349 -0.9143
vn -0.6702 -0.5653 0.4809
vn 0.5741 -0.6966 0.4304
vn -0.8334 0.4915 -0.2528
vn 0.8623 -0.3087 0.4015
vn -0.7178 -0.4273 -0.5497
vn -0.4697 -0.2128 0.8568
vn 0.0331 0.6577 -0.7525
vn -0.2267 0.9041 0.3622
vn -0.8942 0.4475 0.0089
vn 0.8238 0.1960 0.5319
vn -0.1205 -0.8006 -0.5869
vn 0.0328 -0.8167 0.5762
vn 0.4282 0.0286 -0.9032
vn 0.1708 0.8509 0.4968
vn 0.9170 -0.3973 -0.0354
vn -0.8627 -0.3437 -0.3710
vn -0.3515 -0.5110 0.7844
vn -0.0297 0.3609 -0.9321
vn -0.5407 -0.6727 0.5052
vn 0.7395 -0.6727 -0.0251
vn 0.7054 0.6792 -0.2027
vn -0.6421 0.6792 0.3555
vn -0.7550 0.5464 -0.3625
vn -0.0794 -0.5696 -0.8181
vn 0.5223 -0.5696 0.6346
vn -0.2775 0.5464 0.7902
vn 0.9007 0.4306 0.0577
vn 0.2779 -0.4079 -0.8697
vn -0.8115 -0.4079 -0.4184
vn -0.5960 0.4306 0.6777
vn -0.1820 0.8249 0.5351
vn 0.9096 0.3497 -0.2245
vn 0.6753 -0.2898 0.6783
vn 0.1502 0.2305 0.9614
vn -0.3967 0.8869 -0.2366
vn -0.0182 0.5422 -0.8400
vn -0.1639 -0.9164 -0.3652
vn -0.8914 -0.0255 0.4525
vn 0.3016 -0.4552 0.8377
vn 0.8776 0.4790 -0.0189
vn 0.6553 -0.3757 -0.6553
vn 0.1855 -0.9650 -0.1855
vn -0.6490 0.3971 0.6490
vn -0.2025 0.9581 0.2025
vn -0.6071 0.4790 -0.6340
vn -0.8057 -0.4552 0.3791
vn -0.1134 0.7230 -0.6815
vn -0.1134 0.7230 0.6815
vn 0.4310 -0.5915 0.6815
vn 0.4310 -0.5915 -0.6815
vn 0.5914 0.4310 0.6815
vn 0.5914 0.4310 -0.6815
vn 0.6255 -0.6255 -0.4664
vn 0.6255 -0.6255 0.4664
vn -0.6375 0.6375 0.4327
vn -0.6375 0.6375 -0.4327
vn -0.7230 -0.1134 -0.6815
vn -0.7230 -0.1134 0.6815
vn -0.8610 -0.5086 -0.0000
vn -0.5618 -0.3319 0.7578
vn -0.4082 0.4083 0.8165
vn -0.4082 0.4083 -0.8165
vn -0.5618 -0.3319 -0.7578
vn -0.9797 -0.2004 -0.0000
vn -0.5330 -0.1090 0.8391
vn -0.5330 -0.1090 -0.8391
vn -0.2790 0.9603 -0.0000
vn -0.1758 0.6050 0.7766
vn -0.1758 0.6050 -0.7766
vn 0.8170 0.5766 -0.0000
vn 0.5169 0.3648 0.7744
vn 0.5169 0.3648 -0.7744
vn 0.4083 -0.4083 0.8165
vn 0.4083 -0.4083 -0.8165
vn -0.3796 -0.9252 -0.0000
vn -0.2578 -0.6283 0.7340
vn -0.2578 -0.6283 -0.7340
vn -0.8770 -0.4806 -0.0000
vn -0.6067 -0.3324 0.7221
vn -0.6067 -0.3324 -0.7221
vn -0.9894 -0.1455 -0.0000
vn -0.6988 -0.1028 0.7078
vn -0.6988 -0.1028 -0.7078
vn -0.9881 -0.1536 -0.0000
vn -0.6978 -0.1085 0.7080
vn -0.6978 -0.1085 -0.7080
vn -0.8859 -0.4638 -0.0000
vn -0.6160 -0.3225 0.7187
vn -0.6160 -0.3225 -0.7187
vn -0.9997 0.0238 -0.0000
vn -0.5861 0.0139 0.8101
vn -0.5861 0.0139 -0.8101
vn -0.1034 0.9946 -0.0000
vn -0.0634 0.6100 0.7899
vn -0.0634 0.6100 -0.7899
vn 0.8512 0.5249 -0.0000
vn 0.5711 0.3522 0.7415
vn 0.5711 0.3522 -0.7415
vn 0.9737 0.2279 -0.0000
vn 0.6861 0.1606 0.7095
vn 0.6861 0.1606 -0.7095
vn 0.8674 0.4977 -0.0000
vn 0.6086 0.3492 0.7125
vn 0.6086 0.3492 -0.7125
vn 0.6505 0.7595 -0.0000
vn 0.4567 0.5332 0.7121
vn 0.4567 0.5332 -0.7121
vn 0.6783 0.7348 -0.0000
vn 0.4745 0.5140 0.7146
vn 0.4745 0.5140 -0.7146
vn 0.4576 0.8892 -0.0000
vn 0.3041 0.5908 0.7473
vn 0.3041 0.5908 -0.7473
vn -0.7230 0.1134 0.6815
vn -0.7230 0.1134 -0.6815
vn -0.0000 0.8846 -0.4664
vn -0.0000 0.8846 0.4664
vn -0.0000 -0.9015 0.4327
vn -0.0000 -0.9015 -0.4327
vn 0.5915 -0.4310 -0.6815
vn 0.6255 0.6255 -0.4664
vn -0.6375 -0.6375 -0.4327
vn 0.5915 -0.4310 0.6815
vn 0.6255 0.6255 0.4664
vn -0.6375 -0.6375 0.4327
vn 0.8765 0.2123 0.4321
vn -0.4138 -0.7979 0.4385
vn -0.0000 0.1476 0.9891
vn -0.0000 -0.7007 -0.7134
vn -0.9044 0.1330 -0.4054
vn -0.0000 0.6834 0.7301
vn -0.0000 -0.1209 -0.9927
vn -0.0161 0.9382 -0.3458
vn -0.5000 -0.5000 0.7071
vn -0.5000 -0.5000 -0.7071
vn -0.8660 0.2886 -0.4082
vn -0.8660 0.2886 0.4082
vn 0.2887 -0.8660 0.4082
vn 0.2887 -0.8660 -0.4082
vn 0.5000 0.5000 -0.7071
vn -0.2887 0.8660 -0.4082
vn 0.8660 -0.2886 -0.4082
vn 0.5000 0.5000 0.7071
vn -0.2887 0.8660 0.4082
vn 0.8660 -0.2886 0.4082
vn 0.2275 0.6766 -0.7003
vn 0.0009 -0.6683 -0.7439
vn 0.7916 -0.6111 -0.0000
vn 0.9522 0.3055 -0.0000
vn -0.8140 0.5809 -0.0000
vn -0.9627 -0.2704 -0.0000
vn -0.5254 -0.6683 0.5267
vn 0.5597 -0.6111 0.5597
vn -0.6808 -0.2704 -0.6808
vn -0.3344 0.6766 0.6560
vn 0.6733 0.3055 0.6733
vn -0.5755 0.5809 -0.5756
vn 0.5254 -0.6683 0.5267
vn -0.0009 -0.6683 -0.7439
vn -0.2275 0.6766 -0.7003
vn 0.3344 0.6766 0.6561
vn -0.7188 0.5763 -0.3889
vn -0.1214 -0.5981 -0.7922
vn 0.4743 -0.5981 0.6460
vn -0.2332 0.5763 0.7833
vn 0.4083 0.8165 -0.4083
vn -0.4082 0.8165 -0.4083
vn -0.4082 -0.8165 -0.4082
vn 0.4083 -0.8165 -0.4082
vn 0.4083 0.8165 0.4083
vn 0.4083 -0.8165 0.4082
vn -0.4082 0.8165 0.4083
vn -0.4082 -0.8165 0.4082
vn 0.7230 0.1135 -0.6815
vn 0.7230 0.1135 0.6815
vn -0.5914 -0.4310 0.6815
vn -0.5914 -0.4310 -0.6815
vn -0.6346 -0.5696 0.5223
vn -0.7902 0.5464 -0.2776
vn -0.0000 0.8958 0.4445
vn -0.0000 0.1702 0.9854
vn -0.0000 -0.8818 -0.4717
vn -0.0000 -0.1982 -0.9802
vn 0.3625 0.5464 -0.7550
vn 0.8181 -0.5696 -0.0794
vn 0.9420 -0.2499 0.2241
vn 0.5076 -0.2499 -0.8245
vn 0.0752 -0.9972 -0.0000
vn 0.0532 -0.9972 -0.0532
vn 0.5071 0.6969 -0.5071
vn 0.7171 0.6969 -0.0000
vn -0.7775 0.2656 -0.5700
vn -0.7257 -0.6880 -0.0000
vn -0.0622 0.9981 -0.0000
vn -0.1467 0.2656 0.9528
vn -0.5132 -0.6880 0.5132
vn -0.0440 0.9981 0.0440
vn 0.2779 -0.4079 0.8697
vn 0.9007 0.4306 -0.0578
vn -0.5960 0.4306 -0.6777
vn -0.8115 -0.4079 0.4184
vn -0.3791 -0.4552 0.8057
vn 0.6340 0.4790 0.6071
vn 0.9267 -0.3757 -0.0000
vn 0.2624 -0.9650 -0.0000
vn -0.9178 0.3971 -0.0000
vn -0.2864 0.9581 -0.0000
vn 0.0190 0.4790 -0.8776
vn -0.8377 -0.4552 -0.3017
vn 0.1820 -0.8249 -0.5351
vn 0.8914 0.0254 -0.4525
vn -0.1054 0.1378 -0.9848
vn -0.1502 -0.2305 -0.9614
vn 0.3967 -0.8869 0.2366
vn 0.7120 -0.5387 0.4505
vn 0.1639 0.9164 0.3652
vn -0.7179 0.5239 -0.4583
vn 0.1073 -0.1257 0.9862
vn -0.9096 -0.3497 0.2245
vn -0.6752 0.2898 -0.6783
vn 0.0182 -0.5422 0.8400
vn 0.1820 0.8249 0.5351
vn 0.8914 -0.0255 0.4525
vn -0.1502 0.2305 0.9614
vn 0.3967 0.8869 -0.2366
vn 0.1639 -0.9164 -0.3652
vn -0.9096 0.3497 -0.2245
vn -0.6752 -0.2898 0.6783
vn 0.0182 0.5422 -0.8400
vn 0.7775 0.2656 -0.5700
vn -0.5076 -0.2499 -0.8245
vn -0.9420 -0.2499 0.2241
vn 0.1467 0.2656 0.9528
vn 0.4179 -0.0504 -0.9071
vn -0.5623 -0.8229 0.0821
vn -0.4529 0.4023 0.7957
vn 0.2974 0.9547 0.0124
vn -0.8765 0.2123 0.4321
vn 0.0161 0.9382 -0.3458
vn 0.9044 0.1330 -0.4054
vn 0.4138 -0.7978 0.4385
vn -0.0189 0.4790 0.8776
vn 0.8377 -0.4552 0.3016
vn -0.1855 -0.9650 0.1855
vn -0.6553 -0.3757 0.6553
vn 0.2025 0.9581 -0.2025
vn 0.6490 0.3971 -0.6490
vn 0.3790 -0.4552 -0.8057
vn -0.6339 0.4790 -0.6072
vn -0.3889 0.5762 -0.7188
vn 0.7833 0.5762 -0.2333
vn 0.6460 -0.5981 0.4743
vn -0.7922 -0.5981 -0.1214
vn -0.1934 0.6832 -0.7042
vn 0.3110 -0.6395 -0.7031
vn 0.3110 -0.6395 0.7031
vn -0.1934 0.6832 0.7042
vn -0.4144 0.5846 0.6975
vn 0.5060 -0.4993 0.7033
vn -0.2854 -0.8695 0.4032
vn -0.7755 -0.4249 0.4669
vn 0.7868 0.4311 0.4417
vn 0.8656 0.2969 0.4031
vn 0.5060 -0.4993 -0.7033
vn -0.2854 -0.8695 -0.4032
vn 0.8656 0.2969 -0.4031
vn -0.4144 0.5846 -0.6975
vn -0.7755 -0.4249 -0.4669
vn 0.7868 0.4311 -0.4417
vn -0.7057 0.6794 -0.2012
vn -0.7393 -0.6729 -0.0265
vn 0.5415 -0.6729 0.5040
vn 0.6413 0.6794 0.3567
vn 0.8074 -0.0983 -0.5817
vn 0.2395 0.9564 0.1669
vn -0.4475 0.5417 -0.7116
vn 0.1689 0.1392 -0.9758
vn 0.9459 -0.2750 0.1720
vn 0.5860 -0.0073 0.8103
vn -0.8667 -0.1978 0.4580
vn -0.0037 -0.9183 -0.3958
vn -0.5224 -0.5696 0.6346
vn 0.0793 -0.5696 -0.8181
vn 0.7550 0.5464 -0.3625
vn 0.2775 0.5464 0.7902
vn 0.0190 0.4790 0.8776
vn 0.6340 0.4790 -0.6071
vn -0.3791 -0.4552 -0.8057
vn -0.8377 -0.4552 0.3016
vn 0.2190 -0.8929 -0.3934
vn -0.7799 -0.4574 0.4272
vn 0.1741 0.9228 0.3437
vn 0.8942 0.0306 -0.4465
vn -0.8776 0.4790 0.0190
vn 0.6071 0.4790 0.6340
vn 0.8057 -0.4552 -0.3790
vn -0.3017 -0.4552 -0.8377
vn 0.5267 -0.6683 -0.5254
vn -0.7439 -0.6683 0.0009
vn -0.7003 0.6766 0.2275
vn 0.6561 0.6766 -0.3344
vn -0.2974 0.9547 -0.0124
vn -0.4179 -0.0504 0.9071
vn 0.5623 -0.8229 -0.0821
vn 0.4529 0.4023 -0.7957
vn -0.6989 -0.1028 0.7078
vn -0.0000 0.7071 0.7071
vn -0.0000 0.7071 -0.7071
vn 0.8165 0.4083 -0.4083
vn 0.8165 0.4083 0.4083
vn -0.8165 0.4083 0.4083
vn -0.8165 0.4083 -0.4083
vn -0.0000 -0.7071 -0.7071
vn 0.8165 -0.4083 -0.4083
vn -0.8165 -0.4083 -0.4083
vn -0.0000 -0.7071 0.7071
vn 0.8165 -0.4083 0.4083
vn -0.8165 -0.4083 0.4083
vn -0.8181 -0.5696 -0.0794
vn -0.3625 0.5464 -0.7550
vn 0.7902 0.5464 -0.2776
vn 0.6346 -0.5696 0.5224
vn -0.5415 -0.6729 -0.5040
vn -0.6413 0.6794 -0.3567
vn 0.7057 0.6793 0.2012
vn 0.7393 -0.6729 0.0265
vn 0.2274 0.6766 0.7003
vn -0.3344 0.6766 -0.6560
vn -0.5254 -0.6683 -0.5267
vn 0.0009 -0.6683 0.7439
vn -0.6663 -0.3854 -0.6383
vn 0.5933 -0.4467 0.6697
vn 0.9937 -0.0000 0.1122
vn -0.6387 -0.0000 0.7694
vn -0.2907 0.6656 0.6874
vn 0.7814 0.6239 0.0112
vn -0.5634 -0.4721 0.6780
vn -0.6663 0.3854 -0.6383
vn -0.2907 -0.6656 0.6874
vn 0.7814 -0.6239 0.0112
vn -0.5634 0.4721 0.6780
vn 0.5933 0.4467 0.6697
vn -0.4546 -0.6928 -0.5598
vn 0.6020 -0.3795 0.7026
vn -0.3892 0.6789 0.6226
vn -0.0000 0.9918 0.1274
vn -0.0000 -0.5695 0.8220
vn -0.4547 0.6928 -0.5598
vn -0.3892 -0.6789 0.6226
vn -0.0000 -0.9918 0.1275
vn -0.0000 0.5695 0.8220
vn 0.6020 0.3795 0.7026
vn 0.4547 -0.6928 -0.5598
vn 0.3892 0.6789 0.6226
vn -0.6020 -0.3795 0.7026
vn -0.7814 0.6239 0.0112
vn 0.5634 -0.4721 0.6780
vn -0.6020 0.3795 0.7026
vn 0.3892 -0.6789 0.6226
vn -0.7814 -0.6239 0.0112
vn 0.5634 0.4721 0.6780
vn 0.4547 0.6928 -0.5598
vn 0.6663 -0.3854 -0.6383
vn 0.2907 0.6656 0.6874
vn -0.5933 -0.4467 0.6697
vn -0.9937 -0.0000 0.1122
vn 0.6387 -0.0000 0.7694
vn -0.5933 0.4467 0.6697
vn 0.2907 -0.6656 0.6874
vn 0.6663 0.3854 -0.6384
vn 0.4668 0.6877 0.5560
vn 0.3935 -0.6829 -0.6154
vn -0.0000 -0.9943 -0.1062
vn -0.0000 0.5599 -0.8286
vn -0.6092 0.3750 -0.6987
vn -0.7817 -0.6237 -0.0011
vn 0.5565 0.4671 -0.6871
vn 0.6092 0.3750 -0.6987
vn -0.3936 -0.6829 -0.6154
vn 0.7817 -0.6237 -0.0011
vn -0.5565 0.4671 -0.6871
vn -0.4668 0.6877 0.5560
vn 0.6644 0.3944 0.6348
vn 0.2869 -0.6725 -0.6823
vn -0.5987 0.4483 -0.6638
vn -0.9954 -0.0000 -0.0958
vn 0.6293 -0.0000 -0.7771
vn 0.5987 0.4483 -0.6638
vn -0.2869 -0.6724 -0.6823
vn 0.9954 -0.0000 -0.0958
vn -0.6293 -0.0000 -0.7771
vn -0.6644 0.3944 0.6348
vn -0.5987 -0.4483 -0.6638
vn 0.2869 0.6725 -0.6823
vn -0.7817 0.6237 -0.0011
vn 0.5565 -0.4671 -0.6871
vn 0.6644 -0.3944 0.6348
vn -0.2869 0.6724 -0.6823
vn 0.5987 -0.4483 -0.6638
vn 0.7817 0.6237 -0.0011
vn -0.5565 -0.4671 -0.6871
vn -0.6644 -0.3944 0.6348
vn -0.6092 -0.3750 -0.6987
vn 0.3935 0.6829 -0.6154
vn -0.0000 0.9943 -0.1062
vn -0.0000 -0.5599 -0.8286
vn 0.4668 -0.6877 0.5560
vn -0.3935 0.6829 -0.6154
vn 0.6092 -0.3750 -0.6987
vn -0.4667 -0.6878 0.5560
vn -0.4086 -0.9079 0.0932
vn 0.9957 0.0811 -0.0455
vn 0.1977 -0.4194 -0.8860
vn 0.3164 0.0842 0.9449
vn -0.2823 0.8848 -0.3708
vn -0.1287 -0.0788 -0.9885
vn -0.2711 0.5368 0.7990
vn 0.4613 -0.8572 0.2289
vn 0.4373 0.8897 -0.1311
vn -0.8998 -0.2887 -0.3270
vn 0.1594 -0.9537 0.2551
vn 0.7184 0.5642 -0.4070
vn -0.5646 -0.0315 -0.8248
vn 0.3747 0.5342 0.7578
vn -0.9865 0.1571 -0.0451
vn -0.7500 0.5456 0.3739
vn -0.6129 -0.7901 -0.0137
vn -0.6895 0.3543 -0.6317
vn -0.7070 -0.0669 -0.7041
vn -0.0943 -0.0021 0.9955
vn 0.0749 -0.4736 0.8775
vn 0.6751 -0.4762 -0.5634
vn -0.0183 0.3219 -0.9466
vn 0.7837 -0.3408 0.5193
vn 0.4828 0.8539 -0.1945
vn -0.0388 0.1124 -0.9929
vn 0.6900 0.1973 0.6964
vn -0.0364 0.9187 -0.3932
vn -0.6120 -0.7062 0.3560
vn 0.7846 -0.4458 -0.4308
vn -0.2854 -0.5501 -0.7848
vn 0.6314 -0.1320 0.7641
vn -0.3476 -0.7144 0.6073
vn 0.7110 -0.0548 -0.7010
vn -0.8284 -0.5082 -0.2357
vn 0.7308 -0.3729 0.5718
vn -0.6758 0.6811 0.2820
vn -0.6106 0.7883 0.0753
vn -0.0989 -0.7199 -0.6870
vn 0.0938 0.7937 -0.6010
vn -0.6744 -0.6345 0.3777
vn 0.8382 0.2136 0.5017
vn -0.6792 0.0131 0.7338
vn 0.5150 -0.7285 -0.4517
vn 0.0723 0.8247 -0.5609
vn -0.7971 0.1684 -0.5799
vn 0.7868 0.5187 0.3345
vn 0.1152 0.7437 0.6586
vn -0.7225 -0.0607 -0.6887
vn 0.7605 -0.5763 -0.2991
vn 0.6266 0.7332 -0.2641
vn 0.0633 -0.8382 0.5416
vn -0.2027 -0.7994 0.5656
vn 0.2906 -0.4031 -0.8678
vn -0.6647 0.4213 -0.6170
vn 0.9815 -0.0892 0.1692
vn -0.3431 0.8245 0.4501
vn 0.2025 -0.3327 -0.9210
vn 0.6484 0.0916 0.7557
vn -0.0415 0.9333 -0.3567
vn -0.5465 -0.8245 0.1466
vn -0.7866 0.4918 0.3732
vn 0.4766 0.2055 -0.8548
vn -0.0790 0.4498 0.8897
vn -0.6345 -0.7528 -0.1754
vn -0.8923 0.2462 -0.3783
vn 0.6951 -0.3608 0.6218
vn -0.2051 0.3056 0.9298
vn -0.5719 -0.0451 -0.8191
vn 0.9185 -0.2038 -0.3389
vn 0.5579 0.8173 -0.1442
vn 0.1323 -0.9271 0.3507
vn -0.2766 -0.9585 0.0683
vn 0.5271 0.5270 -0.6666
vn -0.9283 0.3691 0.0444
vn 0.7450 -0.1617 0.6471
vn -0.5792 0.4937 0.6487
vn 0.3975 0.9175 -0.0116
vn -0.3851 -0.2376 0.8918
vn -0.1493 -0.7794 -0.6085
vn -0.8031 0.1940 -0.5633
vn 0.9197 -0.3790 -0.1022
vn 0.2624 0.0012 -0.9650
vn 0.1885 0.9171 0.3513
vn -0.3694 -0.7481 0.5513
vn -0.9906 0.0897 -0.1037
vn 0.8499 -0.4106 0.3303
vn -0.9479 0.2791 0.1536
vn 0.2824 -0.5498 -0.7861
vn 0.6907 0.4767 -0.5437
vn -0.0207 -0.8148 0.5794
vn 0.5453 0.2091 0.8117
vn 0.7370 -0.6556 -0.1644
vn -0.3615 0.4410 0.8215
vn -0.5974 -0.0944 -0.7964
vn -0.0162 0.7355 -0.6773
vn -0.6195 -0.4794 0.6216
vn -0.4098 0.8005 0.4373
vn -0.4952 -0.6668 -0.5568
vn 0.2185 0.1479 -0.9646
vn 0.2221 -0.5902 0.7761
vn 0.9030 -0.0034 0.4297
vn 0.0655 -0.9217 -0.3824
vn 0.4904 0.7756 0.3974
vn -0.9842 0.1252 0.1251
vn -0.4739 0.6664 -0.5755
vn -0.4076 -0.0927 0.9084
vn 0.9121 -0.3359 -0.2351
vn 0.2389 0.8721 0.4271
vn -0.8595 -0.5111 0.0054
vn -0.4349 0.1615 -0.8859
vn 0.0588 -0.4076 0.9113
vn 0.9865 0.1640 -0.0016
vn -0.4469 -0.8868 -0.1177
vn 0.7070 -0.0669 0.7041
vn 0.1977 -0.4194 0.8860
vn 0.3164 0.0842 -0.9449
vn 0.0944 -0.0021 -0.9955
vn -0.2822 0.8848 0.3708
vn -0.1287 -0.0788 0.9885
vn -0.2711 0.5368 -0.7990
vn -0.9088 -0.3382 0.2445
vn 0.4373 0.8897 0.1311
vn 0.0388 0.1124 0.9929
vn -0.6900 0.1973 -0.6964
vn 0.4205 -0.8721 -0.2504
vn 0.6919 0.5986 0.4036
vn 0.2163 -0.9610 -0.1726
vn -0.5646 -0.0315 0.8248
vn 0.3747 0.5342 -0.7578
vn -0.9865 0.1571 0.0450
vn -0.5637 -0.7183 -0.4078
vn -0.0547 0.8954 0.4418
vn 0.7846 -0.4458 0.4308
vn -0.2854 -0.5501 0.7848
vn 0.6314 -0.1320 -0.7642
vn -0.6868 0.6494 -0.3264
vn 0.7110 -0.0548 0.7010
vn -0.8284 -0.5082 0.2357
vn 0.7308 -0.3728 -0.5718
vn -0.3657 -0.8467 -0.3864
vn 0.8399 0.2008 -0.5043
vn -0.0989 -0.7199 0.6870
vn 0.0938 0.7937 0.6010
vn 0.6895 0.3543 0.6317
vn -0.0749 -0.4737 -0.8775
vn -0.6744 -0.6345 -0.3777
vn -0.6148 0.7881 -0.0292
vn 0.0183 0.3219 0.9466
vn -0.7837 -0.3408 -0.5194
vn 0.3468 -0.8133 0.4673
vn -0.7174 0.0007 -0.6966
vn 0.0723 0.8247 0.5609
vn -0.7971 0.1683 0.5799
vn 0.7869 0.5186 -0.3345
vn -0.7268 -0.1103 0.6779
vn 0.1060 0.7408 -0.6633
vn 0.7605 -0.5763 0.2991
vn 0.6266 0.7332 0.2641
vn 0.0633 -0.8382 -0.5416
vn 0.2222 -0.3656 0.9039
vn -0.1151 -0.6999 -0.7049
vn -0.6647 0.4213 0.6170
vn 0.9815 -0.0892 -0.1692
vn -0.3431 0.8245 -0.4500
vn 0.6341 0.0816 -0.7689
vn 0.1768 -0.3374 0.9246
vn -0.0415 0.9333 0.3567
vn -0.5465 -0.8245 -0.1466
vn -0.7866 0.4918 -0.3732
vn -0.1534 0.5921 -0.7911
vn 0.3931 0.1038 0.9136
vn -0.6345 -0.7528 0.1754
vn -0.8923 0.2462 0.3783
vn 0.6951 -0.3608 -0.6218
vn -0.5820 -0.0203 0.8129
vn -0.2119 0.3246 -0.9218
vn 0.9185 -0.2038 0.3389
vn 0.5579 0.8173 0.1442
vn 0.1323 -0.9271 -0.3507
vn 0.3955 0.6095 0.6871
vn -0.2690 -0.9604 -0.0730
vn -0.9283 0.3692 -0.0443
vn 0.7450 -0.1618 -0.6471
vn -0.5792 0.4937 -0.6487
vn 0.2470 0.9603 0.1295
vn -0.1493 -0.7794 0.6085
vn -0.8031 0.1940 0.5633
vn 0.9197 -0.3790 0.1022
vn -0.3851 -0.2376 -0.8918
vn 0.2956 0.1357 0.9456
vn -0.3694 -0.7481 -0.5513
vn -0.9906 0.0897 0.1037
vn 0.8499 -0.4106 -0.3303
vn 0.1885 0.9171 -0.3512
vn 0.3242 -0.4796 0.8154
vn -0.9468 0.2693 -0.1761
vn 0.6907 0.4767 0.5437
vn -0.0207 -0.8147 -0.5794
vn 0.5453 0.2091 -0.8117
vn -0.3346 0.4560 -0.8247
vn 0.7277 -0.6543 0.2056
vn -0.5974 -0.0944 0.7964
vn -0.0162 0.7355 0.6773
vn -0.6195 -0.4793 -0.6216
vn -0.4677 -0.7165 0.5175
vn -0.4496 0.8187 -0.3572
vn 0.2185 0.1479 0.9646
vn 0.2221 -0.5902 -0.7761
vn 0.9030 -0.0034 -0.4297
vn 0.3955 0.7871 -0.4734
vn 0.0998 -0.9078 0.4074
vn -0.9842 0.1252 -0.1251
vn -0.4739 0.6664 0.5755
vn -0.4076 -0.0927 -0.9084
vn 0.9408 -0.2594 0.2183
vn -0.8595 -0.5111 -0.0054
vn -0.4349 0.1615 0.8859
vn 0.0588 -0.4076 -0.9113
vn 0.2389 0.8721 -0.4271
vn 0.4520 -0.8891 0.0715
vn 0.2823 0.8848 -0.3708
vn 0.1287 -0.0788 -0.9885
vn 0.2711 0.5368 0.7990
vn -0.9957 0.0811 -0.0455
vn -0.1977 -0.4194 -0.8860
vn -0.3164 0.0842 0.9449
vn -0.4188 0.9000 -0.1206
vn -0.4205 -0.8721 0.2504
vn 0.8998 -0.2887 -0.3270
vn -0.6919 0.5987 -0.4036
vn -0.2163 -0.9610 0.1726
vn 0.5645 -0.0315 -0.8248
vn -0.3747 0.5342 0.7578
vn 0.9865 0.1571 -0.0451
vn 0.7070 -0.4609 0.5364
vn -0.6129 -0.7900 0.0138
vn -0.6895 0.3543 0.6317
vn -0.0183 0.3219 0.9466
vn 0.7837 -0.3408 -0.5194
vn 0.0749 -0.4737 -0.8775
vn -0.7209 0.5584 -0.4104
vn -0.7070 -0.0669 0.7041
vn -0.0944 -0.0021 -0.9955
vn 0.4828 0.8539 0.1945
vn -0.0388 0.1124 0.9929
vn 0.6900 0.1973 -0.6964
vn 0.5637 -0.7183 0.4078
vn 0.0547 0.8954 -0.4418
vn -0.7846 -0.4458 -0.4308
vn 0.2854 -0.5501 -0.7848
vn -0.6314 -0.1320 0.7642
vn -0.6705 -0.1150 -0.7329
vn 0.3657 -0.8467 0.3864
vn 0.8284 -0.5082 -0.2356
vn -0.7308 -0.3729 0.5718
vn 0.6758 0.6811 0.2819
vn 0.6472 0.7615 0.0350
vn -0.8383 0.2136 0.5017
vn 0.0989 -0.7199 -0.6870
vn -0.0938 0.7937 -0.6010
vn 0.6744 -0.6345 0.3777
vn 0.7029 -0.0420 0.7101
vn -0.0723 0.8247 -0.5609
vn 0.7971 0.1684 -0.5799
vn -0.7868 0.5187 0.3345
vn -0.5150 -0.7285 -0.4517
vn -0.1110 0.7333 0.6708
vn -0.7605 -0.5763 -0.2991
vn -0.6266 0.7332 -0.2641
vn -0.0633 -0.8382 0.5416
vn 0.7225 -0.0607 -0.6887
vn -0.2221 -0.3657 -0.9039
vn 0.1151 -0.6999 0.7049
vn 0.6646 0.4213 -0.6170
vn -0.9815 -0.0892 0.1692
vn 0.3430 0.8245 0.4501
vn -0.1671 -0.3240 -0.9312
vn 0.7866 0.4918 0.3732
vn 0.0415 0.9333 -0.3567
vn 0.5465 -0.8245 0.1466
vn -0.6484 0.0916 0.7557
vn 0.1534 0.5921 0.7911
vn -0.3932 0.1038 -0.9136
vn 0.6345 -0.7527 -0.1754
vn 0.8923 0.2462 -0.3783
vn -0.6951 -0.3608 0.6218
vn 0.5820 -0.0203 -0.8129
vn 0.2120 0.3246 0.9218
vn -0.9185 -0.2038 -0.3389
vn -0.5579 0.8173 -0.1442
vn -0.1323 -0.9271 0.3507
vn -0.3955 0.6095 -0.6871
vn 0.2689 -0.9604 0.0730
vn 0.9283 0.3691 0.0444
vn -0.7450 -0.1617 0.6471
vn 0.5792 0.4937 0.6487
vn -0.2470 0.9603 -0.1295
vn 0.1493 -0.7794 -0.6085
vn 0.8031 0.1940 -0.5633
vn -0.9197 -0.3790 -0.1022
vn 0.3851 -0.2376 0.8918
vn -0.2956 0.1357 -0.9456
vn 0.3694 -0.7481 0.5513
vn 0.9906 0.0897 -0.1037
vn -0.8499 -0.4106 0.3303
vn -0.1885 0.9171 0.3513
vn -0.3243 -0.4796 -0.8154
vn 0.9468 0.2693 0.1761
vn -0.6907 0.4767 -0.5437
vn 0.0207 -0.8148 0.5794
vn -0.5453 0.2091 0.8117
vn 0.3346 0.4560 0.8247
vn -0.7277 -0.6543 -0.2055
vn 0.5974 -0.0944 -0.7964
vn 0.0162 0.7355 -0.6773
vn 0.6195 -0.4793 0.6216
vn 0.4677 -0.7165 -0.5175
vn 0.4497 0.8187 0.3572
vn -0.2185 0.1479 -0.9646
vn -0.2220 -0.5902 0.7761
vn -0.9030 -0.0034 0.4297
vn -0.3955 0.7871 0.4734
vn -0.0998 -0.9078 -0.4074
vn 0.9842 0.1252 0.1251
vn 0.4739 0.6665 -0.5755
vn 0.4076 -0.0927 0.9084
vn -0.9408 -0.2594 -0.2183
vn 0.8595 -0.5111 0.0054
vn 0.4349 0.1615 -0.8859
vn -0.0587 -0.4076 0.9113
vn -0.2389 0.8721 0.4271
vn -0.4576 0.8833 0.1021
vn 0.8999 -0.2887 0.3269
vn 0.1287 -0.0788 0.9885
vn 0.2711 0.5368 -0.7990
vn -0.4205 -0.8721 -0.2504
vn 0.7500 0.5456 -0.3739
vn 0.6129 -0.7900 0.0137
vn -0.6752 -0.4762 0.5634
vn -0.4828 0.8539 0.1945
vn 0.2622 0.9010 0.3455
vn 0.4470 -0.8868 -0.1177
vn -0.9957 0.0811 0.0455
vn -0.1977 -0.4194 0.8860
vn -0.3164 0.0842 -0.9449
vn -0.1594 -0.9537 -0.2551
vn -0.7183 0.5643 0.4070
vn 0.5646 -0.0315 0.8248
vn -0.3747 0.5342 -0.7578
vn 0.9866 0.1571 0.0451
vn -0.8451 0.2100 -0.4916
vn 0.6148 0.7881 -0.0292
vn 0.0989 -0.7199 0.6870
vn -0.0938 0.7937 0.6010
vn 0.6744 -0.6345 -0.3777
vn 0.0364 0.9187 0.3932
vn 0.6120 -0.7062 -0.3560
vn -0.7846 -0.4458 0.4308
vn 0.2854 -0.5501 0.7848
vn -0.6314 -0.1320 -0.7642
vn 0.7523 -0.0648 0.6556
vn -0.7605 -0.5763 0.2991
vn -0.6266 0.7332 0.2641
vn -0.0633 -0.8382 -0.5416
vn -0.1060 0.7408 -0.6633
vn 0.6448 0.6975 -0.3127
vn 0.3657 -0.8467 -0.3864
vn -0.7110 -0.0549 0.7010
vn 0.8284 -0.5082 0.2356
vn -0.7308 -0.3728 -0.5718
vn -0.6534 0.0734 -0.7535
vn 0.7866 0.4918 -0.3732
vn -0.1768 -0.3374 0.9246
vn 0.0415 0.9333 0.3567
vn 0.5465 -0.8245 -0.1466
vn -0.2199 0.7941 0.5666
vn 0.7174 0.0007 -0.6966
vn 0.7971 0.1683 0.5799
vn -0.7869 0.5186 -0.3345
vn -0.5150 -0.7285 0.4517
vn -0.8715 -0.2838 0.3999
vn 0.2119 0.3246 -0.9218
vn -0.5579 0.8173 0.1442
vn -0.1323 -0.9271 -0.3507
vn 0.5719 -0.0451 0.8191
vn 0.2026 -0.7994 -0.5656
vn -0.2907 -0.4031 0.8678
vn 0.6647 0.4213 0.6170
vn -0.9815 -0.0892 -0.1692
vn 0.3431 0.8245 -0.4500
vn 0.9479 0.2791 -0.1536
vn -0.2825 -0.5498 0.7861
vn -0.6907 0.4767 0.5437
vn 0.0207 -0.8147 -0.5794
vn -0.5453 0.2091 -0.8117
vn -0.4766 0.2055 0.8548
vn 0.0790 0.4498 -0.8896
vn 0.6345 -0.7528 0.1755
vn 0.8923 0.2462 0.3784
vn -0.6951 -0.3608 -0.6218
vn -0.7370 -0.6556 0.1644
vn 0.3616 0.4410 -0.8215
vn 0.5974 -0.0944 0.7963
vn 0.0162 0.7355 0.6773
vn 0.6195 -0.4794 -0.6216
vn 0.2767 -0.9585 -0.0683
vn -0.5271 0.5270 0.6667
vn 0.9283 0.3691 -0.0444
vn -0.7450 -0.1617 -0.6471
vn 0.5792 0.4937 -0.6487
vn 0.1241 -0.8309 0.5424
vn -0.3962 0.9038 0.1621
vn 0.8031 0.1940 0.5633
vn -0.9197 -0.3790 0.1022
vn 0.3851 -0.2376 -0.8918
vn -0.2624 0.0012 0.9650
vn -0.1885 0.9171 -0.3512
vn 0.3694 -0.7481 -0.5513
vn 0.9906 0.0897 0.1037
vn -0.8499 -0.4106 -0.3303
vn 0.4097 0.8005 -0.4374
vn 0.4952 -0.6668 0.5568
vn -0.2185 0.1479 0.9646
vn -0.2221 -0.5902 -0.7761
vn -0.9030 -0.0034 -0.4297
vn -0.0655 -0.9217 0.3824
vn -0.4904 0.7756 -0.3974
vn 0.9842 0.1252 -0.1251
vn 0.4739 0.6664 0.5755
vn 0.4076 -0.0927 -0.9084
vn -0.9121 -0.3359 0.2351
vn -0.2389 0.8721 -0.4271
vn 0.8595 -0.5111 -0.0054
vn 0.4349 0.1615 0.8859
vn -0.0588 -0.4076 -0.9113
vn -0.5863 0.3902 -0.7099
vn 0.6291 -0.7584 -0.1706
vn 0.7424 0.3924 -0.5430
vn -0.8936 -0.4406 -0.0863
vn -0.4523 0.4076 0.7933
vn -0.2549 0.0895 0.9628
vn -0.9171 0.3207 -0.2366
vn 0.0582 0.9718 -0.2285
vn 0.3780 0.7953 0.4739
vn -0.0791 -0.9174 0.3900
vn -0.4021 -0.8838 -0.2391
vn 0.5458 -0.2315 -0.8053
vn 0.5323 0.7784 -0.3327
vn -0.4763 -0.7594 -0.4432
vn 0.7107 -0.3479 0.6114
vn 0.5006 0.7010 0.5079
vn -0.4551 -0.8179 0.3522
vn 0.4764 -0.6349 0.6082
vn -0.6521 0.7408 0.1609
vn 0.8759 0.3881 0.2867
vn -0.6915 -0.3689 0.6211
vn 0.1113 -0.5008 -0.8583
vn 0.2659 -0.9633 0.0370
vn 0.0354 0.5300 0.8473
vn 0.9974 0.0612 -0.0388
vn -0.7434 -0.1876 0.6420
vn -0.4609 0.5262 -0.7146
vn -0.4151 0.0242 0.9094
vn -0.3279 0.0178 -0.9446
vn 0.3557 0.8345 -0.4208
vn 0.2171 -0.9725 0.0844
vn 0.9570 -0.2897 0.0139
vn 0.2734 -0.6868 0.6734
vn -0.2588 0.9656 -0.0234
vn -0.2999 -0.4238 -0.8547
vn 0.5960 0.2971 -0.7460
vn -0.9981 0.0477 -0.0397
vn 0.3223 -0.0202 0.9464
vn -0.9361 0.0813 -0.3423
vn -0.3664 0.9239 -0.1104
vn -0.3437 -0.8155 0.4656
vn 0.6072 -0.2351 -0.7590
vn -0.1413 -0.9647 -0.2222
vn 0.1920 -0.2163 0.9573
vn 0.9713 0.1836 0.1512
vn 0.7679 -0.2415 -0.5933
vn -0.9720 -0.1450 -0.1850
vn -0.7635 0.2975 0.5732
vn 0.2650 0.9392 0.2183
vn 0.9839 0.0963 0.1507
vn -0.7413 0.5412 0.3969
vn -0.0903 0.2753 -0.9571
vn 0.8130 -0.3968 -0.4261
vn -0.9629 0.0709 -0.2602
vn -0.3894 -0.6238 -0.6777
vn 0.9473 0.1166 0.2985
vn -0.6662 0.3812 -0.6410
vn 0.0507 -0.5645 0.8239
vn -0.4616 0.4209 0.7809
vn 0.4787 0.5524 0.6824
vn -0.7661 -0.6419 -0.0336
vn 0.4278 -0.3287 -0.8420
vn -0.1196 0.5463 -0.8290
vn 0.6612 -0.4085 0.6292
vn -0.3457 0.1740 -0.9221
vn -0.8903 -0.2856 0.3547
vn 0.3371 -0.0884 0.9373
vn 0.8424 0.4099 -0.3498
vn -0.8355 0.1312 0.5335
vn 0.5251 -0.8157 -0.2426
vn 0.3363 0.0531 -0.9403
vn 0.3756 0.4161 0.8281
vn 0.3947 0.9187 0.0148
vn -0.5566 0.7732 0.3038
vn -0.3191 -0.9475 -0.0179
vn -0.3942 -0.4468 -0.8031
vn -0.2585 -0.0498 0.9647
vn 0.9710 -0.2378 -0.0266
vn -0.9452 0.2624 -0.1942
vn 0.5474 -0.5999 0.5835
vn 0.3095 -0.7569 -0.5755
vn -0.1196 0.5719 0.8115
vn 0.3517 0.8517 -0.3885
vn 0.3204 0.4407 0.8385
vn -0.2591 0.3553 -0.8981
vn 0.8565 0.3757 -0.3540
vn 0.4456 0.4615 -0.7671
vn -0.9025 0.4248 -0.0707
vn -0.9799 0.1633 0.1149
vn -0.0650 -0.9643 -0.2567
vn 0.8944 -0.3998 -0.2005
vn -0.7780 -0.4908 0.3922
vn -0.1404 0.9863 0.0872
vn 0.1170 -0.4884 -0.8647
vn 0.9560 0.2462 0.1596
vn -0.7863 -0.6020 0.1390
vn 0.2505 -0.4390 0.8629
vn -0.0140 0.5276 0.8494
vn -0.3086 0.1922 -0.9316
vn 0.4986 0.7829 -0.3721
vn -0.9470 -0.0557 -0.3164
vn 0.4600 -0.8868 0.0453
vn 0.5183 -0.5474 -0.6570
vn 0.0622 -0.1226 0.9905
vn 0.6607 0.7504 0.0161
vn -0.7250 -0.3414 -0.5982
vn -0.6202 0.7748 -0.1224
vn -0.4584 0.5644 0.6865
vn 0.4118 0.0014 -0.9113
vn 0.1858 -0.8224 0.5377
vn 0.6283 0.0738 0.7745
vn -0.5562 -0.8161 0.1569
vn -0.3402 0.7387 -0.5819
vn 0.7275 -0.6482 -0.2249
vn 0.8033 0.5042 0.3171
vn -0.4955 -0.7634 -0.4143
vn -0.6571 0.2363 0.7158
vn 0.6274 -0.7571 0.1818
vn -0.5661 0.3940 0.7241
vn 0.7424 0.3924 0.5431
vn -0.8936 -0.4406 0.0863
vn -0.4523 0.4076 -0.7933
vn -0.5537 -0.2236 -0.8022
vn 0.9171 0.3207 -0.2366
vn -0.0582 0.9718 -0.2285
vn -0.5323 0.7784 -0.3327
vn 0.4763 -0.7594 -0.4432
vn 0.4021 -0.8838 -0.2391
vn 0.3504 0.0661 0.9343
vn -0.3780 0.7954 0.4739
vn 0.0790 -0.9174 0.3900
vn -0.7107 -0.3479 0.6114
vn -0.5006 0.7010 0.5079
vn 0.4551 -0.8179 0.3522
vn 0.1066 -0.4948 0.8624
vn -0.6522 0.7408 -0.1608
vn 0.5043 -0.6276 -0.5931
vn 0.8759 0.3881 -0.2867
vn -0.6915 -0.3689 -0.6211
vn 0.0394 0.5633 -0.8253
vn 0.2811 -0.9587 -0.0439
vn 0.9974 0.0612 0.0388
vn -0.7434 -0.1876 -0.6420
vn -0.4609 0.5262 0.7146
vn -0.4369 0.0335 -0.8989
vn 0.9570 -0.2897 -0.0139
vn -0.3278 0.0178 0.9446
vn 0.3557 0.8345 0.4208
vn 0.2171 -0.9725 -0.0844
vn -0.2566 0.9664 0.0121
vn 0.2835 -0.6785 -0.6777
vn -0.2999 -0.4238 0.8547
vn 0.5960 0.2971 0.7460
vn -0.9981 0.0477 0.0396
vn -0.9229 0.0274 0.3841
vn 0.3137 -0.0033 -0.9495
vn -0.3665 0.9239 0.1104
vn -0.3438 -0.8155 -0.4656
vn 0.6072 -0.2351 0.7590
vn 0.9514 0.1148 -0.2857
vn -0.3767 -0.6833 0.6255
vn -0.6662 0.3812 0.6410
vn 0.0507 -0.5645 -0.8239
vn -0.4616 0.4208 -0.7809
vn -0.7814 -0.6241 0.0050
vn 0.4956 0.5300 -0.6881
vn 0.4278 -0.3287 0.8420
vn -0.1196 0.5463 0.8290
vn 0.6612 -0.4085 -0.6293
vn -0.2597 -0.8562 -0.4466
vn -0.3851 0.2966 -0.8739
vn -0.9974 0.0612 0.0388
vn -0.8526 -0.5213 0.0372
vn 0.4834 -0.5777 -0.6577
vn 0.7434 -0.1876 -0.6420
vn 0.2048 0.9537 0.2201
vn -0.5960 0.2971 0.7460
vn 0.9981 0.0477 0.0396
vn 0.3868 0.6553 0.6488
vn -0.4456 0.4615 0.7671
vn 0.9025 0.4248 0.0707
vn 0.4125 -0.3194 0.8531
vn -0.8944 -0.3998 0.2005
vn 0.7780 -0.4908 -0.3922
vn 0.5169 -0.8120 0.2712
vn -0.8207 0.1222 -0.5582
vn 0.3363 0.0531 0.9403
vn 0.3756 0.4161 -0.8281
vn 0.3947 0.9187 -0.0148
vn -0.4682 0.7993 -0.3768
vn 0.9710 -0.2378 0.0266
vn -0.3192 -0.9475 0.0179
vn -0.3942 -0.4468 0.8031
vn -0.2585 -0.0498 -0.9647
vn -0.9817 0.1610 0.1018
vn 0.3517 0.8517 0.3885
vn 0.5474 -0.5999 -0.5835
vn 0.3095 -0.7569 0.5755
vn -0.1196 0.5719 -0.8115
vn 0.3228 0.4186 -0.8489
vn -0.0650 -0.9643 0.2567
vn 0.8944 -0.3998 0.2005
vn 0.4456 0.4615 0.7671
vn -0.9025 0.4248 0.0707
vn -0.7780 -0.4908 -0.3922
vn -0.2591 0.3553 0.8981
vn 0.8565 0.3757 0.3540
vn -0.9799 0.1633 -0.1149
vn 0.0857 -0.5457 0.8336
vn -0.0763 0.9970 -0.0141
vn 0.9560 0.2462 -0.1595
vn -0.7863 -0.6020 -0.1390
vn 0.2505 -0.4390 -0.8629
vn -0.0652 0.6134 -0.7871
vn 0.4600 -0.8868 -0.0453
vn -0.3086 0.1923 0.9315
vn 0.4986 0.7829 0.3721
vn -0.9470 -0.0557 0.3164
vn -0.0150 -0.1077 -0.9941
vn 0.5588 -0.5515 0.6193
vn 0.6607 0.7504 -0.0162
vn -0.7250 -0.3414 0.5982
vn -0.6203 0.7748 0.1223
vn 0.3909 -0.0565 0.9187
vn -0.4206 0.6233 -0.6592
vn 0.1858 -0.8224 -0.5377
vn 0.6283 0.0738 -0.7745
vn -0.5562 -0.8161 -0.1569
vn -0.2876 0.7168 0.6352
vn -0.6571 0.2363 -0.7158
vn 0.7275 -0.6482 0.2249
vn 0.8033 0.5042 -0.3171
vn -0.4955 -0.7634 0.4143
vn 0.1612 -0.8432 0.5128
vn 0.7052 0.6318 -0.3217
vn 0.2111 -0.2876 -0.9342
vn 0.3836 -0.6252 -0.6797
vn 0.4964 0.3713 0.7846
vn 0.1087 0.5842 0.8043
vn -0.9974 0.0719 -0.0052
vn -0.3839 -0.2345 -0.8931
vn -0.2504 0.7562 0.6045
vn -0.5239 0.8514 -0.0235
vn 0.6064 -0.0425 0.7940
vn 0.5664 -0.7439 -0.3547
vn -0.1933 -0.1300 -0.9725
vn 0.5669 -0.6789 0.4666
vn -0.8385 -0.2556 0.4813
vn -0.7925 0.5269 -0.3070
vn -0.3820 0.8866 0.2608
vn -0.7082 -0.1662 -0.6861
vn 0.6331 0.3921 -0.6674
vn 0.3490 0.7930 0.4994
vn -0.0982 -0.6388 -0.7630
vn 0.9235 -0.3756 0.0779
vn 0.8165 0.2475 0.5215
vn 0.4801 -0.7751 -0.4109
vn 0.1836 -0.2288 0.9560
vn -0.1330 -0.9589 -0.2504
vn -0.1654 0.3188 -0.9333
vn 0.1354 0.9584 0.2513
vn -0.6236 0.7049 -0.3380
vn -0.4842 -0.8747 0.0202
vn -0.3034 -0.1942 -0.9329
vn -0.5018 -0.1341 0.8545
vn 0.8614 -0.4667 0.2004
vn 0.4873 0.1304 -0.8635
vn 0.3207 0.2112 0.9233
vn 0.7382 0.6720 -0.0589
vn -0.9687 0.2426 -0.0518
vn 0.0626 -0.9629 -0.2626
vn 0.9942 0.0526 -0.0938
vn 0.2290 0.9714 0.0635
vn 0.1331 0.3429 -0.9299
vn 0.3293 -0.7561 -0.5655
vn 0.9603 0.0144 -0.2786
vn -0.7699 -0.1815 -0.6118
vn 0.0686 -0.5741 0.8159
vn -0.1920 0.9396 0.2832
vn 0.7740 0.2090 0.5977
vn -0.9656 0.0471 0.2558
vn 0.3313 0.9434 0.0142
vn 0.4927 -0.0754 0.8669
vn -0.6007 -0.7980 -0.0489
vn -0.4993 0.4685 -0.7288
vn 0.1164 0.4616 -0.8794
vn -0.2559 0.8694 0.4227
vn -0.9583 -0.1598 0.2370
vn -0.7644 -0.2458 -0.5961
vn 0.9533 0.1661 -0.2524
vn 0.7443 0.2839 0.6045
vn -0.3417 -0.2749 0.8987
vn -0.8892 0.4506 -0.0794
vn 0.7151 0.1292 0.6870
vn -0.0077 -0.9716 -0.2367
vn -0.7143 -0.0966 -0.6932
vn 0.8956 -0.4436 0.0326
vn -0.0835 -0.9639 0.2527
vn -0.2223 0.3299 0.9175
vn 0.7679 -0.2415 0.5933
vn 0.7630 -0.1356 0.6320
vn -0.9661 -0.0414 0.2550
vn -0.9720 -0.1450 0.1850
vn 0.0862 0.9589 -0.2703
vn 0.9713 0.1836 -0.1512
vn -0.7635 0.2975 -0.5732
vn 0.2334 -0.2266 -0.9456
vn 0.9671 0.0914 -0.2375
vn -0.7681 0.1562 -0.6211
vn 0.7396 0.4147 0.5301
vn -0.2330 -0.0408 -0.9716
vn 0.5920 -0.6319 -0.5002
vn -0.1237 0.9611 0.2469
vn -0.4734 -0.7220 0.5046
vn -0.7174 -0.4045 -0.5672
vn 0.1222 -0.3500 0.9287
vn -0.0200 -0.9931 -0.1151
vn -0.5103 0.4533 0.7308
vn 0.8169 0.4859 -0.3107
vn -0.9523 -0.2476 0.1783
vn 0.6606 -0.4486 0.6020
vn 0.1541 -0.8773 -0.4544
vn 0.2947 0.5272 0.7970
vn 0.0472 0.4703 -0.8813
vn 0.1612 -0.8433 -0.5128
vn -0.9974 0.0719 0.0052
vn 0.7053 0.6318 0.3216
vn 0.2111 -0.2876 0.9342
vn 0.1087 0.5841 -0.8044
vn 0.2128 0.8117 0.5440
vn 0.8764 -0.2823 -0.3901
vn 0.5759 -0.3796 0.7241
vn 0.3840 -0.2345 0.8931
vn 0.2504 0.7562 -0.6045
vn 0.2589 0.6631 -0.7024
vn -0.5114 -0.7229 -0.4646
vn -0.2709 -0.6147 0.7408
vn -0.5925 0.4198 -0.6876
vn -0.9486 0.1586 0.2739
vn -0.3836 -0.6252 0.6797
vn -0.4964 0.3713 -0.7846
vn 0.6541 -0.5973 -0.4641
vn -0.7500 -0.6297 -0.2026
vn -0.7674 0.4419 0.4645
vn 0.5984 0.7144 0.3626
vn -0.7737 0.6196 -0.1321
vn -0.5784 -0.7177 0.3878
vn -0.5983 -0.3178 -0.7356
vn -0.2945 0.4767 0.8283
vn 0.8177 -0.5740 0.0428
vn 0.5668 0.6905 -0.4493
vn 0.2858 -0.4490 -0.8466
vn 0.5996 0.3680 0.7106
vn 0.8614 -0.4667 -0.2004
vn -0.4842 -0.8747 -0.0202
vn -0.3034 -0.1942 0.9329
vn 0.4873 0.1304 0.8635
vn 0.3207 0.2112 -0.9233
vn -0.5018 -0.1341 -0.8545
vn -0.6236 0.7049 0.3380
vn 0.7382 0.6720 0.0589
vn 0.9942 0.0526 0.0938
vn 0.0626 -0.9629 0.2626
vn -0.9687 0.2426 0.0519
vn 0.2290 0.9714 -0.0635
vn 0.7319 0.6164 0.2904
vn -0.2856 0.2867 0.9145
vn -0.9137 -0.4030 -0.0517
vn 0.3358 -0.0441 -0.9409
vn -0.3313 0.9434 -0.0142
vn -0.4927 -0.0754 -0.8669
vn 0.7143 -0.0967 -0.6932
vn 0.8892 0.4506 -0.0795
vn -0.7151 0.1292 0.6870
vn -0.8956 -0.4436 0.0326
vn 0.6007 -0.7980 0.0489
vn 0.5343 -0.0099 -0.8452
vn -0.4494 -0.7684 0.4556
vn 0.4993 0.4685 0.7288
vn 0.3574 0.7647 -0.5361
vn -0.5906 0.0347 0.8062
vn -0.6499 0.7518 -0.1115
vn 0.7461 0.6028 -0.2828
vn 0.8182 -0.5341 0.2128
vn -0.5130 -0.6884 0.5128
vn 0.8298 -0.5515 0.0859
vn -0.5620 -0.7043 0.4337
vn -0.7806 0.5952 -0.1906
vn 0.5637 0.6583 -0.4990
vn -0.4742 -0.7195 -0.5075
vn -0.2330 -0.0408 0.9716
vn 0.7524 0.4107 -0.5150
vn 0.5921 -0.6319 0.5002
vn -0.1237 0.9611 -0.2469
vn 0.1888 -0.3648 -0.9117
vn -0.7169 -0.4071 0.5660
vn -0.0200 -0.9932 0.1151
vn -0.5103 0.4532 -0.7308
vn 0.8169 0.4859 0.3107
vn -0.9492 -0.2934 -0.1138
vn 0.0472 0.4703 0.8812
vn 0.6606 -0.4486 -0.6020
vn 0.1541 -0.8773 0.4544
vn 0.2947 0.5272 -0.7970
vn 0.6538 0.7361 0.1755
vn -0.5043 -0.6276 0.5931
vn -0.8759 0.3881 0.2867
vn -0.5324 0.7784 0.3327
vn 0.4764 -0.7594 0.4432
vn 0.6915 -0.3689 0.6211
vn -0.1113 -0.5008 -0.8583
vn -0.7424 0.3924 -0.5430
vn 0.8936 -0.4406 -0.0864
vn -0.2715 -0.9605 0.0614
vn 0.4609 0.5262 -0.7146
vn -0.9974 0.0612 -0.0388
vn 0.7434 -0.1876 0.6420
vn -0.0354 0.5300 0.8472
vn 0.4494 0.3987 0.7994
vn -0.6291 -0.7584 -0.1706
vn 0.5661 0.3940 -0.7241
vn -0.5006 0.7010 -0.5079
vn 0.4551 -0.8178 -0.3522
vn 0.2566 0.9664 -0.0121
vn -0.2835 -0.6785 0.6777
vn 0.2999 -0.4238 -0.8547
vn -0.5960 0.2971 -0.7460
vn 0.9981 0.0477 -0.0397
vn 0.3719 0.3077 -0.8758
vn 0.3063 -0.8344 -0.4581
vn 0.8526 -0.5213 0.0372
vn -0.4834 -0.5778 -0.6577
vn -0.4125 -0.3194 0.8531
vn -0.3868 0.6553 0.6488
vn -0.2048 0.9537 0.2201
vn 0.3649 0.0281 -0.9306
vn 0.4231 0.0392 0.9052
vn -0.0582 0.9718 0.2285
vn -0.3557 0.8345 -0.4208
vn -0.2171 -0.9725 0.0844
vn 0.4021 -0.8838 0.2391
vn -0.9570 -0.2897 0.0139
vn -0.3780 0.7954 -0.4739
vn 0.0791 -0.9174 -0.3900
vn 0.2597 -0.8562 0.4466
vn 0.3851 0.2966 0.8739
vn 0.8526 -0.5213 -0.0372
vn -0.4834 -0.5778 0.6576
vn -0.2048 0.9537 -0.2201
vn -0.3868 0.6553 -0.6489
vn -0.4125 -0.3194 -0.8531
vn -0.2979 -0.0168 0.9545
vn -0.6072 -0.2351 -0.7590
vn 0.9361 0.0813 -0.3423
vn 0.3665 0.9239 -0.1104
vn 0.3438 -0.8155 0.4656
vn 0.3316 0.2895 -0.8979
vn -0.3135 0.4301 0.8466
vn -0.4456 0.4615 -0.7671
vn -0.8565 0.3757 -0.3540
vn 0.9799 0.1633 0.1149
vn 0.9025 0.4248 -0.0708
vn 0.0650 -0.9643 -0.2567
vn -0.8944 -0.3998 -0.2005
vn 0.7780 -0.4908 0.3922
vn -0.9514 0.1148 0.2857
vn 0.3767 -0.6833 -0.6255
vn 0.6662 0.3812 -0.6410
vn -0.0507 -0.5645 0.8239
vn 0.4616 0.4208 0.7809
vn -0.3494 -0.3009 0.8873
vn -0.1169 -0.4884 -0.8647
vn -0.9560 0.2462 0.1595
vn 0.7863 -0.6020 0.1390
vn 0.0762 0.9970 0.0141
vn 0.7814 -0.6240 -0.0050
vn -0.4955 0.5300 0.6881
vn -0.4278 -0.3287 -0.8420
vn 0.1196 0.5463 -0.8290
vn -0.6612 -0.4085 0.6293
vn 0.1080 0.4127 -0.9044
vn -0.0135 0.5821 0.8130
vn -0.4986 0.7829 -0.3721
vn 0.9470 -0.0557 -0.3164
vn -0.4600 -0.8868 0.0453
vn -0.3308 0.9268 0.1777
vn -0.5251 -0.8157 -0.2426
vn -0.3363 0.0531 -0.9403
vn -0.3756 0.4161 0.8281
vn 0.8207 0.1222 0.5582
vn 0.2739 -0.9617 0.0129
vn 0.5443 0.7450 0.3856
vn 0.3942 -0.4468 -0.8031
vn 0.2585 -0.0498 0.9647
vn -0.9710 -0.2378 -0.0266
vn 0.9817 0.1610 -0.1018
vn -0.3517 0.8517 -0.3886
vn -0.5473 -0.5999 0.5835
vn -0.3095 -0.7569 -0.5755
vn 0.1196 0.5719 0.8115
vn 0.0150 -0.1076 0.9941
vn -0.5588 -0.5515 -0.6194
vn -0.6607 0.7504 0.0161
vn 0.7250 -0.3414 -0.5982
vn 0.6202 0.7748 -0.1223
vn -0.3909 -0.0565 -0.9187
vn 0.4205 0.6233 0.6593
vn -0.1858 -0.8224 0.5377
vn -0.6283 0.0738 0.7745
vn 0.5562 -0.8161 0.1569
vn 0.2876 0.7168 -0.6352
vn 0.6571 0.2363 0.7158
vn -0.7275 -0.6482 -0.2249
vn -0.8033 0.5042 0.3170
vn 0.4955 -0.7634 -0.4143
vn -0.6368 -0.7519 0.1709
vn 0.4523 0.4076 -0.7933
vn -0.7424 0.3924 0.5431
vn 0.8936 -0.4406 0.0863
vn 0.5661 0.3940 0.7241
vn 0.9248 0.3073 0.2242
vn -0.5459 -0.2315 0.8052
vn -0.7107 -0.3479 -0.6114
vn 0.3504 0.0661 -0.9343
vn 0.6403 0.7501 -0.1655
vn -0.1113 -0.5009 0.8583
vn -0.5043 -0.6276 -0.5931
vn -0.8759 0.3881 -0.2867
vn 0.6915 -0.3689 -0.6211
vn 0.4545 0.5282 0.7173
vn -0.2811 -0.9587 -0.0439
vn -0.0355 0.5300 -0.8472
vn 0.4152 0.0242 -0.9094
vn 0.3278 0.0178 0.9446
vn -0.3557 0.8345 0.4208
vn -0.2171 -0.9725 -0.0844
vn -0.9570 -0.2897 -0.0139
vn 0.2526 0.9672 0.0265
vn 0.2999 -0.4238 0.8547
vn -0.2835 -0.6785 -0.6777
vn 0.9708 0.0258 0.2383
vn -0.6072 -0.2351 0.7590
vn 0.3665 0.9239 0.1104
vn 0.3438 -0.8155 -0.4656
vn -0.3136 -0.0033 -0.9495
vn 0.3894 -0.6238 0.6777
vn -0.9473 0.1166 -0.2985
vn 0.6662 0.3812 0.6410
vn -0.0507 -0.5645 -0.8239
vn 0.4616 0.4208 -0.7809
vn -0.4787 0.5524 -0.6824
vn 0.7661 -0.6419 0.0336
vn -0.4278 -0.3287 0.8420
vn 0.1196 0.5463 0.8290
vn -0.6612 -0.4085 -0.6292
vn -0.3719 0.3077 0.8758
vn -0.3063 -0.8344 0.4581
vn -0.8526 -0.5213 -0.0372
vn 0.4834 -0.5778 0.6576
vn 0.4124 -0.3194 -0.8532
vn 0.3868 0.6553 -0.6488
vn 0.2048 0.9537 -0.2201
vn 0.8355 0.1313 -0.5335
vn -0.5251 -0.8157 0.2426
vn -0.3363 0.0531 0.9403
vn -0.3756 0.4161 -0.8281
vn -0.3947 0.9187 -0.0148
vn -0.9718 -0.2345 0.0259
vn 0.5443 0.7450 -0.3855
vn 0.3191 -0.9475 0.0179
vn 0.3942 -0.4468 0.8031
vn 0.2585 -0.0498 -0.9647
vn 0.9452 0.2624 0.1942
vn -0.5473 -0.5999 -0.5835
vn -0.3096 -0.7569 0.5755
vn 0.1196 0.5719 -0.8115
vn -0.3517 0.8517 0.3885
vn 0.1000 -0.9894 0.1053
vn -0.3136 0.4302 -0.8465
vn 0.2591 0.3554 0.8981
vn -0.8565 0.3757 0.3540
vn 0.9799 0.1633 -0.1149
vn -0.0707 -0.4663 0.8818
vn -0.2505 -0.4390 -0.8629
vn -0.9560 0.2462 -0.1596
vn 0.7863 -0.6020 -0.1390
vn 0.0762 0.9970 -0.0141
vn 0.0140 0.5276 -0.8494
vn 0.3086 0.1923 0.9316
vn -0.4986 0.7829 0.3721
vn 0.9470 -0.0557 0.3164
vn -0.4600 -0.8868 -0.0453
vn -0.5183 -0.5474 0.6570
vn -0.0622 -0.1226 -0.9905
vn -0.6607 0.7504 -0.0162
vn 0.7250 -0.3414 0.5982
vn 0.6202 0.7748 0.1224
vn 0.4585 0.5644 -0.6865
vn -0.4117 0.0014 0.9113
vn -0.1858 -0.8224 -0.5377
vn -0.6283 0.0738 -0.7745
vn 0.5562 -0.8161 -0.1569
vn 0.3402 0.7387 0.5819
vn -0.7275 -0.6482 0.2249
vn -0.8033 0.5042 -0.3171
vn 0.4955 -0.7634 0.4143
vn 0.6571 0.2363 -0.7158
vn -0.1612 -0.8432 0.5128
vn 0.9974 0.0719 -0.0052
vn 0.3839 -0.2345 -0.8931
vn -0.3836 -0.6252 -0.6797
vn -0.4964 0.3713 0.7846
vn 0.2504 0.7562 0.6045
vn -0.7053 0.6318 -0.3217
vn -0.2111 -0.2876 -0.9342
vn -0.1087 0.5842 0.8043
vn -0.2127 0.8117 -0.5440
vn -0.8764 -0.2823 0.3901
vn -0.5759 -0.3796 -0.7241
vn -0.2589 0.6631 0.7023
vn 0.5114 -0.7229 0.4646
vn 0.2709 -0.6147 -0.7408
vn 0.5925 0.4198 0.6876
vn 0.9486 0.1586 -0.2739
vn -0.6541 -0.5973 0.4641
vn 0.7500 -0.6297 0.2026
vn 0.7674 0.4420 -0.4645
vn -0.5984 0.7144 -0.3626
vn 0.1654 0.3189 -0.9333
vn 0.1330 -0.9589 -0.2504
vn -0.1836 -0.2288 0.9560
vn -0.1354 0.9584 0.2513
vn 0.6236 0.7049 0.3380
vn 0.4842 -0.8747 -0.0202
vn 0.3034 -0.1942 0.9329
vn 0.5018 -0.1341 -0.8545
vn -0.8614 -0.4667 -0.2004
vn -0.4873 0.1304 0.8635
vn -0.3207 0.2112 -0.9233
vn -0.7382 0.6720 0.0589
vn 0.9687 0.2426 0.0519
vn -0.0625 -0.9629 0.2626
vn 0.4032 -0.0622 0.9130
vn 0.0816 -0.6372 -0.7664
vn -0.9942 0.0526 0.0938
vn -0.1394 0.5833 0.8002
vn -0.4451 0.0678 -0.8929
vn -0.2290 0.9714 -0.0635
vn 0.2482 0.8795 0.4060
vn -0.8051 0.5692 -0.1667
vn -0.1394 0.5832 -0.8002
vn -0.4451 0.0678 0.8929
vn -0.4571 -0.6514 -0.6056
vn 0.9264 -0.3654 0.0907
vn 0.4032 -0.0622 -0.9130
vn 0.0816 -0.6372 0.7664
vn 0.9655 0.1818 0.1863
vn -0.1581 0.6773 0.7185
vn -0.9771 0.2086 -0.0411
vn -0.0280 -0.4865 -0.8733
vn 0.8182 -0.5341 -0.2128
vn 0.7461 0.6028 0.2828
vn -0.6499 0.7518 0.1115
vn -0.5130 -0.6884 -0.5128
vn 0.8806 -0.4437 -0.1662
vn 0.1161 0.9675 -0.2246
vn -0.9722 0.2169 -0.0884
vn -0.4819 -0.8730 -0.0753
vn 0.2173 -0.0638 -0.9740
vn -0.7525 0.4106 0.5150
vn -0.5920 -0.6319 -0.5002
vn -0.8174 -0.2769 -0.5052
vn 0.6306 0.7500 -0.1996
vn 0.1237 0.9611 0.2469
vn 0.4734 -0.7220 0.5046
vn -0.7397 -0.6589 0.1367
vn 0.6940 0.5135 0.5047
vn 0.7195 -0.4068 -0.5629
vn -0.8169 0.4859 -0.3107
vn -0.1222 -0.3500 0.9287
vn 0.0200 -0.9932 -0.1151
vn 0.5103 0.4533 0.7308
vn 0.9492 -0.2934 0.1138
vn -0.0472 0.4703 -0.8813
vn -0.6606 -0.4486 0.6020
vn -0.1541 -0.8773 -0.4545
vn -0.2947 0.5272 0.7970
vn -0.1612 -0.8433 -0.5128
vn -0.7052 0.6318 0.3217
vn -0.2111 -0.2876 0.9342
vn -0.1087 0.5841 -0.8044
vn 0.9974 0.0719 0.0052
vn -0.5114 -0.7229 0.4646
vn 0.8764 -0.2823 0.3901
vn 0.5759 -0.3796 -0.7241
vn -0.2709 -0.6147 -0.7408
vn -0.5925 0.4198 0.6876
vn 0.2589 0.6631 0.7024
vn 0.2127 0.8117 -0.5440
vn -0.9486 0.1586 -0.2739
vn -0.7674 0.4419 -0.4645
vn -0.7500 -0.6297 0.2026
vn 0.6541 -0.5973 0.4641
vn 0.5984 0.7144 -0.3626
vn 0.7467 -0.6058 0.2746
vn -0.3288 -0.3813 0.8640
vn -0.9510 0.2920 -0.1016
vn 0.3633 -0.0858 -0.9277
vn -0.4275 0.5370 -0.7272
vn 0.5609 -0.6919 -0.4547
vn 0.4669 -0.2341 0.8527
vn -0.2750 0.6972 0.6620
vn -0.4571 -0.6514 0.6056
vn -0.8051 0.5692 0.1667
vn 0.2482 0.8795 -0.4060
vn 0.9264 -0.3654 -0.0907
vn -0.6007 -0.7980 0.0489
vn 0.4927 -0.0754 -0.8669
vn 0.3313 0.9434 -0.0142
vn -0.4993 0.4685 0.7288
vn 0.3417 -0.2749 0.8987
vn 0.2560 0.8694 0.4227
vn -0.1164 0.4616 -0.8794
vn 0.0077 -0.9716 -0.2366
vn 0.3305 -0.7263 -0.6027
vn -0.3261 0.7543 -0.5698
vn -0.4460 0.4940 0.7463
vn 0.0404 -0.5890 0.8071
vn -0.7397 0.4147 -0.5300
vn 0.2330 -0.0408 0.9716
vn -0.5921 -0.6319 0.5002
vn 0.1237 0.9611 -0.2469
vn 0.4735 -0.7220 -0.5046
vn -0.1522 -0.3025 -0.9409
vn -0.8169 0.4859 0.3107
vn 0.0200 -0.9932 0.1151
vn 0.5103 0.4532 -0.7308
vn 0.7169 -0.4070 0.5660
vn 0.9523 -0.2476 -0.1783
vn -0.6606 -0.4486 -0.6020
vn -0.1541 -0.8773 0.4545
vn -0.2947 0.5272 -0.7970
vn -0.0472 0.4703 0.8812
vn -0.1382 -0.0777 0.9874
vn 0.4673 0.6787 -0.5666
vn 0.9465 -0.3184 0.0516
vn 0.9394 -0.1007 0.3276
vn -0.7815 0.5851 0.2168
vn -0.7203 0.6198 -0.3114
vn -0.3006 -0.8892 -0.3450
vn 0.7997 -0.5638 -0.2066
vn -0.8828 0.1263 -0.4525
vn -0.2690 -0.8601 0.4334
vn 0.3148 0.8525 0.4173
vn 0.1964 0.1340 -0.9713
vn 0.2887 0.8217 -0.4913
vn -0.2719 -0.8583 -0.4352
vn 0.1009 -0.1723 0.9799
vn 0.1413 -0.9647 0.2222
vn -0.1920 -0.2163 -0.9573
vn -0.9713 0.1836 -0.1512
vn -0.7679 -0.2415 0.5933
vn 0.9720 -0.1450 0.1850
vn 0.7635 0.2975 -0.5732
vn -0.2650 0.9392 -0.2183
vn -0.9839 0.0963 -0.1507
vn 0.7413 0.5412 -0.3969
vn 0.0903 0.2752 0.9571
vn -0.8130 -0.3968 0.4261
vn 0.9629 0.0709 0.2602
vn -0.2334 -0.2266 0.9456
vn 0.0835 -0.9639 -0.2527
vn -0.7631 -0.1356 -0.6320
vn -0.9671 0.0914 0.2375
vn 0.7681 0.1562 0.6210
vn 0.9661 -0.0414 -0.2550
vn 0.2223 0.3299 -0.9175
vn -0.7679 -0.2415 -0.5933
vn 0.9720 -0.1450 -0.1850
vn -0.0862 0.9589 0.2703
vn -0.9713 0.1836 0.1512
vn 0.7635 0.2975 0.5732
vn -0.0600 -0.5806 -0.8120
vn -0.3085 -0.7715 0.5565
vn -0.1570 0.3258 0.9323
vn 0.1382 0.9489 -0.2837
vn 0.9913 0.0722 -0.1097
vn 0.0719 -0.9480 -0.3101
vn -0.9690 0.2393 -0.0606
vn -0.5191 -0.1382 0.8435
vn -0.2826 -0.1926 -0.9397
vn 0.2072 0.9753 0.0767
vn 0.3015 0.2112 0.9298
vn 0.5043 0.1266 -0.8542
vn -0.9476 -0.3040 -0.0984
vn -0.2825 0.3536 0.8917
vn 0.7834 0.5562 0.2772
vn 0.3695 -0.0896 -0.9249
vn 0.1820 0.8249 -0.5351
vn -0.9096 0.3497 0.2245
vn -0.6752 -0.2898 -0.6783
vn -0.1502 0.2305 -0.9614
vn 0.3967 0.8869 0.2366
vn 0.0182 0.5422 0.8400
vn 0.1639 -0.9164 0.3652
vn -0.7179 -0.5239 -0.4583
vn 0.1073 0.1257 0.9862
vn 0.8914 -0.0254 -0.4525
vn -0.1054 -0.1378 -0.9848
vn 0.7119 0.5387 0.4505
vn -0.4997 -0.6844 -0.5309
vn -0.6592 0.7483 0.0741
vn -0.5643 -0.0317 0.8250
vn -0.2596 0.2846 -0.9228
vn 0.7204 0.6234 0.3041
vn 0.2977 -0.2503 0.9212
vn 0.5456 0.0289 -0.8375
vn 0.8292 -0.5296 -0.1786
vn -0.9942 0.0526 -0.0938
vn -0.0626 -0.9629 -0.2626
vn 0.9687 0.2426 -0.0518
vn -0.2290 0.9714 0.0634
vn 0.5910 0.3661 0.7189
vn -0.9542 0.2084 -0.2148
vn -0.1720 0.6794 -0.7133
vn 0.6299 0.7183 -0.2956
vn -0.6998 -0.2896 0.6530
vn -0.4953 -0.0000 0.8687
vn 0.1074 -0.8992 -0.4242
vn 0.5993 0.1411 -0.7880
vn 0.1148 -0.5115 0.8516
vn -0.5811 -0.3813 -0.7190
vn 0.6752 -0.6312 0.3817
vn 0.7896 -0.0076 -0.6135
vn -0.5741 -0.7979 0.1837
vn -0.0495 0.7061 0.7064
vn -0.2541 -0.3344 -0.9075
vn 0.4842 -0.7239 0.4915
vn 0.9768 0.1922 -0.0942
vn -0.8207 -0.5036 0.2697
vn -0.5190 0.8543 -0.0279
vn -0.1951 -0.0613 -0.9789
vn -0.3006 -0.8892 0.3450
vn 0.7996 -0.5638 0.2067
vn 0.9394 -0.1007 -0.3276
vn -0.7815 0.5851 -0.2168
vn -0.8828 0.1262 0.4526
vn 0.4673 0.6786 0.5666
vn 0.9465 -0.3184 -0.0516
vn -0.7203 0.6198 0.3114
vn 0.2860 0.8450 -0.4519
vn -0.2911 -0.8511 -0.4369
vn 0.8130 -0.3968 0.4261
vn -0.9629 0.0709 0.2603
vn 0.1964 0.1340 0.9713
vn -0.2723 -0.8455 0.4594
vn 0.2526 0.8223 0.5100
vn 0.1009 -0.1723 -0.9799
vn 0.9839 0.0963 -0.1507
vn -0.7413 0.5412 -0.3969
vn 0.6200 0.4996 0.6050
vn 0.7717 -0.5674 -0.2871
vn -0.4791 -0.3875 -0.7876
vn -0.6709 0.7348 0.1001
vn 0.2223 0.3299 0.9175
vn 0.0835 -0.9639 0.2527
vn -0.2334 -0.2266 -0.9456
vn -0.0862 0.9589 -0.2703
vn -0.4822 -0.8755 0.0316
vn -0.6051 0.6950 -0.3884
vn 0.7555 0.6513 -0.0708
vn 0.8501 -0.4769 0.2232
vn 0.9690 0.2393 -0.0606
vn -0.0719 -0.9480 -0.3101
vn 0.0542 -0.6767 0.7343
vn 0.4409 -0.0196 -0.8974
vn -0.9913 0.0722 -0.1097
vn -0.4781 0.0357 0.8776
vn -0.0757 0.6418 -0.7632
vn -0.2072 0.9753 0.0767
vn 0.9476 -0.3040 0.0985
vn 0.2825 0.3535 -0.8917
vn -0.7834 0.5562 -0.2772
vn -0.3695 -0.0896 0.9249
vn 0.8074 0.0983 -0.5817
vn -0.0036 0.9183 -0.3958
vn 0.1689 -0.1392 -0.9758
vn 0.9459 0.2750 0.1720
vn -0.8667 0.1978 0.4580
vn 0.2396 -0.9564 0.1669
vn -0.4475 -0.5417 -0.7116
vn 0.5860 0.0073 0.8103
vn 0.4997 -0.6844 0.5310
vn 0.6591 0.7484 -0.0741
vn 0.5643 -0.0317 -0.8250
vn 0.2596 0.2846 0.9228
vn -0.7204 0.6234 -0.3041
vn -0.2977 -0.2503 -0.9212
vn -0.5456 0.0289 0.8375
vn -0.8292 -0.5296 0.1786
vn 0.0760 0.9693 0.2339
vn -0.9746 0.2010 0.0992
vn -0.5993 0.1411 -0.7880
vn 0.1721 0.6794 -0.7133
vn 0.4953 -0.0000 0.8687
vn -0.1148 -0.5115 0.8516
vn -0.4601 -0.8878 0.0127
vn 0.8767 -0.4597 0.1414
vn 0.1256 -0.9067 0.4027
vn -0.9542 0.2084 0.2148
vn -0.1720 0.6794 0.7134
vn 0.5993 0.1411 0.7880
vn 0.1148 -0.5115 -0.8516
vn -0.4953 -0.0000 -0.8687
vn 0.5891 0.4163 -0.6926
vn 0.6299 0.7183 0.2956
vn -0.6998 -0.2896 -0.6530
vn 0.7402 -0.5646 -0.3651
vn -0.5836 -0.3808 0.7172
vn 0.7896 -0.0076 0.6135
vn -0.5741 -0.7979 -0.1838
vn -0.0495 0.7061 -0.7064
vn -0.1428 -0.2331 0.9619
vn -0.5190 0.8543 0.0279
vn 0.4842 -0.7239 -0.4915
vn 0.9768 0.1922 0.0942
vn -0.8207 -0.5036 -0.2697
vn 0.1951 -0.0613 0.9789
vn 0.3005 -0.8892 -0.3450
vn -0.7997 -0.5638 -0.2066
vn -0.9394 -0.1007 0.3276
vn 0.7815 0.5851 0.2168
vn 0.8828 0.1263 -0.4525
vn -0.4673 0.6786 -0.5666
vn -0.9465 -0.3184 0.0516
vn 0.7203 0.6198 -0.3114
vn -0.2860 0.8450 0.4518
vn 0.2911 -0.8511 0.4368
vn -0.8130 -0.3968 -0.4261
vn 0.9629 0.0709 -0.2602
vn -0.1964 0.1340 -0.9713
vn 0.2723 -0.8455 -0.4593
vn -0.2526 0.8223 -0.5100
vn -0.1009 -0.1723 0.9799
vn -0.9839 0.0963 0.1507
vn 0.7413 0.5412 0.3969
vn 0.2205 0.9575 -0.1859
vn 0.1920 -0.2163 -0.9573
vn -0.1413 -0.9647 0.2222
vn -0.0903 0.2752 0.9571
vn -0.7806 0.5952 0.1906
vn -0.5620 -0.7044 -0.4337
vn 0.8298 -0.5515 -0.0859
vn 0.5637 0.6583 0.4990
vn -0.1570 0.3258 -0.9323
vn -0.3085 -0.7715 -0.5565
vn 0.7406 -0.3556 -0.5702
vn 0.7630 -0.1356 -0.6320
vn -0.9661 -0.0414 -0.2550
vn -0.8941 0.3386 -0.2930
vn -0.0600 -0.5806 0.8120
vn 0.8872 -0.3384 0.3136
vn -0.7508 0.3694 0.5476
vn 0.1382 0.9489 0.2836
vn 0.9671 0.0914 0.2375
vn -0.7681 0.1562 0.6210
vn 0.4731 -0.2097 0.8557
vn 0.6004 -0.6605 -0.4508
vn -0.4311 -0.8817 -0.1917
vn -0.5676 -0.5330 0.6275
vn 0.4758 0.8594 0.1872
vn 0.5944 0.5434 -0.5928
vn -0.4190 0.5385 -0.7311
vn -0.2964 0.7014 0.6482
vn -0.7834 0.5562 0.2772
vn 0.2825 0.3536 0.8917
vn -0.3832 -0.5487 0.7430
vn -0.0727 0.9871 -0.1426
vn 0.9476 -0.3040 -0.0984
vn 0.1289 -0.9790 0.1577
vn 0.4228 0.5744 -0.7009
vn -0.3695 -0.0896 -0.9249
vn -0.1165 0.4616 0.8794
vn 0.2560 0.8693 -0.4227
vn 0.3417 -0.2749 -0.8987
vn 0.0077 -0.9716 0.2366
vn 0.4601 -0.8878 0.0127
vn 0.9746 0.2009 0.0992
vn 0.2977 -0.2503 -0.9212
vn 0.5456 0.0289 0.8375
vn -0.1127 0.9478 0.2982
vn -0.8767 -0.4597 0.1414
vn -0.5643 -0.0317 -0.8249
vn -0.2596 0.2846 0.9228
vn 0.9423 0.2354 -0.2382
vn -0.5891 0.4163 0.6926
vn -0.6299 0.7183 -0.2956
vn 0.6998 -0.2896 0.6530
vn -0.1074 -0.8992 -0.4242
vn 0.5668 -0.4069 -0.7163
vn 0.0495 0.7061 0.7064
vn -0.6752 -0.6312 0.3817
vn -0.7896 -0.0076 -0.6135
vn 0.5741 -0.7979 0.1838
vn 0.1428 -0.2331 -0.9619
vn 0.5190 0.8543 -0.0279
vn -0.4842 -0.7239 0.4915
vn -0.9768 0.1922 -0.0942
vn 0.8207 -0.5036 0.2697
vn 0.1382 -0.0777 -0.9874
vn -0.4673 0.6786 0.5666
vn -0.9465 -0.3184 -0.0516
vn -0.9394 -0.1007 -0.3276
vn 0.7815 0.5851 -0.2168
vn 0.7203 0.6198 0.3114
vn 0.3006 -0.8892 0.3450
vn -0.7996 -0.5638 0.2067
vn 0.8828 0.1262 0.4526
vn 0.2690 -0.8601 -0.4335
vn -0.3148 0.8525 -0.4173
vn -0.1964 0.1340 0.9713
vn -0.2887 0.8217 0.4913
vn 0.2719 -0.8583 0.4351
vn -0.1009 -0.1723 -0.9799
vn -0.2205 0.9575 0.1860
vn -0.1920 -0.2163 0.9573
vn 0.1413 -0.9647 -0.2222
vn 0.0903 0.2753 -0.9571
vn -0.2223 0.3299 -0.9175
vn -0.0835 -0.9639 -0.2527
vn 0.2334 -0.2266 0.9456
vn 0.0862 0.9589 0.2703
vn 0.0600 -0.5806 0.8120
vn 0.3085 -0.7715 -0.5565
vn 0.1569 0.3258 -0.9323
vn -0.1382 0.9489 0.2836
vn -0.4731 -0.2097 -0.8557
vn -0.6004 -0.6605 0.4508
vn 0.4191 0.5385 0.7311
vn 0.2964 0.7014 -0.6482
vn -0.3989 -0.6024 -0.6913
vn -0.7628 0.6148 -0.2004
vn 0.2609 0.8404 0.4750
vn 0.9118 -0.3845 0.1444
vn 0.9044 0.1330 0.4054
vn 0.0161 0.9382 0.3458
vn -0.8765 0.2123 -0.4321
vn 0.4138 -0.7978 -0.4385
vn 0.7204 0.6234 -0.3041
vn -0.6591 0.7484 -0.0741
vn -0.4997 -0.6844 0.5310
vn 0.8292 -0.5296 0.1786
vn -0.0761 0.9693 -0.2339
vn 0.9746 0.2009 -0.0992
vn 0.4601 -0.8878 -0.0127
vn -0.8767 -0.4597 -0.1414
vn -0.0958 -0.9023 0.4204
vn -0.5891 0.4163 -0.6926
vn -0.6299 0.7183 0.2956
vn 0.6998 -0.2896 -0.6530
vn 0.9542 0.2084 0.2148
vn 0.0427 0.6783 -0.7335
vn 0.5836 -0.3809 0.7172
vn -0.6752 -0.6312 -0.3817
vn -0.7896 -0.0076 0.6135
vn 0.5741 -0.7979 -0.1838
vn 0.2541 -0.3344 0.9075
vn -0.4842 -0.7239 -0.4915
vn -0.9768 0.1922 0.0942
vn 0.8207 -0.5036 -0.2697
vn 0.5190 0.8543 0.0279
vn -0.4082 0.8165 0.4082
vn 0.4083 0.8165 0.4082
vn 0.4083 0.8165 -0.4082
vn -0.4082 0.8165 -0.4082
vn 0.8765 -0.2123 -0.4320
vn -0.4138 0.7978 -0.4385
vn -0.9044 -0.1331 0.4054
vn -0.0161 -0.9382 0.3458
vn -0.6310 0.3488 -0.6930
vn -0.6310 0.3488 0.6930
vn -0.7538 -0.5282 0.3910
vn -0.7538 -0.5282 -0.3910
vn 0.0406 0.9202 -0.3894
vn 0.0406 0.9202 0.3894
vn 0.5033 -0.5407 0.6741
vn 0.5033 -0.5407 -0.6741
vn -0.0888 0.7023 0.7063
vn 0.0853 -0.7027 0.7064
vn -0.8848 -0.1303 0.4473
vn 0.8876 0.1307 0.4418
vn 0.0853 -0.7027 -0.7064
vn -0.8849 -0.1303 -0.4473
vn 0.8876 0.1307 -0.4418
vn -0.0888 0.7023 -0.7063
vn -0.2027 0.6792 -0.7054
vn 0.3555 0.6792 0.6421
vn 0.5052 -0.6727 0.5407
vn -0.0251 -0.6727 -0.7395
vn -0.5761 0.3142 0.7546
vn 0.9409 0.3142 0.1262
vn 0.5488 -0.6306 0.5488
vn -0.0000 -0.6306 0.7761
vn -0.0000 0.9999 -0.0105
vn -0.0074 0.9999 -0.0074
vn 0.2364 -0.2960 -0.9254
vn -0.0036 -1.0000 -0.0036
vn -0.5421 0.6420 -0.5421
vn -0.8216 -0.2960 -0.4872
vn -0.0000 -1.0000 -0.0051
vn -0.0000 0.6420 -0.7667
vn -0.1211 0.7010 0.7028
vn 0.2698 -0.6641 0.6973
vn 0.2698 -0.6641 -0.6973
vn -0.1211 0.7010 -0.7028
vn 0.0251 -0.6727 0.7395
vn 0.2027 0.6792 0.7054
vn -0.3555 0.6792 -0.6421
vn -0.5052 -0.6727 -0.5407
vn 0.8697 -0.4079 0.2779
vn 0.4184 -0.4079 -0.8115
vn -0.1777 -0.9841 -0.0000
vn 0.8769 0.4806 -0.0000
vn -0.6777 0.4306 -0.5960
vn -0.8866 -0.4625 -0.0000
vn 0.1994 0.9799 -0.0000
vn -0.0578 0.4306 0.9007
vn 0.1134 0.7230 0.6815
vn 0.1134 0.7230 -0.6815
vn 0.8846 -0.0000 -0.4664
vn 0.8846 -0.0000 0.4664
vn -0.9015 -0.0000 0.4327
vn -0.9015 -0.0000 -0.4327
vn -0.4310 -0.5914 -0.6815
vn -0.4310 -0.5914 0.6815
vn 0.8667 -0.1978 0.4580
vn -0.2396 0.9564 0.1669
vn 0.4475 0.5417 -0.7116
vn -0.5860 -0.0073 0.8103
vn -0.8074 -0.0983 -0.5817
vn -0.1689 0.1392 -0.9758
vn -0.9459 -0.2750 0.1721
vn 0.0036 -0.9183 -0.3958
vn -0.2241 -0.2499 0.9420
vn 0.8245 -0.2499 0.5076
vn 0.0532 -0.9972 0.0532
vn 0.5071 0.6969 0.5071
vn 0.5700 0.2656 -0.7775
vn -0.9528 0.2656 -0.1467
vn -0.5132 -0.6880 -0.5132
vn -0.0440 0.9981 -0.0440
vn -0.1820 -0.8249 0.5351
vn -0.8914 0.0255 0.4525
vn 0.1502 -0.2305 0.9614
vn -0.3967 -0.8869 -0.2366
vn -0.1639 0.9164 -0.3652
vn 0.9096 -0.3497 -0.2245
vn 0.6752 0.2898 0.6783
vn -0.0182 -0.5422 -0.8400
vn -0.1983 0.6851 0.7010
vn 0.9614 0.2452 0.1248
vn -0.0327 -0.5348 -0.8443
vn -0.9940 0.1080 -0.0167
vn 0.8697 -0.4079 -0.2779
vn -0.0578 0.4306 -0.9007
vn -0.6777 0.4306 0.5960
vn 0.4184 -0.4079 0.8115
vn 0.7546 0.3142 -0.5761
vn -0.4872 -0.2961 -0.8216
vn -0.9254 -0.2961 0.2364
vn 0.1262 0.3142 0.9409
vn -0.9409 0.3142 0.1262
vn 0.5761 0.3142 0.7546
vn 0.8216 -0.2960 -0.4872
vn -0.2364 -0.2960 -0.9254
vn -0.2241 -0.2499 -0.9420
vn -0.9528 0.2656 0.1467
vn 0.5700 0.2656 0.7775
vn 0.8245 -0.2499 -0.5076
vn -0.4097 0.5965 0.6901
vn -0.7717 -0.6170 0.1542
vn 0.6547 -0.6170 -0.4366
vn 0.7777 0.5965 0.1983
vn 0.9420 -0.2499 -0.2241
vn -0.1467 0.2656 -0.9528
vn -0.7775 0.2656 0.5700
vn 0.5076 -0.2499 0.8245
vn 0.8216 -0.2961 0.4872
vn 0.5761 0.3142 -0.7546
vn -0.9409 0.3142 -0.1262
vn -0.2364 -0.2961 0.9254
vn -0.4310 0.5914 0.6815
vn -0.4310 0.5914 -0.6815
vn 0.1134 -0.7230 -0.6815
vn 0.1134 -0.7230 0.6815
vt 0.000000 0.000000
s 1
f 2369/1/1 2370/1/2 43/1/3 39/1/4
f 2370/1/2 2369/1/1 40/1/5 44/1/6
f 2370/1/2 2371/1/7 31/1/8 43/1/3
f 2371/1/7 2370/1/2 44/1/6 32/1/9
f 2371/1/7 2372/1/10 35/1/11 31/1/8
f 2372/1/10 2371/1/7 32/1/9 36/1/12
f 2372/1/10 2369/1/1 39/1/4 35/1/11
f 2369/1/1 2372/1/10 36/1/12 40/1/5
f 2373/1/13 2374/1/14 2301/1/15 2291/1/16
f 2374/1/14 2373/1/13 2292/1/17 2302/1/18
f 2374/1/14 2375/1/19 2297/1/20 2301/1/15
f 2375/1/19 2374/1/14 2302/1/18 2298/1/21
f 2375/1/19 2376/1/22 2293/1/23 2297/1/20
f 2376/1/22 2375/1/19 2298/1/21 2294/1/24
f 2376/1/22 2373/1/13 2291/1/16 2293/1/23
f 2373/1/13 2376/1/22 2294/1/24 2292/1/17
f 2377/1/25 2378/1/26 33/1/27 25/1/28
f 2378/1/26 2377/1/25 26/1/29 34/1/30
f 2378/1/26 2379/1/31 27/1/32 33/1/27
f 2379/1/31 2378/1/26 34/1/30 28/1/33
f 2379/1/31 2380/1/34 29/1/35 27/1/32
f 2380/1/34 2379/1/31 28/1/33 30/1/36
f 2380/1/34 2377/1/25 25/1/28 29/1/35
f 2377/1/25 2380/1/34 30/1/36 26/1/29
f 2381/1/37 2382/1/38 2355/1/39 2351/1/40
f 2382/1/38 2381/1/37 2352/1/41 2356/1/42
f 2382/1/38 2383/1/43 2347/1/44 2355/1/39
f 2383/1/43 2382/1/38 2356/1/42 2348/1/45
f 2383/1/43 2384/1/46 2343/1/47 2347/1/44
f 2384/1/46 2383/1/43 2348/1/45 2344/1/48
f 2384/1/46 2381/1/37 2351/1/40 2343/1/47
f 2381/1/37 2384/1/46 2344/1/48 2352/1/41
f 2385/1/49 2386/1/50 259/1/51 255/1/52
f 2386/1/50 2385/1/49 256/1/53 260/1/54
f 2386/1/50 2387/1/55 247/1/56 259/1/51
f 2387/1/55 2386/1/50 260/1/54 248/1/57
f 2387/1/55 2388/1/58 251/1/59 247/1/56
f 2388/1/58 2387/1/55 248/1/57 252/1/60
f 2388/1/58 2385/1/49 255/1/52 251/1/59
f 2385/1/49 2388/1/58 252/1/60 256/1/53
f 2389/1/61 2390/1/62 69/1/63 77/1/64
f 2390/1/62 2389/1/61 78/1/65 70/1/66
f 2390/1/62 2391/1/67 67/1/68 69/1/63
f 2391/1/67 2390/1/62 70/1/66 68/1/69
f 2391/1/67 2392/1/70 73/1/71 67/1/68
f 2392/1/70 2391/1/67 68/1/69 74/1/72
f 2392/1/70 2393/1/73 85/1/74 73/1/71
f 2393/1/73 2392/1/70 74/1/72 86/1/75
f 2393/1/73 2394/1/76 81/1/77 85/1/74
f 2394/1/76 2393/1/73 86/1/75 82/1/78
f 2394/1/76 2389/1/61 77/1/64 81/1/77
f 2389/1/61 2394/1/76 82/1/78 78/1/65
f 2395/1/79 2396/1/80 1377/1/81 1365/1/82
f 2396/1/80 2395/1/79 1366/1/83 1378/1/84
f 2396/1/80 2397/1/85 1373/1/86 1377/1/81
f 2397/1/85 2396/1/80 1378/1/84 1374/1/87
f 2397/1/85 2398/1/88 1369/1/89 1373/1/86
f 2398/1/88 2397/1/85 1374/1/87 1370/1/90
f 2398/1/88 2395/1/79 1365/1/82 1369/1/89
f 2395/1/79 2398/1/88 1370/1/90 1366/1/83
f 2399/1/91 2400/1/92 2189/1/93 2183/1/94
f 2400/1/92 2399/1/91 2184/1/95 2190/1/96
f 2400/1/92 2401/1/97 2187/1/98 2189/1/93
f 2401/1/97 2400/1/92 2190/1/96 2188/1/99
f 2401/1/97 2402/1/100 2185/1/101 2187/1/98
f 2402/1/100 2401/1/97 2188/1/99 2186/1/102
f 2402/1/100 2399/1/91 2183/1/94 2185/1/101
f 2399/1/91 2402/1/100 2186/1/102 2184/1/95
f 2403/1/103 2404/1/104 2339/1/105 2335/1/106
f 2404/1/104 2403/1/103 2336/1/107 2340/1/108
f 2404/1/104 2405/1/109 2333/1/110 2339/1/105
f 2405/1/109 2404/1/104 2340/1/108 2334/1/111
f 2405/1/109 2406/1/112 2331/1/113 2333/1/110
f 2406/1/112 2405/1/109 2334/1/111 2332/1/114
f 2406/1/112 2403/1/103 2335/1/106 2331/1/113
f 2403/1/103 2406/1/112 2332/1/114 2336/1/107
f 2407/1/115 2408/1/116 1395/1/117 1387/1/118
f 2408/1/116 2407/1/115 1388/1/119 1396/1/120
f 2408/1/116 2409/1/121 1391/1/122 1395/1/117
f 2409/1/121 2408/1/116 1396/1/120 1392/1/123
f 2409/1/121 2410/1/124 1389/1/125 1391/1/122
f 2410/1/124 2409/1/121 1392/1/123 1390/1/126
f 2410/1/124 2407/1/115 1387/1/118 1389/1/125
f 2407/1/115 2410/1/124 1390/1/126 1388/1/119
f 2411/1/127 2412/1/128 219/1/129 207/1/130
f 2412/1/128 2411/1/127 208/1/131 220/1/132
f 2412/1/128 2413/1/133 215/1/134 219/1/129
f 2413/1/133 2412/1/128 220/1/132 216/1/135
f 2413/1/133 2414/1/136 211/1/137 215/1/134
f 2414/1/136 2413/1/133 216/1/135 212/1/138
f 2414/1/136 2411/1/127 207/1/130 211/1/137
f 2411/1/127 2414/1/136 212/1/138 208/1/131
f 2415/1/139 2416/1/140 1383/1/141 1375/1/142
f 2416/1/140 2415/1/139 1376/1/143 1384/1/144
f 2416/1/140 2417/1/145 1381/1/146 1383/1/141
f 2417/1/145 2416/1/140 1384/1/144 1382/1/147
f 2417/1/145 2418/1/148 1379/1/149 1381/1/146
f 2418/1/148 2417/1/145 1382/1/147 1380/1/150
f 2418/1/148 2415/1/139 1375/1/142 1379/1/149
f 2415/1/139 2418/1/148 1380/1/150 1376/1/143
f 2419/1/151 2420/1/152 131/1/153 123/1/154
f 2420/1/152 2419/1/151 124/1/155 132/1/156
f 2420/1/152 2421/1/157 127/1/158 131/1/153
f 2421/1/157 2420/1/152 132/1/156 128/1/159
f 2421/1/157 2422/1/160 125/1/161 127/1/158
f 2422/1/160 2421/1/157 128/1/159 126/1/162
f 2422/1/160 2419/1/151 123/1/154 125/1/161
f 2419/1/151 2422/1/160 126/1/162 124/1/155
f 2423/1/163 2424/1/164 721/1/165 715/1/166
f 2424/1/164 2423/1/163 716/1/167 722/1/168
f 2424/1/164 2425/1/169 719/1/170 721/1/165
f 2425/1/169 2424/1/164 722/1/168 720/1/171
f 2425/1/169 2426/1/172 717/1/173 719/1/170
f 2426/1/172 2425/1/169 720/1/171 718/1/174
f 2426/1/172 2423/1/163 715/1/166 717/1/173
f 2423/1/163 2426/1/172 718/1/174 716/1/167
f 2427/1/61 2428/1/175 1331/1/176 1321/1/177
f 2428/1/175 2427/1/61 1322/1/178 1332/1/179
f 2428/1/175 2429/1/180 1329/1/181 1331/1/176
f 2429/1/180 2428/1/175 1332/1/179 1330/1/182
f 2429/1/180 2430/1/183 1333/1/184 1329/1/181
f 2430/1/183 2429/1/180 1330/1/182 1334/1/185
f 2430/1/183 2431/1/70 1335/1/186 1333/1/184
f 2431/1/70 2430/1/183 1334/1/185 1336/1/187
f 2431/1/70 2432/1/188 1323/1/189 1335/1/186
f 2432/1/188 2431/1/70 1336/1/187 1324/1/190
f 2432/1/188 2433/1/191 1327/1/192 1323/1/189
f 2433/1/191 2432/1/188 1324/1/190 1328/1/193
f 2433/1/191 2434/1/194 1325/1/195 1327/1/192
f 2434/1/194 2433/1/191 1328/1/193 1326/1/196
f 2434/1/194 2427/1/61 1321/1/177 1325/1/195
f 2427/1/61 2434/1/194 1326/1/196 1322/1/178
f 2435/1/197 2436/1/198 455/1/199 443/1/200
f 2436/1/198 2435/1/197 444/1/201 456/1/202
f 2436/1/198 2437/1/203 451/1/204 455/1/199
f 2437/1/203 2436/1/198 456/1/202 452/1/205
f 2437/1/203 2438/1/206 447/1/207 451/1/204
f 2438/1/206 2437/1/203 452/1/205 448/1/208
f 2438/1/206 2435/1/197 443/1/200 447/1/207
f 2435/1/197 2438/1/206 448/1/208 444/1/201
f 2439/1/209 2440/1/210 151/1/211 149/1/212
f 2440/1/210 2439/1/209 150/1/213 152/1/214
f 2440/1/210 2441/1/215 143/1/216 151/1/211
f 2441/1/215 2440/1/210 152/1/214 144/1/217
f 2441/1/215 2442/1/218 147/1/219 143/1/216
f 2442/1/218 2441/1/215 144/1/217 148/1/220
f 2442/1/218 2439/1/209 149/1/212 147/1/219
f 2439/1/209 2442/1/218 148/1/220 150/1/213
f 2443/1/221 2444/1/222 91/1/223 89/1/224
f 2444/1/222 2443/1/221 90/1/225 92/1/226
f 2444/1/222 2445/1/61 87/1/64 91/1/223
f 2445/1/61 2444/1/222 92/1/226 88/1/65
f 2445/1/61 2446/1/227 75/1/228 87/1/64
f 2446/1/227 2445/1/61 88/1/65 76/1/229
f 2446/1/227 2447/1/230 71/1/231 75/1/228
f 2447/1/230 2446/1/227 76/1/229 72/1/232
f 2447/1/230 2448/1/233 67/1/68 71/1/231
f 2448/1/233 2447/1/230 72/1/232 68/1/69
f 2448/1/233 2449/1/73 69/1/63 67/1/68
f 2449/1/73 2448/1/233 68/1/69 70/1/66
f 2449/1/73 2450/1/221 65/1/224 69/1/63
f 2450/1/221 2449/1/73 70/1/66 66/1/225
f 2450/1/221 2451/1/234 79/1/235 65/1/224
f 2451/1/234 2450/1/221 66/1/225 80/1/236
f 2451/1/234 2452/1/70 83/1/71 79/1/235
f 2452/1/70 2451/1/234 80/1/236 84/1/72
f 2452/1/70 2453/1/237 95/1/238 83/1/71
f 2453/1/237 2452/1/70 84/1/72 96/1/239
f 2453/1/237 2454/1/230 93/1/231 95/1/238
f 2454/1/230 2453/1/237 96/1/239 94/1/232
f 2454/1/230 2455/1/67 81/1/77 93/1/231
f 2455/1/67 2454/1/230 94/1/232 82/1/78
f 2455/1/67 2456/1/240 85/1/74 81/1/77
f 2456/1/240 2455/1/67 82/1/78 86/1/75
f 2456/1/240 2443/1/221 89/1/224 85/1/74
f 2443/1/221 2456/1/240 86/1/75 90/1/225
f 2457/1/241 2458/1/242 923/1/243 919/1/244
f 2458/1/242 2457/1/241 920/1/245 924/1/246
f 2458/1/242 2459/1/247 911/1/248 923/1/243
f 2459/1/247 2458/1/242 924/1/246 912/1/249
f 2459/1/247 2460/1/250 915/1/251 911/1/248
f 2460/1/250 2459/1/247 912/1/249 916/1/252
f 2460/1/250 2457/1/241 919/1/244 915/1/251
f 2457/1/241 2460/1/250 916/1/252 920/1/245
f 2461/1/253 2462/1/254 459/1/255 457/1/256
f 2462/1/254 2461/1/253 458/1/257 460/1/258
f 2462/1/254 2463/1/259 451/1/204 459/1/255
f 2463/1/259 2462/1/254 460/1/258 452/1/205
f 2463/1/259 2464/1/260 455/1/199 451/1/204
f 2464/1/260 2463/1/259 452/1/205 456/1/202
f 2464/1/260 2461/1/253 457/1/256 455/1/199
f 2461/1/253 2464/1/260 456/1/202 458/1/257
f 2465/1/261 2466/1/262 1447/1/263 1439/1/264
f 2466/1/262 2465/1/261 1440/1/265 1448/1/266
f 2466/1/262 2467/1/267 1445/1/268 1447/1/263
f 2467/1/267 2466/1/262 1448/1/266 1446/1/269
f 2467/1/267 2468/1/270 1443/1/271 1445/1/268
f 2468/1/270 2467/1/267 1446/1/269 1444/1/272
f 2468/1/270 2465/1/261 1439/1/264 1443/1/271
f 2465/1/261 2468/1/270 1444/1/272 1440/1/265
f 2469/1/273 2470/1/274 649/1/275 643/1/276
f 2470/1/274 2469/1/273 644/1/277 650/1/278
f 2470/1/274 2471/1/279 647/1/280 649/1/275
f 2471/1/279 2470/1/274 650/1/278 648/1/281
f 2471/1/279 2472/1/282 645/1/283 647/1/280
f 2472/1/282 2471/1/279 648/1/281 646/1/284
f 2472/1/282 2469/1/273 643/1/276 645/1/283
f 2469/1/273 2472/1/282 646/1/284 644/1/277
f 2473/1/285 2474/1/286 2225/1/287 2221/1/288
f 2474/1/286 2473/1/285 2222/1/289 2226/1/290
f 2474/1/286 2475/1/291 2223/1/292 2225/1/287
f 2475/1/291 2474/1/286 2226/1/290 2224/1/293
f 2475/1/291 2476/1/294 2219/1/295 2223/1/292
f 2476/1/294 2475/1/291 2224/1/293 2220/1/296
f 2476/1/294 2473/1/285 2221/1/288 2219/1/295
f 2473/1/285 2476/1/294 2220/1/296 2222/1/289
f 2477/1/297 2478/1/298 2315/1/299 2319/1/300
f 2478/1/298 2477/1/297 2320/1/301 2316/1/302
f 2478/1/298 2479/1/303 2317/1/304 2315/1/299
f 2479/1/303 2478/1/298 2316/1/302 2318/1/305
f 2479/1/303 2480/1/306 2313/1/307 2317/1/304
f 2480/1/306 2479/1/303 2318/1/305 2314/1/308
f 2480/1/306 2477/1/297 2319/1/300 2313/1/307
f 2477/1/297 2480/1/306 2314/1/308 2320/1/301
f 2481/1/309 2482/1/310 935/1/311 925/1/312
f 2482/1/310 2481/1/309 926/1/313 936/1/314
f 2482/1/310 2483/1/315 933/1/316 935/1/311
f 2483/1/315 2482/1/310 936/1/314 934/1/317
f 2483/1/315 2484/1/318 929/1/319 933/1/316
f 2484/1/318 2483/1/315 934/1/317 930/1/320
f 2484/1/318 2481/1/309 925/1/312 929/1/319
f 2481/1/309 2484/1/318 930/1/320 926/1/313
f 2485/1/321 2486/1/322 241/1/323 237/1/324
f 2486/1/322 2485/1/321 238/1/325 242/1/326
f 2486/1/322 2487/1/327 233/1/328 241/1/323
f 2487/1/327 2486/1/322 242/1/326 234/1/329
f 2487/1/327 2488/1/330 235/1/331 233/1/328
f 2488/1/330 2487/1/327 234/1/329 236/1/332
f 2488/1/330 2485/1/321 237/1/324 235/1/331
f 2485/1/321 2488/1/330 236/1/332 238/1/325
f 2489/1/333 2490/1/334 2287/1/335 2285/1/336
f 2490/1/334 2489/1/333 2286/1/337 2288/1/338
f 2490/1/334 2491/1/339 2281/1/340 2287/1/335
f 2491/1/339 2490/1/334 2288/1/338 2282/1/341
f 2491/1/339 2492/1/342 2283/1/343 2281/1/340
f 2492/1/342 2491/1/339 2282/1/341 2284/1/344
f 2492/1/342 2489/1/333 2285/1/336 2283/1/343
f 2489/1/333 2492/1/342 2284/1/344 2286/1/337
f 2493/1/345 2494/1/346 199/1/347 193/1/348
f 2494/1/346 2493/1/345 194/1/349 200/1/350
f 2494/1/346 2495/1/351 195/1/352 199/1/347
f 2495/1/351 2494/1/346 200/1/350 196/1/353
f 2495/1/351 2496/1/354 197/1/355 195/1/352
f 2496/1/354 2495/1/351 196/1/353 198/1/356
f 2496/1/354 2493/1/345 193/1/348 197/1/355
f 2493/1/345 2496/1/354 198/1/356 194/1/349
f 2497/1/357 2498/1/358 439/1/359 431/1/360
f 2498/1/358 2497/1/357 432/1/361 440/1/362
f 2498/1/358 2499/1/363 435/1/364 439/1/359
f 2499/1/363 2498/1/358 440/1/362 436/1/365
f 2499/1/363 2500/1/366 433/1/367 435/1/364
f 2500/1/366 2499/1/363 436/1/365 434/1/368
f 2500/1/366 2497/1/357 431/1/360 433/1/367
f 2497/1/357 2500/1/366 434/1/368 432/1/361
f 2501/1/369 2502/1/370 403/1/371 401/1/372
f 2502/1/370 2501/1/369 402/1/373 404/1/374
f 2502/1/370 2503/1/375 393/1/376 403/1/371
f 2503/1/375 2502/1/370 404/1/374 394/1/377
f 2503/1/375 2504/1/378 399/1/379 393/1/376
f 2504/1/378 2503/1/375 394/1/377 400/1/380
f 2504/1/378 2501/1/369 401/1/372 399/1/379
f 2501/1/369 2504/1/378 400/1/380 402/1/373
f 2505/1/381 2506/1/382 1403/1/383 1395/1/117
f 2506/1/382 2505/1/381 1396/1/120 1404/1/384
f 2506/1/382 2507/1/385 1399/1/386 1403/1/383
f 2507/1/385 2506/1/382 1404/1/384 1400/1/387
f 2507/1/385 2508/1/388 1391/1/122 1399/1/386
f 2508/1/388 2507/1/385 1400/1/387 1392/1/123
f 2508/1/388 2505/1/381 1395/1/117 1391/1/122
f 2505/1/381 2508/1/388 1392/1/123 1396/1/120
f 2509/1/389 2510/1/390 211/1/137 207/1/130
f 2510/1/390 2509/1/389 208/1/131 212/1/138
f 2510/1/390 2511/1/391 205/1/392 211/1/137
f 2511/1/391 2510/1/390 212/1/138 206/1/393
f 2511/1/391 2512/1/394 203/1/395 205/1/392
f 2512/1/394 2511/1/391 206/1/393 204/1/396
f 2512/1/394 2509/1/389 207/1/130 203/1/395
f 2509/1/389 2512/1/394 204/1/396 208/1/131
f 2513/1/397 2514/1/398 1239/1/399 1237/1/400
f 2514/1/398 2513/1/397 1238/1/401 1240/1/402
f 2514/1/398 2515/1/403 1233/1/404 1239/1/399
f 2515/1/403 2514/1/398 1240/1/402 1234/1/405
f 2515/1/403 2516/1/406 1235/1/407 1233/1/404
f 2516/1/406 2515/1/403 1234/1/405 1236/1/408
f 2516/1/406 2513/1/397 1237/1/400 1235/1/407
f 2513/1/397 2516/1/406 1236/1/408 1238/1/401
f 2517/1/409 2518/1/410 1409/1/411 1405/1/412
f 2518/1/410 2517/1/409 1406/1/413 1410/1/414
f 2518/1/410 2519/1/415 1397/1/416 1409/1/411
f 2519/1/415 2518/1/410 1410/1/414 1398/1/417
f 2519/1/415 2520/1/418 1401/1/419 1397/1/416
f 2520/1/418 2519/1/415 1398/1/417 1402/1/420
f 2520/1/418 2517/1/409 1405/1/412 1401/1/419
f 2517/1/409 2520/1/418 1402/1/420 1406/1/413
f 2521/1/421 2522/1/422 273/1/423 269/1/424
f 2522/1/422 2521/1/421 270/1/425 274/1/426
f 2522/1/422 2523/1/427 265/1/428 273/1/423
f 2523/1/427 2522/1/422 274/1/426 266/1/429
f 2523/1/427 2524/1/430 267/1/431 265/1/428
f 2524/1/430 2523/1/427 266/1/429 268/1/432
f 2524/1/430 2521/1/421 269/1/424 267/1/431
f 2521/1/421 2524/1/430 268/1/432 270/1/425
f 2525/1/433 2526/1/434 41/1/435 25/1/28
f 2526/1/434 2525/1/433 26/1/29 42/1/436
f 2526/1/434 2527/1/437 37/1/438 41/1/435
f 2527/1/437 2526/1/434 42/1/436 38/1/439
f 2527/1/437 2528/1/440 33/1/27 37/1/438
f 2528/1/440 2527/1/437 38/1/439 34/1/30
f 2528/1/440 2525/1/433 25/1/28 33/1/27
f 2525/1/433 2528/1/440 34/1/30 26/1/29
f 2529/1/441 2530/1/442 217/1/443 213/1/444
f 2530/1/442 2529/1/441 214/1/445 218/1/446
f 2530/1/442 2531/1/447 201/1/448 217/1/443
f 2531/1/447 2530/1/442 218/1/446 202/1/449
f 2531/1/447 2532/1/450 209/1/451 201/1/448
f 2532/1/450 2531/1/447 202/1/449 210/1/452
f 2532/1/450 2529/1/441 213/1/444 209/1/451
f 2529/1/441 2532/1/450 210/1/452 214/1/445
f 2533/1/453 2534/1/454 275/1/455 271/1/456
f 2534/1/454 2533/1/453 272/1/457 276/1/458
f 2534/1/454 2535/1/459 269/1/424 275/1/455
f 2535/1/459 2534/1/454 276/1/458 270/1/425
f 2535/1/459 2536/1/460 267/1/431 269/1/424
f 2536/1/460 2535/1/459 270/1/425 268/1/432
f 2536/1/460 2533/1/453 271/1/456 267/1/431
f 2533/1/453 2536/1/460 268/1/432 272/1/457
f 2537/1/461 2538/1/462 55/1/463 45/1/464
f 2538/1/462 2537/1/461 46/1/465 56/1/466
f 2538/1/462 2539/1/467 53/1/468 55/1/463
f 2539/1/467 2538/1/462 56/1/466 54/1/469
f 2539/1/467 2540/1/470 49/1/471 53/1/468
f 2540/1/470 2539/1/467 54/1/469 50/1/472
f 2540/1/470 2537/1/461 45/1/464 49/1/471
f 2537/1/461 2540/1/470 50/1/472 46/1/465
f 2541/1/473 2542/1/474 1433/1/475 1429/1/476
f 2542/1/474 2541/1/473 1430/1/477 1434/1/478
f 2542/1/474 2543/1/479 1419/1/480 1433/1/475
f 2543/1/479 2542/1/474 1434/1/478 1420/1/481
f 2543/1/479 2544/1/482 1425/1/483 1419/1/480
f 2544/1/482 2543/1/479 1420/1/481 1426/1/484
f 2544/1/482 2541/1/473 1429/1/476 1425/1/483
f 2541/1/473 2544/1/482 1426/1/484 1430/1/477
f 2545/1/485 2546/1/486 231/1/487 223/1/488
f 2546/1/486 2545/1/485 224/1/489 232/1/490
f 2546/1/486 2547/1/491 229/1/492 231/1/487
f 2547/1/491 2546/1/486 232/1/490 230/1/493
f 2547/1/491 2548/1/494 227/1/495 229/1/492
f 2548/1/494 2547/1/491 230/1/493 228/1/496
f 2548/1/494 2545/1/485 223/1/488 227/1/495
f 2545/1/485 2548/1/494 228/1/496 224/1/489
f 2549/1/497 2550/1/498 2327/1/499 2323/1/500
f 2550/1/498 2549/1/497 2324/1/501 2328/1/502
f 2550/1/498 2551/1/503 2325/1/504 2327/1/499
f 2551/1/503 2550/1/498 2328/1/502 2326/1/505
f 2551/1/503 2552/1/506 2321/1/507 2325/1/504
f 2552/1/506 2551/1/503 2326/1/505 2322/1/508
f 2552/1/506 2549/1/497 2323/1/500 2321/1/507
f 2549/1/497 2552/1/506 2322/1/508 2324/1/501
f 2553/1/509 2554/1/510 263/1/511 261/1/512
f 2554/1/510 2553/1/509 262/1/513 264/1/514
f 2554/1/510 2555/1/515 253/1/516 263/1/511
f 2555/1/515 2554/1/510 264/1/514 254/1/517
f 2555/1/515 2556/1/518 257/1/519 253/1/516
f 2556/1/518 2555/1/515 254/1/517 258/1/520
f 2556/1/518 2553/1/509 261/1/512 257/1/519
f 2553/1/509 2556/1/518 258/1/520 262/1/513
f 2557/1/521 2558/1/522 2279/1/523 2277/1/524
f 2558/1/522 2557/1/521 2278/1/525 2280/1/526
f 2558/1/522 2559/1/527 2275/1/528 2279/1/523
f 2559/1/527 2558/1/522 2280/1/526 2276/1/529
f 2559/1/527 2560/1/530 2273/1/531 2275/1/528
f 2560/1/530 2559/1/527 2276/1/529 2274/1/532
f 2560/1/530 2557/1/521 2277/1/524 2273/1/531
f 2557/1/521 2560/1/530 2274/1/532 2278/1/525
f 2561/1/533 2562/1/534 935/1/311 933/1/316
f 2562/1/534 2561/1/533 934/1/317 936/1/314
f 2562/1/534 2563/1/535 927/1/536 935/1/311
f 2563/1/535 2562/1/534 936/1/314 928/1/537
f 2563/1/535 2564/1/538 931/1/539 927/1/536
f 2564/1/538 2563/1/535 928/1/537 932/1/540
f 2564/1/538 2561/1/533 933/1/316 931/1/539
f 2561/1/533 2564/1/538 932/1/540 934/1/317
f 2565/1/541 2566/1/542 795/1/543 793/1/544
f 2566/1/542 2565/1/541 794/1/545 796/1/546
f 2566/1/542 2567/1/547 785/1/548 795/1/543
f 2567/1/547 2566/1/542 796/1/546 786/1/549
f 2567/1/547 2568/1/550 791/1/551 785/1/548
f 2568/1/550 2567/1/547 786/1/549 792/1/552
f 2568/1/550 2565/1/541 793/1/544 791/1/551
f 2565/1/541 2568/1/550 792/1/552 794/1/545
f 2569/1/553 2570/1/554 119/1/555 117/1/556
f 2570/1/554 2569/1/553 118/1/557 120/1/558
f 2570/1/554 2571/1/559 115/1/560 119/1/555
f 2571/1/559 2570/1/554 120/1/558 116/1/561
f 2571/1/559 2572/1/562 113/1/563 115/1/560
f 2572/1/562 2571/1/559 116/1/561 114/1/564
f 2572/1/562 2569/1/553 117/1/556 113/1/563
f 2569/1/553 2572/1/562 114/1/564 118/1/557
f 2573/1/565 2574/1/566 283/1/567 271/1/456
f 2574/1/566 2573/1/565 272/1/457 284/1/568
f 2574/1/566 2575/1/569 279/1/570 283/1/567
f 2575/1/569 2574/1/566 284/1/568 280/1/571
f 2575/1/569 2576/1/572 275/1/455 279/1/570
f 2576/1/572 2575/1/569 280/1/571 276/1/458
f 2576/1/572 2573/1/565 271/1/456 275/1/455
f 2573/1/565 2576/1/572 276/1/458 272/1/457
f 2577/1/573 2578/1/574 209/1/451 205/1/392
f 2578/1/574 2577/1/573 206/1/393 210/1/452
f 2578/1/574 2579/1/575 201/1/448 209/1/451
f 2579/1/575 2578/1/574 210/1/452 202/1/449
f 2579/1/575 2580/1/576 203/1/395 201/1/448
f 2580/1/576 2579/1/575 202/1/449 204/1/396
f 2580/1/576 2577/1/573 205/1/392 203/1/395
f 2577/1/573 2580/1/576 204/1/396 206/1/393
f 2581/1/577 2582/1/578 2259/1/579 2257/1/580
f 2582/1/578 2581/1/577 2258/1/581 2260/1/582
f 2582/1/578 2583/1/583 2253/1/584 2259/1/579
f 2583/1/583 2582/1/578 2260/1/582 2254/1/585
f 2583/1/583 2584/1/586 2255/1/587 2253/1/584
f 2584/1/586 2583/1/583 2254/1/585 2256/1/588
f 2584/1/586 2581/1/577 2257/1/580 2255/1/587
f 2581/1/577 2584/1/586 2256/1/588 2258/1/581
f 2585/1/589 2586/1/590 1379/1/149 1375/1/142
f 2586/1/590 2585/1/589 1376/1/143 1380/1/150
f 2586/1/590 2587/1/591 1367/1/592 1379/1/149
f 2587/1/591 2586/1/590 1380/1/150 1368/1/593
f 2587/1/591 2588/1/594 1371/1/595 1367/1/592
f 2588/1/594 2587/1/591 1368/1/593 1372/1/596
f 2588/1/594 2585/1/589 1375/1/142 1371/1/595
f 2585/1/589 2588/1/594 1372/1/596 1376/1/143
f 2589/1/597 2590/1/598 1369/1/89 1365/1/82
f 2590/1/598 2589/1/597 1366/1/83 1370/1/90
f 2590/1/598 2591/1/599 1353/1/600 1369/1/89
f 2591/1/599 2590/1/598 1370/1/90 1354/1/601
f 2591/1/599 2592/1/602 1361/1/603 1353/1/600
f 2592/1/602 2591/1/599 1354/1/601 1362/1/604
f 2592/1/602 2589/1/597 1365/1/82 1361/1/603
f 2589/1/597 2592/1/602 1362/1/604 1366/1/83
f 2593/1/605 2594/1/606 147/1/219 135/1/607
f 2594/1/606 2593/1/605 136/1/608 148/1/220
f 2594/1/606 2595/1/609 143/1/216 147/1/219
f 2595/1/609 2594/1/606 148/1/220 144/1/217
f 2595/1/609 2596/1/610 139/1/611 143/1/216
f 2596/1/610 2595/1/609 144/1/217 140/1/612
f 2596/1/610 2593/1/605 135/1/607 139/1/611
f 2593/1/605 2596/1/610 140/1/612 136/1/608
f 2597/1/613 2598/1/614 675/1/615 673/1/616
f 2598/1/614 2597/1/613 674/1/617 676/1/618
f 2598/1/614 2599/1/619 669/1/620 675/1/615
f 2599/1/619 2598/1/614 676/1/618 670/1/621
f 2599/1/619 2600/1/622 671/1/623 669/1/620
f 2600/1/622 2599/1/619 670/1/621 672/1/624
f 2600/1/622 2597/1/613 673/1/616 671/1/623
f 2597/1/613 2600/1/622 672/1/624 674/1/617
f 2601/1/625 2602/1/626 191/1/627 179/1/628
f 2602/1/626 2601/1/625 180/1/629 192/1/630
f 2602/1/626 2603/1/631 187/1/632 191/1/627
f 2603/1/631 2602/1/626 192/1/630 188/1/633
f 2603/1/631 2604/1/634 183/1/635 187/1/632
f 2604/1/634 2603/1/631 188/1/633 184/1/636
f 2604/1/634 2601/1/625 179/1/628 183/1/635
f 2601/1/625 2604/1/634 184/1/636 180/1/629
f 2605/1/637 2606/1/638 145/1/639 141/1/640
f 2606/1/638 2605/1/637 142/1/641 146/1/642
f 2606/1/638 2607/1/643 133/1/644 145/1/639
f 2607/1/643 2606/1/638 146/1/642 134/1/645
f 2607/1/643 2608/1/646 137/1/647 133/1/644
f 2608/1/646 2607/1/643 134/1/645 138/1/648
f 2608/1/646 2605/1/637 141/1/640 137/1/647
f 2605/1/637 2608/1/646 138/1/648 142/1/641
f 2609/1/649 2610/1/650 295/1/651 293/1/652
f 2610/1/650 2609/1/649 294/1/653 296/1/654
f 2610/1/650 2611/1/655 285/1/656 295/1/651
f 2611/1/655 2610/1/650 296/1/654 286/1/657
f 2611/1/655 2612/1/658 289/1/659 285/1/656
f 2612/1/658 2611/1/655 286/1/657 290/1/660
f 2612/1/658 2609/1/649 293/1/652 289/1/659
f 2609/1/649 2612/1/658 290/1/660 294/1/653
f 2613/1/661 2614/1/662 671/1/623 667/1/663
f 2614/1/662 2613/1/661 668/1/664 672/1/624
f 2614/1/662 2615/1/665 669/1/620 671/1/623
f 2615/1/665 2614/1/662 672/1/624 670/1/621
f 2615/1/665 2616/1/666 665/1/667 669/1/620
f 2616/1/666 2615/1/665 670/1/621 666/1/668
f 2616/1/666 2613/1/661 667/1/663 665/1/667
f 2613/1/661 2616/1/666 666/1/668 668/1/664
f 2617/1/669 2618/1/670 2271/1/671 2269/1/672
f 2618/1/670 2617/1/669 2270/1/673 2272/1/674
f 2618/1/670 2619/1/675 2265/1/676 2271/1/671
f 2619/1/675 2618/1/670 2272/1/674 2266/1/677
f 2619/1/675 2620/1/678 2267/1/679 2265/1/676
f 2620/1/678 2619/1/675 2266/1/677 2268/1/680
f 2620/1/678 2617/1/669 2269/1/672 2267/1/679
f 2617/1/669 2620/1/678 2268/1/680 2270/1/673
f 2621/1/681 2622/1/682 1447/1/263 1445/1/268
f 2622/1/682 2621/1/681 1446/1/269 1448/1/266
f 2622/1/682 2623/1/683 1437/1/684 1447/1/263
f 2623/1/683 2622/1/682 1448/1/266 1438/1/685
f 2623/1/683 2624/1/686 1441/1/687 1437/1/684
f 2624/1/686 2623/1/683 1438/1/685 1442/1/688
f 2624/1/686 2621/1/681 1445/1/268 1441/1/687
f 2621/1/681 2624/1/686 1442/1/688 1446/1/269
f 2625/1/689 2626/1/690 1363/1/691 1359/1/692
f 2626/1/690 2625/1/689 1360/1/693 1364/1/694
f 2626/1/690 2627/1/695 1357/1/696 1363/1/691
f 2627/1/695 2626/1/690 1364/1/694 1358/1/697
f 2627/1/695 2628/1/698 1355/1/699 1357/1/696
f 2628/1/698 2627/1/695 1358/1/697 1356/1/700
f 2628/1/698 2625/1/689 1359/1/692 1355/1/699
f 2625/1/689 2628/1/698 1356/1/700 1360/1/693
f 2629/1/701 2630/1/702 2295/1/703 2293/1/23
f 2630/1/702 2629/1/701 2294/1/24 2296/1/704
f 2630/1/702 2631/1/705 2289/1/706 2295/1/703
f 2631/1/705 2630/1/702 2296/1/704 2290/1/707
f 2631/1/705 2632/1/708 2291/1/16 2289/1/706
f 2632/1/708 2631/1/705 2290/1/707 2292/1/17
f 2632/1/708 2629/1/701 2293/1/23 2291/1/16
f 2629/1/701 2632/1/708 2292/1/17 2294/1/24
f 2633/1/709 2634/1/710 115/1/560 113/1/563
f 2634/1/710 2633/1/709 114/1/564 116/1/561
f 2634/1/710 2635/1/711 111/1/712 115/1/560
f 2635/1/711 2634/1/710 116/1/561 112/1/713
f 2635/1/711 2636/1/714 109/1/715 111/1/712
f 2636/1/714 2635/1/711 112/1/713 110/1/716
f 2636/1/714 2633/1/709 113/1/563 109/1/715
f 2633/1/709 2636/1/714 110/1/716 114/1/564
f 2637/1/717 2638/1/718 299/1/719 297/1/720
f 2638/1/718 2637/1/717 298/1/721 300/1/722
f 2638/1/718 2639/1/723 301/1/724 299/1/719
f 2639/1/723 2638/1/718 300/1/722 302/1/725
f 2639/1/723 2637/1/717 297/1/720 301/1/724
f 2637/1/717 2639/1/723 302/1/725 298/1/721
f 2640/1/726 2641/1/727 303/1/728 297/1/720
f 2641/1/727 2640/1/726 298/1/721 304/1/729
f 2641/1/727 2642/1/730 299/1/719 303/1/728
f 2642/1/730 2641/1/727 304/1/729 300/1/722
f 2642/1/730 2640/1/726 297/1/720 299/1/719
f 2640/1/726 2642/1/730 300/1/722 298/1/721
f 2643/1/731 2644/1/732 305/1/733 303/1/728
f 2644/1/732 2643/1/731 304/1/729 306/1/734
f 2644/1/732 2645/1/735 299/1/719 305/1/733
f 2645/1/735 2644/1/732 306/1/734 300/1/722
f 2645/1/735 2643/1/731 303/1/728 299/1/719
f 2643/1/731 2645/1/735 300/1/722 304/1/729
f 2646/1/736 2647/1/737 521/1/738 519/1/739
f 2647/1/737 2646/1/736 520/1/740 522/1/741
f 2647/1/737 2648/1/742 517/1/743 521/1/738
f 2648/1/742 2647/1/737 522/1/741 518/1/744
f 2648/1/742 2649/1/745 515/1/746 517/1/743
f 2649/1/745 2648/1/742 518/1/744 516/1/747
f 2649/1/745 2646/1/736 519/1/739 515/1/746
f 2646/1/736 2649/1/745 516/1/747 520/1/740
f 2650/1/748 2651/1/749 525/1/750 519/1/739
f 2651/1/749 2650/1/748 520/1/740 526/1/751
f 2651/1/749 2652/1/752 523/1/753 525/1/750
f 2652/1/752 2651/1/749 526/1/751 524/1/754
f 2652/1/752 2653/1/755 521/1/738 523/1/753
f 2653/1/755 2652/1/752 524/1/754 522/1/741
f 2653/1/755 2650/1/748 519/1/739 521/1/738
f 2650/1/748 2653/1/755 522/1/741 520/1/740
f 2654/1/756 2655/1/757 481/1/758 479/1/759
f 2655/1/757 2654/1/756 480/1/760 482/1/761
f 2655/1/757 2656/1/762 477/1/763 481/1/758
f 2656/1/762 2655/1/757 482/1/761 478/1/764
f 2656/1/762 2657/1/765 475/1/766 477/1/763
f 2657/1/765 2656/1/762 478/1/764 476/1/767
f 2657/1/765 2654/1/756 479/1/759 475/1/766
f 2654/1/756 2657/1/765 476/1/767 480/1/760
f 2658/1/768 2659/1/769 485/1/770 479/1/759
f 2659/1/769 2658/1/768 480/1/760 486/1/771
f 2659/1/769 2660/1/772 483/1/773 485/1/770
f 2660/1/772 2659/1/769 486/1/771 484/1/774
f 2660/1/772 2661/1/775 481/1/758 483/1/773
f 2661/1/775 2660/1/772 484/1/774 482/1/761
f 2661/1/775 2658/1/768 479/1/759 481/1/758
f 2658/1/768 2661/1/775 482/1/761 480/1/760
f 2662/1/776 2663/1/777 2041/1/778 2035/1/779
f 2663/1/777 2662/1/776 2036/1/780 2042/1/781
f 2663/1/777 2664/1/782 2039/1/783 2041/1/778
f 2664/1/782 2663/1/777 2042/1/781 2040/1/784
f 2664/1/782 2665/1/785 2037/1/786 2039/1/783
f 2665/1/785 2664/1/782 2040/1/784 2038/1/787
f 2665/1/785 2662/1/776 2035/1/779 2037/1/786
f 2662/1/776 2665/1/785 2038/1/787 2036/1/780
f 2666/1/788 2667/1/789 493/1/790 487/1/791
f 2667/1/789 2666/1/788 488/1/792 494/1/793
f 2667/1/789 2668/1/794 491/1/795 493/1/790
f 2668/1/794 2667/1/789 494/1/793 492/1/796
f 2668/1/794 2669/1/797 489/1/798 491/1/795
f 2669/1/797 2668/1/794 492/1/796 490/1/799
f 2669/1/797 2666/1/788 487/1/791 489/1/798
f 2666/1/788 2669/1/797 490/1/799 488/1/792
f 2670/1/800 2671/1/801 2049/1/802 2043/1/803
f 2671/1/801 2670/1/800 2044/1/804 2050/1/805
f 2671/1/801 2672/1/806 2047/1/807 2049/1/802
f 2672/1/806 2671/1/801 2050/1/805 2048/1/808
f 2672/1/806 2673/1/809 2045/1/810 2047/1/807
f 2673/1/809 2672/1/806 2048/1/808 2046/1/811
f 2673/1/809 2670/1/800 2043/1/803 2045/1/810
f 2670/1/800 2673/1/809 2046/1/811 2044/1/804
f 2674/1/812 2675/1/813 501/1/814 495/1/815
f 2675/1/813 2674/1/812 496/1/816 502/1/817
f 2675/1/813 2676/1/818 499/1/819 501/1/814
f 2676/1/818 2675/1/813 502/1/817 500/1/820
f 2676/1/818 2677/1/821 497/1/822 499/1/819
f 2677/1/821 2676/1/818 500/1/820 498/1/823
f 2677/1/821 2674/1/812 495/1/815 497/1/822
f 2674/1/812 2677/1/821 498/1/823 496/1/816
f 2678/1/824 2679/1/825 339/1/826 335/1/827
f 2679/1/825 2678/1/824 336/1/828 340/1/829
f 2679/1/825 2680/1/830 337/1/831 339/1/826
f 2680/1/830 2679/1/825 340/1/829 338/1/832
f 2680/1/830 2678/1/824 335/1/827 337/1/831
f 2678/1/824 2680/1/830 338/1/832 336/1/828
f 2681/1/833 2682/1/834 335/1/827 339/1/826
f 2682/1/834 2681/1/833 340/1/829 336/1/828
f 2682/1/834 2683/1/835 341/1/836 335/1/827
f 2683/1/835 2682/1/834 336/1/828 342/1/837
f 2683/1/835 2681/1/833 339/1/826 341/1/836
f 2681/1/833 2683/1/835 342/1/837 340/1/829
f 2684/1/838 2685/1/839 341/1/836 339/1/826
f 2685/1/839 2684/1/838 340/1/829 342/1/837
f 2685/1/839 2686/1/840 343/1/841 341/1/836
f 2686/1/840 2685/1/839 342/1/837 344/1/842
f 2686/1/840 2684/1/838 339/1/826 343/1/841
f 2684/1/838 2686/1/840 344/1/842 340/1/829
f 2687/1/843 2688/1/844 347/1/845 345/1/846
f 2688/1/844 2687/1/843 346/1/847 348/1/848
f 2688/1/844 2689/1/849 349/1/850 347/1/845
f 2689/1/849 2688/1/844 348/1/848 350/1/851
f 2689/1/849 2687/1/843 345/1/846 349/1/850
f 2687/1/843 2689/1/849 350/1/851 346/1/847
f 2690/1/852 2691/1/853 345/1/846 351/1/854
f 2691/1/853 2690/1/852 352/1/855 346/1/847
f 2691/1/853 2692/1/856 349/1/850 345/1/846
f 2692/1/856 2691/1/853 346/1/847 350/1/851
f 2692/1/856 2690/1/852 351/1/854 349/1/850
f 2690/1/852 2692/1/856 350/1/851 352/1/855
f 2693/1/857 2694/1/858 353/1/859 349/1/850
f 2694/1/858 2693/1/857 350/1/851 354/1/860
f 2694/1/858 2695/1/861 351/1/854 353/1/859
f 2695/1/861 2694/1/858 354/1/860 352/1/855
f 2695/1/861 2693/1/857 349/1/850 351/1/854
f 2693/1/857 2695/1/861 352/1/855 350/1/851
f 2696/1/862 2697/1/863 309/1/864 307/1/865
f 2697/1/863 2696/1/862 308/1/866 310/1/867
f 2697/1/863 2698/1/868 305/1/733 309/1/864
f 2698/1/868 2697/1/863 310/1/867 306/1/734
f 2698/1/868 2699/1/869 303/1/728 305/1/733
f 2699/1/869 2698/1/868 306/1/734 304/1/729
f 2699/1/869 2696/1/862 307/1/865 303/1/728
f 2696/1/862 2699/1/869 304/1/729 308/1/866
f 2700/1/870 2701/1/871 1831/1/872 1837/1/873
f 2701/1/871 2700/1/870 1838/1/874 1832/1/875
f 2701/1/871 2702/1/876 1833/1/877 1831/1/872
f 2702/1/876 2701/1/871 1832/1/875 1834/1/878
f 2702/1/876 2703/1/879 1835/1/880 1833/1/877
f 2703/1/879 2702/1/876 1834/1/878 1836/1/881
f 2703/1/879 2700/1/870 1837/1/873 1835/1/880
f 2700/1/870 2703/1/879 1836/1/881 1838/1/874
f 2704/1/882 2705/1/883 529/1/884 525/1/750
f 2705/1/883 2704/1/882 526/1/751 530/1/885
f 2705/1/883 2706/1/886 527/1/887 529/1/884
f 2706/1/886 2705/1/883 530/1/885 528/1/888
f 2706/1/886 2707/1/889 523/1/753 527/1/887
f 2707/1/889 2706/1/886 528/1/888 524/1/754
f 2707/1/889 2704/1/882 525/1/750 523/1/753
f 2704/1/882 2707/1/889 524/1/754 526/1/751
f 2708/1/890 2709/1/891 533/1/892 531/1/893
f 2709/1/891 2708/1/890 532/1/894 534/1/895
f 2709/1/891 2710/1/896 527/1/887 533/1/892
f 2710/1/896 2709/1/891 534/1/895 528/1/888
f 2710/1/896 2711/1/897 529/1/884 527/1/887
f 2711/1/897 2710/1/896 528/1/888 530/1/885
f 2711/1/897 2708/1/890 531/1/893 529/1/884
f 2708/1/890 2711/1/897 530/1/885 532/1/894
f 2712/1/898 2713/1/899 1993/1/900 1991/1/901
f 2713/1/899 2712/1/898 1992/1/902 1994/1/903
f 2713/1/899 2714/1/904 1987/1/905 1993/1/900
f 2714/1/904 2713/1/899 1994/1/903 1988/1/906
f 2714/1/904 2715/1/907 1989/1/908 1987/1/905
f 2715/1/907 2714/1/904 1988/1/906 1990/1/909
f 2715/1/907 2712/1/898 1991/1/901 1989/1/908
f 2712/1/898 2715/1/907 1990/1/909 1992/1/902
f 2716/1/910 2717/1/911 329/1/912 327/1/913
f 2717/1/911 2716/1/910 328/1/914 330/1/915
f 2717/1/911 2718/1/916 323/1/917 329/1/912
f 2718/1/916 2717/1/911 330/1/915 324/1/918
f 2718/1/916 2719/1/919 325/1/920 323/1/917
f 2719/1/919 2718/1/916 324/1/918 326/1/921
f 2719/1/919 2716/1/910 327/1/913 325/1/920
f 2716/1/910 2719/1/919 326/1/921 328/1/914
f 2720/1/922 2721/1/923 489/1/798 487/1/791
f 2721/1/923 2720/1/922 488/1/792 490/1/799
f 2721/1/923 2722/1/924 483/1/773 489/1/798
f 2722/1/924 2721/1/923 490/1/799 484/1/774
f 2722/1/924 2723/1/925 485/1/770 483/1/773
f 2723/1/925 2722/1/924 484/1/774 486/1/771
f 2723/1/925 2720/1/922 487/1/791 485/1/770
f 2720/1/922 2723/1/925 486/1/771 488/1/792
f 2724/1/926 2725/1/927 549/1/928 547/1/929
f 2725/1/927 2724/1/926 548/1/930 550/1/931
f 2725/1/927 2726/1/932 543/1/933 549/1/928
f 2726/1/932 2725/1/927 550/1/931 544/1/934
f 2726/1/932 2727/1/935 545/1/936 543/1/933
f 2727/1/935 2726/1/932 544/1/934 546/1/937
f 2727/1/935 2724/1/926 547/1/929 545/1/936
f 2724/1/926 2727/1/935 546/1/937 548/1/930
f 2728/1/938 2729/1/939 383/1/940 387/1/941
f 2729/1/939 2728/1/938 388/1/942 384/1/943
f 2729/1/939 2730/1/944 385/1/945 383/1/940
f 2730/1/944 2729/1/939 384/1/943 386/1/946
f 2730/1/944 2728/1/938 387/1/941 385/1/945
f 2728/1/938 2730/1/944 386/1/946 388/1/942
f 2731/1/947 2732/1/948 387/1/941 383/1/940
f 2732/1/948 2731/1/947 384/1/943 388/1/942
f 2732/1/948 2733/1/949 389/1/950 387/1/941
f 2733/1/949 2732/1/948 388/1/942 390/1/951
f 2733/1/949 2731/1/947 383/1/940 389/1/950
f 2731/1/947 2733/1/949 390/1/951 384/1/943
f 2734/1/952 2735/1/953 391/1/954 387/1/941
f 2735/1/953 2734/1/952 388/1/942 392/1/955
f 2735/1/953 2736/1/956 389/1/950 391/1/954
f 2736/1/956 2735/1/953 392/1/955 390/1/951
f 2736/1/956 2734/1/952 387/1/941 389/1/950
f 2734/1/952 2736/1/956 390/1/951 388/1/942
f 2737/1/957 2738/1/958 929/1/319 925/1/312
f 2738/1/958 2737/1/957 926/1/313 930/1/320
f 2738/1/958 2739/1/959 917/1/960 929/1/319
f 2739/1/959 2738/1/958 930/1/320 918/1/961
f 2739/1/959 2740/1/962 921/1/963 917/1/960
f 2740/1/962 2739/1/959 918/1/961 922/1/964
f 2740/1/962 2737/1/957 925/1/312 921/1/963
f 2737/1/957 2740/1/962 922/1/964 926/1/313
f 2741/1/965 2742/1/966 2275/1/528 2273/1/531
f 2742/1/966 2741/1/965 2274/1/532 2276/1/529
f 2742/1/966 2743/1/967 2271/1/671 2275/1/528
f 2743/1/967 2742/1/966 2276/1/529 2272/1/674
f 2743/1/967 2744/1/968 2269/1/672 2271/1/671
f 2744/1/968 2743/1/967 2272/1/674 2270/1/673
f 2744/1/968 2741/1/965 2273/1/531 2269/1/672
f 2741/1/965 2744/1/968 2270/1/673 2274/1/532
f 2745/1/969 2746/1/970 49/1/471 45/1/464
f 2746/1/970 2745/1/969 46/1/465 50/1/472
f 2746/1/970 2747/1/971 37/1/438 49/1/471
f 2747/1/971 2746/1/970 50/1/472 38/1/439
f 2747/1/971 2748/1/972 41/1/435 37/1/438
f 2748/1/972 2747/1/971 38/1/439 42/1/436
f 2748/1/972 2745/1/969 45/1/464 41/1/435
f 2745/1/969 2748/1/972 42/1/436 46/1/465
f 2749/1/973 2750/1/974 2255/1/587 2263/1/975
f 2750/1/974 2749/1/973 2264/1/976 2256/1/588
f 2750/1/974 2751/1/977 2253/1/584 2255/1/587
f 2751/1/977 2750/1/974 2256/1/588 2254/1/585
f 2751/1/977 2752/1/978 2261/1/979 2253/1/584
f 2752/1/978 2751/1/977 2254/1/585 2262/1/980
f 2752/1/978 2749/1/973 2263/1/975 2261/1/979
f 2749/1/973 2752/1/978 2262/1/980 2264/1/976
f 2753/1/981 2754/1/982 35/1/11 27/1/32
f 2754/1/982 2753/1/981 28/1/33 36/1/12
f 2754/1/982 2755/1/983 31/1/8 35/1/11
f 2755/1/983 2754/1/982 36/1/12 32/1/9
f 2755/1/983 2756/1/984 29/1/35 31/1/8
f 2756/1/984 2755/1/983 32/1/9 30/1/36
f 2756/1/984 2753/1/981 27/1/32 29/1/35
f 2753/1/981 2756/1/984 30/1/36 28/1/33
f 2757/1/985 2758/1/986 249/1/987 245/1/988
f 2758/1/986 2757/1/985 246/1/989 250/1/990
f 2758/1/986 2759/1/991 233/1/328 249/1/987
f 2759/1/991 2758/1/986 250/1/990 234/1/329
f 2759/1/991 2760/1/992 241/1/323 233/1/328
f 2760/1/992 2759/1/991 234/1/329 242/1/326
f 2760/1/992 2757/1/985 245/1/988 241/1/323
f 2757/1/985 2760/1/992 242/1/326 246/1/989
f 2761/1/993 2762/1/994 243/1/995 239/1/996
f 2762/1/994 2761/1/993 240/1/997 244/1/998
f 2762/1/994 2763/1/999 237/1/324 243/1/995
f 2763/1/999 2762/1/994 244/1/998 238/1/325
f 2763/1/999 2764/1/1000 235/1/331 237/1/324
f 2764/1/1000 2763/1/999 238/1/325 236/1/332
f 2764/1/1000 2761/1/993 239/1/996 235/1/331
f 2761/1/993 2764/1/1000 236/1/332 240/1/997
f 2765/1/1001 2766/1/1002 2093/1/1003 2091/1/1004
f 2766/1/1002 2765/1/1001 2092/1/1005 2094/1/1006
f 2766/1/1002 2767/1/1007 2087/1/1008 2093/1/1003
f 2767/1/1007 2766/1/1002 2094/1/1006 2088/1/1009
f 2767/1/1007 2768/1/1010 2089/1/1011 2087/1/1008
f 2768/1/1010 2767/1/1007 2088/1/1009 2090/1/1012
f 2768/1/1010 2765/1/1001 2091/1/1004 2089/1/1011
f 2765/1/1001 2768/1/1010 2090/1/1012 2092/1/1005
f 2769/1/1013 2770/1/1014 197/1/355 193/1/348
f 2770/1/1014 2769/1/1013 194/1/349 198/1/356
f 2770/1/1014 2771/1/1015 189/1/1016 197/1/355
f 2771/1/1015 2770/1/1014 198/1/356 190/1/1017
f 2771/1/1015 2772/1/1018 185/1/1019 189/1/1016
f 2772/1/1018 2771/1/1015 190/1/1017 186/1/1020
f 2772/1/1018 2769/1/1013 193/1/348 185/1/1019
f 2769/1/1013 2772/1/1018 186/1/1020 194/1/349
f 2773/1/1021 2774/1/1022 415/1/1023 413/1/1024
f 2774/1/1022 2773/1/1021 414/1/1025 416/1/1026
f 2774/1/1022 2775/1/1027 409/1/1028 415/1/1023
f 2775/1/1027 2774/1/1022 416/1/1026 410/1/1029
f 2775/1/1027 2776/1/1030 407/1/1031 409/1/1028
f 2776/1/1030 2775/1/1027 410/1/1029 408/1/1032
f 2776/1/1030 2773/1/1021 413/1/1024 407/1/1031
f 2773/1/1021 2776/1/1030 408/1/1032 414/1/1025
f 2777/1/1033 2778/1/1034 181/1/1035 171/1/1036
f 2778/1/1034 2777/1/1033 172/1/1037 182/1/1038
f 2778/1/1034 2779/1/1039 177/1/1040 181/1/1035
f 2779/1/1039 2778/1/1034 182/1/1038 178/1/1041
f 2779/1/1039 2780/1/1042 173/1/1043 177/1/1040
f 2780/1/1042 2779/1/1039 178/1/1041 174/1/1044
f 2780/1/1042 2777/1/1033 171/1/1036 173/1/1043
f 2777/1/1033 2780/1/1042 174/1/1044 172/1/1037
f 2781/1/1045 2782/1/1046 463/1/1047 461/1/1048
f 2782/1/1046 2781/1/1045 462/1/1049 464/1/1050
f 2782/1/1046 2783/1/1051 465/1/1052 463/1/1047
f 2783/1/1051 2782/1/1046 464/1/1050 466/1/1053
f 2783/1/1051 2781/1/1045 461/1/1048 465/1/1052
f 2781/1/1045 2783/1/1051 466/1/1053 462/1/1049
f 2784/1/1054 2785/1/1055 467/1/1056 465/1/1052
f 2785/1/1055 2784/1/1054 466/1/1053 468/1/1057
f 2785/1/1055 2786/1/1058 461/1/1048 467/1/1056
f 2786/1/1058 2785/1/1055 468/1/1057 462/1/1049
f 2786/1/1058 2784/1/1054 465/1/1052 461/1/1048
f 2784/1/1054 2786/1/1058 462/1/1049 466/1/1053
f 2787/1/1059 2788/1/1060 465/1/1052 467/1/1056
f 2788/1/1060 2787/1/1059 468/1/1057 466/1/1053
f 2788/1/1060 2789/1/1061 469/1/1062 465/1/1052
f 2789/1/1061 2788/1/1060 466/1/1053 470/1/1063
f 2789/1/1061 2787/1/1059 467/1/1056 469/1/1062
f 2787/1/1059 2789/1/1061 470/1/1063 468/1/1057
f 2790/1/1064 2791/1/1065 1981/1/1066 1979/1/1067
f 2791/1/1065 2790/1/1064 1980/1/1068 1982/1/1069
f 2791/1/1065 2792/1/1070 1975/1/1071 1981/1/1066
f 2792/1/1070 2791/1/1065 1982/1/1069 1976/1/1072
f 2792/1/1070 2793/1/1073 1977/1/1074 1975/1/1071
f 2793/1/1073 2792/1/1070 1976/1/1072 1978/1/1075
f 2793/1/1073 2790/1/1064 1979/1/1067 1977/1/1074
f 2790/1/1064 2793/1/1073 1978/1/1075 1980/1/1068
f 2794/1/1076 2795/1/1077 365/1/1078 363/1/1079
f 2795/1/1077 2794/1/1076 364/1/1080 366/1/1081
f 2795/1/1077 2796/1/1082 361/1/1083 365/1/1078
f 2796/1/1082 2795/1/1077 366/1/1081 362/1/1084
f 2796/1/1082 2797/1/1085 359/1/1086 361/1/1083
f 2797/1/1085 2796/1/1082 362/1/1084 360/1/1087
f 2797/1/1085 2794/1/1076 363/1/1079 359/1/1086
f 2794/1/1076 2797/1/1085 360/1/1087 364/1/1080
f 2798/1/1088 2799/1/1089 1833/1/877 1827/1/1090
f 2799/1/1089 2798/1/1088 1828/1/1091 1834/1/878
f 2799/1/1089 2800/1/1092 1831/1/872 1833/1/877
f 2800/1/1092 2799/1/1089 1834/1/878 1832/1/875
f 2800/1/1092 2801/1/1093 1829/1/1094 1831/1/872
f 2801/1/1093 2800/1/1092 1832/1/875 1830/1/1095
f 2801/1/1093 2798/1/1088 1827/1/1090 1829/1/1094
f 2798/1/1088 2801/1/1093 1830/1/1095 1828/1/1091
f 2802/1/1096 2803/1/1097 325/1/920 319/1/1098
f 2803/1/1097 2802/1/1096 320/1/1099 326/1/921
f 2803/1/1097 2804/1/1100 323/1/917 325/1/920
f 2804/1/1100 2803/1/1097 326/1/921 324/1/918
f 2804/1/1100 2805/1/1101 321/1/1102 323/1/917
f 2805/1/1101 2804/1/1100 324/1/918 322/1/1103
f 2805/1/1101 2802/1/1096 319/1/1098 321/1/1102
f 2802/1/1096 2805/1/1101 322/1/1103 320/1/1099
f 2806/1/1104 2807/1/1105 535/1/1106 541/1/1107
f 2807/1/1105 2806/1/1104 542/1/1108 536/1/1109
f 2807/1/1105 2808/1/1110 537/1/1111 535/1/1106
f 2808/1/1110 2807/1/1105 536/1/1109 538/1/1112
f 2808/1/1110 2809/1/1113 539/1/1114 537/1/1111
f 2809/1/1113 2808/1/1110 538/1/1112 540/1/1115
f 2809/1/1113 2806/1/1104 541/1/1107 539/1/1114
f 2806/1/1104 2809/1/1113 540/1/1115 542/1/1108
f 2810/1/1116 2811/1/1117 333/1/1118 327/1/913
f 2811/1/1117 2810/1/1116 328/1/914 334/1/1119
f 2811/1/1117 2812/1/1120 331/1/1121 333/1/1118
f 2812/1/1120 2811/1/1117 334/1/1119 332/1/1122
f 2812/1/1120 2813/1/1123 329/1/912 331/1/1121
f 2813/1/1123 2812/1/1120 332/1/1122 330/1/915
f 2813/1/1123 2810/1/1116 327/1/913 329/1/912
f 2810/1/1116 2813/1/1123 330/1/915 328/1/914
f 2814/1/1124 2815/1/1125 2053/1/1126 2051/1/1127
f 2815/1/1125 2814/1/1124 2052/1/1128 2054/1/1129
f 2815/1/1125 2816/1/1130 2047/1/807 2053/1/1126
f 2816/1/1130 2815/1/1125 2054/1/1129 2048/1/808
f 2816/1/1130 2817/1/1131 2049/1/802 2047/1/807
f 2817/1/1131 2816/1/1130 2048/1/808 2050/1/805
f 2817/1/1131 2814/1/1124 2051/1/1127 2049/1/802
f 2814/1/1124 2817/1/1131 2050/1/805 2052/1/1128
f 2818/1/1132 2819/1/1133 499/1/819 503/1/1134
f 2819/1/1133 2818/1/1132 504/1/1135 500/1/820
f 2819/1/1133 2820/1/1136 501/1/814 499/1/819
f 2820/1/1136 2819/1/1133 500/1/820 502/1/817
f 2820/1/1136 2818/1/1132 503/1/1134 501/1/814
f 2818/1/1132 2820/1/1136 502/1/817 504/1/1135
f 2821/1/1137 2822/1/1138 503/1/1134 499/1/819
f 2822/1/1138 2821/1/1137 500/1/820 504/1/1135
f 2822/1/1138 2823/1/1139 505/1/1140 503/1/1134
f 2823/1/1139 2822/1/1138 504/1/1135 506/1/1141
f 2823/1/1139 2821/1/1137 499/1/819 505/1/1140
f 2821/1/1137 2823/1/1139 506/1/1141 500/1/820
f 2824/1/1142 2825/1/1143 507/1/1144 503/1/1134
f 2825/1/1143 2824/1/1142 504/1/1135 508/1/1145
f 2825/1/1143 2826/1/1146 505/1/1140 507/1/1144
f 2826/1/1146 2825/1/1143 508/1/1145 506/1/1141
f 2826/1/1146 2824/1/1142 503/1/1134 505/1/1140
f 2824/1/1142 2826/1/1146 506/1/1141 504/1/1135
f 2827/1/1147 2828/1/1148 511/1/1149 509/1/1150
f 2828/1/1148 2827/1/1147 510/1/1151 512/1/1152
f 2828/1/1148 2829/1/1153 513/1/1154 511/1/1149
f 2829/1/1153 2828/1/1148 512/1/1152 514/1/1155
f 2829/1/1153 2827/1/1147 509/1/1150 513/1/1154
f 2827/1/1147 2829/1/1153 514/1/1155 510/1/1151
f 2830/1/1156 2831/1/1157 511/1/1149 515/1/746
f 2831/1/1157 2830/1/1156 516/1/747 512/1/1152
f 2831/1/1157 2832/1/1158 509/1/1150 511/1/1149
f 2832/1/1158 2831/1/1157 512/1/1152 510/1/1151
f 2832/1/1158 2830/1/1156 515/1/746 509/1/1150
f 2830/1/1156 2832/1/1158 510/1/1151 516/1/747
f 2833/1/1159 2834/1/1160 511/1/1149 517/1/743
f 2834/1/1160 2833/1/1159 518/1/744 512/1/1152
f 2834/1/1160 2835/1/1161 515/1/746 511/1/1149
f 2835/1/1161 2834/1/1160 512/1/1152 516/1/747
f 2835/1/1161 2833/1/1159 517/1/743 515/1/746
f 2833/1/1159 2835/1/1161 516/1/747 518/1/744
f 2836/1/1162 2837/1/1163 473/1/1164 469/1/1062
f 2837/1/1163 2836/1/1162 470/1/1063 474/1/1165
f 2837/1/1163 2838/1/1166 471/1/1167 473/1/1164
f 2838/1/1166 2837/1/1163 474/1/1165 472/1/1168
f 2838/1/1166 2839/1/1169 467/1/1056 471/1/1167
f 2839/1/1169 2838/1/1166 472/1/1168 468/1/1057
f 2839/1/1169 2836/1/1162 469/1/1062 467/1/1056
f 2836/1/1162 2839/1/1169 468/1/1057 470/1/1063
f 2840/1/1170 2841/1/1171 2029/1/1172 2023/1/1173
f 2841/1/1171 2840/1/1170 2024/1/1174 2030/1/1175
f 2841/1/1171 2842/1/1176 2027/1/1177 2029/1/1172
f 2842/1/1176 2841/1/1171 2030/1/1175 2028/1/1178
f 2842/1/1176 2843/1/1179 2025/1/1180 2027/1/1177
f 2843/1/1179 2842/1/1176 2028/1/1178 2026/1/1181
f 2843/1/1179 2840/1/1170 2023/1/1173 2025/1/1180
f 2840/1/1170 2843/1/1179 2026/1/1181 2024/1/1174
f 2844/1/1182 2845/1/1183 699/1/1184 701/1/1185
f 2845/1/1183 2844/1/1182 702/1/1186 700/1/1187
f 2845/1/1183 2846/1/1188 697/1/1189 699/1/1184
f 2846/1/1188 2845/1/1183 700/1/1187 698/1/1190
f 2846/1/1188 2847/1/1191 695/1/1192 697/1/1189
f 2847/1/1191 2846/1/1188 698/1/1190 696/1/1193
f 2847/1/1191 2844/1/1182 701/1/1185 695/1/1192
f 2844/1/1182 2847/1/1191 696/1/1193 702/1/1186
f 2848/1/1194 2849/1/1195 321/1/1102 319/1/1098
f 2849/1/1195 2848/1/1194 320/1/1099 322/1/1103
f 2849/1/1195 2850/1/1196 315/1/1197 321/1/1102
f 2850/1/1196 2849/1/1195 322/1/1103 316/1/1198
f 2850/1/1196 2851/1/1199 317/1/1200 315/1/1197
f 2851/1/1199 2850/1/1196 316/1/1198 318/1/1201
f 2851/1/1199 2848/1/1194 319/1/1098 317/1/1200
f 2848/1/1194 2851/1/1199 318/1/1201 320/1/1099
f 2852/1/1202 2853/1/1203 373/1/1204 371/1/1205
f 2853/1/1203 2852/1/1202 372/1/1206 374/1/1207
f 2853/1/1203 2854/1/1208 367/1/1209 373/1/1204
f 2854/1/1208 2853/1/1203 374/1/1207 368/1/1210
f 2854/1/1208 2855/1/1211 369/1/1212 367/1/1209
f 2855/1/1211 2854/1/1208 368/1/1210 370/1/1213
f 2855/1/1211 2852/1/1202 371/1/1205 369/1/1212
f 2852/1/1202 2855/1/1211 370/1/1213 372/1/1206
f 2856/1/1214 2857/1/1215 1829/1/1094 1827/1/1090
f 2857/1/1215 2856/1/1214 1828/1/1091 1830/1/1095
f 2857/1/1215 2858/1/1216 1823/1/1217 1829/1/1094
f 2858/1/1216 2857/1/1215 1830/1/1095 1824/1/1218
f 2858/1/1216 2859/1/1219 1821/1/1220 1823/1/1217
f 2859/1/1219 2858/1/1216 1824/1/1218 1822/1/1221
f 2859/1/1219 2856/1/1214 1827/1/1090 1821/1/1220
f 2856/1/1214 2859/1/1219 1822/1/1221 1828/1/1091
f 2860/1/1222 2861/1/1223 381/1/1224 379/1/1225
f 2861/1/1223 2860/1/1222 380/1/1226 382/1/1227
f 2861/1/1223 2862/1/1228 375/1/1229 381/1/1224
f 2862/1/1228 2861/1/1223 382/1/1227 376/1/1230
f 2862/1/1228 2863/1/1231 377/1/1232 375/1/1229
f 2863/1/1231 2862/1/1228 376/1/1230 378/1/1233
f 2863/1/1231 2860/1/1222 379/1/1225 377/1/1232
f 2860/1/1222 2863/1/1231 378/1/1233 380/1/1226
f 2864/1/1234 2865/1/1235 1861/1/1236 1855/1/1237
f 2865/1/1235 2864/1/1234 1856/1/1238 1862/1/1239
f 2865/1/1235 2866/1/1240 1859/1/1241 1861/1/1236
f 2866/1/1240 2865/1/1235 1862/1/1239 1860/1/1242
f 2866/1/1240 2867/1/1243 1857/1/1244 1859/1/1241
f 2867/1/1243 2866/1/1240 1860/1/1242 1858/1/1245
f 2867/1/1243 2864/1/1234 1855/1/1237 1857/1/1244
f 2864/1/1234 2867/1/1243 1858/1/1245 1856/1/1238
f 2868/1/1246 2869/1/1247 551/1/1248 547/1/929
f 2869/1/1247 2868/1/1246 548/1/930 552/1/1249
f 2869/1/1247 2870/1/1250 549/1/928 551/1/1248
f 2870/1/1250 2869/1/1247 552/1/1249 550/1/931
f 2870/1/1250 2868/1/1246 547/1/929 549/1/928
f 2868/1/1246 2870/1/1250 550/1/931 548/1/930
f 2871/1/1251 2872/1/1252 547/1/929 551/1/1248
f 2872/1/1252 2871/1/1251 552/1/1249 548/1/930
f 2872/1/1252 2873/1/1253 553/1/1254 547/1/929
f 2873/1/1253 2872/1/1252 548/1/930 554/1/1255
f 2873/1/1253 2871/1/1251 551/1/1248 553/1/1254
f 2871/1/1251 2873/1/1253 554/1/1255 552/1/1249
f 2874/1/1256 2875/1/1257 553/1/1254 551/1/1248
f 2875/1/1257 2874/1/1256 552/1/1249 554/1/1255
f 2875/1/1257 2876/1/1258 555/1/1259 553/1/1254
f 2876/1/1258 2875/1/1257 554/1/1255 556/1/1260
f 2876/1/1258 2874/1/1256 551/1/1248 555/1/1259
f 2874/1/1256 2876/1/1258 556/1/1260 552/1/1249
f 2877/1/1261 2878/1/1262 295/1/651 287/1/1263
f 2878/1/1262 2877/1/1261 288/1/1264 296/1/654
f 2878/1/1262 2879/1/1265 293/1/652 295/1/651
f 2879/1/1265 2878/1/1262 296/1/654 294/1/653
f 2879/1/1265 2880/1/1266 291/1/1267 293/1/652
f 2880/1/1266 2879/1/1265 294/1/653 292/1/1268
f 2880/1/1266 2877/1/1261 287/1/1263 291/1/1267
f 2877/1/1261 2880/1/1266 292/1/1268 288/1/1264
f 2881/1/1269 2882/1/1270 745/1/1271 737/1/1272
f 2882/1/1270 2881/1/1269 738/1/1273 746/1/1274
f 2882/1/1270 2883/1/1275 743/1/1276 745/1/1271
f 2883/1/1275 2882/1/1270 746/1/1274 744/1/1277
f 2883/1/1275 2884/1/1278 739/1/1279 743/1/1276
f 2884/1/1278 2883/1/1275 744/1/1277 740/1/1280
f 2884/1/1278 2885/1/1281 741/1/1282 739/1/1279
f 2885/1/1281 2884/1/1278 740/1/1280 742/1/1283
f 2885/1/1281 2881/1/1269 737/1/1272 741/1/1282
f 2881/1/1269 2885/1/1281 742/1/1283 738/1/1273
f 2886/1/1284 2887/1/1285 749/1/1286 747/1/1287
f 2887/1/1285 2886/1/1284 748/1/1288 750/1/1289
f 2887/1/1285 2888/1/1290 743/1/1276 749/1/1286
f 2888/1/1290 2887/1/1285 750/1/1289 744/1/1277
f 2888/1/1290 2889/1/1291 745/1/1271 743/1/1276
f 2889/1/1291 2888/1/1290 744/1/1277 746/1/1274
f 2889/1/1291 2886/1/1284 747/1/1287 745/1/1271
f 2886/1/1284 2889/1/1291 746/1/1274 748/1/1288
f 2890/1/1292 2891/1/1293 1813/1/1294 1811/1/1295
f 2891/1/1293 2890/1/1292 1812/1/1296 1814/1/1297
f 2891/1/1293 2892/1/1298 1807/1/1299 1813/1/1294
f 2892/1/1298 2891/1/1293 1814/1/1297 1808/1/1300
f 2892/1/1298 2893/1/1301 1809/1/1302 1807/1/1299
f 2893/1/1301 2892/1/1298 1808/1/1300 1810/1/1303
f 2893/1/1301 2890/1/1292 1811/1/1295 1809/1/1302
f 2890/1/1292 2893/1/1301 1810/1/1303 1812/1/1296
f 2894/1/1304 2895/1/1305 709/1/1306 703/1/1307
f 2895/1/1305 2894/1/1304 704/1/1308 710/1/1309
f 2895/1/1305 2896/1/1310 707/1/1311 709/1/1306
f 2896/1/1310 2895/1/1305 710/1/1309 708/1/1312
f 2896/1/1310 2897/1/1313 705/1/1314 707/1/1311
f 2897/1/1313 2896/1/1310 708/1/1312 706/1/1315
f 2897/1/1313 2894/1/1304 703/1/1307 705/1/1314
f 2894/1/1304 2897/1/1313 706/1/1315 704/1/1308
f 2898/1/1316 2899/1/1317 2133/1/1318 2127/1/1319
f 2899/1/1317 2898/1/1316 2128/1/1320 2134/1/1321
f 2899/1/1317 2900/1/1322 2131/1/1323 2133/1/1318
f 2900/1/1322 2899/1/1317 2134/1/1321 2132/1/1324
f 2900/1/1322 2901/1/1325 2129/1/1326 2131/1/1323
f 2901/1/1325 2900/1/1322 2132/1/1324 2130/1/1327
f 2901/1/1325 2898/1/1316 2127/1/1319 2129/1/1326
f 2898/1/1316 2901/1/1325 2130/1/1327 2128/1/1320
f 2902/1/1328 2903/1/1329 331/1/1121 337/1/831
f 2903/1/1329 2902/1/1328 338/1/832 332/1/1122
f 2903/1/1329 2904/1/1330 333/1/1118 331/1/1121
f 2904/1/1330 2903/1/1329 332/1/1122 334/1/1119
f 2904/1/1330 2905/1/1331 335/1/827 333/1/1118
f 2905/1/1331 2904/1/1330 334/1/1119 336/1/828
f 2905/1/1331 2902/1/1328 337/1/831 335/1/827
f 2902/1/1328 2905/1/1331 336/1/828 338/1/832
f 2906/1/1332 2907/1/1333 423/1/1334 421/1/1335
f 2907/1/1333 2906/1/1332 422/1/1336 424/1/1337
f 2907/1/1333 2908/1/1338 417/1/1339 423/1/1334
f 2908/1/1338 2907/1/1333 424/1/1337 418/1/1340
f 2908/1/1338 2909/1/1341 419/1/1342 417/1/1339
f 2909/1/1341 2908/1/1338 418/1/1340 420/1/1343
f 2909/1/1341 2906/1/1332 421/1/1335 419/1/1342
f 2906/1/1332 2909/1/1341 420/1/1343 422/1/1336
f 2910/1/1344 2911/1/1345 725/1/1346 723/1/1347
f 2911/1/1345 2910/1/1344 724/1/1348 726/1/1349
f 2911/1/1345 2912/1/1350 719/1/170 725/1/1346
f 2912/1/1350 2911/1/1345 726/1/1349 720/1/171
f 2912/1/1350 2913/1/1351 721/1/165 719/1/170
f 2913/1/1351 2912/1/1350 720/1/171 722/1/168
f 2913/1/1351 2910/1/1344 723/1/1347 721/1/165
f 2910/1/1344 2913/1/1351 722/1/168 724/1/1348
f 2914/1/1352 2915/1/1353 2245/1/1354 2239/1/1355
f 2915/1/1353 2914/1/1352 2240/1/1356 2246/1/1357
f 2915/1/1353 2916/1/1358 2243/1/1359 2245/1/1354
f 2916/1/1358 2915/1/1353 2246/1/1357 2244/1/1360
f 2916/1/1358 2917/1/1361 2241/1/1362 2243/1/1359
f 2917/1/1361 2916/1/1358 2244/1/1360 2242/1/1363
f 2917/1/1361 2914/1/1352 2239/1/1355 2241/1/1362
f 2914/1/1352 2917/1/1361 2242/1/1363 2240/1/1356
f 2918/1/1364 2919/1/1365 733/1/1366 731/1/1367
f 2919/1/1365 2918/1/1364 732/1/1368 734/1/1369
f 2919/1/1365 2920/1/1370 727/1/1371 733/1/1366
f 2920/1/1370 2919/1/1365 734/1/1369 728/1/1372
f 2920/1/1370 2921/1/1373 729/1/1374 727/1/1371
f 2921/1/1373 2920/1/1370 728/1/1372 730/1/1375
f 2921/1/1373 2918/1/1364 731/1/1367 729/1/1374
f 2918/1/1364 2921/1/1373 730/1/1375 732/1/1368
f 2922/1/1376 2923/1/1377 613/1/1378 611/1/1379
f 2923/1/1377 2922/1/1376 612/1/1380 614/1/1381
f 2923/1/1377 2924/1/1382 615/1/1383 613/1/1378
f 2924/1/1382 2923/1/1377 614/1/1381 616/1/1384
f 2924/1/1382 2922/1/1376 611/1/1379 615/1/1383
f 2922/1/1376 2924/1/1382 616/1/1384 612/1/1380
f 2925/1/1385 2926/1/1386 1687/1/1387 1681/1/1388
f 2926/1/1386 2925/1/1385 1682/1/1389 1688/1/1390
f 2926/1/1386 2927/1/1391 1683/1/1392 1687/1/1387
f 2927/1/1391 2926/1/1386 1688/1/1390 1684/1/1393
f 2927/1/1391 2928/1/1394 1677/1/1395 1683/1/1392
f 2928/1/1394 2927/1/1391 1684/1/1393 1678/1/1396
f 2928/1/1394 2925/1/1385 1681/1/1388 1677/1/1395
f 2925/1/1385 2928/1/1394 1678/1/1396 1682/1/1389
f 2929/1/1397 2930/1/1398 1793/1/1399 1791/1/1400
f 2930/1/1398 2929/1/1397 1792/1/1401 1794/1/1402
f 2930/1/1398 2931/1/1403 1787/1/1404 1793/1/1399
f 2931/1/1403 2930/1/1398 1794/1/1402 1788/1/1405
f 2931/1/1403 2932/1/1406 1789/1/1407 1787/1/1404
f 2932/1/1406 2931/1/1403 1788/1/1405 1790/1/1408
f 2932/1/1406 2929/1/1397 1791/1/1400 1789/1/1407
f 2929/1/1397 2932/1/1406 1790/1/1408 1792/1/1401
f 2933/1/1409 2934/1/1410 657/1/1411 651/1/1412
f 2934/1/1410 2933/1/1409 652/1/1413 658/1/1414
f 2934/1/1410 2935/1/1415 655/1/1416 657/1/1411
f 2935/1/1415 2934/1/1410 658/1/1414 656/1/1417
f 2935/1/1415 2936/1/1418 653/1/1419 655/1/1416
f 2936/1/1418 2935/1/1415 656/1/1417 654/1/1420
f 2936/1/1418 2933/1/1409 651/1/1412 653/1/1419
f 2933/1/1409 2936/1/1418 654/1/1420 652/1/1413
f 2937/1/1421 2938/1/1422 357/1/1423 353/1/859
f 2938/1/1422 2937/1/1421 354/1/860 358/1/1424
f 2938/1/1422 2939/1/1425 355/1/1426 357/1/1423
f 2939/1/1425 2938/1/1422 358/1/1424 356/1/1427
f 2939/1/1425 2940/1/1428 351/1/854 355/1/1426
f 2940/1/1428 2939/1/1425 356/1/1427 352/1/855
f 2940/1/1428 2937/1/1421 353/1/859 351/1/854
f 2937/1/1421 2940/1/1428 352/1/855 354/1/860
f 2941/1/1429 2942/1/1430 2181/1/1431 2175/1/1432
f 2942/1/1430 2941/1/1429 2176/1/1433 2182/1/1434
f 2942/1/1430 2943/1/1435 2179/1/1436 2181/1/1431
f 2943/1/1435 2942/1/1430 2182/1/1434 2180/1/1437
f 2943/1/1435 2944/1/1438 2177/1/1439 2179/1/1436
f 2944/1/1438 2943/1/1435 2180/1/1437 2178/1/1440
f 2944/1/1438 2941/1/1429 2175/1/1432 2177/1/1439
f 2941/1/1429 2944/1/1438 2178/1/1440 2176/1/1433
f 2945/1/1441 2946/1/1442 765/1/1443 759/1/1444
f 2946/1/1442 2945/1/1441 760/1/1445 766/1/1446
f 2946/1/1442 2947/1/1447 763/1/1448 765/1/1443
f 2947/1/1447 2946/1/1442 766/1/1446 764/1/1449
f 2947/1/1447 2948/1/1450 761/1/1451 763/1/1448
f 2948/1/1450 2947/1/1447 764/1/1449 762/1/1452
f 2948/1/1450 2945/1/1441 759/1/1444 761/1/1451
f 2945/1/1441 2948/1/1450 762/1/1452 760/1/1445
f 2949/1/1453 2950/1/1454 773/1/1455 767/1/1456
f 2950/1/1454 2949/1/1453 768/1/1457 774/1/1458
f 2950/1/1454 2951/1/1459 771/1/1460 773/1/1455
f 2951/1/1459 2950/1/1454 774/1/1458 772/1/1461
f 2951/1/1459 2952/1/1462 769/1/1463 771/1/1460
f 2952/1/1462 2951/1/1459 772/1/1461 770/1/1464
f 2952/1/1462 2949/1/1453 767/1/1456 769/1/1463
f 2949/1/1453 2952/1/1462 770/1/1464 768/1/1457
f 2953/1/1465 2954/1/1466 771/1/1460 777/1/1467
f 2954/1/1466 2953/1/1465 778/1/1468 772/1/1461
f 2954/1/1466 2955/1/1469 773/1/1455 771/1/1460
f 2955/1/1469 2954/1/1466 772/1/1461 774/1/1458
f 2955/1/1469 2956/1/1470 775/1/1471 773/1/1455
f 2956/1/1470 2955/1/1469 774/1/1458 776/1/1472
f 2956/1/1470 2953/1/1465 777/1/1467 775/1/1471
f 2953/1/1465 2956/1/1470 776/1/1472 778/1/1468
f 2957/1/1473 2958/1/1474 1853/1/1475 1847/1/1476
f 2958/1/1474 2957/1/1473 1848/1/1477 1854/1/1478
f 2958/1/1474 2959/1/1479 1851/1/1480 1853/1/1475
f 2959/1/1479 2958/1/1474 1854/1/1478 1852/1/1481
f 2959/1/1479 2960/1/1482 1849/1/1483 1851/1/1480
f 2960/1/1482 2959/1/1479 1852/1/1481 1850/1/1484
f 2960/1/1482 2957/1/1473 1847/1/1476 1849/1/1483
f 2957/1/1473 2960/1/1482 1850/1/1484 1848/1/1477
f 2961/1/1485 2962/1/1486 663/1/1487 659/1/1488
f 2962/1/1486 2961/1/1485 660/1/1489 664/1/1490
f 2962/1/1486 2963/1/1491 661/1/1492 663/1/1487
f 2963/1/1491 2962/1/1486 664/1/1490 662/1/1493
f 2963/1/1491 2961/1/1485 659/1/1488 661/1/1492
f 2961/1/1485 2963/1/1491 662/1/1493 660/1/1489
f 2964/1/1494 2965/1/1495 2317/1/304 2313/1/307
f 2965/1/1495 2964/1/1494 2314/1/308 2318/1/305
f 2965/1/1495 2966/1/1496 2309/1/1497 2317/1/304
f 2966/1/1496 2965/1/1495 2318/1/305 2310/1/1498
f 2966/1/1496 2967/1/1499 2305/1/1500 2309/1/1497
f 2967/1/1499 2966/1/1496 2310/1/1498 2306/1/1501
f 2967/1/1499 2964/1/1494 2313/1/307 2305/1/1500
f 2964/1/1494 2967/1/1499 2306/1/1501 2314/1/308
f 2968/1/1502 2969/1/1503 563/1/1504 561/1/1505
f 2969/1/1503 2968/1/1502 562/1/1506 564/1/1507
f 2969/1/1503 2970/1/1508 557/1/1509 563/1/1504
f 2970/1/1508 2969/1/1503 564/1/1507 558/1/1510
f 2970/1/1508 2971/1/1511 559/1/1512 557/1/1509
f 2971/1/1511 2970/1/1508 558/1/1510 560/1/1513
f 2971/1/1511 2968/1/1502 561/1/1505 559/1/1512
f 2968/1/1502 2971/1/1511 560/1/1513 562/1/1506
f 2972/1/1514 2973/1/1515 577/1/1516 569/1/1517
f 2973/1/1515 2972/1/1514 570/1/1518 578/1/1519
f 2973/1/1515 2974/1/1520 575/1/1521 577/1/1516
f 2974/1/1520 2973/1/1515 578/1/1519 576/1/1522
f 2974/1/1520 2975/1/1523 571/1/1524 575/1/1521
f 2975/1/1523 2974/1/1520 576/1/1522 572/1/1525
f 2975/1/1523 2976/1/1526 573/1/1527 571/1/1524
f 2976/1/1526 2975/1/1523 572/1/1525 574/1/1528
f 2976/1/1526 2972/1/1514 569/1/1517 573/1/1527
f 2972/1/1514 2976/1/1526 574/1/1528 570/1/1518
f 2977/1/1529 2978/1/1530 581/1/1531 579/1/1532
f 2978/1/1530 2977/1/1529 580/1/1533 582/1/1534
f 2978/1/1530 2979/1/1535 575/1/1521 581/1/1531
f 2979/1/1535 2978/1/1530 582/1/1534 576/1/1522
f 2979/1/1535 2980/1/1536 577/1/1516 575/1/1521
f 2980/1/1536 2979/1/1535 576/1/1522 578/1/1519
f 2980/1/1536 2977/1/1529 579/1/1532 577/1/1516
f 2977/1/1529 2980/1/1536 578/1/1519 580/1/1533
f 2981/1/1537 2982/1/1538 585/1/1539 579/1/1532
f 2982/1/1538 2981/1/1537 580/1/1533 586/1/1540
f 2982/1/1538 2983/1/1541 583/1/1542 585/1/1539
f 2983/1/1541 2982/1/1538 586/1/1540 584/1/1543
f 2983/1/1541 2984/1/1544 581/1/1531 583/1/1542
f 2984/1/1544 2983/1/1541 584/1/1543 582/1/1534
f 2984/1/1544 2981/1/1537 579/1/1532 581/1/1531
f 2981/1/1537 2984/1/1544 582/1/1534 580/1/1533
f 2985/1/1545 2986/1/1546 757/1/1547 755/1/1548
f 2986/1/1546 2985/1/1545 756/1/1549 758/1/1550
f 2986/1/1546 2987/1/1551 751/1/1552 757/1/1547
f 2987/1/1551 2986/1/1546 758/1/1550 752/1/1553
f 2987/1/1551 2988/1/1554 753/1/1555 751/1/1552
f 2988/1/1554 2987/1/1551 752/1/1553 754/1/1556
f 2988/1/1554 2985/1/1545 755/1/1548 753/1/1555
f 2985/1/1545 2988/1/1554 754/1/1556 756/1/1549
f 2989/1/1557 2990/1/1558 815/1/1559 823/1/1560
f 2990/1/1558 2989/1/1557 824/1/1561 816/1/1562
f 2990/1/1558 2991/1/1563 811/1/1564 815/1/1559
f 2991/1/1563 2990/1/1558 816/1/1562 812/1/1565
f 2991/1/1563 2992/1/1566 819/1/1567 811/1/1564
f 2992/1/1566 2991/1/1563 812/1/1565 820/1/1568
f 2992/1/1566 2989/1/1557 823/1/1560 819/1/1567
f 2989/1/1557 2992/1/1566 820/1/1568 824/1/1561
f 2993/1/1569 2994/1/1570 597/1/1571 591/1/1572
f 2994/1/1570 2993/1/1569 592/1/1573 598/1/1574
f 2994/1/1570 2995/1/1575 595/1/1576 597/1/1571
f 2995/1/1575 2994/1/1570 598/1/1574 596/1/1577
f 2995/1/1575 2996/1/1578 593/1/1579 595/1/1576
f 2996/1/1578 2995/1/1575 596/1/1577 594/1/1580
f 2996/1/1578 2993/1/1569 591/1/1572 593/1/1579
f 2993/1/1569 2996/1/1578 594/1/1580 592/1/1573
f 2997/1/1581 2998/1/1582 653/1/1419 651/1/1412
f 2998/1/1582 2997/1/1581 652/1/1413 654/1/1420
f 2998/1/1582 2999/1/1583 647/1/280 653/1/1419
f 2999/1/1583 2998/1/1582 654/1/1420 648/1/281
f 2999/1/1583 3000/1/1584 649/1/275 647/1/280
f 3000/1/1584 2999/1/1583 648/1/281 650/1/278
f 3000/1/1584 2997/1/1581 651/1/1412 649/1/275
f 2997/1/1581 3000/1/1584 650/1/278 652/1/1413
f 3001/1/1585 3002/1/1586 609/1/1587 607/1/1588
f 3002/1/1586 3001/1/1585 608/1/1589 610/1/1590
f 3002/1/1586 3003/1/1591 603/1/1592 609/1/1587
f 3003/1/1591 3002/1/1586 610/1/1590 604/1/1593
f 3003/1/1591 3004/1/1594 605/1/1595 603/1/1592
f 3004/1/1594 3003/1/1591 604/1/1593 606/1/1596
f 3004/1/1594 3001/1/1585 607/1/1588 605/1/1595
f 3001/1/1585 3004/1/1594 606/1/1596 608/1/1589
f 3005/1/1597 3006/1/1598 781/1/1599 775/1/1471
f 3006/1/1598 3005/1/1597 776/1/1472 782/1/1600
f 3006/1/1598 3007/1/1601 779/1/1602 781/1/1599
f 3007/1/1601 3006/1/1598 782/1/1600 780/1/1603
f 3007/1/1601 3008/1/1604 777/1/1467 779/1/1602
f 3008/1/1604 3007/1/1601 780/1/1603 778/1/1468
f 3008/1/1604 3005/1/1597 775/1/1471 777/1/1467
f 3005/1/1597 3008/1/1604 778/1/1468 776/1/1472
f 3009/1/1605 3010/1/1606 735/1/1607 731/1/1367
f 3010/1/1606 3009/1/1605 732/1/1368 736/1/1608
f 3010/1/1606 3011/1/1609 733/1/1366 735/1/1607
f 3011/1/1609 3010/1/1606 736/1/1608 734/1/1369
f 3011/1/1609 3009/1/1605 731/1/1367 733/1/1366
f 3009/1/1605 3011/1/1609 734/1/1369 732/1/1368
f 3012/1/1610 3013/1/1611 625/1/1612 623/1/1613
f 3013/1/1611 3012/1/1610 624/1/1614 626/1/1615
f 3013/1/1611 3014/1/1616 617/1/1617 625/1/1612
f 3014/1/1616 3013/1/1611 626/1/1615 618/1/1618
f 3014/1/1616 3015/1/1619 619/1/1620 617/1/1617
f 3015/1/1619 3014/1/1616 618/1/1618 620/1/1621
f 3015/1/1619 3016/1/1622 621/1/1623 619/1/1620
f 3016/1/1622 3015/1/1619 620/1/1621 622/1/1624
f 3016/1/1622 3012/1/1610 623/1/1613 621/1/1623
f 3012/1/1610 3016/1/1622 622/1/1624 624/1/1614
f 3017/1/1625 3018/1/1626 645/1/283 643/1/276
f 3018/1/1626 3017/1/1625 644/1/277 646/1/284
f 3018/1/1626 3019/1/1627 639/1/1628 645/1/283
f 3019/1/1627 3018/1/1626 646/1/284 640/1/1629
f 3019/1/1627 3020/1/1630 641/1/1631 639/1/1628
f 3020/1/1630 3019/1/1627 640/1/1629 642/1/1632
f 3020/1/1630 3017/1/1625 643/1/276 641/1/1631
f 3017/1/1625 3020/1/1630 642/1/1632 644/1/277
f 3021/1/1633 3022/1/1634 629/1/1635 623/1/1613
f 3022/1/1634 3021/1/1633 624/1/1614 630/1/1636
f 3022/1/1634 3023/1/1637 627/1/1638 629/1/1635
f 3023/1/1637 3022/1/1634 630/1/1636 628/1/1639
f 3023/1/1637 3024/1/1640 625/1/1612 627/1/1638
f 3024/1/1640 3023/1/1637 628/1/1639 626/1/1615
f 3024/1/1640 3021/1/1633 623/1/1613 625/1/1612
f 3021/1/1633 3024/1/1640 626/1/1615 624/1/1614
f 3025/1/1641 3026/1/1642 633/1/1643 631/1/1644
f 3026/1/1642 3025/1/1641 632/1/1645 634/1/1646
f 3026/1/1642 3027/1/1647 627/1/1638 633/1/1643
f 3027/1/1647 3026/1/1642 634/1/1646 628/1/1639
f 3027/1/1647 3028/1/1648 629/1/1635 627/1/1638
f 3028/1/1648 3027/1/1647 628/1/1639 630/1/1636
f 3028/1/1648 3025/1/1641 631/1/1644 629/1/1635
f 3025/1/1641 3028/1/1648 630/1/1636 632/1/1645
f 3029/1/1649 3030/1/1650 637/1/1651 631/1/1644
f 3030/1/1650 3029/1/1649 632/1/1645 638/1/1652
f 3030/1/1650 3031/1/1653 635/1/1654 637/1/1651
f 3031/1/1653 3030/1/1650 638/1/1652 636/1/1655
f 3031/1/1653 3032/1/1656 633/1/1643 635/1/1654
f 3032/1/1656 3031/1/1653 636/1/1655 634/1/1646
f 3032/1/1656 3029/1/1649 631/1/1644 633/1/1643
f 3029/1/1649 3032/1/1656 634/1/1646 632/1/1645
f 3033/1/1657 3034/1/1658 641/1/1631 637/1/1651
f 3034/1/1658 3033/1/1657 638/1/1652 642/1/1632
f 3034/1/1658 3035/1/1659 639/1/1628 641/1/1631
f 3035/1/1659 3034/1/1658 642/1/1632 640/1/1629
f 3035/1/1659 3036/1/1660 635/1/1654 639/1/1628
f 3036/1/1660 3035/1/1659 640/1/1629 636/1/1655
f 3036/1/1660 3033/1/1657 637/1/1651 635/1/1654
f 3033/1/1657 3036/1/1660 636/1/1655 638/1/1652
f 3037/1/1661 3038/1/1662 2089/1/1011 2083/1/1663
f 3038/1/1662 3037/1/1661 2084/1/1664 2090/1/1012
f 3038/1/1662 3039/1/1665 2087/1/1008 2089/1/1011
f 3039/1/1665 3038/1/1662 2090/1/1012 2088/1/1009
f 3039/1/1665 3040/1/1666 2085/1/1667 2087/1/1008
f 3040/1/1666 3039/1/1665 2088/1/1009 2086/1/1668
f 3040/1/1666 3037/1/1661 2083/1/1663 2085/1/1667
f 3037/1/1661 3040/1/1666 2086/1/1668 2084/1/1664
f 3041/1/1669 3042/1/1670 51/1/1671 39/1/4
f 3042/1/1670 3041/1/1669 40/1/5 52/1/1672
f 3042/1/1670 3043/1/1673 47/1/1674 51/1/1671
f 3043/1/1673 3042/1/1670 52/1/1672 48/1/1675
f 3043/1/1673 3044/1/1676 43/1/3 47/1/1674
f 3044/1/1676 3043/1/1673 48/1/1675 44/1/6
f 3044/1/1676 3041/1/1669 39/1/4 43/1/3
f 3041/1/1669 3044/1/1676 44/1/6 40/1/5
f 3045/1/1677 3046/1/1678 2241/1/1362 2239/1/1355
f 3046/1/1678 3045/1/1677 2240/1/1356 2242/1/1363
f 3046/1/1678 3047/1/1679 2237/1/1680 2241/1/1362
f 3047/1/1679 3046/1/1678 2242/1/1363 2238/1/1681
f 3047/1/1679 3048/1/1682 2235/1/1683 2237/1/1680
f 3048/1/1682 3047/1/1679 2238/1/1681 2236/1/1684
f 3048/1/1682 3045/1/1677 2239/1/1355 2235/1/1683
f 3045/1/1677 3048/1/1682 2236/1/1684 2240/1/1356
f 3049/1/1685 3050/1/1686 729/1/1374 723/1/1347
f 3050/1/1686 3049/1/1685 724/1/1348 730/1/1375
f 3050/1/1686 3051/1/1687 727/1/1371 729/1/1374
f 3051/1/1687 3050/1/1686 730/1/1375 728/1/1372
f 3051/1/1687 3052/1/1688 725/1/1346 727/1/1371
f 3052/1/1688 3051/1/1687 728/1/1372 726/1/1349
f 3052/1/1688 3049/1/1685 723/1/1347 725/1/1346
f 3049/1/1685 3052/1/1688 726/1/1349 724/1/1348
f 3053/1/1689 3054/1/1690 661/1/1492 659/1/1488
f 3054/1/1690 3053/1/1689 660/1/1489 662/1/1493
f 3054/1/1690 3055/1/1691 655/1/1416 661/1/1492
f 3055/1/1691 3054/1/1690 662/1/1493 656/1/1417
f 3055/1/1691 3056/1/1692 657/1/1411 655/1/1416
f 3056/1/1692 3055/1/1691 656/1/1417 658/1/1414
f 3056/1/1692 3053/1/1689 659/1/1488 657/1/1411
f 3053/1/1689 3056/1/1692 658/1/1414 660/1/1489
f 3057/1/1693 3058/1/1694 781/1/1599 779/1/1602
f 3058/1/1694 3057/1/1693 780/1/1603 782/1/1600
f 3058/1/1694 3059/1/1695 783/1/1696 781/1/1599
f 3059/1/1695 3058/1/1694 782/1/1600 784/1/1697
f 3059/1/1695 3057/1/1693 779/1/1602 783/1/1696
f 3057/1/1693 3059/1/1695 784/1/1697 780/1/1603
f 3060/1/61 3061/1/222 165/1/226 153/1/65
f 3061/1/222 3060/1/61 154/1/64 166/1/223
f 3061/1/222 3062/1/221 167/1/225 165/1/226
f 3062/1/221 3061/1/222 166/1/223 168/1/224
f 3062/1/221 3063/1/234 163/1/236 167/1/225
f 3063/1/234 3062/1/221 168/1/224 164/1/235
f 3063/1/234 3064/1/70 159/1/72 163/1/236
f 3064/1/70 3063/1/234 164/1/235 160/1/71
f 3064/1/70 3065/1/237 161/1/239 159/1/72
f 3065/1/237 3064/1/70 160/1/71 162/1/238
f 3065/1/237 3066/1/230 155/1/232 161/1/239
f 3066/1/230 3065/1/237 162/1/238 156/1/231
f 3066/1/230 3067/1/227 157/1/229 155/1/232
f 3067/1/227 3066/1/230 156/1/231 158/1/228
f 3067/1/227 3060/1/61 153/1/65 157/1/229
f 3060/1/61 3067/1/227 158/1/228 154/1/64
f 3068/1/1698 3069/1/1699 263/1/511 255/1/52
f 3069/1/1699 3068/1/1698 256/1/53 264/1/514
f 3069/1/1699 3070/1/1700 261/1/512 263/1/511
f 3070/1/1700 3069/1/1699 264/1/514 262/1/513
f 3070/1/1700 3071/1/1701 259/1/51 261/1/512
f 3071/1/1701 3070/1/1700 262/1/513 260/1/54
f 3071/1/1701 3068/1/1698 255/1/52 259/1/51
f 3068/1/1698 3071/1/1701 260/1/54 256/1/53
f 3072/1/1702 3073/1/1703 811/1/1564 809/1/1704
f 3073/1/1703 3072/1/1702 810/1/1705 812/1/1565
f 3073/1/1703 3074/1/1706 813/1/1707 811/1/1564
f 3074/1/1706 3073/1/1703 812/1/1565 814/1/1708
f 3074/1/1706 3072/1/1702 809/1/1704 813/1/1707
f 3072/1/1702 3074/1/1706 814/1/1708 810/1/1705
f 3075/1/1709 3076/1/1710 815/1/1559 811/1/1564
f 3076/1/1710 3075/1/1709 812/1/1565 816/1/1562
f 3076/1/1710 3077/1/1711 813/1/1707 815/1/1559
f 3077/1/1711 3076/1/1710 816/1/1562 814/1/1708
f 3077/1/1711 3075/1/1709 811/1/1564 813/1/1707
f 3075/1/1709 3077/1/1711 814/1/1708 812/1/1565
f 3078/1/1712 3079/1/1713 809/1/1704 811/1/1564
f 3079/1/1713 3078/1/1712 812/1/1565 810/1/1705
f 3079/1/1713 3080/1/1714 817/1/1715 809/1/1704
f 3080/1/1714 3079/1/1713 810/1/1705 818/1/1716
f 3080/1/1714 3078/1/1712 811/1/1564 817/1/1715
f 3078/1/1712 3080/1/1714 818/1/1716 812/1/1565
f 3081/1/1717 3082/1/1718 957/1/1719 949/1/1720
f 3082/1/1718 3081/1/1717 950/1/1721 958/1/1722
f 3082/1/1718 3083/1/1723 953/1/1724 957/1/1719
f 3083/1/1723 3082/1/1718 958/1/1722 954/1/1725
f 3083/1/1723 3084/1/1726 939/1/1727 953/1/1724
f 3084/1/1726 3083/1/1723 954/1/1725 940/1/1728
f 3084/1/1726 3081/1/1717 949/1/1720 939/1/1727
f 3081/1/1717 3084/1/1726 940/1/1728 950/1/1721
f 3085/1/1729 3086/1/1730 821/1/1731 809/1/1704
f 3086/1/1730 3085/1/1729 810/1/1705 822/1/1732
f 3086/1/1730 3087/1/1733 817/1/1715 821/1/1731
f 3087/1/1733 3086/1/1730 822/1/1732 818/1/1716
f 3087/1/1733 3085/1/1729 809/1/1704 817/1/1715
f 3085/1/1729 3087/1/1733 818/1/1716 810/1/1705
f 3088/1/1734 3089/1/1735 809/1/1704 821/1/1731
f 3089/1/1735 3088/1/1734 822/1/1732 810/1/1705
f 3089/1/1735 3090/1/1736 825/1/1737 809/1/1704
f 3090/1/1736 3089/1/1735 810/1/1705 826/1/1738
f 3090/1/1736 3088/1/1734 821/1/1731 825/1/1737
f 3088/1/1734 3090/1/1736 826/1/1738 822/1/1732
f 3091/1/1739 3092/1/1740 823/1/1560 815/1/1559
f 3092/1/1740 3091/1/1739 816/1/1562 824/1/1561
f 3092/1/1740 3093/1/1741 827/1/1742 823/1/1560
f 3093/1/1741 3092/1/1740 824/1/1561 828/1/1743
f 3093/1/1741 3091/1/1739 815/1/1559 827/1/1742
f 3091/1/1739 3093/1/1741 828/1/1743 816/1/1562
f 3094/1/1744 3095/1/1745 825/1/1737 821/1/1731
f 3095/1/1745 3094/1/1744 822/1/1732 826/1/1738
f 3095/1/1745 3096/1/1746 829/1/1747 825/1/1737
f 3096/1/1746 3095/1/1745 826/1/1738 830/1/1748
f 3096/1/1746 3094/1/1744 821/1/1731 829/1/1747
f 3094/1/1744 3096/1/1746 830/1/1748 822/1/1732
f 3097/1/1749 3098/1/1750 831/1/1751 823/1/1560
f 3098/1/1750 3097/1/1749 824/1/1561 832/1/1752
f 3098/1/1750 3099/1/1753 827/1/1742 831/1/1751
f 3099/1/1753 3098/1/1750 832/1/1752 828/1/1743
f 3099/1/1753 3097/1/1749 823/1/1560 827/1/1742
f 3097/1/1749 3099/1/1753 828/1/1743 824/1/1561
f 3100/1/1754 3101/1/1755 821/1/1731 833/1/1756
f 3101/1/1755 3100/1/1754 834/1/1757 822/1/1732
f 3101/1/1755 3102/1/1758 829/1/1747 821/1/1731
f 3102/1/1758 3101/1/1755 822/1/1732 830/1/1748
f 3102/1/1758 3100/1/1754 833/1/1756 829/1/1747
f 3100/1/1754 3102/1/1758 830/1/1748 834/1/1757
f 3103/1/1759 3104/1/1760 823/1/1560 831/1/1751
f 3104/1/1760 3103/1/1759 832/1/1752 824/1/1561
f 3104/1/1760 3105/1/1761 835/1/1762 823/1/1560
f 3105/1/1761 3104/1/1760 824/1/1561 836/1/1763
f 3105/1/1761 3103/1/1759 831/1/1751 835/1/1762
f 3103/1/1759 3105/1/1761 836/1/1763 832/1/1752
f 3106/1/1764 3107/1/1765 829/1/1747 833/1/1756
f 3107/1/1765 3106/1/1764 834/1/1757 830/1/1748
f 3107/1/1765 3108/1/1766 837/1/1767 829/1/1747
f 3108/1/1766 3107/1/1765 830/1/1748 838/1/1768
f 3108/1/1766 3106/1/1764 833/1/1756 837/1/1767
f 3106/1/1764 3108/1/1766 838/1/1768 834/1/1757
f 3109/1/1769 3110/1/1770 839/1/1771 835/1/1762
f 3110/1/1770 3109/1/1769 836/1/1763 840/1/1772
f 3110/1/1770 3111/1/1773 831/1/1751 839/1/1771
f 3111/1/1773 3110/1/1770 840/1/1772 832/1/1752
f 3111/1/1773 3109/1/1769 835/1/1762 831/1/1751
f 3109/1/1769 3111/1/1773 832/1/1752 836/1/1763
f 3112/1/1774 3113/1/1775 837/1/1767 833/1/1756
f 3113/1/1775 3112/1/1774 834/1/1757 838/1/1768
f 3113/1/1775 3114/1/1776 841/1/1777 837/1/1767
f 3114/1/1776 3113/1/1775 838/1/1768 842/1/1778
f 3114/1/1776 3112/1/1774 833/1/1756 841/1/1777
f 3112/1/1774 3114/1/1776 842/1/1778 834/1/1757
f 3115/1/1779 3116/1/1780 835/1/1762 839/1/1771
f 3116/1/1780 3115/1/1779 840/1/1772 836/1/1763
f 3116/1/1780 3117/1/1781 843/1/1782 835/1/1762
f 3117/1/1781 3116/1/1780 836/1/1763 844/1/1783
f 3117/1/1781 3115/1/1779 839/1/1771 843/1/1782
f 3115/1/1779 3117/1/1781 844/1/1783 840/1/1772
f 3118/1/1784 3119/1/1785 845/1/1786 837/1/1767
f 3119/1/1785 3118/1/1784 838/1/1768 846/1/1787
f 3119/1/1785 3120/1/1788 841/1/1777 845/1/1786
f 3120/1/1788 3119/1/1785 846/1/1787 842/1/1778
f 3120/1/1788 3118/1/1784 837/1/1767 841/1/1777
f 3118/1/1784 3120/1/1788 842/1/1778 838/1/1768
f 3121/1/1789 3122/1/1790 837/1/1767 845/1/1786
f 3122/1/1790 3121/1/1789 846/1/1787 838/1/1768
f 3122/1/1790 3123/1/1791 847/1/1792 837/1/1767
f 3123/1/1791 3122/1/1790 838/1/1768 848/1/1793
f 3123/1/1791 3121/1/1789 845/1/1786 847/1/1792
f 3121/1/1789 3123/1/1791 848/1/1793 846/1/1787
f 3124/1/1794 3125/1/1795 847/1/1792 845/1/1786
f 3125/1/1795 3124/1/1794 846/1/1787 848/1/1793
f 3125/1/1795 3126/1/1796 849/1/1797 847/1/1792
f 3126/1/1796 3125/1/1795 848/1/1793 850/1/1798
f 3126/1/1796 3124/1/1794 845/1/1786 849/1/1797
f 3124/1/1794 3126/1/1796 850/1/1798 846/1/1787
f 3127/1/1799 3128/1/1800 1499/1/1801 1495/1/1802
f 3128/1/1800 3127/1/1799 1496/1/1803 1500/1/1804
f 3128/1/1800 3129/1/1805 1485/1/1806 1499/1/1801
f 3129/1/1805 3128/1/1800 1500/1/1804 1486/1/1807
f 3129/1/1805 3130/1/1808 1491/1/1809 1485/1/1806
f 3130/1/1808 3129/1/1805 1486/1/1807 1492/1/1810
f 3130/1/1808 3127/1/1799 1495/1/1802 1491/1/1809
f 3127/1/1799 3130/1/1808 1492/1/1810 1496/1/1803
f 3131/1/1811 3132/1/1812 853/1/1813 851/1/1814
f 3132/1/1812 3131/1/1811 852/1/1815 854/1/1816
f 3132/1/1812 3133/1/1817 855/1/1818 853/1/1813
f 3133/1/1817 3132/1/1812 854/1/1816 856/1/1819
f 3133/1/1817 3131/1/1811 851/1/1814 855/1/1818
f 3131/1/1811 3133/1/1817 856/1/1819 852/1/1815
f 3134/1/1820 3135/1/1821 859/1/1822 857/1/1823
f 3135/1/1821 3134/1/1820 858/1/1824 860/1/1825
f 3135/1/1821 3136/1/1826 861/1/1827 859/1/1822
f 3136/1/1826 3135/1/1821 860/1/1825 862/1/1828
f 3136/1/1826 3134/1/1820 857/1/1823 861/1/1827
f 3134/1/1820 3136/1/1826 862/1/1828 858/1/1824
f 3137/1/1829 3138/1/1830 857/1/1823 863/1/1831
f 3138/1/1830 3137/1/1829 864/1/1832 858/1/1824
f 3138/1/1830 3139/1/1833 861/1/1827 857/1/1823
f 3139/1/1833 3138/1/1830 858/1/1824 862/1/1828
f 3139/1/1833 3137/1/1829 863/1/1831 861/1/1827
f 3137/1/1829 3139/1/1833 862/1/1828 864/1/1832
f 3140/1/1834 3141/1/1835 857/1/1823 859/1/1822
f 3141/1/1835 3140/1/1834 860/1/1825 858/1/1824
f 3141/1/1835 3142/1/1836 865/1/1837 857/1/1823
f 3142/1/1836 3141/1/1835 858/1/1824 866/1/1838
f 3142/1/1836 3140/1/1834 859/1/1822 865/1/1837
f 3140/1/1834 3142/1/1836 866/1/1838 860/1/1825
f 3143/1/1839 3144/1/1840 361/1/1083 359/1/1086
f 3144/1/1840 3143/1/1839 360/1/1087 362/1/1084
f 3144/1/1840 3145/1/1841 355/1/1426 361/1/1083
f 3145/1/1841 3144/1/1840 362/1/1084 356/1/1427
f 3145/1/1841 3146/1/1842 357/1/1423 355/1/1426
f 3146/1/1842 3145/1/1841 356/1/1427 358/1/1424
f 3146/1/1842 3143/1/1839 359/1/1086 357/1/1423
f 3143/1/1839 3146/1/1842 358/1/1424 360/1/1087
f 3147/1/1843 3148/1/1844 859/1/1822 869/1/1845
f 3148/1/1844 3147/1/1843 870/1/1846 860/1/1825
f 3148/1/1844 3149/1/1847 865/1/1837 859/1/1822
f 3149/1/1847 3148/1/1844 860/1/1825 866/1/1838
f 3149/1/1847 3147/1/1843 869/1/1845 865/1/1837
f 3147/1/1843 3149/1/1847 866/1/1838 870/1/1846
f 3150/1/1848 3151/1/1849 869/1/1845 859/1/1822
f 3151/1/1849 3150/1/1848 860/1/1825 870/1/1846
f 3151/1/1849 3152/1/1850 873/1/1851 869/1/1845
f 3152/1/1850 3151/1/1849 870/1/1846 874/1/1852
f 3152/1/1850 3150/1/1848 859/1/1822 873/1/1851
f 3150/1/1848 3152/1/1850 874/1/1852 860/1/1825
f 3153/1/1853 3154/1/1854 875/1/1855 863/1/1831
f 3154/1/1854 3153/1/1853 864/1/1832 876/1/1856
f 3154/1/1854 3155/1/1857 871/1/1858 875/1/1855
f 3155/1/1857 3154/1/1854 876/1/1856 872/1/1859
f 3155/1/1857 3153/1/1853 863/1/1831 871/1/1858
f 3153/1/1853 3155/1/1857 872/1/1859 864/1/1832
f 3156/1/1860 3157/1/1861 873/1/1851 877/1/1862
f 3157/1/1861 3156/1/1860 878/1/1863 874/1/1852
f 3157/1/1861 3158/1/1864 869/1/1845 873/1/1851
f 3158/1/1864 3157/1/1861 874/1/1852 870/1/1846
f 3158/1/1864 3156/1/1860 877/1/1862 869/1/1845
f 3156/1/1860 3158/1/1864 870/1/1846 878/1/1863
f 3159/1/1865 3160/1/1866 871/1/1858 879/1/1867
f 3160/1/1866 3159/1/1865 880/1/1868 872/1/1859
f 3160/1/1866 3161/1/1869 875/1/1855 871/1/1858
f 3161/1/1869 3160/1/1866 872/1/1859 876/1/1856
f 3161/1/1869 3159/1/1865 879/1/1867 875/1/1855
f 3159/1/1865 3161/1/1869 876/1/1856 880/1/1868
f 3162/1/1870 3163/1/1871 869/1/1845 877/1/1862
f 3163/1/1871 3162/1/1870 878/1/1863 870/1/1846
f 3163/1/1871 3164/1/1872 881/1/1873 869/1/1845
f 3164/1/1872 3163/1/1871 870/1/1846 882/1/1874
f 3164/1/1872 3162/1/1870 877/1/1862 881/1/1873
f 3162/1/1870 3164/1/1872 882/1/1874 878/1/1863
f 3165/1/1875 3166/1/1876 879/1/1867 871/1/1858
f 3166/1/1876 3165/1/1875 872/1/1859 880/1/1868
f 3166/1/1876 3167/1/1877 883/1/1878 879/1/1867
f 3167/1/1877 3166/1/1876 880/1/1868 884/1/1879
f 3167/1/1877 3165/1/1875 871/1/1858 883/1/1878
f 3165/1/1875 3167/1/1877 884/1/1879 872/1/1859
f 3168/1/1880 3169/1/1881 885/1/1882 881/1/1873
f 3169/1/1881 3168/1/1880 882/1/1874 886/1/1883
f 3169/1/1881 3170/1/1884 877/1/1862 885/1/1882
f 3170/1/1884 3169/1/1881 886/1/1883 878/1/1863
f 3170/1/1884 3168/1/1880 881/1/1873 877/1/1862
f 3168/1/1880 3170/1/1884 878/1/1863 882/1/1874
f 3171/1/1885 3172/1/1886 883/1/1878 887/1/1887
f 3172/1/1886 3171/1/1885 888/1/1888 884/1/1879
f 3172/1/1886 3173/1/1889 879/1/1867 883/1/1878
f 3173/1/1889 3172/1/1886 884/1/1879 880/1/1868
f 3173/1/1889 3171/1/1885 887/1/1887 879/1/1867
f 3171/1/1885 3173/1/1889 880/1/1868 888/1/1888
f 3174/1/1890 3175/1/1891 881/1/1873 885/1/1882
f 3175/1/1891 3174/1/1890 886/1/1883 882/1/1874
f 3175/1/1891 3176/1/1892 889/1/1893 881/1/1873
f 3176/1/1892 3175/1/1891 882/1/1874 890/1/1894
f 3176/1/1892 3174/1/1890 885/1/1882 889/1/1893
f 3174/1/1890 3176/1/1892 890/1/1894 886/1/1883
f 3177/1/1895 3178/1/1896 887/1/1887 883/1/1878
f 3178/1/1896 3177/1/1895 884/1/1879 888/1/1888
f 3178/1/1896 3179/1/1897 891/1/1898 887/1/1887
f 3179/1/1897 3178/1/1896 888/1/1888 892/1/1899
f 3179/1/1897 3177/1/1895 883/1/1878 891/1/1898
f 3177/1/1895 3179/1/1897 892/1/1899 884/1/1879
f 3180/1/1900 3181/1/1901 885/1/1882 893/1/1902
f 3181/1/1901 3180/1/1900 894/1/1903 886/1/1883
f 3181/1/1901 3182/1/1904 889/1/1893 885/1/1882
f 3182/1/1904 3181/1/1901 886/1/1883 890/1/1894
f 3182/1/1904 3180/1/1900 893/1/1902 889/1/1893
f 3180/1/1900 3182/1/1904 890/1/1894 894/1/1903
f 3183/1/1905 3184/1/1906 893/1/1902 885/1/1882
f 3184/1/1906 3183/1/1905 886/1/1883 894/1/1903
f 3184/1/1906 3185/1/1907 895/1/1908 893/1/1902
f 3185/1/1907 3184/1/1906 894/1/1903 896/1/1909
f 3185/1/1907 3183/1/1905 885/1/1882 895/1/1908
f 3183/1/1905 3185/1/1907 896/1/1909 886/1/1883
f 3186/1/1910 3187/1/1911 897/1/1912 893/1/1902
f 3187/1/1911 3186/1/1910 894/1/1903 898/1/1913
f 3187/1/1911 3188/1/1914 895/1/1908 897/1/1912
f 3188/1/1914 3187/1/1911 898/1/1913 896/1/1909
f 3188/1/1914 3186/1/1910 893/1/1902 895/1/1908
f 3186/1/1910 3188/1/1914 896/1/1909 894/1/1903
f 3189/1/1915 3190/1/1916 853/1/1813 843/1/1782
f 3190/1/1916 3189/1/1915 844/1/1783 854/1/1816
f 3190/1/1916 3191/1/1917 851/1/1814 853/1/1813
f 3191/1/1917 3190/1/1916 854/1/1816 852/1/1815
f 3191/1/1917 3192/1/1918 839/1/1771 851/1/1814
f 3192/1/1918 3191/1/1917 852/1/1815 840/1/1772
f 3192/1/1918 3189/1/1915 843/1/1782 839/1/1771
f 3189/1/1915 3192/1/1918 840/1/1772 844/1/1783
f 3193/1/1919 3194/1/1920 903/1/1921 899/1/1922
f 3194/1/1920 3193/1/1919 900/1/1923 904/1/1924
f 3194/1/1920 3195/1/1925 901/1/1926 903/1/1921
f 3195/1/1925 3194/1/1920 904/1/1924 902/1/1927
f 3195/1/1925 3193/1/1919 899/1/1922 901/1/1926
f 3193/1/1919 3195/1/1925 902/1/1927 900/1/1923
f 3196/1/1928 3197/1/1929 1371/1/595 1359/1/692
f 3197/1/1929 3196/1/1928 1360/1/693 1372/1/596
f 3197/1/1929 3198/1/1930 1367/1/592 1371/1/595
f 3198/1/1930 3197/1/1929 1372/1/596 1368/1/593
f 3198/1/1930 3199/1/1931 1363/1/691 1367/1/592
f 3199/1/1931 3198/1/1930 1368/1/593 1364/1/694
f 3199/1/1931 3196/1/1928 1359/1/692 1363/1/691
f 3196/1/1928 3199/1/1931 1364/1/694 1360/1/693
f 3200/1/1932 3201/1/1933 913/1/1934 905/1/1935
f 3201/1/1933 3200/1/1932 906/1/1936 914/1/1937
f 3201/1/1933 3202/1/1938 907/1/1939 913/1/1934
f 3202/1/1938 3201/1/1933 914/1/1937 908/1/1940
f 3202/1/1938 3203/1/1941 909/1/1942 907/1/1939
f 3203/1/1941 3202/1/1938 908/1/1940 910/1/1943
f 3203/1/1941 3200/1/1932 905/1/1935 909/1/1942
f 3200/1/1932 3203/1/1941 910/1/1943 906/1/1936
f 3204/1/1944 3205/1/1945 2141/1/1946 2135/1/1947
f 3205/1/1945 3204/1/1944 2136/1/1948 2142/1/1949
f 3205/1/1945 3206/1/1950 2139/1/1951 2141/1/1946
f 3206/1/1950 3205/1/1945 2142/1/1949 2140/1/1952
f 3206/1/1950 3207/1/1953 2137/1/1954 2139/1/1951
f 3207/1/1953 3206/1/1950 2140/1/1952 2138/1/1955
f 3207/1/1953 3204/1/1944 2135/1/1947 2137/1/1954
f 3204/1/1944 3207/1/1953 2138/1/1955 2136/1/1948
f 3208/1/1956 3209/1/1957 289/1/659 277/1/1958
f 3209/1/1957 3208/1/1956 278/1/1959 290/1/660
f 3209/1/1957 3210/1/1960 285/1/656 289/1/659
f 3210/1/1960 3209/1/1957 290/1/660 286/1/657
f 3210/1/1960 3211/1/1961 281/1/1962 285/1/656
f 3211/1/1961 3210/1/1960 286/1/657 282/1/1963
f 3211/1/1961 3208/1/1956 277/1/1958 281/1/1962
f 3208/1/1956 3211/1/1961 282/1/1963 278/1/1959
f 3212/1/1964 3213/1/1965 1431/1/1966 1443/1/271
f 3213/1/1965 3212/1/1964 1444/1/272 1432/1/1967
f 3213/1/1965 3214/1/1968 1435/1/1969 1431/1/1966
f 3214/1/1968 3213/1/1965 1432/1/1967 1436/1/1970
f 3214/1/1968 3215/1/1971 1439/1/264 1435/1/1969
f 3215/1/1971 3214/1/1968 1436/1/1970 1440/1/265
f 3215/1/1971 3212/1/1964 1443/1/271 1439/1/264
f 3212/1/1964 3215/1/1971 1440/1/265 1444/1/272
f 3216/1/1972 3217/1/1973 567/1/1974 565/1/1975
f 3217/1/1973 3216/1/1972 566/1/1976 568/1/1977
f 3217/1/1973 3218/1/1978 557/1/1509 567/1/1974
f 3218/1/1978 3217/1/1973 568/1/1977 558/1/1510
f 3218/1/1978 3219/1/1979 563/1/1504 557/1/1509
f 3219/1/1979 3218/1/1978 558/1/1510 564/1/1507
f 3219/1/1979 3216/1/1972 565/1/1975 563/1/1504
f 3216/1/1972 3219/1/1979 564/1/1507 566/1/1976
f 3220/1/221 3221/1/222 23/1/223 21/1/224
f 3221/1/222 3220/1/221 22/1/225 24/1/226
f 3221/1/222 3222/1/61 17/1/64 23/1/223
f 3222/1/61 3221/1/222 24/1/226 18/1/65
f 3222/1/61 3223/1/227 19/1/228 17/1/64
f 3223/1/227 3222/1/61 18/1/65 20/1/229
f 3223/1/227 3224/1/230 9/1/231 19/1/228
f 3224/1/230 3223/1/227 20/1/229 10/1/232
f 3224/1/230 3225/1/237 15/1/238 9/1/231
f 3225/1/237 3224/1/230 10/1/232 16/1/239
f 3225/1/237 3226/1/70 11/1/71 15/1/238
f 3226/1/70 3225/1/237 16/1/239 12/1/72
f 3226/1/70 3227/1/234 13/1/235 11/1/71
f 3227/1/234 3226/1/70 12/1/72 14/1/236
f 3227/1/234 3220/1/221 21/1/224 13/1/235
f 3220/1/221 3227/1/234 14/1/236 22/1/225
f 3228/1/1980 3229/1/1981 939/1/1727 937/1/1982
f 3229/1/1981 3228/1/1980 938/1/1983 940/1/1728
f 3229/1/1981 3230/1/1984 941/1/1985 939/1/1727
f 3230/1/1984 3229/1/1981 940/1/1728 942/1/1986
f 3230/1/1984 3228/1/1980 937/1/1982 941/1/1985
f 3228/1/1980 3230/1/1984 942/1/1986 938/1/1983
f 3231/1/1987 3232/1/1988 937/1/1982 943/1/1989
f 3232/1/1988 3231/1/1987 944/1/1990 938/1/1983
f 3232/1/1988 3233/1/1991 941/1/1985 937/1/1982
f 3233/1/1991 3232/1/1988 938/1/1983 942/1/1986
f 3233/1/1991 3231/1/1987 943/1/1989 941/1/1985
f 3231/1/1987 3233/1/1991 942/1/1986 944/1/1990
f 3234/1/1992 3235/1/1993 937/1/1982 939/1/1727
f 3235/1/1993 3234/1/1992 940/1/1728 938/1/1983
f 3235/1/1993 3236/1/1994 945/1/1995 937/1/1982
f 3236/1/1994 3235/1/1993 938/1/1983 946/1/1996
f 3236/1/1994 3234/1/1992 939/1/1727 945/1/1995
f 3234/1/1992 3236/1/1994 946/1/1996 940/1/1728
f 3237/1/1997 3238/1/1998 943/1/1989 937/1/1982
f 3238/1/1998 3237/1/1997 938/1/1983 944/1/1990
f 3238/1/1998 3239/1/1999 947/1/2000 943/1/1989
f 3239/1/1999 3238/1/1998 944/1/1990 948/1/2001
f 3239/1/1999 3237/1/1997 937/1/1982 947/1/2000
f 3237/1/1997 3239/1/1999 948/1/2001 938/1/1983
f 3240/1/2002 3241/1/2003 939/1/1727 949/1/1720
f 3241/1/2003 3240/1/2002 950/1/1721 940/1/1728
f 3241/1/2003 3242/1/2004 945/1/1995 939/1/1727
f 3242/1/2004 3241/1/2003 940/1/1728 946/1/1996
f 3242/1/2004 3240/1/2002 949/1/1720 945/1/1995
f 3240/1/2002 3242/1/2004 946/1/1996 950/1/1721
f 3243/1/2005 3244/1/2006 951/1/2007 943/1/1989
f 3244/1/2006 3243/1/2005 944/1/1990 952/1/2008
f 3244/1/2006 3245/1/2009 947/1/2000 951/1/2007
f 3245/1/2009 3244/1/2006 952/1/2008 948/1/2001
f 3245/1/2009 3243/1/2005 943/1/1989 947/1/2000
f 3243/1/2005 3245/1/2009 948/1/2001 944/1/1990
f 3246/1/2010 3247/1/2011 997/1/2012 1005/1/2013
f 3247/1/2011 3246/1/2010 1006/1/2014 998/1/2015
f 3247/1/2011 3248/1/2016 985/1/2017 997/1/2012
f 3248/1/2016 3247/1/2011 998/1/2015 986/1/2018
f 3248/1/2016 3249/1/2019 1001/1/2020 985/1/2017
f 3249/1/2019 3248/1/2016 986/1/2018 1002/1/2021
f 3249/1/2019 3246/1/2010 1005/1/2013 1001/1/2020
f 3246/1/2010 3249/1/2019 1002/1/2021 1006/1/2014
f 3250/1/2022 3251/1/2023 943/1/1989 951/1/2007
f 3251/1/2023 3250/1/2022 952/1/2008 944/1/1990
f 3251/1/2023 3252/1/2024 955/1/2025 943/1/1989
f 3252/1/2024 3251/1/2023 944/1/1990 956/1/2026
f 3252/1/2024 3250/1/2022 951/1/2007 955/1/2025
f 3250/1/2022 3252/1/2024 956/1/2026 952/1/2008
f 3253/1/2027 3254/1/2028 955/1/2025 951/1/2007
f 3254/1/2028 3253/1/2027 952/1/2008 956/1/2026
f 3254/1/2028 3255/1/2029 959/1/2030 955/1/2025
f 3255/1/2029 3254/1/2028 956/1/2026 960/1/2031
f 3255/1/2029 3253/1/2027 951/1/2007 959/1/2030
f 3253/1/2027 3255/1/2029 960/1/2031 952/1/2008
f 3256/1/2032 3257/1/2033 949/1/1720 957/1/1719
f 3257/1/2033 3256/1/2032 958/1/1722 950/1/1721
f 3257/1/2033 3258/1/2034 961/1/2035 949/1/1720
f 3258/1/2034 3257/1/2033 950/1/1721 962/1/2036
f 3258/1/2034 3256/1/2032 957/1/1719 961/1/2035
f 3256/1/2032 3258/1/2034 962/1/2036 958/1/1722
f 3259/1/2037 3260/1/2038 959/1/2030 963/1/2039
f 3260/1/2038 3259/1/2037 964/1/2040 960/1/2031
f 3260/1/2038 3261/1/2041 955/1/2025 959/1/2030
f 3261/1/2041 3260/1/2038 960/1/2031 956/1/2026
f 3261/1/2041 3259/1/2037 963/1/2039 955/1/2025
f 3259/1/2037 3261/1/2041 956/1/2026 964/1/2040
f 3262/1/2042 3263/1/2043 957/1/1719 965/1/2044
f 3263/1/2043 3262/1/2042 966/1/2045 958/1/1722
f 3263/1/2043 3264/1/2046 961/1/2035 957/1/1719
f 3264/1/2046 3263/1/2043 958/1/1722 962/1/2036
f 3264/1/2046 3262/1/2042 965/1/2044 961/1/2035
f 3262/1/2042 3264/1/2046 962/1/2036 966/1/2045
f 3265/1/2047 3266/1/2048 959/1/2030 967/1/2049
f 3266/1/2048 3265/1/2047 968/1/2050 960/1/2031
f 3266/1/2048 3267/1/2051 963/1/2039 959/1/2030
f 3267/1/2051 3266/1/2048 960/1/2031 964/1/2040
f 3267/1/2051 3265/1/2047 967/1/2049 963/1/2039
f 3265/1/2047 3267/1/2051 964/1/2040 968/1/2050
f 3268/1/2052 3269/1/2053 967/1/2049 959/1/2030
f 3269/1/2053 3268/1/2052 960/1/2031 968/1/2050
f 3269/1/2053 3270/1/2054 969/1/2055 967/1/2049
f 3270/1/2054 3269/1/2053 968/1/2050 970/1/2056
f 3270/1/2054 3268/1/2052 959/1/2030 969/1/2055
f 3268/1/2052 3270/1/2054 970/1/2056 960/1/2031
f 3271/1/2057 3272/1/2058 971/1/2059 967/1/2049
f 3272/1/2058 3271/1/2057 968/1/2050 972/1/2060
f 3272/1/2058 3273/1/2061 969/1/2055 971/1/2059
f 3273/1/2061 3272/1/2058 972/1/2060 970/1/2056
f 3273/1/2061 3271/1/2057 967/1/2049 969/1/2055
f 3271/1/2057 3273/1/2061 970/1/2056 968/1/2050
f 3274/1/2062 3275/1/2063 965/1/2044 957/1/1719
f 3275/1/2063 3274/1/2062 958/1/1722 966/1/2045
f 3275/1/2063 3276/1/2064 973/1/2065 965/1/2044
f 3276/1/2064 3275/1/2063 966/1/2045 974/1/2066
f 3276/1/2064 3274/1/2062 957/1/1719 973/1/2065
f 3274/1/2062 3276/1/2064 974/1/2066 958/1/1722
f 3277/1/2067 3278/1/2068 973/1/2065 975/1/2069
f 3278/1/2068 3277/1/2067 976/1/2070 974/1/2066
f 3278/1/2068 3279/1/2071 965/1/2044 973/1/2065
f 3279/1/2071 3278/1/2068 974/1/2066 966/1/2045
f 3279/1/2071 3277/1/2067 975/1/2069 965/1/2044
f 3277/1/2067 3279/1/2071 966/1/2045 976/1/2070
f 3280/1/2072 3281/1/2073 975/1/2069 973/1/2065
f 3281/1/2073 3280/1/2072 974/1/2066 976/1/2070
f 3281/1/2073 3282/1/2074 977/1/2075 975/1/2069
f 3282/1/2074 3281/1/2073 976/1/2070 978/1/2076
f 3282/1/2074 3280/1/2072 973/1/2065 977/1/2075
f 3280/1/2072 3282/1/2074 978/1/2076 974/1/2066
f 3283/1/2077 3284/1/2078 901/1/1926 899/1/1922
f 3284/1/2078 3283/1/2077 900/1/1923 902/1/1927
f 3284/1/2078 3285/1/2079 891/1/1898 901/1/1926
f 3285/1/2079 3284/1/2078 902/1/1927 892/1/1899
f 3285/1/2079 3286/1/2080 887/1/1887 891/1/1898
f 3286/1/2080 3285/1/2079 892/1/1899 888/1/1888
f 3286/1/2080 3283/1/2077 899/1/1922 887/1/1887
f 3283/1/2077 3286/1/2080 888/1/1888 900/1/1923
f 3287/1/2081 3288/1/2082 983/1/2083 979/1/2084
f 3288/1/2082 3287/1/2081 980/1/2085 984/1/2086
f 3288/1/2082 3289/1/2087 981/1/2088 983/1/2083
f 3289/1/2087 3288/1/2082 984/1/2086 982/1/2089
f 3289/1/2087 3287/1/2081 979/1/2084 981/1/2088
f 3287/1/2081 3289/1/2087 982/1/2089 980/1/2085
f 3290/1/2090 3291/1/2091 987/1/2092 985/1/2017
f 3291/1/2091 3290/1/2090 986/1/2018 988/1/2093
f 3291/1/2091 3292/1/2094 989/1/2095 987/1/2092
f 3292/1/2094 3291/1/2091 988/1/2093 990/1/2096
f 3292/1/2094 3290/1/2090 985/1/2017 989/1/2095
f 3290/1/2090 3292/1/2094 990/1/2096 986/1/2018
f 3293/1/2097 3294/1/2098 991/1/2099 987/1/2092
f 3294/1/2098 3293/1/2097 988/1/2093 992/1/2100
f 3294/1/2098 3295/1/2101 989/1/2095 991/1/2099
f 3295/1/2101 3294/1/2098 992/1/2100 990/1/2096
f 3295/1/2101 3293/1/2097 987/1/2092 989/1/2095
f 3293/1/2097 3295/1/2101 990/1/2096 988/1/2093
f 3296/1/2102 3297/1/2103 985/1/2017 987/1/2092
f 3297/1/2103 3296/1/2102 988/1/2093 986/1/2018
f 3297/1/2103 3298/1/2104 993/1/2105 985/1/2017
f 3298/1/2104 3297/1/2103 986/1/2018 994/1/2106
f 3298/1/2104 3296/1/2102 987/1/2092 993/1/2105
f 3296/1/2102 3298/1/2104 994/1/2106 988/1/2093
f 3299/1/2107 3300/1/2108 987/1/2092 991/1/2099
f 3300/1/2108 3299/1/2107 992/1/2100 988/1/2093
f 3300/1/2108 3301/1/2109 995/1/2110 987/1/2092
f 3301/1/2109 3300/1/2108 988/1/2093 996/1/2111
f 3301/1/2109 3299/1/2107 991/1/2099 995/1/2110
f 3299/1/2107 3301/1/2109 996/1/2111 992/1/2100
f 3302/1/2112 3303/1/2113 997/1/2012 985/1/2017
f 3303/1/2113 3302/1/2112 986/1/2018 998/1/2015
f 3303/1/2113 3304/1/2114 993/1/2105 997/1/2012
f 3304/1/2114 3303/1/2113 998/1/2015 994/1/2106
f 3304/1/2114 3302/1/2112 985/1/2017 993/1/2105
f 3302/1/2112 3304/1/2114 994/1/2106 986/1/2018
f 3305/1/2115 3306/1/2116 991/1/2099 999/1/2117
f 3306/1/2116 3305/1/2115 1000/1/2118 992/1/2100
f 3306/1/2116 3307/1/2119 995/1/2110 991/1/2099
f 3307/1/2119 3306/1/2116 992/1/2100 996/1/2111
f 3307/1/2119 3305/1/2115 999/1/2117 995/1/2110
f 3305/1/2115 3307/1/2119 996/1/2111 1000/1/2118
f 3308/1/2120 3309/1/2121 871/1/1858 863/1/1831
f 3309/1/2121 3308/1/2120 864/1/1832 872/1/1859
f 3309/1/2121 3310/1/2122 867/1/2123 871/1/1858
f 3310/1/2122 3309/1/2121 872/1/1859 868/1/2124
f 3310/1/2122 3311/1/2125 857/1/1823 867/1/2123
f 3311/1/2125 3310/1/2122 868/1/2124 858/1/1824
f 3311/1/2125 3308/1/2120 863/1/1831 857/1/1823
f 3308/1/2120 3311/1/2125 858/1/1824 864/1/1832
f 3312/1/2126 3313/1/2127 999/1/2117 991/1/2099
f 3313/1/2127 3312/1/2126 992/1/2100 1000/1/2118
f 3313/1/2127 3314/1/2128 1003/1/2129 999/1/2117
f 3314/1/2128 3313/1/2127 1000/1/2118 1004/1/2130
f 3314/1/2128 3312/1/2126 991/1/2099 1003/1/2129
f 3312/1/2126 3314/1/2128 1004/1/2130 992/1/2100
f 3315/1/2131 3316/1/2132 1003/1/2129 1007/1/2133
f 3316/1/2132 3315/1/2131 1008/1/2134 1004/1/2130
f 3316/1/2132 3317/1/2135 999/1/2117 1003/1/2129
f 3317/1/2135 3316/1/2132 1004/1/2130 1000/1/2118
f 3317/1/2135 3315/1/2131 1007/1/2133 999/1/2117
f 3315/1/2131 3317/1/2135 1000/1/2118 1008/1/2134
f 3318/1/2136 3319/1/2137 997/1/2012 1009/1/2138
f 3319/1/2137 3318/1/2136 1010/1/2139 998/1/2015
f 3319/1/2137 3320/1/2140 1005/1/2013 997/1/2012
f 3320/1/2140 3319/1/2137 998/1/2015 1006/1/2014
f 3320/1/2140 3318/1/2136 1009/1/2138 1005/1/2013
f 3318/1/2136 3320/1/2140 1006/1/2014 1010/1/2139
f 3321/1/2141 3322/1/2142 1011/1/2143 1007/1/2133
f 3322/1/2142 3321/1/2141 1008/1/2134 1012/1/2144
f 3322/1/2142 3323/1/2145 1003/1/2129 1011/1/2143
f 3323/1/2145 3322/1/2142 1012/1/2144 1004/1/2130
f 3323/1/2145 3321/1/2141 1007/1/2133 1003/1/2129
f 3321/1/2141 3323/1/2145 1004/1/2130 1008/1/2134
f 3324/1/2146 3325/1/2147 1013/1/2148 1005/1/2013
f 3325/1/2147 3324/1/2146 1006/1/2014 1014/1/2149
f 3325/1/2147 3326/1/2150 1009/1/2138 1013/1/2148
f 3326/1/2150 3325/1/2147 1014/1/2149 1010/1/2139
f 3326/1/2150 3324/1/2146 1005/1/2013 1009/1/2138
f 3324/1/2146 3326/1/2150 1010/1/2139 1006/1/2014
f 3327/1/2151 3328/1/2152 1015/1/2153 1007/1/2133
f 3328/1/2152 3327/1/2151 1008/1/2134 1016/1/2154
f 3328/1/2152 3329/1/2155 1011/1/2143 1015/1/2153
f 3329/1/2155 3328/1/2152 1016/1/2154 1012/1/2144
f 3329/1/2155 3327/1/2151 1007/1/2133 1011/1/2143
f 3327/1/2151 3329/1/2155 1012/1/2144 1008/1/2134
f 3330/1/2156 3331/1/2157 1007/1/2133 1015/1/2153
f 3331/1/2157 3330/1/2156 1016/1/2154 1008/1/2134
f 3331/1/2157 3332/1/2158 1017/1/2159 1007/1/2133
f 3332/1/2158 3331/1/2157 1008/1/2134 1018/1/2160
f 3332/1/2158 3330/1/2156 1015/1/2153 1017/1/2159
f 3330/1/2156 3332/1/2158 1018/1/2160 1016/1/2154
f 3333/1/2161 3334/1/2162 1017/1/2159 1015/1/2153
f 3334/1/2162 3333/1/2161 1016/1/2154 1018/1/2160
f 3334/1/2162 3335/1/2163 1019/1/2164 1017/1/2159
f 3335/1/2163 3334/1/2162 1018/1/2160 1020/1/2165
f 3335/1/2163 3333/1/2161 1015/1/2153 1019/1/2164
f 3333/1/2161 3335/1/2163 1020/1/2165 1016/1/2154
f 3336/1/2166 3337/1/2167 1005/1/2013 1013/1/2148
f 3337/1/2167 3336/1/2166 1014/1/2149 1006/1/2014
f 3337/1/2167 3338/1/2168 1021/1/2169 1005/1/2013
f 3338/1/2168 3337/1/2167 1006/1/2014 1022/1/2170
f 3338/1/2168 3336/1/2166 1013/1/2148 1021/1/2169
f 3336/1/2166 3338/1/2168 1022/1/2170 1014/1/2149
f 3339/1/2171 3340/1/2172 1023/1/2173 1021/1/2169
f 3340/1/2172 3339/1/2171 1022/1/2170 1024/1/2174
f 3340/1/2172 3341/1/2175 1013/1/2148 1023/1/2173
f 3341/1/2175 3340/1/2172 1024/1/2174 1014/1/2149
f 3341/1/2175 3339/1/2171 1021/1/2169 1013/1/2148
f 3339/1/2171 3341/1/2175 1014/1/2149 1022/1/2170
f 3342/1/2176 3343/1/2177 1021/1/2169 1023/1/2173
f 3343/1/2177 3342/1/2176 1024/1/2174 1022/1/2170
f 3343/1/2177 3344/1/2178 1025/1/2179 1021/1/2169
f 3344/1/2178 3343/1/2177 1022/1/2170 1026/1/2180
f 3344/1/2178 3342/1/2176 1023/1/2173 1025/1/2179
f 3342/1/2176 3344/1/2178 1026/1/2180 1024/1/2174
f 3345/1/2181 3346/1/2182 981/1/2088 979/1/2084
f 3346/1/2182 3345/1/2181 980/1/2085 982/1/2089
f 3346/1/2182 3347/1/2183 977/1/2075 981/1/2088
f 3347/1/2183 3346/1/2182 982/1/2089 978/1/2076
f 3347/1/2183 3348/1/2184 975/1/2069 977/1/2075
f 3348/1/2184 3347/1/2183 978/1/2076 976/1/2070
f 3348/1/2184 3345/1/2181 979/1/2084 975/1/2069
f 3345/1/2181 3348/1/2184 976/1/2070 980/1/2085
f 3349/1/2185 3350/1/2186 1029/1/2187 1027/1/2188
f 3350/1/2186 3349/1/2185 1028/1/2189 1030/1/2190
f 3350/1/2186 3351/1/2191 1031/1/2192 1029/1/2187
f 3351/1/2191 3350/1/2186 1030/1/2190 1032/1/2193
f 3351/1/2191 3349/1/2185 1027/1/2188 1031/1/2192
f 3349/1/2185 3351/1/2191 1032/1/2193 1028/1/2189
f 3352/1/2194 3353/1/2195 1035/1/2196 1033/1/2197
f 3353/1/2195 3352/1/2194 1034/1/2198 1036/1/2199
f 3353/1/2195 3354/1/2200 1037/1/2201 1035/1/2196
f 3354/1/2200 3353/1/2195 1036/1/2199 1038/1/2202
f 3354/1/2200 3352/1/2194 1033/1/2197 1037/1/2201
f 3352/1/2194 3354/1/2200 1038/1/2202 1034/1/2198
f 3355/1/2203 3356/1/2204 1033/1/2197 1035/1/2196
f 3356/1/2204 3355/1/2203 1036/1/2199 1034/1/2198
f 3356/1/2204 3357/1/2205 1039/1/2206 1033/1/2197
f 3357/1/2205 3356/1/2204 1034/1/2198 1040/1/2207
f 3357/1/2205 3355/1/2203 1035/1/2196 1039/1/2206
f 3355/1/2203 3357/1/2205 1040/1/2207 1036/1/2199
f 3358/1/2208 3359/1/2209 1041/1/2210 1037/1/2201
f 3359/1/2209 3358/1/2208 1038/1/2202 1042/1/2211
f 3359/1/2209 3360/1/2212 1033/1/2197 1041/1/2210
f 3360/1/2212 3359/1/2209 1042/1/2211 1034/1/2198
f 3360/1/2212 3358/1/2208 1037/1/2201 1033/1/2197
f 3358/1/2208 3360/1/2212 1034/1/2198 1038/1/2202
f 3361/1/2213 3362/1/2214 1035/1/2196 1043/1/2215
f 3362/1/2214 3361/1/2213 1044/1/2216 1036/1/2199
f 3362/1/2214 3363/1/2217 1039/1/2206 1035/1/2196
f 3363/1/2217 3362/1/2214 1036/1/2199 1040/1/2207
f 3363/1/2217 3361/1/2213 1043/1/2215 1039/1/2206
f 3361/1/2213 3363/1/2217 1040/1/2207 1044/1/2216
f 3364/1/2218 3365/1/2219 1037/1/2201 1041/1/2210
f 3365/1/2219 3364/1/2218 1042/1/2211 1038/1/2202
f 3365/1/2219 3366/1/2220 1045/1/2221 1037/1/2201
f 3366/1/2220 3365/1/2219 1038/1/2202 1046/1/2222
f 3366/1/2220 3364/1/2218 1041/1/2210 1045/1/2221
f 3364/1/2218 3366/1/2220 1046/1/2222 1042/1/2211
f 3367/1/2223 3368/1/2224 1043/1/2215 1035/1/2196
f 3368/1/2224 3367/1/2223 1036/1/2199 1044/1/2216
f 3368/1/2224 3369/1/2225 1047/1/2226 1043/1/2215
f 3369/1/2225 3368/1/2224 1044/1/2216 1048/1/2227
f 3369/1/2225 3367/1/2223 1035/1/2196 1047/1/2226
f 3367/1/2223 3369/1/2225 1048/1/2227 1036/1/2199
f 3370/1/2228 3371/1/2229 1041/1/2210 1049/1/2230
f 3371/1/2229 3370/1/2228 1050/1/2231 1042/1/2211
f 3371/1/2229 3372/1/2232 1045/1/2221 1041/1/2210
f 3372/1/2232 3371/1/2229 1042/1/2211 1046/1/2222
f 3372/1/2232 3370/1/2228 1049/1/2230 1045/1/2221
f 3370/1/2228 3372/1/2232 1046/1/2222 1050/1/2231
f 3373/1/2233 3374/1/2234 1099/1/2235 1095/1/2236
f 3374/1/2234 3373/1/2233 1096/1/2237 1100/1/2238
f 3374/1/2234 3375/1/2239 1091/1/2240 1099/1/2235
f 3375/1/2239 3374/1/2234 1100/1/2238 1092/1/2241
f 3375/1/2239 3376/1/2242 1087/1/2243 1091/1/2240
f 3376/1/2242 3375/1/2239 1092/1/2241 1088/1/2244
f 3376/1/2242 3373/1/2233 1095/1/2236 1087/1/2243
f 3373/1/2233 3376/1/2242 1088/1/2244 1096/1/2237
f 3377/1/2245 3378/1/2246 1049/1/2230 1041/1/2210
f 3378/1/2246 3377/1/2245 1042/1/2211 1050/1/2231
f 3378/1/2246 3379/1/2247 1053/1/2248 1049/1/2230
f 3379/1/2247 3378/1/2246 1050/1/2231 1054/1/2249
f 3379/1/2247 3377/1/2245 1041/1/2210 1053/1/2248
f 3377/1/2245 3379/1/2247 1054/1/2249 1042/1/2211
f 3380/1/2250 3381/1/2251 1053/1/2248 1057/1/2252
f 3381/1/2251 3380/1/2250 1058/1/2253 1054/1/2249
f 3381/1/2251 3382/1/2254 1049/1/2230 1053/1/2248
f 3382/1/2254 3381/1/2251 1054/1/2249 1050/1/2231
f 3382/1/2254 3380/1/2250 1057/1/2252 1049/1/2230
f 3380/1/2250 3382/1/2254 1050/1/2231 1058/1/2253
f 3383/1/2255 3384/1/2256 1203/1/2257 1195/1/2258
f 3384/1/2256 3383/1/2255 1196/1/2259 1204/1/2260
f 3384/1/2256 3385/1/2261 1199/1/2262 1203/1/2257
f 3385/1/2261 3384/1/2256 1204/1/2260 1200/1/2263
f 3385/1/2261 3386/1/2264 1191/1/2265 1199/1/2262
f 3386/1/2264 3385/1/2261 1200/1/2263 1192/1/2266
f 3386/1/2264 3383/1/2255 1195/1/2258 1191/1/2265
f 3383/1/2255 3386/1/2264 1192/1/2266 1196/1/2259
f 3387/1/2267 3388/1/2268 1049/1/2230 1057/1/2252
f 3388/1/2268 3387/1/2267 1058/1/2253 1050/1/2231
f 3388/1/2268 3389/1/2269 1061/1/2270 1049/1/2230
f 3389/1/2269 3388/1/2268 1050/1/2231 1062/1/2271
f 3389/1/2269 3387/1/2267 1057/1/2252 1061/1/2270
f 3387/1/2267 3389/1/2269 1062/1/2271 1058/1/2253
f 3390/1/2272 3391/1/2273 1057/1/2252 1065/1/2274
f 3391/1/2273 3390/1/2272 1066/1/2275 1058/1/2253
f 3391/1/2273 3392/1/2276 1061/1/2270 1057/1/2252
f 3392/1/2276 3391/1/2273 1058/1/2253 1062/1/2271
f 3392/1/2276 3390/1/2272 1065/1/2274 1061/1/2270
f 3390/1/2272 3392/1/2276 1062/1/2271 1066/1/2275
f 3393/1/2277 3394/1/2278 1065/1/2274 1057/1/2252
f 3394/1/2278 3393/1/2277 1058/1/2253 1066/1/2275
f 3394/1/2278 3395/1/2279 1067/1/2280 1065/1/2274
f 3395/1/2279 3394/1/2278 1066/1/2275 1068/1/2281
f 3395/1/2279 3393/1/2277 1057/1/2252 1067/1/2280
f 3393/1/2277 3395/1/2279 1068/1/2281 1058/1/2253
f 3396/1/2282 3397/1/2283 1069/1/2284 1065/1/2274
f 3397/1/2283 3396/1/2282 1066/1/2275 1070/1/2285
f 3397/1/2283 3398/1/2286 1067/1/2280 1069/1/2284
f 3398/1/2286 3397/1/2283 1070/1/2285 1068/1/2281
f 3398/1/2286 3396/1/2282 1065/1/2274 1067/1/2280
f 3396/1/2282 3398/1/2286 1068/1/2281 1066/1/2275
f 3399/1/2287 3400/1/2288 1059/1/2289 1063/1/2290
f 3400/1/2288 3399/1/2287 1064/1/2291 1060/1/2292
f 3400/1/2288 3401/1/2293 1071/1/2294 1059/1/2289
f 3401/1/2293 3400/1/2288 1060/1/2292 1072/1/2295
f 3401/1/2293 3399/1/2287 1063/1/2290 1071/1/2294
f 3399/1/2287 3401/1/2293 1072/1/2295 1064/1/2291
f 3402/1/2296 3403/1/2297 1073/1/2298 1059/1/2289
f 3403/1/2297 3402/1/2296 1060/1/2292 1074/1/2299
f 3403/1/2297 3404/1/2300 1071/1/2294 1073/1/2298
f 3404/1/2300 3403/1/2297 1074/1/2299 1072/1/2295
f 3404/1/2300 3402/1/2296 1059/1/2289 1071/1/2294
f 3402/1/2296 3404/1/2300 1072/1/2295 1060/1/2292
f 3405/1/2301 3406/1/2302 1071/1/2294 1075/1/2303
f 3406/1/2302 3405/1/2301 1076/1/2304 1072/1/2295
f 3406/1/2302 3407/1/2305 1073/1/2298 1071/1/2294
f 3407/1/2305 3406/1/2302 1072/1/2295 1074/1/2299
f 3407/1/2305 3405/1/2301 1075/1/2303 1073/1/2298
f 3405/1/2301 3407/1/2305 1074/1/2299 1076/1/2304
f 3408/1/2306 3409/1/2307 1075/1/2303 1071/1/2294
f 3409/1/2307 3408/1/2306 1072/1/2295 1076/1/2304
f 3409/1/2307 3410/1/2308 1077/1/2309 1075/1/2303
f 3410/1/2308 3409/1/2307 1076/1/2304 1078/1/2310
f 3410/1/2308 3408/1/2306 1071/1/2294 1077/1/2309
f 3408/1/2306 3410/1/2308 1078/1/2310 1072/1/2295
f 3411/1/2311 3412/1/2312 1079/1/2313 1075/1/2303
f 3412/1/2312 3411/1/2311 1076/1/2304 1080/1/2314
f 3412/1/2312 3413/1/2315 1077/1/2309 1079/1/2313
f 3413/1/2315 3412/1/2312 1080/1/2314 1078/1/2310
f 3413/1/2315 3411/1/2311 1075/1/2303 1077/1/2309
f 3411/1/2311 3413/1/2315 1078/1/2310 1076/1/2304
f 3414/1/2316 3415/1/2317 1083/1/2318 1081/1/2319
f 3415/1/2317 3414/1/2316 1082/1/2320 1084/1/2321
f 3415/1/2317 3416/1/2322 1085/1/2323 1083/1/2318
f 3416/1/2322 3415/1/2317 1084/1/2321 1086/1/2324
f 3416/1/2322 3414/1/2316 1081/1/2319 1085/1/2323
f 3414/1/2316 3416/1/2322 1086/1/2324 1082/1/2320
f 3417/1/2325 3418/1/2326 1081/1/2319 1087/1/2243
f 3418/1/2326 3417/1/2325 1088/1/2244 1082/1/2320
f 3418/1/2326 3419/1/2327 1085/1/2323 1081/1/2319
f 3419/1/2327 3418/1/2326 1082/1/2320 1086/1/2324
f 3419/1/2327 3417/1/2325 1087/1/2243 1085/1/2323
f 3417/1/2325 3419/1/2327 1086/1/2324 1088/1/2244
f 3420/1/2328 3421/1/2329 1081/1/2319 1083/1/2318
f 3421/1/2329 3420/1/2328 1084/1/2321 1082/1/2320
f 3421/1/2329 3422/1/2330 1089/1/2331 1081/1/2319
f 3422/1/2330 3421/1/2329 1082/1/2320 1090/1/2332
f 3422/1/2330 3420/1/2328 1083/1/2318 1089/1/2331
f 3420/1/2328 3422/1/2330 1090/1/2332 1084/1/2321
f 3423/1/2333 3424/1/2334 1087/1/2243 1081/1/2319
f 3424/1/2334 3423/1/2333 1082/1/2320 1088/1/2244
f 3424/1/2334 3425/1/2335 1091/1/2240 1087/1/2243
f 3425/1/2335 3424/1/2334 1088/1/2244 1092/1/2241
f 3425/1/2335 3423/1/2333 1081/1/2319 1091/1/2240
f 3423/1/2333 3425/1/2335 1092/1/2241 1082/1/2320
f 3426/1/2336 3427/1/2337 1083/1/2318 1093/1/2338
f 3427/1/2337 3426/1/2336 1094/1/2339 1084/1/2321
f 3427/1/2337 3428/1/2340 1089/1/2331 1083/1/2318
f 3428/1/2340 3427/1/2337 1084/1/2321 1090/1/2332
f 3428/1/2340 3426/1/2336 1093/1/2338 1089/1/2331
f 3426/1/2336 3428/1/2340 1090/1/2332 1094/1/2339
f 3429/1/2341 3430/1/2342 1151/1/2343 1143/1/2344
f 3430/1/2342 3429/1/2341 1144/1/2345 1152/1/2346
f 3430/1/2342 3431/1/2347 1147/1/2348 1151/1/2343
f 3431/1/2347 3430/1/2342 1152/1/2346 1148/1/2349
f 3431/1/2347 3432/1/2350 1139/1/2351 1147/1/2348
f 3432/1/2350 3431/1/2347 1148/1/2349 1140/1/2352
f 3432/1/2350 3429/1/2341 1143/1/2344 1139/1/2351
f 3429/1/2341 3432/1/2350 1140/1/2352 1144/1/2345
f 3433/1/2353 3434/1/2354 1097/1/2355 1089/1/2331
f 3434/1/2354 3433/1/2353 1090/1/2332 1098/1/2356
f 3434/1/2354 3435/1/2357 1093/1/2338 1097/1/2355
f 3435/1/2357 3434/1/2354 1098/1/2356 1094/1/2339
f 3435/1/2357 3433/1/2353 1089/1/2331 1093/1/2338
f 3433/1/2353 3435/1/2357 1094/1/2339 1090/1/2332
f 3436/1/2358 3437/1/2359 1093/1/2338 1101/1/2360
f 3437/1/2359 3436/1/2358 1102/1/2361 1094/1/2339
f 3437/1/2359 3438/1/2362 1097/1/2355 1093/1/2338
f 3438/1/2362 3437/1/2359 1094/1/2339 1098/1/2356
f 3438/1/2362 3436/1/2358 1101/1/2360 1097/1/2355
f 3436/1/2358 3438/1/2362 1098/1/2356 1102/1/2361
f 3439/1/2363 3440/1/2364 1063/1/2290 1059/1/2289
f 3440/1/2364 3439/1/2363 1060/1/2292 1064/1/2291
f 3440/1/2364 3441/1/2365 1055/1/2366 1063/1/2290
f 3441/1/2365 3440/1/2364 1064/1/2291 1056/1/2367
f 3441/1/2365 3442/1/2368 1051/1/2369 1055/1/2366
f 3442/1/2368 3441/1/2365 1056/1/2367 1052/1/2370
f 3442/1/2368 3439/1/2363 1059/1/2289 1051/1/2369
f 3439/1/2363 3442/1/2368 1052/1/2370 1060/1/2292
f 3443/1/2371 3444/1/2372 1101/1/2360 1093/1/2338
f 3444/1/2372 3443/1/2371 1094/1/2339 1102/1/2361
f 3444/1/2372 3445/1/2373 1105/1/2374 1101/1/2360
f 3445/1/2373 3444/1/2372 1102/1/2361 1106/1/2375
f 3445/1/2373 3443/1/2371 1093/1/2338 1105/1/2374
f 3443/1/2371 3445/1/2373 1106/1/2375 1094/1/2339
f 3446/1/2376 3447/1/2377 1109/1/2378 1101/1/2360
f 3447/1/2377 3446/1/2376 1102/1/2361 1110/1/2379
f 3447/1/2377 3448/1/2380 1105/1/2374 1109/1/2378
f 3448/1/2380 3447/1/2377 1110/1/2379 1106/1/2375
f 3448/1/2380 3446/1/2376 1101/1/2360 1105/1/2374
f 3446/1/2376 3448/1/2380 1106/1/2375 1102/1/2361
f 3449/1/2381 3450/1/2382 1107/1/2383 1111/1/2384
f 3450/1/2382 3449/1/2381 1112/1/2385 1108/1/2386
f 3450/1/2382 3451/1/2387 1103/1/2388 1107/1/2383
f 3451/1/2387 3450/1/2382 1108/1/2386 1104/1/2389
f 3451/1/2387 3449/1/2381 1111/1/2384 1103/1/2388
f 3449/1/2381 3451/1/2387 1104/1/2389 1112/1/2385
f 3452/1/2390 3453/1/2391 1113/1/2392 1101/1/2360
f 3453/1/2391 3452/1/2390 1102/1/2361 1114/1/2393
f 3453/1/2391 3454/1/2394 1109/1/2378 1113/1/2392
f 3454/1/2394 3453/1/2391 1114/1/2393 1110/1/2379
f 3454/1/2394 3452/1/2390 1101/1/2360 1109/1/2378
f 3452/1/2390 3454/1/2394 1110/1/2379 1102/1/2361
f 3455/1/2395 3456/1/2396 1103/1/2388 1111/1/2384
f 3456/1/2396 3455/1/2395 1112/1/2385 1104/1/2389
f 3456/1/2396 3457/1/2397 1115/1/2398 1103/1/2388
f 3457/1/2397 3456/1/2396 1104/1/2389 1116/1/2399
f 3457/1/2397 3455/1/2395 1111/1/2384 1115/1/2398
f 3455/1/2395 3457/1/2397 1116/1/2399 1112/1/2385
f 3458/1/2400 3459/1/2401 1109/1/2378 1117/1/2402
f 3459/1/2401 3458/1/2400 1118/1/2403 1110/1/2379
f 3459/1/2401 3460/1/2404 1113/1/2392 1109/1/2378
f 3460/1/2404 3459/1/2401 1110/1/2379 1114/1/2393
f 3460/1/2404 3458/1/2400 1117/1/2402 1113/1/2392
f 3458/1/2400 3460/1/2404 1114/1/2393 1118/1/2403
f 3461/1/2405 3462/1/2406 1117/1/2402 1109/1/2378
f 3462/1/2406 3461/1/2405 1110/1/2379 1118/1/2403
f 3462/1/2406 3463/1/2407 1119/1/2408 1117/1/2402
f 3463/1/2407 3462/1/2406 1118/1/2403 1120/1/2409
f 3463/1/2407 3461/1/2405 1109/1/2378 1119/1/2408
f 3461/1/2405 3463/1/2407 1120/1/2409 1110/1/2379
f 3464/1/2410 3465/1/2411 1121/1/2412 1117/1/2402
f 3465/1/2411 3464/1/2410 1118/1/2403 1122/1/2413
f 3465/1/2411 3466/1/2414 1119/1/2408 1121/1/2412
f 3466/1/2414 3465/1/2411 1122/1/2413 1120/1/2409
f 3466/1/2414 3464/1/2410 1117/1/2402 1119/1/2408
f 3464/1/2410 3466/1/2414 1120/1/2409 1118/1/2403
f 3467/1/2415 3468/1/2416 1111/1/2384 1123/1/2417
f 3468/1/2416 3467/1/2415 1124/1/2418 1112/1/2385
f 3468/1/2416 3469/1/2419 1115/1/2398 1111/1/2384
f 3469/1/2419 3468/1/2416 1112/1/2385 1116/1/2399
f 3469/1/2419 3467/1/2415 1123/1/2417 1115/1/2398
f 3467/1/2415 3469/1/2419 1116/1/2399 1124/1/2418
f 3470/1/2420 3471/1/2421 1123/1/2417 1111/1/2384
f 3471/1/2421 3470/1/2420 1112/1/2385 1124/1/2418
f 3471/1/2421 3472/1/2422 1125/1/2423 1123/1/2417
f 3472/1/2422 3471/1/2421 1124/1/2418 1126/1/2424
f 3472/1/2422 3470/1/2420 1111/1/2384 1125/1/2423
f 3470/1/2420 3472/1/2422 1126/1/2424 1112/1/2385
f 3473/1/2425 3474/1/2426 1127/1/2427 1123/1/2417
f 3474/1/2426 3473/1/2425 1124/1/2418 1128/1/2428
f 3474/1/2426 3475/1/2429 1125/1/2423 1127/1/2427
f 3475/1/2429 3474/1/2426 1128/1/2428 1126/1/2424
f 3475/1/2429 3473/1/2425 1123/1/2417 1125/1/2423
f 3473/1/2425 3475/1/2429 1126/1/2424 1124/1/2418
f 3476/1/2430 3477/1/2431 1131/1/2432 1129/1/2433
f 3477/1/2431 3476/1/2430 1130/1/2434 1132/1/2435
f 3477/1/2431 3478/1/2436 1133/1/2437 1131/1/2432
f 3478/1/2436 3477/1/2431 1132/1/2435 1134/1/2438
f 3478/1/2436 3476/1/2430 1129/1/2433 1133/1/2437
f 3476/1/2430 3478/1/2436 1134/1/2438 1130/1/2434
f 3479/1/2439 3480/1/2440 1129/1/2433 1131/1/2432
f 3480/1/2440 3479/1/2439 1132/1/2435 1130/1/2434
f 3480/1/2440 3481/1/2441 1135/1/2442 1129/1/2433
f 3481/1/2441 3480/1/2440 1130/1/2434 1136/1/2443
f 3481/1/2441 3479/1/2439 1131/1/2432 1135/1/2442
f 3479/1/2439 3481/1/2441 1136/1/2443 1132/1/2435
f 3482/1/2444 3483/1/2445 1137/1/2446 1131/1/2432
f 3483/1/2445 3482/1/2444 1132/1/2435 1138/1/2447
f 3483/1/2445 3484/1/2448 1133/1/2437 1137/1/2446
f 3484/1/2448 3483/1/2445 1138/1/2447 1134/1/2438
f 3484/1/2448 3482/1/2444 1131/1/2432 1133/1/2437
f 3482/1/2444 3484/1/2448 1134/1/2438 1132/1/2435
f 3485/1/2449 3486/1/2450 1139/1/2351 1129/1/2433
f 3486/1/2450 3485/1/2449 1130/1/2434 1140/1/2352
f 3486/1/2450 3487/1/2451 1135/1/2442 1139/1/2351
f 3487/1/2451 3486/1/2450 1140/1/2352 1136/1/2443
f 3487/1/2451 3485/1/2449 1129/1/2433 1135/1/2442
f 3485/1/2449 3487/1/2451 1136/1/2443 1130/1/2434
f 3488/1/2452 3489/1/2453 1137/1/2446 1133/1/2437
f 3489/1/2453 3488/1/2452 1134/1/2438 1138/1/2447
f 3489/1/2453 3490/1/2454 1141/1/2455 1137/1/2446
f 3490/1/2454 3489/1/2453 1138/1/2447 1142/1/2456
f 3490/1/2454 3488/1/2452 1133/1/2437 1141/1/2455
f 3488/1/2452 3490/1/2454 1142/1/2456 1134/1/2438
f 3491/1/2457 3492/1/2458 1129/1/2433 1139/1/2351
f 3492/1/2458 3491/1/2457 1140/1/2352 1130/1/2434
f 3492/1/2458 3493/1/2459 1143/1/2344 1129/1/2433
f 3493/1/2459 3492/1/2458 1130/1/2434 1144/1/2345
f 3493/1/2459 3491/1/2457 1139/1/2351 1143/1/2344
f 3491/1/2457 3493/1/2459 1144/1/2345 1140/1/2352
f 3494/1/2460 3495/1/2461 1145/1/2462 1137/1/2446
f 3495/1/2461 3494/1/2460 1138/1/2447 1146/1/2463
f 3495/1/2461 3496/1/2464 1141/1/2455 1145/1/2462
f 3496/1/2464 3495/1/2461 1146/1/2463 1142/1/2456
f 3496/1/2464 3494/1/2460 1137/1/2446 1141/1/2455
f 3494/1/2460 3496/1/2464 1142/1/2456 1138/1/2447
f 3497/1/2465 3498/1/2466 757/1/1547 761/1/1451
f 3498/1/2466 3497/1/2465 762/1/1452 758/1/1550
f 3498/1/2466 3499/1/2467 755/1/1548 757/1/1547
f 3499/1/2467 3498/1/2466 758/1/1550 756/1/1549
f 3499/1/2467 3500/1/2468 759/1/1444 755/1/1548
f 3500/1/2468 3499/1/2467 756/1/1549 760/1/1445
f 3500/1/2468 3497/1/2465 761/1/1451 759/1/1444
f 3497/1/2465 3500/1/2468 760/1/1445 762/1/1452
f 3501/1/2469 3502/1/2470 1137/1/2446 1145/1/2462
f 3502/1/2470 3501/1/2469 1146/1/2463 1138/1/2447
f 3502/1/2470 3503/1/2471 1149/1/2472 1137/1/2446
f 3503/1/2471 3502/1/2470 1138/1/2447 1150/1/2473
f 3503/1/2471 3501/1/2469 1145/1/2462 1149/1/2472
f 3501/1/2469 3503/1/2471 1150/1/2473 1146/1/2463
f 3504/1/2474 3505/1/2475 1153/1/2476 1149/1/2472
f 3505/1/2475 3504/1/2474 1150/1/2473 1154/1/2477
f 3505/1/2475 3506/1/2478 1145/1/2462 1153/1/2476
f 3506/1/2478 3505/1/2475 1154/1/2477 1146/1/2463
f 3506/1/2478 3504/1/2474 1149/1/2472 1145/1/2462
f 3504/1/2474 3506/1/2478 1146/1/2463 1150/1/2473
f 3507/1/2479 3508/1/2480 1107/1/2383 1103/1/2388
f 3508/1/2480 3507/1/2479 1104/1/2389 1108/1/2386
f 3508/1/2480 3509/1/2481 1099/1/2235 1107/1/2383
f 3509/1/2481 3508/1/2480 1108/1/2386 1100/1/2238
f 3509/1/2481 3510/1/2482 1095/1/2236 1099/1/2235
f 3510/1/2482 3509/1/2481 1100/1/2238 1096/1/2237
f 3510/1/2482 3507/1/2479 1103/1/2388 1095/1/2236
f 3507/1/2479 3510/1/2482 1096/1/2237 1104/1/2389
f 3511/1/2483 3512/1/2484 1153/1/2476 1145/1/2462
f 3512/1/2484 3511/1/2483 1146/1/2463 1154/1/2477
f 3512/1/2484 3513/1/2485 1157/1/2486 1153/1/2476
f 3513/1/2485 3512/1/2484 1154/1/2477 1158/1/2487
f 3513/1/2485 3511/1/2483 1145/1/2462 1157/1/2486
f 3511/1/2483 3513/1/2485 1158/1/2487 1146/1/2463
f 3514/1/2488 3515/1/2489 1161/1/2490 1153/1/2476
f 3515/1/2489 3514/1/2488 1154/1/2477 1162/1/2491
f 3515/1/2489 3516/1/2492 1157/1/2486 1161/1/2490
f 3516/1/2492 3515/1/2489 1162/1/2491 1158/1/2487
f 3516/1/2492 3514/1/2488 1153/1/2476 1157/1/2486
f 3514/1/2488 3516/1/2492 1158/1/2487 1154/1/2477
f 3517/1/2493 3518/1/2494 1153/1/2476 1161/1/2490
f 3518/1/2494 3517/1/2493 1162/1/2491 1154/1/2477
f 3518/1/2494 3519/1/2495 1163/1/2496 1153/1/2476
f 3519/1/2495 3518/1/2494 1154/1/2477 1164/1/2497
f 3519/1/2495 3517/1/2493 1161/1/2490 1163/1/2496
f 3517/1/2493 3519/1/2495 1164/1/2497 1162/1/2491
f 3520/1/2498 3521/1/2499 1163/1/2496 1161/1/2490
f 3521/1/2499 3520/1/2498 1162/1/2491 1164/1/2497
f 3521/1/2499 3522/1/2500 1165/1/2501 1163/1/2496
f 3522/1/2500 3521/1/2499 1164/1/2497 1166/1/2502
f 3522/1/2500 3520/1/2498 1161/1/2490 1165/1/2501
f 3520/1/2498 3522/1/2500 1166/1/2502 1162/1/2491
f 3523/1/2503 3524/1/2504 1155/1/2505 1167/1/2506
f 3524/1/2504 3523/1/2503 1168/1/2507 1156/1/2508
f 3524/1/2504 3525/1/2509 1159/1/2510 1155/1/2505
f 3525/1/2509 3524/1/2504 1156/1/2508 1160/1/2511
f 3525/1/2509 3523/1/2503 1167/1/2506 1159/1/2510
f 3523/1/2503 3525/1/2509 1160/1/2511 1168/1/2507
f 3526/1/2512 3527/1/2513 1169/1/2514 1167/1/2506
f 3527/1/2513 3526/1/2512 1168/1/2507 1170/1/2515
f 3527/1/2513 3528/1/2516 1155/1/2505 1169/1/2514
f 3528/1/2516 3527/1/2513 1170/1/2515 1156/1/2508
f 3528/1/2516 3526/1/2512 1167/1/2506 1155/1/2505
f 3526/1/2512 3528/1/2516 1156/1/2508 1168/1/2507
f 3529/1/2517 3530/1/2518 1171/1/2519 1167/1/2506
f 3530/1/2518 3529/1/2517 1168/1/2507 1172/1/2520
f 3530/1/2518 3531/1/2521 1169/1/2514 1171/1/2519
f 3531/1/2521 3530/1/2518 1172/1/2520 1170/1/2515
f 3531/1/2521 3529/1/2517 1167/1/2506 1169/1/2514
f 3529/1/2517 3531/1/2521 1170/1/2515 1168/1/2507
f 3532/1/2522 3533/1/2523 1167/1/2506 1171/1/2519
f 3533/1/2523 3532/1/2522 1172/1/2520 1168/1/2507
f 3533/1/2523 3534/1/2524 1173/1/2525 1167/1/2506
f 3534/1/2524 3533/1/2523 1168/1/2507 1174/1/2526
f 3534/1/2524 3532/1/2522 1171/1/2519 1173/1/2525
f 3532/1/2522 3534/1/2524 1174/1/2526 1172/1/2520
f 3535/1/2527 3536/1/2528 1173/1/2525 1171/1/2519
f 3536/1/2528 3535/1/2527 1172/1/2520 1174/1/2526
f 3536/1/2528 3537/1/2529 1175/1/2530 1173/1/2525
f 3537/1/2529 3536/1/2528 1174/1/2526 1176/1/2531
f 3537/1/2529 3535/1/2527 1171/1/2519 1175/1/2530
f 3535/1/2527 3537/1/2529 1176/1/2531 1172/1/2520
f 3538/1/2532 3539/1/2533 1179/1/2534 1177/1/2535
f 3539/1/2533 3538/1/2532 1178/1/2536 1180/1/2537
f 3539/1/2533 3540/1/2538 1181/1/2539 1179/1/2534
f 3540/1/2538 3539/1/2533 1180/1/2537 1182/1/2540
f 3540/1/2538 3538/1/2532 1177/1/2535 1181/1/2539
f 3538/1/2532 3540/1/2538 1182/1/2540 1178/1/2536
f 3541/1/2541 3542/1/2542 1183/1/2543 1179/1/2534
f 3542/1/2542 3541/1/2541 1180/1/2537 1184/1/2544
f 3542/1/2542 3543/1/2545 1181/1/2539 1183/1/2543
f 3543/1/2545 3542/1/2542 1184/1/2544 1182/1/2540
f 3543/1/2545 3541/1/2541 1179/1/2534 1181/1/2539
f 3541/1/2541 3543/1/2545 1182/1/2540 1180/1/2537
f 3544/1/2546 3545/1/2547 1177/1/2535 1179/1/2534
f 3545/1/2547 3544/1/2546 1180/1/2537 1178/1/2536
f 3545/1/2547 3546/1/2548 1185/1/2549 1177/1/2535
f 3546/1/2548 3545/1/2547 1178/1/2536 1186/1/2550
f 3546/1/2548 3544/1/2546 1179/1/2534 1185/1/2549
f 3544/1/2546 3546/1/2548 1186/1/2550 1180/1/2537
f 3547/1/2551 3548/1/2552 1179/1/2534 1183/1/2543
f 3548/1/2552 3547/1/2551 1184/1/2544 1180/1/2537
f 3548/1/2552 3549/1/2553 1187/1/2554 1179/1/2534
f 3549/1/2553 3548/1/2552 1180/1/2537 1188/1/2555
f 3549/1/2553 3547/1/2551 1183/1/2543 1187/1/2554
f 3547/1/2551 3549/1/2553 1188/1/2555 1184/1/2544
f 3550/1/2556 3551/1/2557 1177/1/2535 1185/1/2549
f 3551/1/2557 3550/1/2556 1186/1/2550 1178/1/2536
f 3551/1/2557 3552/1/2558 1189/1/2559 1177/1/2535
f 3552/1/2558 3551/1/2557 1178/1/2536 1190/1/2560
f 3552/1/2558 3550/1/2556 1185/1/2549 1189/1/2559
f 3550/1/2556 3552/1/2558 1190/1/2560 1186/1/2550
f 3553/1/2561 3554/1/2562 1055/1/2366 1051/1/2369
f 3554/1/2562 3553/1/2561 1052/1/2370 1056/1/2367
f 3554/1/2562 3555/1/2563 1047/1/2226 1055/1/2366
f 3555/1/2563 3554/1/2562 1056/1/2367 1048/1/2227
f 3555/1/2563 3556/1/2564 1043/1/2215 1047/1/2226
f 3556/1/2564 3555/1/2563 1048/1/2227 1044/1/2216
f 3556/1/2564 3553/1/2561 1051/1/2369 1043/1/2215
f 3553/1/2561 3556/1/2564 1044/1/2216 1052/1/2370
f 3557/1/2565 3558/1/2566 1185/1/2549 1193/1/2567
f 3558/1/2566 3557/1/2565 1194/1/2568 1186/1/2550
f 3558/1/2566 3559/1/2569 1189/1/2559 1185/1/2549
f 3559/1/2569 3558/1/2566 1186/1/2550 1190/1/2560
f 3559/1/2569 3557/1/2565 1193/1/2567 1189/1/2559
f 3557/1/2565 3559/1/2569 1190/1/2560 1194/1/2568
f 3560/1/2570 3561/1/2571 1197/1/2572 1189/1/2559
f 3561/1/2571 3560/1/2570 1190/1/2560 1198/1/2573
f 3561/1/2571 3562/1/2574 1193/1/2567 1197/1/2572
f 3562/1/2574 3561/1/2571 1198/1/2573 1194/1/2568
f 3562/1/2574 3560/1/2570 1189/1/2559 1193/1/2567
f 3560/1/2570 3562/1/2574 1194/1/2568 1190/1/2560
f 3563/1/2575 3564/1/2576 605/1/1595 599/1/2577
f 3564/1/2576 3563/1/2575 600/1/2578 606/1/1596
f 3564/1/2576 3565/1/2579 603/1/1592 605/1/1595
f 3565/1/2579 3564/1/2576 606/1/1596 604/1/1593
f 3565/1/2579 3566/1/2580 601/1/2581 603/1/1592
f 3566/1/2580 3565/1/2579 604/1/1593 602/1/2582
f 3566/1/2580 3563/1/2575 599/1/2577 601/1/2581
f 3563/1/2575 3566/1/2580 602/1/2582 600/1/2578
f 3567/1/2583 3568/1/2584 1189/1/2559 1197/1/2572
f 3568/1/2584 3567/1/2583 1198/1/2573 1190/1/2560
f 3568/1/2584 3569/1/2585 1201/1/2586 1189/1/2559
f 3569/1/2585 3568/1/2584 1190/1/2560 1202/1/2587
f 3569/1/2585 3567/1/2583 1197/1/2572 1201/1/2586
f 3567/1/2583 3569/1/2585 1202/1/2587 1198/1/2573
f 3570/1/2588 3571/1/2589 1205/1/2590 1201/1/2586
f 3571/1/2589 3570/1/2588 1202/1/2587 1206/1/2591
f 3571/1/2589 3572/1/2592 1197/1/2572 1205/1/2590
f 3572/1/2592 3571/1/2589 1206/1/2591 1198/1/2573
f 3572/1/2592 3570/1/2588 1201/1/2586 1197/1/2572
f 3570/1/2588 3572/1/2592 1198/1/2573 1202/1/2587
f 3573/1/2593 3574/1/2594 1207/1/2595 1203/1/2257
f 3574/1/2594 3573/1/2593 1204/1/2260 1208/1/2596
f 3574/1/2594 3575/1/2597 1199/1/2262 1207/1/2595
f 3575/1/2597 3574/1/2594 1208/1/2596 1200/1/2263
f 3575/1/2597 3573/1/2593 1203/1/2257 1199/1/2262
f 3573/1/2593 3575/1/2597 1200/1/2263 1204/1/2260
f 3576/1/2598 3577/1/2599 1205/1/2590 1197/1/2572
f 3577/1/2599 3576/1/2598 1198/1/2573 1206/1/2591
f 3577/1/2599 3578/1/2600 1209/1/2601 1205/1/2590
f 3578/1/2600 3577/1/2599 1206/1/2591 1210/1/2602
f 3578/1/2600 3576/1/2598 1197/1/2572 1209/1/2601
f 3576/1/2598 3578/1/2600 1210/1/2602 1198/1/2573
f 3579/1/2603 3580/1/2604 1207/1/2595 1199/1/2262
f 3580/1/2604 3579/1/2603 1200/1/2263 1208/1/2596
f 3580/1/2604 3581/1/2605 1211/1/2606 1207/1/2595
f 3581/1/2605 3580/1/2604 1208/1/2596 1212/1/2607
f 3581/1/2605 3579/1/2603 1199/1/2262 1211/1/2606
f 3579/1/2603 3581/1/2605 1212/1/2607 1200/1/2263
f 3582/1/2608 3583/1/2609 1213/1/2610 1205/1/2590
f 3583/1/2609 3582/1/2608 1206/1/2591 1214/1/2611
f 3583/1/2609 3584/1/2612 1209/1/2601 1213/1/2610
f 3584/1/2612 3583/1/2609 1214/1/2611 1210/1/2602
f 3584/1/2612 3582/1/2608 1205/1/2590 1209/1/2601
f 3582/1/2608 3584/1/2612 1210/1/2602 1206/1/2591
f 3585/1/2613 3586/1/2614 1205/1/2590 1213/1/2610
f 3586/1/2614 3585/1/2613 1214/1/2611 1206/1/2591
f 3586/1/2614 3587/1/2615 1215/1/2616 1205/1/2590
f 3587/1/2615 3586/1/2614 1206/1/2591 1216/1/2617
f 3587/1/2615 3585/1/2613 1213/1/2610 1215/1/2616
f 3585/1/2613 3587/1/2615 1216/1/2617 1214/1/2611
f 3588/1/2618 3589/1/2619 1215/1/2616 1213/1/2610
f 3589/1/2619 3588/1/2618 1214/1/2611 1216/1/2617
f 3589/1/2619 3590/1/2620 1217/1/2621 1215/1/2616
f 3590/1/2620 3589/1/2619 1216/1/2617 1218/1/2622
f 3590/1/2620 3588/1/2618 1213/1/2610 1217/1/2621
f 3588/1/2618 3590/1/2620 1218/1/2622 1214/1/2611
f 3591/1/2623 3592/1/2624 1219/1/2625 1207/1/2595
f 3592/1/2624 3591/1/2623 1208/1/2596 1220/1/2626
f 3592/1/2624 3593/1/2627 1211/1/2606 1219/1/2625
f 3593/1/2627 3592/1/2624 1220/1/2626 1212/1/2607
f 3593/1/2627 3591/1/2623 1207/1/2595 1211/1/2606
f 3591/1/2623 3593/1/2627 1212/1/2607 1208/1/2596
f 3594/1/2628 3595/1/2629 1207/1/2595 1219/1/2625
f 3595/1/2629 3594/1/2628 1220/1/2626 1208/1/2596
f 3595/1/2629 3596/1/2630 1221/1/2631 1207/1/2595
f 3596/1/2630 3595/1/2629 1208/1/2596 1222/1/2632
f 3596/1/2630 3594/1/2628 1219/1/2625 1221/1/2631
f 3594/1/2628 3596/1/2630 1222/1/2632 1220/1/2626
f 3597/1/2633 3598/1/2634 1221/1/2631 1219/1/2625
f 3598/1/2634 3597/1/2633 1220/1/2626 1222/1/2632
f 3598/1/2634 3599/1/2635 1223/1/2636 1221/1/2631
f 3599/1/2635 3598/1/2634 1222/1/2632 1224/1/2637
f 3599/1/2635 3597/1/2633 1219/1/2625 1223/1/2636
f 3597/1/2633 3599/1/2635 1224/1/2637 1220/1/2626
f 3600/1/2638 3601/1/2639 915/1/251 907/1/1939
f 3601/1/2639 3600/1/2638 908/1/1940 916/1/252
f 3601/1/2639 3602/1/2640 911/1/248 915/1/251
f 3602/1/2640 3601/1/2639 916/1/252 912/1/249
f 3602/1/2640 3603/1/2641 909/1/1942 911/1/248
f 3603/1/2641 3602/1/2640 912/1/249 910/1/1943
f 3603/1/2641 3600/1/2638 907/1/1939 909/1/1942
f 3600/1/2638 3603/1/2641 910/1/1943 908/1/1940
f 3604/1/2642 3605/1/2643 139/1/611 135/1/607
f 3605/1/2643 3604/1/2642 136/1/608 140/1/612
f 3605/1/2643 3606/1/2644 127/1/158 139/1/611
f 3606/1/2644 3605/1/2643 140/1/612 128/1/159
f 3606/1/2644 3607/1/2645 131/1/153 127/1/158
f 3607/1/2645 3606/1/2644 128/1/159 132/1/156
f 3607/1/2645 3604/1/2642 135/1/607 131/1/153
f 3604/1/2642 3607/1/2645 132/1/156 136/1/608
f 3608/1/2646 3609/1/2647 189/1/1016 185/1/1019
f 3609/1/2647 3608/1/2646 186/1/1020 190/1/1017
f 3609/1/2647 3610/1/2648 177/1/1040 189/1/1016
f 3610/1/2648 3609/1/2647 190/1/1017 178/1/1041
f 3610/1/2648 3611/1/2649 181/1/1035 177/1/1040
f 3611/1/2649 3610/1/2648 178/1/1041 182/1/1038
f 3611/1/2649 3608/1/2646 185/1/1019 181/1/1035
f 3608/1/2646 3611/1/2649 182/1/1038 186/1/1020
f 3612/1/2650 3613/1/2651 427/1/2652 425/1/2653
f 3613/1/2651 3612/1/2650 426/1/2654 428/1/2655
f 3613/1/2651 3614/1/2656 421/1/1335 427/1/2652
f 3614/1/2656 3613/1/2651 428/1/2655 422/1/1336
f 3614/1/2656 3615/1/2657 419/1/1342 421/1/1335
f 3615/1/2657 3614/1/2656 422/1/1336 420/1/1343
f 3615/1/2657 3612/1/2650 425/1/2653 419/1/1342
f 3612/1/2650 3615/1/2657 420/1/1343 426/1/2654
f 3616/1/2658 3617/1/2659 1411/1/2660 1407/1/2661
f 3617/1/2659 3616/1/2658 1408/1/2662 1412/1/2663
f 3617/1/2659 3618/1/2664 1399/1/386 1411/1/2660
f 3618/1/2664 3617/1/2659 1412/1/2663 1400/1/387
f 3618/1/2664 3619/1/2665 1403/1/383 1399/1/386
f 3619/1/2665 3618/1/2664 1400/1/387 1404/1/384
f 3619/1/2665 3616/1/2658 1407/1/2661 1403/1/383
f 3616/1/2658 3619/1/2665 1404/1/384 1408/1/2662
f 3620/1/2666 3621/1/2667 2347/1/44 2343/1/47
f 3621/1/2667 3620/1/2666 2344/1/48 2348/1/45
f 3621/1/2667 3622/1/2668 2339/1/105 2347/1/44
f 3622/1/2668 3621/1/2667 2348/1/45 2340/1/108
f 3622/1/2668 3623/1/2669 2335/1/106 2339/1/105
f 3623/1/2669 3622/1/2668 2340/1/108 2336/1/107
f 3623/1/2669 3620/1/2666 2343/1/47 2335/1/106
f 3620/1/2666 3623/1/2669 2336/1/107 2344/1/48
f 3624/1/2670 3625/1/2671 2337/1/2672 2329/1/2673
f 3625/1/2671 3624/1/2670 2330/1/2674 2338/1/2675
f 3625/1/2671 3626/1/2676 2331/1/113 2337/1/2672
f 3626/1/2676 3625/1/2671 2338/1/2675 2332/1/114
f 3626/1/2676 3627/1/2677 2333/1/110 2331/1/113
f 3627/1/2677 3626/1/2676 2332/1/114 2334/1/111
f 3627/1/2677 3624/1/2670 2329/1/2673 2333/1/110
f 3624/1/2670 3627/1/2677 2334/1/111 2330/1/2674
f 3628/1/175 3629/1/2678 1277/1/2679 1273/1/2680
f 3629/1/2678 3628/1/175 1274/1/2681 1278/1/2682
f 3629/1/2678 3630/1/2683 1281/1/2684 1277/1/2679
f 3630/1/2683 3629/1/2678 1278/1/2682 1282/1/2685
f 3630/1/2683 3631/1/2686 1279/1/2687 1281/1/2684
f 3631/1/2686 3630/1/2683 1282/1/2685 1280/1/2688
f 3631/1/2686 3632/1/2689 1275/1/2690 1279/1/2687
f 3632/1/2689 3631/1/2686 1280/1/2688 1276/1/2691
f 3632/1/2689 3633/1/188 1271/1/2692 1275/1/2690
f 3633/1/188 3632/1/2689 1276/1/2691 1272/1/2693
f 3633/1/188 3634/1/2694 1255/1/2695 1271/1/2692
f 3634/1/2694 3633/1/188 1272/1/2693 1256/1/2696
f 3634/1/2694 3635/1/2697 1249/1/2698 1255/1/2695
f 3635/1/2697 3634/1/2694 1256/1/2696 1250/1/2699
f 3635/1/2697 3636/1/2700 1245/1/2701 1249/1/2698
f 3636/1/2700 3635/1/2697 1250/1/2699 1246/1/2702
f 3636/1/2700 3637/1/2703 1257/1/2704 1245/1/2701
f 3637/1/2703 3636/1/2700 1246/1/2702 1258/1/2705
f 3637/1/2703 3638/1/2706 1265/1/2707 1257/1/2704
f 3638/1/2706 3637/1/2703 1258/1/2705 1266/1/2708
f 3638/1/2706 3639/1/2709 1269/1/2710 1265/1/2707
f 3639/1/2709 3638/1/2706 1266/1/2708 1270/1/2711
f 3639/1/2709 3640/1/2712 1267/1/2713 1269/1/2710
f 3640/1/2712 3639/1/2709 1270/1/2711 1268/1/2714
f 3640/1/2712 3641/1/2715 1261/1/2716 1267/1/2713
f 3641/1/2715 3640/1/2712 1268/1/2714 1262/1/2717
f 3641/1/2715 3642/1/2718 1253/1/2719 1261/1/2716
f 3642/1/2718 3641/1/2715 1262/1/2717 1254/1/2720
f 3642/1/2718 3643/1/2721 1247/1/2722 1253/1/2719
f 3643/1/2721 3642/1/2718 1254/1/2720 1248/1/2723
f 3643/1/2721 3644/1/2724 1251/1/2725 1247/1/2722
f 3644/1/2724 3643/1/2721 1248/1/2723 1252/1/2726
f 3644/1/2724 3645/1/2727 1259/1/2728 1251/1/2725
f 3645/1/2727 3644/1/2724 1252/1/2726 1260/1/2729
f 3645/1/2727 3646/1/2730 1263/1/2731 1259/1/2728
f 3646/1/2730 3645/1/2727 1260/1/2729 1264/1/2732
f 3646/1/2730 3628/1/175 1273/1/2680 1263/1/2731
f 3628/1/175 3646/1/2730 1264/1/2732 1274/1/2681
f 3647/1/2733 3648/1/2734 2359/1/2735 2357/1/2736
f 3648/1/2734 3647/1/2733 2358/1/2737 2360/1/2738
f 3648/1/2734 3649/1/2739 2353/1/2740 2359/1/2735
f 3649/1/2739 3648/1/2734 2360/1/2738 2354/1/2741
f 3649/1/2739 3650/1/2742 2349/1/2743 2353/1/2740
f 3650/1/2742 3649/1/2739 2354/1/2741 2350/1/2744
f 3650/1/2742 3647/1/2733 2357/1/2736 2349/1/2743
f 3647/1/2733 3650/1/2742 2350/1/2744 2358/1/2737
f 3651/1/2745 3652/1/2746 225/1/2747 213/1/444
f 3652/1/2746 3651/1/2745 214/1/445 226/1/2748
f 3652/1/2746 3653/1/2749 221/1/2750 225/1/2747
f 3653/1/2749 3652/1/2746 226/1/2748 222/1/2751
f 3653/1/2749 3654/1/2752 217/1/443 221/1/2750
f 3654/1/2752 3653/1/2749 222/1/2751 218/1/446
f 3654/1/2752 3651/1/2745 213/1/444 217/1/443
f 3651/1/2745 3654/1/2752 218/1/446 214/1/445
f 3655/1/2753 3656/1/2754 63/1/2755 61/1/2756
f 3656/1/2754 3655/1/2753 62/1/2757 64/1/2758
f 3656/1/2754 3657/1/2759 57/1/2760 63/1/2755
f 3657/1/2759 3656/1/2754 64/1/2758 58/1/2761
f 3657/1/2759 3658/1/2762 59/1/2763 57/1/2760
f 3658/1/2762 3657/1/2759 58/1/2761 60/1/2764
f 3658/1/2762 3655/1/2753 61/1/2756 59/1/2763
f 3655/1/2753 3658/1/2762 60/1/2764 62/1/2757
f 3659/1/2765 3660/1/2766 1427/1/2767 1423/1/2768
f 3660/1/2766 3659/1/2765 1424/1/2769 1428/1/2770
f 3660/1/2766 3661/1/2771 1417/1/2772 1427/1/2767
f 3661/1/2771 3660/1/2766 1428/1/2770 1418/1/2773
f 3661/1/2771 3662/1/2774 1421/1/2775 1417/1/2772
f 3662/1/2774 3661/1/2771 1418/1/2773 1422/1/2776
f 3662/1/2774 3659/1/2765 1423/1/2768 1421/1/2775
f 3659/1/2765 3662/1/2774 1422/1/2776 1424/1/2769
f 3663/1/2777 3664/1/2778 1441/1/687 1429/1/476
f 3664/1/2778 3663/1/2777 1430/1/477 1442/1/688
f 3664/1/2778 3665/1/2779 1437/1/684 1441/1/687
f 3665/1/2779 3664/1/2778 1442/1/688 1438/1/685
f 3665/1/2779 3666/1/2780 1433/1/475 1437/1/684
f 3666/1/2780 3665/1/2779 1438/1/685 1434/1/478
f 3666/1/2780 3663/1/2777 1429/1/476 1433/1/475
f 3663/1/2777 3666/1/2780 1434/1/478 1430/1/477
f 3667/1/2781 3668/1/2782 1383/1/141 1381/1/146
f 3668/1/2782 3667/1/2781 1382/1/147 1384/1/144
f 3668/1/2782 3669/1/2783 1373/1/86 1383/1/141
f 3669/1/2783 3668/1/2782 1384/1/144 1374/1/87
f 3669/1/2783 3670/1/2784 1377/1/81 1373/1/86
f 3670/1/2784 3669/1/2783 1374/1/87 1378/1/84
f 3670/1/2784 3667/1/2781 1381/1/146 1377/1/81
f 3667/1/2781 3670/1/2784 1378/1/84 1382/1/147
f 3671/1/227 3672/1/237 2367/1/2785 2365/1/2786
f 3672/1/237 3671/1/227 2366/1/2787 2368/1/2788
f 3672/1/237 3673/1/234 2361/1/2789 2367/1/2785
f 3673/1/234 3672/1/237 2368/1/2788 2362/1/2790
f 3673/1/234 3674/1/222 2363/1/2791 2361/1/2789
f 3674/1/222 3673/1/234 2362/1/2790 2364/1/2792
f 3674/1/222 3671/1/227 2365/1/2786 2363/1/2791
f 3671/1/227 3674/1/222 2364/1/2792 2366/1/2787
f 3675/1/2793 3676/1/2794 2357/1/2736 2359/1/2735
f 3676/1/2794 3675/1/2793 2360/1/2738 2358/1/2737
f 3676/1/2794 3677/1/2795 2355/1/39 2357/1/2736
f 3677/1/2795 3676/1/2794 2358/1/2737 2356/1/42
f 3677/1/2795 3678/1/2796 2351/1/40 2355/1/39
f 3678/1/2796 3677/1/2795 2356/1/42 2352/1/41
f 3678/1/2796 3675/1/2793 2359/1/2735 2351/1/40
f 3675/1/2793 3678/1/2796 2352/1/41 2360/1/2738
f 3679/1/2797 3680/1/2798 129/1/2799 121/1/2800
f 3680/1/2798 3679/1/2797 122/1/2801 130/1/2802
f 3680/1/2798 3681/1/2803 123/1/154 129/1/2799
f 3681/1/2803 3680/1/2798 130/1/2802 124/1/155
f 3681/1/2803 3682/1/2804 125/1/161 123/1/154
f 3682/1/2804 3681/1/2803 124/1/155 126/1/162
f 3682/1/2804 3679/1/2797 121/1/2800 125/1/161
f 3679/1/2797 3682/1/2804 126/1/162 122/1/2801
f 3683/1/2805 3684/1/2806 445/1/2807 429/1/2808
f 3684/1/2806 3683/1/2805 430/1/2809 446/1/2810
f 3684/1/2806 3685/1/2811 441/1/2812 445/1/2807
f 3685/1/2811 3684/1/2806 446/1/2810 442/1/2813
f 3685/1/2811 3686/1/2814 437/1/2815 441/1/2812
f 3686/1/2814 3685/1/2811 442/1/2813 438/1/2816
f 3686/1/2814 3683/1/2805 429/1/2808 437/1/2815
f 3683/1/2805 3686/1/2814 438/1/2816 430/1/2809
f 3687/1/2817 3688/1/2818 199/1/347 195/1/352
f 3688/1/2818 3687/1/2817 196/1/353 200/1/350
f 3688/1/2818 3689/1/2819 187/1/632 199/1/347
f 3689/1/2819 3688/1/2818 200/1/350 188/1/633
f 3689/1/2819 3690/1/2820 191/1/627 187/1/632
f 3690/1/2820 3689/1/2819 188/1/633 192/1/630
f 3690/1/2820 3687/1/2817 195/1/352 191/1/627
f 3687/1/2817 3690/1/2820 192/1/630 196/1/353
f 3691/1/2821 3692/1/2822 1415/1/2823 1413/1/2824
f 3692/1/2822 3691/1/2821 1414/1/2825 1416/1/2826
f 3692/1/2822 3693/1/2827 1411/1/2660 1415/1/2823
f 3693/1/2827 3692/1/2822 1416/1/2826 1412/1/2663
f 3693/1/2827 3694/1/2828 1407/1/2661 1411/1/2660
f 3694/1/2828 3693/1/2827 1412/1/2663 1408/1/2662
f 3694/1/2828 3691/1/2821 1413/1/2824 1407/1/2661
f 3691/1/2821 3694/1/2828 1408/1/2662 1414/1/2825
f 3695/1/194 3696/1/191 1351/1/193 1349/1/196
f 3696/1/191 3695/1/194 1350/1/195 1352/1/192
f 3696/1/191 3697/1/188 1339/1/190 1351/1/193
f 3697/1/188 3696/1/191 1352/1/192 1340/1/189
f 3697/1/188 3698/1/70 1341/1/187 1339/1/190
f 3698/1/70 3697/1/188 1340/1/189 1342/1/186
f 3698/1/70 3699/1/183 1337/1/185 1341/1/187
f 3699/1/183 3698/1/70 1342/1/186 1338/1/184
f 3699/1/183 3700/1/180 1343/1/182 1337/1/185
f 3700/1/180 3699/1/183 1338/1/184 1344/1/181
f 3700/1/180 3701/1/175 1347/1/179 1343/1/182
f 3701/1/175 3700/1/180 1344/1/181 1348/1/176
f 3701/1/175 3702/1/61 1345/1/178 1347/1/179
f 3702/1/61 3701/1/175 1348/1/176 1346/1/177
f 3702/1/61 3695/1/194 1349/1/196 1345/1/178
f 3695/1/194 3702/1/61 1346/1/177 1350/1/195
f 3703/1/2829 3704/1/2830 683/1/2831 681/1/2832
f 3704/1/2830 3703/1/2829 682/1/2833 684/1/2834
f 3704/1/2830 3705/1/2835 677/1/2836 683/1/2831
f 3705/1/2835 3704/1/2830 684/1/2834 678/1/2837
f 3705/1/2835 3706/1/2838 679/1/2839 677/1/2836
f 3706/1/2838 3705/1/2835 678/1/2837 680/1/2840
f 3706/1/2838 3703/1/2829 681/1/2832 679/1/2839
f 3703/1/2829 3706/1/2838 680/1/2840 682/1/2833
f 3707/1/2841 3708/1/2842 791/1/551 789/1/2843
f 3708/1/2842 3707/1/2841 790/1/2844 792/1/552
f 3708/1/2842 3709/1/2845 785/1/548 791/1/551
f 3709/1/2845 3708/1/2842 792/1/552 786/1/549
f 3709/1/2845 3710/1/2846 787/1/2847 785/1/548
f 3710/1/2846 3709/1/2845 786/1/549 788/1/2848
f 3710/1/2846 3707/1/2841 789/1/2843 787/1/2847
f 3707/1/2841 3710/1/2846 788/1/2848 790/1/2844
f 3711/1/2849 3712/1/2850 447/1/207 443/1/200
f 3712/1/2850 3711/1/2849 444/1/201 448/1/208
f 3712/1/2850 3713/1/2851 435/1/364 447/1/207
f 3713/1/2851 3712/1/2850 448/1/208 436/1/365
f 3713/1/2851 3714/1/2852 439/1/359 435/1/364
f 3714/1/2852 3713/1/2851 436/1/365 440/1/362
f 3714/1/2852 3711/1/2849 443/1/200 439/1/359
f 3711/1/2849 3714/1/2852 440/1/362 444/1/201
f 3715/1/2853 3716/1/2854 595/1/1576 601/1/2581
f 3716/1/2854 3715/1/2853 602/1/2582 596/1/1577
f 3716/1/2854 3717/1/2855 597/1/1571 595/1/1576
f 3717/1/2855 3716/1/2854 596/1/1577 598/1/1574
f 3717/1/2855 3718/1/2856 599/1/2577 597/1/1571
f 3718/1/2856 3717/1/2855 598/1/1574 600/1/2578
f 3718/1/2856 3715/1/2853 601/1/2581 599/1/2577
f 3715/1/2853 3718/1/2856 600/1/2578 602/1/2582
f 3719/1/2857 3720/1/2858 231/1/487 229/1/492
f 3720/1/2858 3719/1/2857 230/1/493 232/1/490
f 3720/1/2858 3721/1/2859 221/1/2750 231/1/487
f 3721/1/2859 3720/1/2858 232/1/490 222/1/2751
f 3721/1/2859 3722/1/2860 225/1/2747 221/1/2750
f 3722/1/2860 3721/1/2859 222/1/2751 226/1/2748
f 3722/1/2860 3719/1/2857 229/1/492 225/1/2747
f 3719/1/2857 3722/1/2860 226/1/2748 230/1/493
f 3723/1/2861 3724/1/2862 1393/1/2863 1385/1/2864
f 3724/1/2862 3723/1/2861 1386/1/2865 1394/1/2866
f 3724/1/2862 3725/1/2867 1387/1/118 1393/1/2863
f 3725/1/2867 3724/1/2862 1394/1/2866 1388/1/119
f 3725/1/2867 3726/1/2868 1389/1/125 1387/1/118
f 3726/1/2868 3725/1/2867 1388/1/119 1390/1/126
f 3726/1/2868 3723/1/2861 1385/1/2864 1389/1/125
f 3723/1/2861 3726/1/2868 1390/1/126 1386/1/2865
f 3727/1/2869 3728/1/2870 1361/1/603 1357/1/696
f 3728/1/2870 3727/1/2869 1358/1/697 1362/1/604
f 3728/1/2870 3729/1/2871 1353/1/600 1361/1/603
f 3729/1/2871 3728/1/2870 1362/1/604 1354/1/601
f 3729/1/2871 3730/1/2872 1355/1/699 1353/1/600
f 3730/1/2872 3729/1/2871 1354/1/601 1356/1/700
f 3730/1/2872 3727/1/2869 1357/1/696 1355/1/699
f 3727/1/2869 3730/1/2872 1356/1/700 1358/1/697
f 3731/1/2873 3732/1/2874 2267/1/679 2261/1/979
f 3732/1/2874 3731/1/2873 2262/1/980 2268/1/680
f 3732/1/2874 3733/1/2875 2265/1/676 2267/1/679
f 3733/1/2875 3732/1/2874 2268/1/680 2266/1/677
f 3733/1/2875 3734/1/2876 2263/1/975 2265/1/676
f 3734/1/2876 3733/1/2875 2266/1/677 2264/1/976
f 3734/1/2876 3731/1/2873 2261/1/979 2263/1/975
f 3731/1/2873 3734/1/2876 2264/1/976 2262/1/980
f 3735/1/2877 3736/1/2878 101/1/2879 103/1/2880
f 3736/1/2878 3735/1/2877 104/1/2881 102/1/2882
f 3736/1/2878 3737/1/2883 97/1/2884 101/1/2879
f 3737/1/2883 3736/1/2878 102/1/2882 98/1/2885
f 3737/1/2883 3738/1/2886 99/1/2887 97/1/2884
f 3738/1/2886 3737/1/2883 98/1/2885 100/1/2888
f 3738/1/2886 3735/1/2877 103/1/2880 99/1/2887
f 3735/1/2877 3738/1/2886 100/1/2888 104/1/2881
f 3739/1/2889 3740/1/2890 281/1/1962 277/1/1958
f 3740/1/2890 3739/1/2889 278/1/1959 282/1/1963
f 3740/1/2890 3741/1/2891 265/1/428 281/1/1962
f 3741/1/2891 3740/1/2890 282/1/1963 266/1/429
f 3741/1/2891 3742/1/2892 273/1/423 265/1/428
f 3742/1/2892 3741/1/2891 266/1/429 274/1/426
f 3742/1/2892 3739/1/2889 277/1/1958 273/1/423
f 3739/1/2889 3742/1/2892 274/1/426 278/1/1959
f 3743/1/2893 3744/1/2894 687/1/2895 685/1/2896
f 3744/1/2894 3743/1/2893 686/1/2897 688/1/2898
f 3744/1/2894 3745/1/2899 677/1/2836 687/1/2895
f 3745/1/2899 3744/1/2894 688/1/2898 678/1/2837
f 3745/1/2899 3746/1/2900 683/1/2831 677/1/2836
f 3746/1/2900 3745/1/2899 678/1/2837 684/1/2834
f 3746/1/2900 3743/1/2893 685/1/2896 683/1/2831
f 3743/1/2893 3746/1/2900 684/1/2834 686/1/2897
f 3747/1/2901 3748/1/2902 151/1/211 141/1/640
f 3748/1/2902 3747/1/2901 142/1/641 152/1/214
f 3748/1/2902 3749/1/2903 149/1/212 151/1/211
f 3749/1/2903 3748/1/2902 152/1/214 150/1/213
f 3749/1/2903 3750/1/2904 145/1/639 149/1/212
f 3750/1/2904 3749/1/2903 150/1/213 146/1/642
f 3750/1/2904 3747/1/2901 141/1/640 145/1/639
f 3747/1/2901 3750/1/2904 146/1/642 142/1/641
f 3751/1/2905 3752/1/2906 1415/1/2823 1405/1/412
f 3752/1/2906 3751/1/2905 1406/1/413 1416/1/2826
f 3752/1/2906 3753/1/2907 1413/1/2824 1415/1/2823
f 3753/1/2907 3752/1/2906 1416/1/2826 1414/1/2825
f 3753/1/2907 3754/1/2908 1409/1/411 1413/1/2824
f 3754/1/2908 3753/1/2907 1414/1/2825 1410/1/414
f 3754/1/2908 3751/1/2905 1405/1/412 1409/1/411
f 3751/1/2905 3754/1/2908 1410/1/414 1406/1/413
f 3755/1/2909 3756/1/2910 227/1/495 223/1/488
f 3756/1/2910 3755/1/2909 224/1/489 228/1/496
f 3756/1/2910 3757/1/2911 215/1/134 227/1/495
f 3757/1/2911 3756/1/2910 228/1/496 216/1/135
f 3757/1/2911 3758/1/2912 219/1/129 215/1/134
f 3758/1/2912 3757/1/2911 216/1/135 220/1/132
f 3758/1/2912 3755/1/2909 223/1/488 219/1/129
f 3755/1/2909 3758/1/2912 220/1/132 224/1/489
f 3759/1/2913 3760/1/2914 1401/1/419 1385/1/2864
f 3760/1/2914 3759/1/2913 1386/1/2865 1402/1/420
f 3760/1/2914 3761/1/2915 1397/1/416 1401/1/419
f 3761/1/2915 3760/1/2914 1402/1/420 1398/1/417
f 3761/1/2915 3762/1/2916 1393/1/2863 1397/1/416
f 3762/1/2916 3761/1/2915 1398/1/417 1394/1/2866
f 3762/1/2916 3759/1/2913 1385/1/2864 1393/1/2863
f 3759/1/2913 3762/1/2916 1394/1/2866 1386/1/2865
f 3763/1/2917 3764/1/2918 1425/1/483 1417/1/2772
f 3764/1/2918 3763/1/2917 1418/1/2773 1426/1/484
f 3764/1/2918 3765/1/2919 1419/1/480 1425/1/483
f 3765/1/2919 3764/1/2918 1426/1/484 1420/1/481
f 3765/1/2919 3766/1/2920 1421/1/2775 1419/1/480
f 3766/1/2920 3765/1/2919 1420/1/481 1422/1/2776
f 3766/1/2920 3763/1/2917 1417/1/2772 1421/1/2775
f 3763/1/2917 3766/1/2920 1422/1/2776 1418/1/2773
f 3767/1/2921 3768/1/2922 769/1/1463 767/1/1456
f 3768/1/2922 3767/1/2921 768/1/1457 770/1/1464
f 3768/1/2922 3769/1/2923 763/1/1448 769/1/1463
f 3769/1/2923 3768/1/2922 770/1/1464 764/1/1449
f 3769/1/2923 3770/1/2924 765/1/1443 763/1/1448
f 3770/1/2924 3769/1/2923 764/1/1449 766/1/1446
f 3770/1/2924 3767/1/2921 767/1/1456 765/1/1443
f 3767/1/2921 3770/1/2924 766/1/1446 768/1/1457
f 3771/1/2678 3772/1/175 1295/1/2681 1303/1/2682
f 3772/1/175 3771/1/2678 1304/1/2679 1296/1/2680
f 3772/1/175 3773/1/2730 1287/1/2732 1295/1/2681
f 3773/1/2730 3772/1/175 1296/1/2680 1288/1/2731
f 3773/1/2730 3774/1/2727 1283/1/2729 1287/1/2732
f 3774/1/2727 3773/1/2730 1288/1/2731 1284/1/2728
f 3774/1/2727 3775/1/2724 1289/1/2726 1283/1/2729
f 3775/1/2724 3774/1/2727 1284/1/2728 1290/1/2725
f 3775/1/2724 3776/1/2721 1297/1/2723 1289/1/2726
f 3776/1/2721 3775/1/2724 1290/1/2725 1298/1/2722
f 3776/1/2721 3777/1/2718 1309/1/2720 1297/1/2723
f 3777/1/2718 3776/1/2721 1298/1/2722 1310/1/2719
f 3777/1/2718 3778/1/2715 1313/1/2717 1309/1/2720
f 3778/1/2715 3777/1/2718 1310/1/2719 1314/1/2716
f 3778/1/2715 3779/1/2712 1317/1/2714 1313/1/2717
f 3779/1/2712 3778/1/2715 1314/1/2716 1318/1/2713
f 3779/1/2712 3780/1/2709 1319/1/2711 1317/1/2714
f 3780/1/2709 3779/1/2712 1318/1/2713 1320/1/2710
f 3780/1/2709 3781/1/2706 1315/1/2708 1319/1/2711
f 3781/1/2706 3780/1/2709 1320/1/2710 1316/1/2707
f 3781/1/2706 3782/1/2703 1311/1/2705 1315/1/2708
f 3782/1/2703 3781/1/2706 1316/1/2707 1312/1/2704
f 3782/1/2703 3783/1/2700 1301/1/2702 1311/1/2705
f 3783/1/2700 3782/1/2703 1312/1/2704 1302/1/2925
f 3783/1/2700 3784/1/2697 1293/1/2699 1301/1/2702
f 3784/1/2697 3783/1/2700 1302/1/2925 1294/1/2698
f 3784/1/2697 3785/1/2694 1285/1/2696 1293/1/2699
f 3785/1/2694 3784/1/2697 1294/1/2698 1286/1/2695
f 3785/1/2694 3786/1/188 1291/1/2693 1285/1/2696
f 3786/1/188 3785/1/2694 1286/1/2695 1292/1/2692
f 3786/1/188 3787/1/2689 1299/1/2691 1291/1/2693
f 3787/1/2689 3786/1/188 1292/1/2692 1300/1/2690
f 3787/1/2689 3788/1/2686 1305/1/2688 1299/1/2691
f 3788/1/2686 3787/1/2689 1300/1/2690 1306/1/2687
f 3788/1/2686 3789/1/2683 1307/1/2685 1305/1/2688
f 3789/1/2683 3788/1/2686 1306/1/2687 1308/1/2684
f 3789/1/2683 3771/1/2678 1303/1/2682 1307/1/2685
f 3771/1/2678 3789/1/2683 1308/1/2684 1304/1/2679
f 3790/1/2926 3791/1/2927 1231/1/2928 1227/1/2929
f 3791/1/2927 3790/1/2926 1228/1/2930 1232/1/2931
f 3791/1/2927 3792/1/2932 1229/1/2933 1231/1/2928
f 3792/1/2932 3791/1/2927 1232/1/2931 1230/1/2934
f 3792/1/2932 3793/1/2935 1225/1/2936 1229/1/2933
f 3793/1/2935 3792/1/2932 1230/1/2934 1226/1/2937
f 3793/1/2935 3790/1/2926 1227/1/2929 1225/1/2936
f 3790/1/2926 3793/1/2935 1226/1/2937 1228/1/2930
f 3794/1/2938 3795/1/2939 133/1/644 137/1/647
f 3795/1/2939 3794/1/2938 138/1/648 134/1/645
f 3795/1/2939 3796/1/2940 129/1/2799 133/1/644
f 3796/1/2940 3795/1/2939 134/1/645 130/1/2802
f 3796/1/2940 3797/1/2941 121/1/2800 129/1/2799
f 3797/1/2941 3796/1/2940 130/1/2802 122/1/2801
f 3797/1/2941 3794/1/2938 137/1/647 121/1/2800
f 3794/1/2938 3797/1/2941 122/1/2801 138/1/648
f 3798/1/2942 3799/1/2943 291/1/1267 287/1/1263
f 3799/1/2943 3798/1/2942 288/1/1264 292/1/1268
f 3799/1/2943 3800/1/2944 279/1/570 291/1/1267
f 3800/1/2944 3799/1/2943 292/1/1268 280/1/571
f 3800/1/2944 3801/1/2945 283/1/567 279/1/570
f 3801/1/2945 3800/1/2944 280/1/571 284/1/568
f 3801/1/2945 3798/1/2942 287/1/1263 283/1/567
f 3798/1/2942 3801/1/2945 284/1/568 288/1/1264
f 3802/1/2946 3803/1/2947 1435/1/1969 1423/1/2768
f 3803/1/2947 3802/1/2946 1424/1/2769 1436/1/1970
f 3803/1/2947 3804/1/2948 1431/1/1966 1435/1/1969
f 3804/1/2948 3803/1/2947 1436/1/1970 1432/1/1967
f 3804/1/2948 3805/1/2949 1427/1/2767 1431/1/1966
f 3805/1/2949 3804/1/2948 1432/1/1967 1428/1/2770
f 3805/1/2949 3802/1/2946 1423/1/2768 1427/1/2767
f 3802/1/2946 3805/1/2949 1428/1/2770 1424/1/2769
f 3806/1/2950 3807/1/2951 1451/1/2952 1449/1/230
f 3807/1/2951 3806/1/2950 1450/1/221 1452/1/2953
f 3807/1/2951 3808/1/2954 1453/1/2955 1451/1/2952
f 3808/1/2954 3807/1/2951 1452/1/2953 1454/1/2956
f 3808/1/2954 3806/1/2950 1449/1/230 1453/1/2955
f 3806/1/2950 3808/1/2954 1454/1/2956 1450/1/221
f 3809/1/2957 3810/1/2958 1455/1/2959 1449/1/230
f 3810/1/2958 3809/1/2957 1450/1/221 1456/1/2960
f 3810/1/2958 3811/1/2961 1451/1/2952 1455/1/2959
f 3811/1/2961 3810/1/2958 1456/1/2960 1452/1/2953
f 3811/1/2961 3809/1/2957 1449/1/230 1451/1/2952
f 3809/1/2957 3811/1/2961 1452/1/2953 1450/1/221
f 3812/1/2962 3813/1/2963 1453/1/2955 1449/1/230
f 3813/1/2963 3812/1/2962 1450/1/221 1454/1/2956
f 3813/1/2963 3814/1/2964 1457/1/2965 1453/1/2955
f 3814/1/2964 3813/1/2963 1454/1/2956 1458/1/2966
f 3814/1/2964 3812/1/2962 1449/1/230 1457/1/2965
f 3812/1/2962 3814/1/2964 1458/1/2966 1450/1/221
f 3815/1/2967 3816/1/2968 1459/1/2969 1449/1/230
f 3816/1/2968 3815/1/2967 1450/1/221 1460/1/2970
f 3816/1/2968 3817/1/2971 1455/1/2959 1459/1/2969
f 3817/1/2971 3816/1/2968 1460/1/2970 1456/1/2960
f 3817/1/2971 3815/1/2967 1449/1/230 1455/1/2959
f 3815/1/2967 3817/1/2971 1456/1/2960 1450/1/221
f 3818/1/2972 3819/1/2973 1457/1/2965 1449/1/230
f 3819/1/2973 3818/1/2972 1450/1/221 1458/1/2966
f 3819/1/2973 3820/1/2974 1461/1/2975 1457/1/2965
f 3820/1/2974 3819/1/2973 1458/1/2966 1462/1/2976
f 3820/1/2974 3818/1/2972 1449/1/230 1461/1/2975
f 3818/1/2972 3820/1/2974 1462/1/2976 1450/1/221
f 3821/1/2977 3822/1/2978 1459/1/2969 1463/1/2979
f 3822/1/2978 3821/1/2977 1464/1/2980 1460/1/2970
f 3822/1/2978 3823/1/2981 1449/1/230 1459/1/2969
f 3823/1/2981 3822/1/2978 1460/1/2970 1450/1/221
f 3823/1/2981 3821/1/2977 1463/1/2979 1449/1/230
f 3821/1/2977 3823/1/2981 1450/1/221 1464/1/2980
f 3824/1/2982 3825/1/2983 1461/1/2975 1449/1/230
f 3825/1/2983 3824/1/2982 1450/1/221 1462/1/2976
f 3825/1/2983 3826/1/2984 1465/1/2985 1461/1/2975
f 3826/1/2984 3825/1/2983 1462/1/2976 1466/1/2986
f 3826/1/2984 3824/1/2982 1449/1/230 1465/1/2985
f 3824/1/2982 3826/1/2984 1466/1/2986 1450/1/221
f 3827/1/2987 3828/1/2988 1463/1/2979 1465/1/2985
f 3828/1/2988 3827/1/2987 1466/1/2986 1464/1/2980
f 3828/1/2988 3829/1/2989 1449/1/230 1463/1/2979
f 3829/1/2989 3828/1/2988 1464/1/2980 1450/1/221
f 3829/1/2989 3827/1/2987 1465/1/2985 1449/1/230
f 3827/1/2987 3829/1/2989 1450/1/221 1466/1/2986
f 3830/1/2990 3831/1/2991 1469/1/2992 1467/1/221
f 3831/1/2991 3830/1/2990 1468/1/230 1470/1/2993
f 3831/1/2991 3832/1/2994 1471/1/2995 1469/1/2992
f 3832/1/2994 3831/1/2991 1470/1/2993 1472/1/2996
f 3832/1/2994 3830/1/2990 1467/1/221 1471/1/2995
f 3830/1/2990 3832/1/2994 1472/1/2996 1468/1/230
f 3833/1/2997 3834/1/2998 1469/1/2992 1473/1/2999
f 3834/1/2998 3833/1/2997 1474/1/3000 1470/1/2993
f 3834/1/2998 3835/1/3001 1467/1/221 1469/1/2992
f 3835/1/3001 3834/1/2998 1470/1/2993 1468/1/230
f 3835/1/3001 3833/1/2997 1473/1/2999 1467/1/221
f 3833/1/2997 3835/1/3001 1468/1/230 1474/1/3000
f 3836/1/3002 3837/1/3003 1471/1/2995 1467/1/221
f 3837/1/3003 3836/1/3002 1468/1/230 1472/1/2996
f 3837/1/3003 3838/1/3004 1475/1/3005 1471/1/2995
f 3838/1/3004 3837/1/3003 1472/1/2996 1476/1/3006
f 3838/1/3004 3836/1/3002 1467/1/221 1475/1/3005
f 3836/1/3002 3838/1/3004 1476/1/3006 1468/1/230
f 3839/1/3007 3840/1/3008 1473/1/2999 1477/1/3009
f 3840/1/3008 3839/1/3007 1478/1/3010 1474/1/3000
f 3840/1/3008 3841/1/3011 1467/1/221 1473/1/2999
f 3841/1/3011 3840/1/3008 1474/1/3000 1468/1/230
f 3841/1/3011 3839/1/3007 1477/1/3009 1467/1/221
f 3839/1/3007 3841/1/3011 1468/1/230 1478/1/3010
f 3842/1/3012 3843/1/3013 1479/1/3014 1475/1/3005
f 3843/1/3013 3842/1/3012 1476/1/3006 1480/1/3015
f 3843/1/3013 3844/1/3016 1467/1/221 1479/1/3014
f 3844/1/3016 3843/1/3013 1480/1/3015 1468/1/230
f 3844/1/3016 3842/1/3012 1475/1/3005 1467/1/221
f 3842/1/3012 3844/1/3016 1468/1/230 1476/1/3006
f 3845/1/3017 3846/1/3018 1477/1/3009 1481/1/3019
f 3846/1/3018 3845/1/3017 1482/1/3020 1478/1/3010
f 3846/1/3018 3847/1/3021 1467/1/221 1477/1/3009
f 3847/1/3021 3846/1/3018 1478/1/3010 1468/1/230
f 3847/1/3021 3845/1/3017 1481/1/3019 1467/1/221
f 3845/1/3017 3847/1/3021 1468/1/230 1482/1/3020
f 3848/1/3022 3849/1/3023 1483/1/3024 1479/1/3014
f 3849/1/3023 3848/1/3022 1480/1/3015 1484/1/3025
f 3849/1/3023 3850/1/3026 1467/1/221 1483/1/3024
f 3850/1/3026 3849/1/3023 1484/1/3025 1468/1/230
f 3850/1/3026 3848/1/3022 1479/1/3014 1467/1/221
f 3848/1/3022 3850/1/3026 1468/1/230 1480/1/3015
f 3851/1/3027 3852/1/3028 1481/1/3019 1483/1/3024
f 3852/1/3028 3851/1/3027 1484/1/3025 1482/1/3020
f 3852/1/3028 3853/1/3029 1467/1/221 1481/1/3019
f 3853/1/3029 3852/1/3028 1482/1/3020 1468/1/230
f 3853/1/3029 3851/1/3027 1483/1/3024 1467/1/221
f 3851/1/3027 3853/1/3029 1468/1/230 1484/1/3025
f 3854/1/3030 3855/1/3031 1487/1/3032 1485/1/1806
f 3855/1/3031 3854/1/3030 1486/1/1807 1488/1/3033
f 3855/1/3031 3856/1/3034 1489/1/3035 1487/1/3032
f 3856/1/3034 3855/1/3031 1488/1/3033 1490/1/3036
f 3856/1/3034 3854/1/3030 1485/1/1806 1489/1/3035
f 3854/1/3030 3856/1/3034 1490/1/3036 1486/1/1807
f 3857/1/3037 3858/1/3038 1489/1/3035 1485/1/1806
f 3858/1/3038 3857/1/3037 1486/1/1807 1490/1/3036
f 3858/1/3038 3859/1/3039 1491/1/1809 1489/1/3035
f 3859/1/3039 3858/1/3038 1490/1/3036 1492/1/1810
f 3859/1/3039 3857/1/3037 1485/1/1806 1491/1/1809
f 3857/1/3037 3859/1/3039 1492/1/1810 1486/1/1807
f 3860/1/3040 3861/1/3041 1493/1/3042 1487/1/3032
f 3861/1/3041 3860/1/3040 1488/1/3033 1494/1/3043
f 3861/1/3041 3862/1/3044 1489/1/3035 1493/1/3042
f 3862/1/3044 3861/1/3041 1494/1/3043 1490/1/3036
f 3862/1/3044 3860/1/3040 1487/1/3032 1489/1/3035
f 3860/1/3040 3862/1/3044 1490/1/3036 1488/1/3033
f 3863/1/3045 3864/1/3046 1595/1/3047 1581/1/3048
f 3864/1/3046 3863/1/3045 1582/1/3049 1596/1/3050
f 3864/1/3046 3865/1/3051 1591/1/3052 1595/1/3047
f 3865/1/3051 3864/1/3046 1596/1/3050 1592/1/3053
f 3865/1/3051 3866/1/3054 1587/1/3055 1591/1/3052
f 3866/1/3054 3865/1/3051 1592/1/3053 1588/1/3056
f 3866/1/3054 3863/1/3045 1581/1/3048 1587/1/3055
f 3863/1/3045 3866/1/3054 1588/1/3056 1582/1/3049
f 3867/1/3057 3868/1/3058 1487/1/3032 1493/1/3042
f 3868/1/3058 3867/1/3057 1494/1/3043 1488/1/3033
f 3868/1/3058 3869/1/3059 1497/1/3060 1487/1/3032
f 3869/1/3059 3868/1/3058 1488/1/3033 1498/1/3061
f 3869/1/3059 3867/1/3057 1493/1/3042 1497/1/3060
f 3867/1/3057 3869/1/3059 1498/1/3061 1494/1/3043
f 3870/1/3062 3871/1/3063 1501/1/3064 1497/1/3060
f 3871/1/3063 3870/1/3062 1498/1/3061 1502/1/3065
f 3871/1/3063 3872/1/3066 1493/1/3042 1501/1/3064
f 3872/1/3066 3871/1/3063 1502/1/3065 1494/1/3043
f 3872/1/3066 3870/1/3062 1497/1/3060 1493/1/3042
f 3870/1/3062 3872/1/3066 1494/1/3043 1498/1/3061
f 3873/1/3067 3874/1/3068 1503/1/3069 1495/1/1802
f 3874/1/3068 3873/1/3067 1496/1/1803 1504/1/3070
f 3874/1/3068 3875/1/3071 1499/1/1801 1503/1/3069
f 3875/1/3071 3874/1/3068 1504/1/3070 1500/1/1804
f 3875/1/3071 3873/1/3067 1495/1/1802 1499/1/1801
f 3873/1/3067 3875/1/3071 1500/1/1804 1496/1/1803
f 3876/1/3072 3877/1/3073 1501/1/3064 1493/1/3042
f 3877/1/3073 3876/1/3072 1494/1/3043 1502/1/3065
f 3877/1/3073 3878/1/3074 1505/1/3075 1501/1/3064
f 3878/1/3074 3877/1/3073 1502/1/3065 1506/1/3076
f 3878/1/3074 3876/1/3072 1493/1/3042 1505/1/3075
f 3876/1/3072 3878/1/3074 1506/1/3076 1494/1/3043
f 3879/1/3077 3880/1/3078 1503/1/3069 1499/1/1801
f 3880/1/3078 3879/1/3077 1500/1/1804 1504/1/3070
f 3880/1/3078 3881/1/3079 1507/1/3080 1503/1/3069
f 3881/1/3079 3880/1/3078 1504/1/3070 1508/1/3081
f 3881/1/3079 3879/1/3077 1499/1/1801 1507/1/3080
f 3879/1/3077 3881/1/3079 1508/1/3081 1500/1/1804
f 3882/1/3082 3883/1/3083 1509/1/3084 1501/1/3064
f 3883/1/3083 3882/1/3082 1502/1/3065 1510/1/3085
f 3883/1/3083 3884/1/3086 1505/1/3075 1509/1/3084
f 3884/1/3086 3883/1/3083 1510/1/3085 1506/1/3076
f 3884/1/3086 3882/1/3082 1501/1/3064 1505/1/3075
f 3882/1/3082 3884/1/3086 1506/1/3076 1502/1/3065
f 3885/1/3087 3886/1/3088 1507/1/3080 1511/1/3089
f 3886/1/3088 3885/1/3087 1512/1/3090 1508/1/3081
f 3886/1/3088 3887/1/3091 1503/1/3069 1507/1/3080
f 3887/1/3091 3886/1/3088 1508/1/3081 1504/1/3070
f 3887/1/3091 3885/1/3087 1511/1/3089 1503/1/3069
f 3885/1/3087 3887/1/3091 1504/1/3070 1512/1/3090
f 3888/1/3092 3889/1/3093 1501/1/3064 1509/1/3084
f 3889/1/3093 3888/1/3092 1510/1/3085 1502/1/3065
f 3889/1/3093 3890/1/3094 1513/1/3095 1501/1/3064
f 3890/1/3094 3889/1/3093 1502/1/3065 1514/1/3096
f 3890/1/3094 3888/1/3092 1509/1/3084 1513/1/3095
f 3888/1/3092 3890/1/3094 1514/1/3096 1510/1/3085
f 3891/1/3097 3892/1/3098 1511/1/3089 1507/1/3080
f 3892/1/3098 3891/1/3097 1508/1/3081 1512/1/3090
f 3892/1/3098 3893/1/3099 1515/1/3100 1511/1/3089
f 3893/1/3099 3892/1/3098 1512/1/3090 1516/1/3101
f 3893/1/3099 3891/1/3097 1507/1/3080 1515/1/3100
f 3891/1/3097 3893/1/3099 1516/1/3101 1508/1/3081
f 3894/1/3102 3895/1/3103 1509/1/3084 1517/1/3104
f 3895/1/3103 3894/1/3102 1518/1/3105 1510/1/3085
f 3895/1/3103 3896/1/3106 1513/1/3095 1509/1/3084
f 3896/1/3106 3895/1/3103 1510/1/3085 1514/1/3096
f 3896/1/3106 3894/1/3102 1517/1/3104 1513/1/3095
f 3894/1/3102 3896/1/3106 1514/1/3096 1518/1/3105
f 3897/1/3107 3898/1/3108 1517/1/3104 1509/1/3084
f 3898/1/3108 3897/1/3107 1510/1/3085 1518/1/3105
f 3898/1/3108 3899/1/3109 1519/1/3110 1517/1/3104
f 3899/1/3109 3898/1/3108 1518/1/3105 1520/1/3111
f 3899/1/3109 3897/1/3107 1509/1/3084 1519/1/3110
f 3897/1/3107 3899/1/3109 1520/1/3111 1510/1/3085
f 3900/1/3112 3901/1/3113 1517/1/3104 1519/1/3110
f 3901/1/3113 3900/1/3112 1520/1/3111 1518/1/3105
f 3901/1/3113 3902/1/3114 1521/1/3115 1517/1/3104
f 3902/1/3114 3901/1/3113 1518/1/3105 1522/1/3116
f 3902/1/3114 3900/1/3112 1519/1/3110 1521/1/3115
f 3900/1/3112 3902/1/3114 1522/1/3116 1520/1/3111
f 3903/1/3117 3904/1/3118 1523/1/3119 1511/1/3089
f 3904/1/3118 3903/1/3117 1512/1/3090 1524/1/3120
f 3904/1/3118 3905/1/3121 1515/1/3100 1523/1/3119
f 3905/1/3121 3904/1/3118 1524/1/3120 1516/1/3101
f 3905/1/3121 3903/1/3117 1511/1/3089 1515/1/3100
f 3903/1/3117 3905/1/3121 1516/1/3101 1512/1/3090
f 3906/1/3122 3907/1/3123 1511/1/3089 1523/1/3119
f 3907/1/3123 3906/1/3122 1524/1/3120 1512/1/3090
f 3907/1/3123 3908/1/3124 1525/1/3125 1511/1/3089
f 3908/1/3124 3907/1/3123 1512/1/3090 1526/1/3126
f 3908/1/3124 3906/1/3122 1523/1/3119 1525/1/3125
f 3906/1/3122 3908/1/3124 1526/1/3126 1524/1/3120
f 3909/1/3127 3910/1/3128 1527/1/3129 1525/1/3125
f 3910/1/3128 3909/1/3127 1526/1/3126 1528/1/3130
f 3910/1/3128 3911/1/3131 1523/1/3119 1527/1/3129
f 3911/1/3131 3910/1/3128 1528/1/3130 1524/1/3120
f 3911/1/3131 3909/1/3127 1525/1/3125 1523/1/3119
f 3909/1/3127 3911/1/3131 1524/1/3120 1526/1/3126
f 3912/1/3132 3913/1/3133 1525/1/3125 1527/1/3129
f 3913/1/3133 3912/1/3132 1528/1/3130 1526/1/3126
f 3913/1/3133 3914/1/3134 1529/1/3135 1525/1/3125
f 3914/1/3134 3913/1/3133 1526/1/3126 1530/1/3136
f 3914/1/3134 3912/1/3132 1527/1/3129 1529/1/3135
f 3912/1/3132 3914/1/3134 1530/1/3136 1528/1/3130
f 3915/1/3137 3916/1/3138 1529/1/3135 1527/1/3129
f 3916/1/3138 3915/1/3137 1528/1/3130 1530/1/3136
f 3916/1/3138 3917/1/3139 1531/1/3140 1529/1/3135
f 3917/1/3139 3916/1/3138 1530/1/3136 1532/1/3141
f 3917/1/3139 3915/1/3137 1527/1/3129 1531/1/3140
f 3915/1/3137 3917/1/3139 1532/1/3141 1528/1/3130
f 3918/1/3142 3919/1/3143 1535/1/3144 1533/1/3145
f 3919/1/3143 3918/1/3142 1534/1/3146 1536/1/3147
f 3919/1/3143 3920/1/3148 1537/1/3149 1535/1/3144
f 3920/1/3148 3919/1/3143 1536/1/3147 1538/1/3150
f 3920/1/3148 3918/1/3142 1533/1/3145 1537/1/3149
f 3918/1/3142 3920/1/3148 1538/1/3150 1534/1/3146
f 3921/1/3151 3922/1/3152 1537/1/3149 1539/1/3153
f 3922/1/3152 3921/1/3151 1540/1/3154 1538/1/3150
f 3922/1/3152 3923/1/3155 1535/1/3144 1537/1/3149
f 3923/1/3155 3922/1/3152 1538/1/3150 1536/1/3147
f 3923/1/3155 3921/1/3151 1539/1/3153 1535/1/3144
f 3921/1/3151 3923/1/3155 1536/1/3147 1540/1/3154
f 3924/1/3156 3925/1/3157 1533/1/3145 1541/1/3158
f 3925/1/3157 3924/1/3156 1542/1/3159 1534/1/3146
f 3925/1/3157 3926/1/3160 1537/1/3149 1533/1/3145
f 3926/1/3160 3925/1/3157 1534/1/3146 1538/1/3150
f 3926/1/3160 3924/1/3156 1541/1/3158 1537/1/3149
f 3924/1/3156 3926/1/3160 1538/1/3150 1542/1/3159
f 3927/1/3161 3928/1/3162 1541/1/3158 1533/1/3145
f 3928/1/3162 3927/1/3161 1534/1/3146 1542/1/3159
f 3928/1/3162 3929/1/3163 1545/1/3164 1541/1/3158
f 3929/1/3163 3928/1/3162 1542/1/3159 1546/1/3165
f 3929/1/3163 3927/1/3161 1533/1/3145 1545/1/3164
f 3927/1/3161 3929/1/3163 1546/1/3165 1534/1/3146
f 3930/1/3166 3931/1/3167 1549/1/3168 1541/1/3158
f 3931/1/3167 3930/1/3166 1542/1/3159 1550/1/3169
f 3931/1/3167 3932/1/3170 1545/1/3164 1549/1/3168
f 3932/1/3170 3931/1/3167 1550/1/3169 1546/1/3165
f 3932/1/3170 3930/1/3166 1541/1/3158 1545/1/3164
f 3930/1/3166 3932/1/3170 1546/1/3165 1542/1/3159
f 3933/1/3171 3934/1/3172 1551/1/3173 1547/1/3174
f 3934/1/3172 3933/1/3171 1548/1/3175 1552/1/3176
f 3934/1/3172 3935/1/3177 1543/1/3178 1551/1/3173
f 3935/1/3177 3934/1/3172 1552/1/3176 1544/1/3179
f 3935/1/3177 3933/1/3171 1547/1/3174 1543/1/3178
f 3933/1/3171 3935/1/3177 1544/1/3179 1548/1/3175
f 3936/1/3180 3937/1/3181 1541/1/3158 1549/1/3168
f 3937/1/3181 3936/1/3180 1550/1/3169 1542/1/3159
f 3937/1/3181 3938/1/3182 1553/1/3183 1541/1/3158
f 3938/1/3182 3937/1/3181 1542/1/3159 1554/1/3184
f 3938/1/3182 3936/1/3180 1549/1/3168 1553/1/3183
f 3936/1/3180 3938/1/3182 1554/1/3184 1550/1/3169
f 3939/1/3185 3940/1/3186 1547/1/3174 1551/1/3173
f 3940/1/3186 3939/1/3185 1552/1/3176 1548/1/3175
f 3940/1/3186 3941/1/3187 1555/1/3188 1547/1/3174
f 3941/1/3187 3940/1/3186 1548/1/3175 1556/1/3189
f 3941/1/3187 3939/1/3185 1551/1/3173 1555/1/3188
f 3939/1/3185 3941/1/3187 1556/1/3189 1552/1/3176
f 3942/1/3190 3943/1/3191 1549/1/3168 1557/1/3192
f 3943/1/3191 3942/1/3190 1558/1/3193 1550/1/3169
f 3943/1/3191 3944/1/3194 1553/1/3183 1549/1/3168
f 3944/1/3194 3943/1/3191 1550/1/3169 1554/1/3184
f 3944/1/3194 3942/1/3190 1557/1/3192 1553/1/3183
f 3942/1/3190 3944/1/3194 1554/1/3184 1558/1/3193
f 3945/1/3195 3946/1/3196 1559/1/3197 1555/1/3188
f 3946/1/3196 3945/1/3195 1556/1/3189 1560/1/3198
f 3946/1/3196 3947/1/3199 1551/1/3173 1559/1/3197
f 3947/1/3199 3946/1/3196 1560/1/3198 1552/1/3176
f 3947/1/3199 3945/1/3195 1555/1/3188 1551/1/3173
f 3945/1/3195 3947/1/3199 1552/1/3176 1556/1/3189
f 3948/1/3200 3949/1/3201 1557/1/3192 1549/1/3168
f 3949/1/3201 3948/1/3200 1550/1/3169 1558/1/3193
f 3949/1/3201 3950/1/3202 1561/1/3203 1557/1/3192
f 3950/1/3202 3949/1/3201 1558/1/3193 1562/1/3204
f 3950/1/3202 3948/1/3200 1549/1/3168 1561/1/3203
f 3948/1/3200 3950/1/3202 1562/1/3204 1550/1/3169
f 3951/1/3205 3952/1/3206 1555/1/3188 1559/1/3197
f 3952/1/3206 3951/1/3205 1560/1/3198 1556/1/3189
f 3952/1/3206 3953/1/3207 1563/1/3208 1555/1/3188
f 3953/1/3207 3952/1/3206 1556/1/3189 1564/1/3209
f 3953/1/3207 3951/1/3205 1559/1/3197 1563/1/3208
f 3951/1/3205 3953/1/3207 1564/1/3209 1560/1/3198
f 3954/1/3210 3955/1/3211 1565/1/3212 1557/1/3192
f 3955/1/3211 3954/1/3210 1558/1/3193 1566/1/3213
f 3955/1/3211 3956/1/3214 1561/1/3203 1565/1/3212
f 3956/1/3214 3955/1/3211 1566/1/3213 1562/1/3204
f 3956/1/3214 3954/1/3210 1557/1/3192 1561/1/3203
f 3954/1/3210 3956/1/3214 1562/1/3204 1558/1/3193
f 3957/1/3215 3958/1/3216 1567/1/3217 1557/1/3192
f 3958/1/3216 3957/1/3215 1558/1/3193 1568/1/3218
f 3958/1/3216 3959/1/3219 1565/1/3212 1567/1/3217
f 3959/1/3219 3958/1/3216 1568/1/3218 1566/1/3213
f 3959/1/3219 3957/1/3215 1557/1/3192 1565/1/3212
f 3957/1/3215 3959/1/3219 1566/1/3213 1558/1/3193
f 3960/1/3220 3961/1/3221 1569/1/3222 1567/1/3217
f 3961/1/3221 3960/1/3220 1568/1/3218 1570/1/3223
f 3961/1/3221 3962/1/3224 1565/1/3212 1569/1/3222
f 3962/1/3224 3961/1/3221 1570/1/3223 1566/1/3213
f 3962/1/3224 3960/1/3220 1567/1/3217 1565/1/3212
f 3960/1/3220 3962/1/3224 1566/1/3213 1568/1/3218
f 3963/1/3225 3964/1/3226 1559/1/3197 1571/1/3227
f 3964/1/3226 3963/1/3225 1572/1/3228 1560/1/3198
f 3964/1/3226 3965/1/3229 1563/1/3208 1559/1/3197
f 3965/1/3229 3964/1/3226 1560/1/3198 1564/1/3209
f 3965/1/3229 3963/1/3225 1571/1/3227 1563/1/3208
f 3963/1/3225 3965/1/3229 1564/1/3209 1572/1/3228
f 3966/1/3230 3967/1/3231 1571/1/3227 1559/1/3197
f 3967/1/3231 3966/1/3230 1560/1/3198 1572/1/3228
f 3967/1/3231 3968/1/3232 1573/1/3233 1571/1/3227
f 3968/1/3232 3967/1/3231 1572/1/3228 1574/1/3234
f 3968/1/3232 3966/1/3230 1559/1/3197 1573/1/3233
f 3966/1/3230 3968/1/3232 1574/1/3234 1560/1/3198
f 3969/1/3235 3970/1/3236 1573/1/3233 1575/1/3237
f 3970/1/3236 3969/1/3235 1576/1/3238 1574/1/3234
f 3970/1/3236 3971/1/3239 1571/1/3227 1573/1/3233
f 3971/1/3239 3970/1/3236 1574/1/3234 1572/1/3228
f 3971/1/3239 3969/1/3235 1575/1/3237 1571/1/3227
f 3969/1/3235 3971/1/3239 1572/1/3228 1576/1/3238
f 3972/1/3240 3973/1/3241 1575/1/3237 1573/1/3233
f 3973/1/3241 3972/1/3240 1574/1/3234 1576/1/3238
f 3973/1/3241 3974/1/3242 1577/1/3243 1575/1/3237
f 3974/1/3242 3973/1/3241 1576/1/3238 1578/1/3244
f 3974/1/3242 3972/1/3240 1573/1/3233 1577/1/3243
f 3972/1/3240 3974/1/3242 1578/1/3244 1574/1/3234
f 3975/1/3245 3976/1/3246 1579/1/3247 1575/1/3237
f 3976/1/3246 3975/1/3245 1576/1/3238 1580/1/3248
f 3976/1/3246 3977/1/3249 1577/1/3243 1579/1/3247
f 3977/1/3249 3976/1/3246 1580/1/3248 1578/1/3244
f 3977/1/3249 3975/1/3245 1575/1/3237 1577/1/3243
f 3975/1/3245 3977/1/3249 1578/1/3244 1576/1/3238
f 3978/1/3250 3979/1/3251 1583/1/3252 1581/1/3048
f 3979/1/3251 3978/1/3250 1582/1/3049 1584/1/3253
f 3979/1/3251 3980/1/3254 1585/1/3255 1583/1/3252
f 3980/1/3254 3979/1/3251 1584/1/3253 1586/1/3256
f 3980/1/3254 3978/1/3250 1581/1/3048 1585/1/3255
f 3978/1/3250 3980/1/3254 1586/1/3256 1582/1/3049
f 3981/1/3257 3982/1/3258 1581/1/3048 1583/1/3252
f 3982/1/3258 3981/1/3257 1584/1/3253 1582/1/3049
f 3982/1/3258 3983/1/3259 1587/1/3055 1581/1/3048
f 3983/1/3259 3982/1/3258 1582/1/3049 1588/1/3056
f 3983/1/3259 3981/1/3257 1583/1/3252 1587/1/3055
f 3981/1/3257 3983/1/3259 1588/1/3056 1584/1/3253
f 3984/1/3260 3985/1/3261 1585/1/3255 1589/1/3262
f 3985/1/3261 3984/1/3260 1590/1/3263 1586/1/3256
f 3985/1/3261 3986/1/3264 1583/1/3252 1585/1/3255
f 3986/1/3264 3985/1/3261 1586/1/3256 1584/1/3253
f 3986/1/3264 3984/1/3260 1589/1/3262 1583/1/3252
f 3984/1/3260 3986/1/3264 1584/1/3253 1590/1/3263
f 3987/1/3265 3988/1/3266 1639/1/3267 1635/1/3268
f 3988/1/3266 3987/1/3265 1636/1/3269 1640/1/3270
f 3988/1/3266 3989/1/3271 1633/1/3272 1639/1/3267
f 3989/1/3271 3988/1/3266 1640/1/3270 1634/1/3273
f 3989/1/3271 3990/1/3274 1631/1/3275 1633/1/3272
f 3990/1/3274 3989/1/3271 1634/1/3273 1632/1/3276
f 3990/1/3274 3987/1/3265 1635/1/3268 1631/1/3275
f 3987/1/3265 3990/1/3274 1632/1/3276 1636/1/3269
f 3991/1/3277 3992/1/3278 1589/1/3262 1585/1/3255
f 3992/1/3278 3991/1/3277 1586/1/3256 1590/1/3263
f 3992/1/3278 3993/1/3279 1593/1/3280 1589/1/3262
f 3993/1/3279 3992/1/3278 1590/1/3263 1594/1/3281
f 3993/1/3279 3991/1/3277 1585/1/3255 1593/1/3280
f 3991/1/3277 3993/1/3279 1594/1/3281 1586/1/3256
f 3994/1/3282 3995/1/3283 1593/1/3280 1597/1/3284
f 3995/1/3283 3994/1/3282 1598/1/3285 1594/1/3281
f 3995/1/3283 3996/1/3286 1589/1/3262 1593/1/3280
f 3996/1/3286 3995/1/3283 1594/1/3281 1590/1/3263
f 3996/1/3286 3994/1/3282 1597/1/3284 1589/1/3262
f 3994/1/3282 3996/1/3286 1590/1/3263 1598/1/3285
f 3997/1/3287 3998/1/3288 1595/1/3047 1591/1/3052
f 3998/1/3288 3997/1/3287 1592/1/3053 1596/1/3050
f 3998/1/3288 3999/1/3289 1599/1/3290 1595/1/3047
f 3999/1/3289 3998/1/3288 1596/1/3050 1600/1/3291
f 3999/1/3289 3997/1/3287 1591/1/3052 1599/1/3290
f 3997/1/3287 3999/1/3289 1600/1/3291 1592/1/3053
f 4000/1/3292 4001/1/3293 1601/1/3294 1589/1/3262
f 4001/1/3293 4000/1/3292 1590/1/3263 1602/1/3295
f 4001/1/3293 4002/1/3296 1597/1/3284 1601/1/3294
f 4002/1/3296 4001/1/3293 1602/1/3295 1598/1/3285
f 4002/1/3296 4000/1/3292 1589/1/3262 1597/1/3284
f 4000/1/3292 4002/1/3296 1598/1/3285 1590/1/3263
f 4003/1/3297 4004/1/3298 1603/1/3299 1595/1/3047
f 4004/1/3298 4003/1/3297 1596/1/3050 1604/1/3300
f 4004/1/3298 4005/1/3301 1599/1/3290 1603/1/3299
f 4005/1/3301 4004/1/3298 1604/1/3300 1600/1/3291
f 4005/1/3301 4003/1/3297 1595/1/3047 1599/1/3290
f 4003/1/3297 4005/1/3301 1600/1/3291 1596/1/3050
f 4006/1/3302 4007/1/3303 1597/1/3284 1605/1/3304
f 4007/1/3303 4006/1/3302 1606/1/3305 1598/1/3285
f 4007/1/3303 4008/1/3306 1601/1/3294 1597/1/3284
f 4008/1/3306 4007/1/3303 1598/1/3285 1602/1/3295
f 4008/1/3306 4006/1/3302 1605/1/3304 1601/1/3294
f 4006/1/3302 4008/1/3306 1602/1/3295 1606/1/3305
f 4009/1/3307 4010/1/3308 1599/1/3290 1607/1/3309
f 4010/1/3308 4009/1/3307 1608/1/3310 1600/1/3291
f 4010/1/3308 4011/1/3311 1603/1/3299 1599/1/3290
f 4011/1/3311 4010/1/3308 1600/1/3291 1604/1/3300
f 4011/1/3311 4009/1/3307 1607/1/3309 1603/1/3299
f 4009/1/3307 4011/1/3311 1604/1/3300 1608/1/3310
f 4012/1/3312 4013/1/3313 1605/1/3304 1597/1/3284
f 4013/1/3313 4012/1/3312 1598/1/3285 1606/1/3305
f 4013/1/3313 4014/1/3314 1609/1/3315 1605/1/3304
f 4014/1/3314 4013/1/3313 1606/1/3305 1610/1/3316
f 4014/1/3314 4012/1/3312 1597/1/3284 1609/1/3315
f 4012/1/3312 4014/1/3314 1610/1/3316 1598/1/3285
f 4015/1/3317 4016/1/3318 1603/1/3299 1607/1/3309
f 4016/1/3318 4015/1/3317 1608/1/3310 1604/1/3300
f 4016/1/3318 4017/1/3319 1611/1/3320 1603/1/3299
f 4017/1/3319 4016/1/3318 1604/1/3300 1612/1/3321
f 4017/1/3319 4015/1/3317 1607/1/3309 1611/1/3320
f 4015/1/3317 4017/1/3319 1612/1/3321 1608/1/3310
f 4018/1/3322 4019/1/3323 1613/1/3324 1605/1/3304
f 4019/1/3323 4018/1/3322 1606/1/3305 1614/1/3325
f 4019/1/3323 4020/1/3326 1609/1/3315 1613/1/3324
f 4020/1/3326 4019/1/3323 1614/1/3325 1610/1/3316
f 4020/1/3326 4018/1/3322 1605/1/3304 1609/1/3315
f 4018/1/3322 4020/1/3326 1610/1/3316 1606/1/3305
f 4021/1/3327 4022/1/3328 1615/1/3329 1605/1/3304
f 4022/1/3328 4021/1/3327 1606/1/3305 1616/1/3330
f 4022/1/3328 4023/1/3331 1613/1/3324 1615/1/3329
f 4023/1/3331 4022/1/3328 1616/1/3330 1614/1/3325
f 4023/1/3331 4021/1/3327 1605/1/3304 1613/1/3324
f 4021/1/3327 4023/1/3331 1614/1/3325 1606/1/3305
f 4024/1/3332 4025/1/3333 1617/1/3334 1615/1/3329
f 4025/1/3333 4024/1/3332 1616/1/3330 1618/1/3335
f 4025/1/3333 4026/1/3336 1613/1/3324 1617/1/3334
f 4026/1/3336 4025/1/3333 1618/1/3335 1614/1/3325
f 4026/1/3336 4024/1/3332 1615/1/3329 1613/1/3324
f 4024/1/3332 4026/1/3336 1614/1/3325 1616/1/3330
f 4027/1/3337 4028/1/3338 1607/1/3309 1619/1/3339
f 4028/1/3338 4027/1/3337 1620/1/3340 1608/1/3310
f 4028/1/3338 4029/1/3341 1611/1/3320 1607/1/3309
f 4029/1/3341 4028/1/3338 1608/1/3310 1612/1/3321
f 4029/1/3341 4027/1/3337 1619/1/3339 1611/1/3320
f 4027/1/3337 4029/1/3341 1612/1/3321 1620/1/3340
f 4030/1/3342 4031/1/3343 1619/1/3339 1607/1/3309
f 4031/1/3343 4030/1/3342 1608/1/3310 1620/1/3340
f 4031/1/3343 4032/1/3344 1621/1/3345 1619/1/3339
f 4032/1/3344 4031/1/3343 1620/1/3340 1622/1/3346
f 4032/1/3344 4030/1/3342 1607/1/3309 1621/1/3345
f 4030/1/3342 4032/1/3344 1622/1/3346 1608/1/3310
f 4033/1/3347 4034/1/3348 1621/1/3345 1623/1/3349
f 4034/1/3348 4033/1/3347 1624/1/3350 1622/1/3346
f 4034/1/3348 4035/1/3351 1619/1/3339 1621/1/3345
f 4035/1/3351 4034/1/3348 1622/1/3346 1620/1/3340
f 4035/1/3351 4033/1/3347 1623/1/3349 1619/1/3339
f 4033/1/3347 4035/1/3351 1620/1/3340 1624/1/3350
f 4036/1/3352 4037/1/3353 1623/1/3349 1621/1/3345
f 4037/1/3353 4036/1/3352 1622/1/3346 1624/1/3350
f 4037/1/3353 4038/1/3354 1625/1/3355 1623/1/3349
f 4038/1/3354 4037/1/3353 1624/1/3350 1626/1/3356
f 4038/1/3354 4036/1/3352 1621/1/3345 1625/1/3355
f 4036/1/3352 4038/1/3354 1626/1/3356 1622/1/3346
f 4039/1/3357 4040/1/3358 1627/1/3359 1623/1/3349
f 4040/1/3358 4039/1/3357 1624/1/3350 1628/1/3360
f 4040/1/3358 4041/1/3361 1625/1/3355 1627/1/3359
f 4041/1/3361 4040/1/3358 1628/1/3360 1626/1/3356
f 4041/1/3361 4039/1/3357 1623/1/3349 1625/1/3355
f 4039/1/3357 4041/1/3361 1626/1/3356 1624/1/3350
f 4042/1/3362 4043/1/3363 1631/1/3275 1629/1/3364
f 4043/1/3363 4042/1/3362 1630/1/3365 1632/1/3276
f 4043/1/3363 4044/1/3366 1633/1/3272 1631/1/3275
f 4044/1/3366 4043/1/3363 1632/1/3276 1634/1/3273
f 4044/1/3366 4042/1/3362 1629/1/3364 1633/1/3272
f 4042/1/3362 4044/1/3366 1634/1/3273 1630/1/3365
f 4045/1/3367 4046/1/3368 1547/1/3174 1535/1/3144
f 4046/1/3368 4045/1/3367 1536/1/3147 1548/1/3175
f 4046/1/3368 4047/1/3369 1543/1/3178 1547/1/3174
f 4047/1/3369 4046/1/3368 1548/1/3175 1544/1/3179
f 4047/1/3369 4048/1/3370 1539/1/3153 1543/1/3178
f 4048/1/3370 4047/1/3369 1544/1/3179 1540/1/3154
f 4048/1/3370 4045/1/3367 1535/1/3144 1539/1/3153
f 4045/1/3367 4048/1/3370 1540/1/3154 1536/1/3147
f 4049/1/3371 4050/1/3372 1633/1/3272 1629/1/3364
f 4050/1/3372 4049/1/3371 1630/1/3365 1634/1/3273
f 4050/1/3372 4051/1/3373 1637/1/3374 1633/1/3272
f 4051/1/3373 4050/1/3372 1634/1/3273 1638/1/3375
f 4051/1/3373 4049/1/3371 1629/1/3364 1637/1/3374
f 4049/1/3371 4051/1/3373 1638/1/3375 1630/1/3365
f 4052/1/3376 4053/1/3377 1641/1/3378 1637/1/3374
f 4053/1/3377 4052/1/3376 1638/1/3375 1642/1/3379
f 4053/1/3377 4054/1/3380 1629/1/3364 1641/1/3378
f 4054/1/3380 4053/1/3377 1642/1/3379 1630/1/3365
f 4054/1/3380 4052/1/3376 1637/1/3374 1629/1/3364
f 4052/1/3376 4054/1/3380 1630/1/3365 1638/1/3375
f 4055/1/3381 4056/1/3382 1635/1/3268 1639/1/3267
f 4056/1/3382 4055/1/3381 1640/1/3270 1636/1/3269
f 4056/1/3382 4057/1/3383 1643/1/3384 1635/1/3268
f 4057/1/3383 4056/1/3382 1636/1/3269 1644/1/3385
f 4057/1/3383 4055/1/3381 1639/1/3267 1643/1/3384
f 4055/1/3381 4057/1/3383 1644/1/3385 1640/1/3270
f 4058/1/3386 4059/1/3387 1637/1/3374 1641/1/3378
f 4059/1/3387 4058/1/3386 1642/1/3379 1638/1/3375
f 4059/1/3387 4060/1/3388 1645/1/3389 1637/1/3374
f 4060/1/3388 4059/1/3387 1638/1/3375 1646/1/3390
f 4060/1/3388 4058/1/3386 1641/1/3378 1645/1/3389
f 4058/1/3386 4060/1/3388 1646/1/3390 1642/1/3379
f 4061/1/3391 4062/1/3392 1647/1/3393 1643/1/3384
f 4062/1/3392 4061/1/3391 1644/1/3385 1648/1/3394
f 4062/1/3392 4063/1/3395 1639/1/3267 1647/1/3393
f 4063/1/3395 4062/1/3392 1648/1/3394 1640/1/3270
f 4063/1/3395 4061/1/3391 1643/1/3384 1639/1/3267
f 4061/1/3391 4063/1/3395 1640/1/3270 1644/1/3385
f 4064/1/3396 4065/1/3397 1645/1/3389 1641/1/3378
f 4065/1/3397 4064/1/3396 1642/1/3379 1646/1/3390
f 4065/1/3397 4066/1/3398 1649/1/3399 1645/1/3389
f 4066/1/3398 4065/1/3397 1646/1/3390 1650/1/3400
f 4066/1/3398 4064/1/3396 1641/1/3378 1649/1/3399
f 4064/1/3396 4066/1/3398 1650/1/3400 1642/1/3379
f 4067/1/3401 4068/1/3402 1643/1/3384 1647/1/3393
f 4068/1/3402 4067/1/3401 1648/1/3394 1644/1/3385
f 4068/1/3402 4069/1/3403 1651/1/3404 1643/1/3384
f 4069/1/3403 4068/1/3402 1644/1/3385 1652/1/3405
f 4069/1/3403 4067/1/3401 1647/1/3393 1651/1/3404
f 4067/1/3401 4069/1/3403 1652/1/3405 1648/1/3394
f 4070/1/3406 4071/1/3407 1641/1/3378 1653/1/3408
f 4071/1/3407 4070/1/3406 1654/1/3409 1642/1/3379
f 4071/1/3407 4072/1/3410 1649/1/3399 1641/1/3378
f 4072/1/3410 4071/1/3407 1642/1/3379 1650/1/3400
f 4072/1/3410 4070/1/3406 1653/1/3408 1649/1/3399
f 4070/1/3406 4072/1/3410 1650/1/3400 1654/1/3409
f 4073/1/3411 4074/1/3412 1647/1/3393 1655/1/3413
f 4074/1/3412 4073/1/3411 1656/1/3414 1648/1/3394
f 4074/1/3412 4075/1/3415 1651/1/3404 1647/1/3393
f 4075/1/3415 4074/1/3412 1648/1/3394 1652/1/3405
f 4075/1/3415 4073/1/3411 1655/1/3413 1651/1/3404
f 4073/1/3411 4075/1/3415 1652/1/3405 1656/1/3414
f 4076/1/3416 4077/1/3417 1657/1/3418 1649/1/3399
f 4077/1/3417 4076/1/3416 1650/1/3400 1658/1/3419
f 4077/1/3417 4078/1/3420 1653/1/3408 1657/1/3418
f 4078/1/3420 4077/1/3417 1658/1/3419 1654/1/3409
f 4078/1/3420 4076/1/3416 1649/1/3399 1653/1/3408
f 4076/1/3416 4078/1/3420 1654/1/3409 1650/1/3400
f 4079/1/3421 4080/1/3422 1659/1/3423 1651/1/3404
f 4080/1/3422 4079/1/3421 1652/1/3405 1660/1/3424
f 4080/1/3422 4081/1/3425 1655/1/3413 1659/1/3423
f 4081/1/3425 4080/1/3422 1660/1/3424 1656/1/3414
f 4081/1/3425 4079/1/3421 1651/1/3404 1655/1/3413
f 4079/1/3421 4081/1/3425 1656/1/3414 1652/1/3405
f 4082/1/3426 4083/1/3427 1649/1/3399 1657/1/3418
f 4083/1/3427 4082/1/3426 1658/1/3419 1650/1/3400
f 4083/1/3427 4084/1/3428 1661/1/3429 1649/1/3399
f 4084/1/3428 4083/1/3427 1650/1/3400 1662/1/3430
f 4084/1/3428 4082/1/3426 1657/1/3418 1661/1/3429
f 4082/1/3426 4084/1/3428 1662/1/3430 1658/1/3419
f 4085/1/3431 4086/1/3432 1651/1/3404 1659/1/3423
f 4086/1/3432 4085/1/3431 1660/1/3424 1652/1/3405
f 4086/1/3432 4087/1/3433 1663/1/3434 1651/1/3404
f 4087/1/3433 4086/1/3432 1652/1/3405 1664/1/3435
f 4087/1/3433 4085/1/3431 1659/1/3423 1663/1/3434
f 4085/1/3431 4087/1/3433 1664/1/3435 1660/1/3424
f 4088/1/3436 4089/1/3437 1657/1/3418 1665/1/3438
f 4089/1/3437 4088/1/3436 1666/1/3439 1658/1/3419
f 4089/1/3437 4090/1/3440 1661/1/3429 1657/1/3418
f 4090/1/3440 4089/1/3437 1658/1/3419 1662/1/3430
f 4090/1/3440 4088/1/3436 1665/1/3438 1661/1/3429
f 4088/1/3436 4090/1/3440 1662/1/3430 1666/1/3439
f 4091/1/3441 4092/1/3442 1657/1/3418 1667/1/3443
f 4092/1/3442 4091/1/3441 1668/1/3444 1658/1/3419
f 4092/1/3442 4093/1/3445 1665/1/3438 1657/1/3418
f 4093/1/3445 4092/1/3442 1658/1/3419 1666/1/3439
f 4093/1/3445 4091/1/3441 1667/1/3443 1665/1/3438
f 4091/1/3441 4093/1/3445 1666/1/3439 1668/1/3444
f 4094/1/3446 4095/1/3447 1665/1/3438 1667/1/3443
f 4095/1/3447 4094/1/3446 1668/1/3444 1666/1/3439
f 4095/1/3447 4096/1/3448 1669/1/3449 1665/1/3438
f 4096/1/3448 4095/1/3447 1666/1/3439 1670/1/3450
f 4096/1/3448 4094/1/3446 1667/1/3443 1669/1/3449
f 4094/1/3446 4096/1/3448 1670/1/3450 1668/1/3444
f 4097/1/3451 4098/1/3452 1671/1/3453 1663/1/3434
f 4098/1/3452 4097/1/3451 1664/1/3435 1672/1/3454
f 4098/1/3452 4099/1/3455 1659/1/3423 1671/1/3453
f 4099/1/3455 4098/1/3452 1672/1/3454 1660/1/3424
f 4099/1/3455 4097/1/3451 1663/1/3434 1659/1/3423
f 4097/1/3451 4099/1/3455 1660/1/3424 1664/1/3435
f 4100/1/3456 4101/1/3457 1663/1/3434 1671/1/3453
f 4101/1/3457 4100/1/3456 1672/1/3454 1664/1/3435
f 4101/1/3457 4102/1/3458 1673/1/3459 1663/1/3434
f 4102/1/3458 4101/1/3457 1664/1/3435 1674/1/3460
f 4102/1/3458 4100/1/3456 1671/1/3453 1673/1/3459
f 4100/1/3456 4102/1/3458 1674/1/3460 1672/1/3454
f 4103/1/3461 4104/1/3462 1673/1/3459 1671/1/3453
f 4104/1/3462 4103/1/3461 1672/1/3454 1674/1/3460
f 4104/1/3462 4105/1/3463 1675/1/3464 1673/1/3459
f 4105/1/3463 4104/1/3462 1674/1/3460 1676/1/3465
f 4105/1/3463 4103/1/3461 1671/1/3453 1675/1/3464
f 4103/1/3461 4105/1/3463 1676/1/3465 1672/1/3454
f 4106/1/3466 4107/1/3467 1679/1/3468 1677/1/1395
f 4107/1/3467 4106/1/3466 1678/1/1396 1680/1/3469
f 4107/1/3467 4108/1/3470 1681/1/1388 1679/1/3468
f 4108/1/3470 4107/1/3467 1680/1/3469 1682/1/1389
f 4108/1/3470 4106/1/3466 1677/1/1395 1681/1/1388
f 4106/1/3466 4108/1/3470 1682/1/1389 1678/1/1396
f 4109/1/3471 4110/1/3472 1735/1/3473 1731/1/3474
f 4110/1/3472 4109/1/3471 1732/1/3475 1736/1/3476
f 4110/1/3472 4111/1/3477 1729/1/3478 1735/1/3473
f 4111/1/3477 4110/1/3472 1736/1/3476 1730/1/3479
f 4111/1/3477 4112/1/3480 1727/1/3481 1729/1/3478
f 4112/1/3480 4111/1/3477 1730/1/3479 1728/1/3482
f 4112/1/3480 4109/1/3471 1731/1/3474 1727/1/3481
f 4109/1/3471 4112/1/3480 1728/1/3482 1732/1/3475
f 4113/1/3483 4114/1/3484 1681/1/1388 1685/1/3485
f 4114/1/3484 4113/1/3483 1686/1/3486 1682/1/1389
f 4114/1/3484 4115/1/3487 1679/1/3468 1681/1/1388
f 4115/1/3487 4114/1/3484 1682/1/1389 1680/1/3469
f 4115/1/3487 4113/1/3483 1685/1/3485 1679/1/3468
f 4113/1/3483 4115/1/3487 1680/1/3469 1686/1/3486
f 4116/1/3488 4117/1/3489 1685/1/3485 1689/1/3490
f 4117/1/3489 4116/1/3488 1690/1/3491 1686/1/3486
f 4117/1/3489 4118/1/3492 1679/1/3468 1685/1/3485
f 4118/1/3492 4117/1/3489 1686/1/3486 1680/1/3469
f 4118/1/3492 4116/1/3488 1689/1/3490 1679/1/3468
f 4116/1/3488 4118/1/3492 1680/1/3469 1690/1/3491
f 4119/1/3493 4120/1/3494 1691/1/3495 1687/1/1387
f 4120/1/3494 4119/1/3493 1688/1/1390 1692/1/3496
f 4120/1/3494 4121/1/3497 1683/1/1392 1691/1/3495
f 4121/1/3497 4120/1/3494 1692/1/3496 1684/1/1393
f 4121/1/3497 4119/1/3493 1687/1/1387 1683/1/1392
f 4119/1/3493 4121/1/3497 1684/1/1393 1688/1/1390
f 4122/1/3498 4123/1/3499 1679/1/3468 1689/1/3490
f 4123/1/3499 4122/1/3498 1690/1/3491 1680/1/3469
f 4123/1/3499 4124/1/3500 1693/1/3501 1679/1/3468
f 4124/1/3500 4123/1/3499 1680/1/3469 1694/1/3502
f 4124/1/3500 4122/1/3498 1689/1/3490 1693/1/3501
f 4122/1/3498 4124/1/3500 1694/1/3502 1690/1/3491
f 4125/1/3503 4126/1/3504 1695/1/3505 1687/1/1387
f 4126/1/3504 4125/1/3503 1688/1/1390 1696/1/3506
f 4126/1/3504 4127/1/3507 1691/1/3495 1695/1/3505
f 4127/1/3507 4126/1/3504 1696/1/3506 1692/1/3496
f 4127/1/3507 4125/1/3503 1687/1/1387 1691/1/3495
f 4125/1/3503 4127/1/3507 1692/1/3496 1688/1/1390
f 4128/1/3508 4129/1/3509 2073/1/3510 2071/1/3511
f 4129/1/3509 4128/1/3508 2072/1/3512 2074/1/3513
f 4129/1/3509 4130/1/3514 2069/1/3515 2073/1/3510
f 4130/1/3514 4129/1/3509 2074/1/3513 2070/1/3516
f 4130/1/3514 4131/1/3517 2067/1/3518 2069/1/3515
f 4131/1/3517 4130/1/3514 2070/1/3516 2068/1/3519
f 4131/1/3517 4128/1/3508 2071/1/3511 2067/1/3518
f 4128/1/3508 4131/1/3517 2068/1/3519 2072/1/3512
f 4132/1/3520 4133/1/3521 1691/1/3495 1699/1/3522
f 4133/1/3521 4132/1/3520 1700/1/3523 1692/1/3496
f 4133/1/3521 4134/1/3524 1695/1/3505 1691/1/3495
f 4134/1/3524 4133/1/3521 1692/1/3496 1696/1/3506
f 4134/1/3524 4132/1/3520 1699/1/3522 1695/1/3505
f 4132/1/3520 4134/1/3524 1696/1/3506 1700/1/3523
f 4135/1/3525 4136/1/3526 1699/1/3522 1691/1/3495
f 4136/1/3526 4135/1/3525 1692/1/3496 1700/1/3523
f 4136/1/3526 4137/1/3527 1703/1/3528 1699/1/3522
f 4137/1/3527 4136/1/3526 1700/1/3523 1704/1/3529
f 4137/1/3527 4135/1/3525 1691/1/3495 1703/1/3528
f 4135/1/3525 4137/1/3527 1704/1/3529 1692/1/3496
f 4138/1/3530 4139/1/3531 1159/1/2510 1151/1/2343
f 4139/1/3531 4138/1/3530 1152/1/2346 1160/1/2511
f 4139/1/3531 4140/1/3532 1155/1/2505 1159/1/2510
f 4140/1/3532 4139/1/3531 1160/1/2511 1156/1/2508
f 4140/1/3532 4141/1/3533 1147/1/2348 1155/1/2505
f 4141/1/3533 4140/1/3532 1156/1/2508 1148/1/2349
f 4141/1/3533 4138/1/3530 1151/1/2343 1147/1/2348
f 4138/1/3530 4141/1/3533 1148/1/2349 1152/1/2346
f 4142/1/3534 4143/1/3535 1707/1/3536 1699/1/3522
f 4143/1/3535 4142/1/3534 1700/1/3523 1708/1/3537
f 4143/1/3535 4144/1/3538 1703/1/3528 1707/1/3536
f 4144/1/3538 4143/1/3535 1708/1/3537 1704/1/3529
f 4144/1/3538 4142/1/3534 1699/1/3522 1703/1/3528
f 4142/1/3534 4144/1/3538 1704/1/3529 1700/1/3523
f 4145/1/3539 4146/1/3540 1709/1/3541 1699/1/3522
f 4146/1/3540 4145/1/3539 1700/1/3523 1710/1/3542
f 4146/1/3540 4147/1/3543 1707/1/3536 1709/1/3541
f 4147/1/3543 4146/1/3540 1710/1/3542 1708/1/3537
f 4147/1/3543 4145/1/3539 1699/1/3522 1707/1/3536
f 4145/1/3539 4147/1/3543 1708/1/3537 1700/1/3523
f 4148/1/3544 4149/1/3545 1711/1/3546 1709/1/3541
f 4149/1/3545 4148/1/3544 1710/1/3542 1712/1/3547
f 4149/1/3545 4150/1/3548 1707/1/3536 1711/1/3546
f 4150/1/3548 4149/1/3545 1712/1/3547 1708/1/3537
f 4150/1/3548 4148/1/3544 1709/1/3541 1707/1/3536
f 4148/1/3544 4150/1/3548 1708/1/3537 1710/1/3542
f 4151/1/3549 4152/1/3550 1713/1/3551 1697/1/3552
f 4152/1/3550 4151/1/3549 1698/1/3553 1714/1/3554
f 4152/1/3550 4153/1/3555 1705/1/3556 1713/1/3551
f 4153/1/3555 4152/1/3550 1714/1/3554 1706/1/3557
f 4153/1/3555 4151/1/3549 1697/1/3552 1705/1/3556
f 4151/1/3549 4153/1/3555 1706/1/3557 1698/1/3553
f 4154/1/3558 4155/1/3559 1715/1/3560 1713/1/3551
f 4155/1/3559 4154/1/3558 1714/1/3554 1716/1/3561
f 4155/1/3559 4156/1/3562 1705/1/3556 1715/1/3560
f 4156/1/3562 4155/1/3559 1716/1/3561 1706/1/3557
f 4156/1/3562 4154/1/3558 1713/1/3551 1705/1/3556
f 4154/1/3558 4156/1/3562 1706/1/3557 1714/1/3554
f 4157/1/3563 4158/1/3564 1717/1/3565 1713/1/3551
f 4158/1/3564 4157/1/3563 1714/1/3554 1718/1/3566
f 4158/1/3564 4159/1/3567 1715/1/3560 1717/1/3565
f 4159/1/3567 4158/1/3564 1718/1/3566 1716/1/3561
f 4159/1/3567 4157/1/3563 1713/1/3551 1715/1/3560
f 4157/1/3563 4159/1/3567 1716/1/3561 1714/1/3554
f 4160/1/3568 4161/1/3569 1715/1/3560 1719/1/3570
f 4161/1/3569 4160/1/3568 1720/1/3571 1716/1/3561
f 4161/1/3569 4162/1/3572 1717/1/3565 1715/1/3560
f 4162/1/3572 4161/1/3569 1716/1/3561 1718/1/3566
f 4162/1/3572 4160/1/3568 1719/1/3570 1717/1/3565
f 4160/1/3568 4162/1/3572 1718/1/3566 1720/1/3571
f 4163/1/3573 4164/1/3574 1719/1/3570 1715/1/3560
f 4164/1/3574 4163/1/3573 1716/1/3561 1720/1/3571
f 4164/1/3574 4165/1/3575 1721/1/3576 1719/1/3570
f 4165/1/3575 4164/1/3574 1720/1/3571 1722/1/3577
f 4165/1/3575 4163/1/3573 1715/1/3560 1721/1/3576
f 4163/1/3573 4165/1/3575 1722/1/3577 1716/1/3561
f 4166/1/3578 4167/1/3579 1723/1/3580 1719/1/3570
f 4167/1/3579 4166/1/3578 1720/1/3571 1724/1/3581
f 4167/1/3579 4168/1/3582 1721/1/3576 1723/1/3580
f 4168/1/3582 4167/1/3579 1724/1/3581 1722/1/3577
f 4168/1/3582 4166/1/3578 1719/1/3570 1721/1/3576
f 4166/1/3578 4168/1/3582 1722/1/3577 1720/1/3571
f 4169/1/3583 4170/1/3584 1727/1/3481 1725/1/3585
f 4170/1/3584 4169/1/3583 1726/1/3586 1728/1/3482
f 4170/1/3584 4171/1/3587 1729/1/3478 1727/1/3481
f 4171/1/3587 4170/1/3584 1728/1/3482 1730/1/3479
f 4171/1/3587 4169/1/3583 1725/1/3585 1729/1/3478
f 4169/1/3583 4171/1/3587 1730/1/3479 1726/1/3586
f 4172/1/3588 4173/1/3589 1927/1/3590 1919/1/3591
f 4173/1/3589 4172/1/3588 1920/1/3592 1928/1/3593
f 4173/1/3589 4174/1/3594 1923/1/3595 1927/1/3590
f 4174/1/3594 4173/1/3589 1928/1/3593 1924/1/3596
f 4174/1/3594 4175/1/3597 1921/1/3598 1923/1/3595
f 4175/1/3597 4174/1/3594 1924/1/3596 1922/1/3599
f 4175/1/3597 4172/1/3588 1919/1/3591 1921/1/3598
f 4172/1/3588 4175/1/3597 1922/1/3599 1920/1/3592
f 4176/1/3600 4177/1/3601 1729/1/3478 1725/1/3585
f 4177/1/3601 4176/1/3600 1726/1/3586 1730/1/3479
f 4177/1/3601 4178/1/3602 1733/1/3603 1729/1/3478
f 4178/1/3602 4177/1/3601 1730/1/3479 1734/1/3604
f 4178/1/3602 4176/1/3600 1725/1/3585 1733/1/3603
f 4176/1/3600 4178/1/3602 1734/1/3604 1726/1/3586
f 4179/1/3605 4180/1/3606 1737/1/3607 1733/1/3603
f 4180/1/3606 4179/1/3605 1734/1/3604 1738/1/3608
f 4180/1/3606 4181/1/3609 1725/1/3585 1737/1/3607
f 4181/1/3609 4180/1/3606 1738/1/3608 1726/1/3586
f 4181/1/3609 4179/1/3605 1733/1/3603 1725/1/3585
f 4179/1/3605 4181/1/3609 1726/1/3586 1734/1/3604
f 4182/1/3610 4183/1/3611 1731/1/3474 1735/1/3473
f 4183/1/3611 4182/1/3610 1736/1/3476 1732/1/3475
f 4183/1/3611 4184/1/3612 1739/1/3613 1731/1/3474
f 4184/1/3612 4183/1/3611 1732/1/3475 1740/1/3614
f 4184/1/3612 4182/1/3610 1735/1/3473 1739/1/3613
f 4182/1/3610 4184/1/3612 1740/1/3614 1736/1/3476
f 4185/1/3615 4186/1/3616 1737/1/3607 1725/1/3585
f 4186/1/3616 4185/1/3615 1726/1/3586 1738/1/3608
f 4186/1/3616 4187/1/3617 1741/1/3618 1737/1/3607
f 4187/1/3617 4186/1/3616 1738/1/3608 1742/1/3619
f 4187/1/3617 4185/1/3615 1725/1/3585 1741/1/3618
f 4185/1/3615 4187/1/3617 1742/1/3619 1726/1/3586
f 4188/1/3620 4189/1/3621 1735/1/3473 1743/1/3622
f 4189/1/3621 4188/1/3620 1744/1/3623 1736/1/3476
f 4189/1/3621 4190/1/3624 1739/1/3613 1735/1/3473
f 4190/1/3624 4189/1/3621 1736/1/3476 1740/1/3614
f 4190/1/3624 4188/1/3620 1743/1/3622 1739/1/3613
f 4188/1/3620 4190/1/3624 1740/1/3614 1744/1/3623
f 4191/1/3625 4192/1/3626 1747/1/3627 1739/1/3613
f 4192/1/3626 4191/1/3625 1740/1/3614 1748/1/3628
f 4192/1/3626 4193/1/3629 1743/1/3622 1747/1/3627
f 4193/1/3629 4192/1/3626 1748/1/3628 1744/1/3623
f 4193/1/3629 4191/1/3625 1739/1/3613 1743/1/3622
f 4191/1/3625 4193/1/3629 1744/1/3623 1740/1/3614
f 4194/1/3630 4195/1/3631 1739/1/3613 1747/1/3627
f 4195/1/3631 4194/1/3630 1748/1/3628 1740/1/3614
f 4195/1/3631 4196/1/3632 1751/1/3633 1739/1/3613
f 4196/1/3632 4195/1/3631 1740/1/3614 1752/1/3634
f 4196/1/3632 4194/1/3630 1747/1/3627 1751/1/3633
f 4194/1/3630 4196/1/3632 1752/1/3634 1748/1/3628
f 4197/1/3635 4198/1/3636 1929/1/3637 1941/1/3638
f 4198/1/3636 4197/1/3635 1942/1/3639 1930/1/3640
f 4198/1/3636 4199/1/3641 1933/1/3642 1929/1/3637
f 4199/1/3641 4198/1/3636 1930/1/3640 1934/1/3643
f 4199/1/3641 4200/1/3644 1937/1/3645 1933/1/3642
f 4200/1/3644 4199/1/3641 1934/1/3643 1938/1/3646
f 4200/1/3644 4201/1/3647 1945/1/3648 1937/1/3645
f 4201/1/3647 4200/1/3644 1938/1/3646 1946/1/3649
f 4201/1/3647 4197/1/3635 1941/1/3638 1945/1/3648
f 4197/1/3635 4201/1/3647 1946/1/3649 1942/1/3639
f 4202/1/3650 4203/1/3651 1747/1/3627 1755/1/3652
f 4203/1/3651 4202/1/3650 1756/1/3653 1748/1/3628
f 4203/1/3651 4204/1/3654 1751/1/3633 1747/1/3627
f 4204/1/3654 4203/1/3651 1748/1/3628 1752/1/3634
f 4204/1/3654 4202/1/3650 1755/1/3652 1751/1/3633
f 4202/1/3650 4204/1/3654 1752/1/3634 1756/1/3653
f 4205/1/3655 4206/1/3656 1755/1/3652 1747/1/3627
f 4206/1/3656 4205/1/3655 1748/1/3628 1756/1/3653
f 4206/1/3656 4207/1/3657 1757/1/3658 1755/1/3652
f 4207/1/3657 4206/1/3656 1756/1/3653 1758/1/3659
f 4207/1/3657 4205/1/3655 1747/1/3627 1757/1/3658
f 4205/1/3655 4207/1/3657 1758/1/3659 1748/1/3628
f 4208/1/3660 4209/1/3661 1755/1/3652 1757/1/3658
f 4209/1/3661 4208/1/3660 1758/1/3659 1756/1/3653
f 4209/1/3661 4210/1/3662 1759/1/3663 1755/1/3652
f 4210/1/3662 4209/1/3661 1756/1/3653 1760/1/3664
f 4210/1/3662 4208/1/3660 1757/1/3658 1759/1/3663
f 4208/1/3660 4210/1/3662 1760/1/3664 1758/1/3659
f 4211/1/3665 4212/1/3666 1753/1/3667 1745/1/3668
f 4212/1/3666 4211/1/3665 1746/1/3669 1754/1/3670
f 4212/1/3666 4213/1/3671 1761/1/3672 1753/1/3667
f 4213/1/3671 4212/1/3666 1754/1/3670 1762/1/3673
f 4213/1/3671 4211/1/3665 1745/1/3668 1761/1/3672
f 4211/1/3665 4213/1/3671 1762/1/3673 1746/1/3669
f 4214/1/3674 4215/1/3675 1761/1/3672 1763/1/3676
f 4215/1/3675 4214/1/3674 1764/1/3677 1762/1/3673
f 4215/1/3675 4216/1/3678 1753/1/3667 1761/1/3672
f 4216/1/3678 4215/1/3675 1762/1/3673 1754/1/3670
f 4216/1/3678 4214/1/3674 1763/1/3676 1753/1/3667
f 4214/1/3674 4216/1/3678 1754/1/3670 1764/1/3677
f 4217/1/3679 4218/1/3680 1763/1/3676 1761/1/3672
f 4218/1/3680 4217/1/3679 1762/1/3673 1764/1/3677
f 4218/1/3680 4219/1/3681 1765/1/3682 1763/1/3676
f 4219/1/3681 4218/1/3680 1764/1/3677 1766/1/3683
f 4219/1/3681 4217/1/3679 1761/1/3672 1765/1/3682
f 4217/1/3679 4219/1/3681 1766/1/3683 1762/1/3673
f 4220/1/3684 4221/1/3685 1767/1/3686 1763/1/3676
f 4221/1/3685 4220/1/3684 1764/1/3677 1768/1/3687
f 4221/1/3685 4222/1/3688 1765/1/3682 1767/1/3686
f 4222/1/3688 4221/1/3685 1768/1/3687 1766/1/3683
f 4222/1/3688 4220/1/3684 1763/1/3676 1765/1/3682
f 4220/1/3684 4222/1/3688 1766/1/3683 1764/1/3677
f 4223/1/3689 4224/1/3690 1763/1/3676 1767/1/3686
f 4224/1/3690 4223/1/3689 1768/1/3687 1764/1/3677
f 4224/1/3690 4225/1/3691 1769/1/3692 1763/1/3676
f 4225/1/3691 4224/1/3690 1764/1/3677 1770/1/3693
f 4225/1/3691 4223/1/3689 1767/1/3686 1769/1/3692
f 4223/1/3689 4225/1/3691 1770/1/3693 1768/1/3687
f 4226/1/3694 4227/1/3695 1769/1/3692 1767/1/3686
f 4227/1/3695 4226/1/3694 1768/1/3687 1770/1/3693
f 4227/1/3695 4228/1/3696 1771/1/3697 1769/1/3692
f 4228/1/3696 4227/1/3695 1770/1/3693 1772/1/3698
f 4228/1/3696 4226/1/3694 1767/1/3686 1771/1/3697
f 4226/1/3694 4228/1/3696 1772/1/3698 1768/1/3687
f 4229/1/3699 4230/1/3700 1775/1/3701 1773/1/3702
f 4230/1/3700 4229/1/3699 1774/1/3703 1776/1/3704
f 4230/1/3700 4231/1/3705 1777/1/3706 1775/1/3701
f 4231/1/3705 4230/1/3700 1776/1/3704 1778/1/3707
f 4231/1/3705 4229/1/3699 1773/1/3702 1777/1/3706
f 4229/1/3699 4231/1/3705 1778/1/3707 1774/1/3703
f 4232/1/3708 4233/1/3709 1029/1/2187 1025/1/2179
f 4233/1/3709 4232/1/3708 1026/1/2180 1030/1/2190
f 4233/1/3709 4234/1/3710 1027/1/2188 1029/1/2187
f 4234/1/3710 4233/1/3709 1030/1/2190 1028/1/2189
f 4234/1/3710 4235/1/3711 1023/1/2173 1027/1/2188
f 4235/1/3711 4234/1/3710 1028/1/2189 1024/1/2174
f 4235/1/3711 4232/1/3708 1025/1/2179 1023/1/2173
f 4232/1/3708 4235/1/3711 1024/1/2174 1026/1/2180
f 4236/1/3712 4237/1/3713 697/1/1189 695/1/1192
f 4237/1/3713 4236/1/3712 696/1/1193 698/1/1190
f 4237/1/3713 4238/1/3714 689/1/3715 697/1/1189
f 4238/1/3714 4237/1/3713 698/1/1190 690/1/3716
f 4238/1/3714 4239/1/3717 691/1/3718 689/1/3715
f 4239/1/3717 4238/1/3714 690/1/3716 692/1/3719
f 4239/1/3717 4240/1/3720 693/1/3721 691/1/3718
f 4240/1/3720 4239/1/3717 692/1/3719 694/1/3722
f 4240/1/3720 4236/1/3712 695/1/1192 693/1/3721
f 4236/1/3712 4240/1/3720 694/1/3722 696/1/1193
f 4241/1/3723 4242/1/3724 477/1/763 475/1/766
f 4242/1/3724 4241/1/3723 476/1/767 478/1/764
f 4242/1/3724 4243/1/3725 471/1/1167 477/1/763
f 4243/1/3725 4242/1/3724 478/1/764 472/1/1168
f 4243/1/3725 4244/1/3726 473/1/1164 471/1/1167
f 4244/1/3726 4243/1/3725 472/1/1168 474/1/1165
f 4244/1/3726 4241/1/3723 475/1/766 473/1/1164
f 4241/1/3723 4244/1/3726 474/1/1165 476/1/767
f 4245/1/3727 4246/1/3728 1985/1/3729 1979/1/1067
f 4246/1/3728 4245/1/3727 1980/1/1068 1986/1/3730
f 4246/1/3728 4247/1/3731 1983/1/3732 1985/1/3729
f 4247/1/3731 4246/1/3728 1986/1/3730 1984/1/3733
f 4247/1/3731 4248/1/3734 1981/1/1066 1983/1/3732
f 4248/1/3734 4247/1/3731 1984/1/3733 1982/1/1069
f 4248/1/3734 4245/1/3727 1979/1/1067 1981/1/1066
f 4245/1/3727 4248/1/3734 1982/1/1069 1980/1/1068
f 4249/1/3735 4250/1/3736 1989/1/908 1985/1/3729
f 4250/1/3736 4249/1/3735 1986/1/3730 1990/1/909
f 4250/1/3736 4251/1/3737 1987/1/905 1989/1/908
f 4251/1/3737 4250/1/3736 1990/1/909 1988/1/906
f 4251/1/3737 4252/1/3738 1983/1/3732 1987/1/905
f 4252/1/3738 4251/1/3737 1988/1/906 1984/1/3733
f 4252/1/3738 4249/1/3735 1985/1/3729 1983/1/3732
f 4249/1/3735 4252/1/3738 1984/1/3733 1986/1/3730
f 4253/1/3739 4254/1/3740 317/1/1200 313/1/3741
f 4254/1/3740 4253/1/3739 314/1/3742 318/1/1201
f 4254/1/3740 4255/1/3743 315/1/1197 317/1/1200
f 4255/1/3743 4254/1/3740 318/1/1201 316/1/1198
f 4255/1/3743 4256/1/3744 311/1/3745 315/1/1197
f 4256/1/3744 4255/1/3743 316/1/1198 312/1/3746
f 4256/1/3744 4253/1/3739 313/1/3741 311/1/3745
f 4253/1/3739 4256/1/3744 312/1/3746 314/1/3742
f 4257/1/3747 4258/1/3748 2045/1/810 2043/1/803
f 4258/1/3748 4257/1/3747 2044/1/804 2046/1/811
f 4258/1/3748 4259/1/3749 2039/1/783 2045/1/810
f 4259/1/3749 4258/1/3748 2046/1/811 2040/1/784
f 4259/1/3749 4260/1/3750 2041/1/778 2039/1/783
f 4260/1/3750 4259/1/3749 2040/1/784 2042/1/781
f 4260/1/3750 4257/1/3747 2043/1/803 2041/1/778
f 4257/1/3747 4260/1/3750 2042/1/781 2044/1/804
f 4261/1/3751 4262/1/3752 2001/1/3753 1999/1/3754
f 4262/1/3752 4261/1/3751 2000/1/3755 2002/1/3756
f 4262/1/3752 4263/1/3757 1995/1/3758 2001/1/3753
f 4263/1/3757 4262/1/3752 2002/1/3756 1996/1/3759
f 4263/1/3757 4264/1/3760 1997/1/3761 1995/1/3758
f 4264/1/3760 4263/1/3757 1996/1/3759 1998/1/3762
f 4264/1/3760 4261/1/3751 1999/1/3754 1997/1/3761
f 4261/1/3751 4264/1/3760 1998/1/3762 2000/1/3755
f 4265/1/3763 4266/1/3764 2119/1/3765 2125/1/3766
f 4266/1/3764 4265/1/3763 2126/1/3767 2120/1/3768
f 4266/1/3764 4267/1/3769 2121/1/3770 2119/1/3765
f 4267/1/3769 4266/1/3764 2120/1/3768 2122/1/3771
f 4267/1/3769 4268/1/3772 2123/1/3773 2121/1/3770
f 4268/1/3772 4267/1/3769 2122/1/3771 2124/1/3774
f 4268/1/3772 4265/1/3763 2125/1/3766 2123/1/3773
f 4265/1/3763 4268/1/3772 2124/1/3774 2126/1/3767
f 4269/1/3775 4270/1/3776 1813/1/1294 1815/1/3777
f 4270/1/3776 4269/1/3775 1816/1/3778 1814/1/1297
f 4270/1/3776 4271/1/3779 1811/1/1295 1813/1/1294
f 4271/1/3779 4270/1/3776 1814/1/1297 1812/1/1296
f 4271/1/3779 4269/1/3775 1815/1/3777 1811/1/1295
f 4269/1/3775 4271/1/3779 1812/1/1296 1816/1/3778
f 4272/1/3780 4273/1/3781 1817/1/3782 1811/1/1295
f 4273/1/3781 4272/1/3780 1812/1/1296 1818/1/3783
f 4273/1/3781 4274/1/3784 1815/1/3777 1817/1/3782
f 4274/1/3784 4273/1/3781 1818/1/3783 1816/1/3778
f 4274/1/3784 4272/1/3780 1811/1/1295 1815/1/3777
f 4272/1/3780 4274/1/3784 1816/1/3778 1812/1/1296
f 4275/1/3785 4276/1/3786 1819/1/3787 1817/1/3782
f 4276/1/3786 4275/1/3785 1818/1/3783 1820/1/3788
f 4276/1/3786 4277/1/3789 1815/1/3777 1819/1/3787
f 4277/1/3789 4276/1/3786 1820/1/3788 1816/1/3778
f 4277/1/3789 4275/1/3785 1817/1/3782 1815/1/3777
f 4275/1/3785 4277/1/3789 1816/1/3778 1818/1/3783
f 4278/1/3790 4279/1/3791 1823/1/1217 1821/1/1220
f 4279/1/3791 4278/1/3790 1822/1/1221 1824/1/1218
f 4279/1/3791 4280/1/3792 1825/1/3793 1823/1/1217
f 4280/1/3792 4279/1/3791 1824/1/1218 1826/1/3794
f 4280/1/3792 4278/1/3790 1821/1/1220 1825/1/3793
f 4278/1/3790 4280/1/3792 1826/1/3794 1822/1/1221
f 4281/1/3795 4282/1/3796 2021/1/3797 2017/1/3798
f 4282/1/3796 4281/1/3795 2018/1/3799 2022/1/3800
f 4282/1/3796 4283/1/3801 2019/1/3802 2021/1/3797
f 4283/1/3801 4282/1/3796 2022/1/3800 2020/1/3803
f 4283/1/3801 4284/1/3804 2013/1/3805 2019/1/3802
f 4284/1/3804 4283/1/3801 2020/1/3803 2014/1/3806
f 4284/1/3804 4281/1/3795 2017/1/3798 2013/1/3805
f 4281/1/3795 4284/1/3804 2014/1/3806 2018/1/3799
f 4285/1/3807 4286/1/3808 2025/1/1180 2023/1/1173
f 4286/1/3808 4285/1/3807 2024/1/1174 2026/1/1181
f 4286/1/3808 4287/1/3809 2019/1/3802 2025/1/1180
f 4287/1/3809 4286/1/3808 2026/1/1181 2020/1/3803
f 4287/1/3809 4288/1/3810 2021/1/3797 2019/1/3802
f 4288/1/3810 4287/1/3809 2020/1/3803 2022/1/3800
f 4288/1/3810 4285/1/3807 2023/1/1173 2021/1/3797
f 4285/1/3807 4288/1/3810 2022/1/3800 2024/1/1174
f 4289/1/3811 4290/1/3812 1789/1/1407 1783/1/3813
f 4290/1/3812 4289/1/3811 1784/1/3814 1790/1/1408
f 4290/1/3812 4291/1/3815 1787/1/1404 1789/1/1407
f 4291/1/3815 4290/1/3812 1790/1/1408 1788/1/1405
f 4291/1/3815 4292/1/3816 1785/1/3817 1787/1/1404
f 4292/1/3816 4291/1/3815 1788/1/1405 1786/1/3818
f 4292/1/3816 4289/1/3811 1783/1/3813 1785/1/3817
f 4289/1/3811 4292/1/3816 1786/1/3818 1784/1/3814
f 4293/1/3819 4294/1/3820 2033/1/3821 2031/1/3822
f 4294/1/3820 4293/1/3819 2032/1/3823 2034/1/3824
f 4294/1/3820 4295/1/3825 2027/1/1177 2033/1/3821
f 4295/1/3825 4294/1/3820 2034/1/3824 2028/1/1178
f 4295/1/3825 4296/1/3826 2029/1/1172 2027/1/1177
f 4296/1/3826 4295/1/3825 2028/1/1178 2030/1/1175
f 4296/1/3826 4293/1/3819 2031/1/3822 2029/1/1172
f 4293/1/3819 4296/1/3826 2030/1/1175 2032/1/3823
f 4297/1/3827 4298/1/3828 2037/1/786 2035/1/779
f 4298/1/3828 4297/1/3827 2036/1/780 2038/1/787
f 4298/1/3828 4299/1/3829 2033/1/3821 2037/1/786
f 4299/1/3829 4298/1/3828 2038/1/787 2034/1/3824
f 4299/1/3829 4300/1/3830 2031/1/3822 2033/1/3821
f 4300/1/3830 4299/1/3829 2034/1/3824 2032/1/3823
f 4300/1/3830 4297/1/3827 2035/1/779 2031/1/3822
f 4297/1/3827 4300/1/3830 2032/1/3823 2036/1/780
f 4301/1/3831 4302/1/3832 537/1/1111 531/1/893
f 4302/1/3832 4301/1/3831 532/1/894 538/1/1112
f 4302/1/3832 4303/1/3833 535/1/1106 537/1/1111
f 4303/1/3833 4302/1/3832 538/1/1112 536/1/1109
f 4303/1/3833 4304/1/3834 533/1/892 535/1/1106
f 4304/1/3834 4303/1/3833 536/1/1109 534/1/895
f 4304/1/3834 4301/1/3831 531/1/893 533/1/892
f 4301/1/3831 4304/1/3834 534/1/895 532/1/894
f 4305/1/3835 4306/1/3836 1805/1/3837 1803/1/3838
f 4306/1/3836 4305/1/3835 1804/1/3839 1806/1/3840
f 4306/1/3836 4307/1/3841 1799/1/3842 1805/1/3837
f 4307/1/3841 4306/1/3836 1806/1/3840 1800/1/3843
f 4307/1/3841 4308/1/3844 1801/1/3845 1799/1/3842
f 4308/1/3844 4307/1/3841 1800/1/3843 1802/1/3846
f 4308/1/3844 4305/1/3835 1803/1/3838 1801/1/3845
f 4305/1/3835 4308/1/3844 1802/1/3846 1804/1/3839
f 4309/1/3847 4310/1/3848 497/1/822 495/1/815
f 4310/1/3848 4309/1/3847 496/1/816 498/1/823
f 4310/1/3848 4311/1/3849 491/1/795 497/1/822
f 4311/1/3849 4310/1/3848 498/1/823 492/1/796
f 4311/1/3849 4312/1/3850 493/1/790 491/1/795
f 4312/1/3850 4311/1/3849 492/1/796 494/1/793
f 4312/1/3850 4309/1/3847 495/1/815 493/1/790
f 4309/1/3847 4312/1/3850 494/1/793 496/1/816
f 4313/1/3851 4314/1/3852 705/1/1314 703/1/1307
f 4314/1/3852 4313/1/3851 704/1/1308 706/1/1315
f 4314/1/3852 4315/1/3853 699/1/1184 705/1/1314
f 4315/1/3853 4314/1/3852 706/1/1315 700/1/1187
f 4315/1/3853 4316/1/3854 701/1/1185 699/1/1184
f 4316/1/3854 4315/1/3853 700/1/1187 702/1/1186
f 4316/1/3854 4313/1/3851 703/1/1307 701/1/1185
f 4313/1/3851 4316/1/3854 702/1/1186 704/1/1308
f 4317/1/3855 4318/1/3856 1861/1/1236 1859/1/1241
f 4318/1/3856 4317/1/3855 1860/1/1242 1862/1/1239
f 4318/1/3856 4319/1/3857 1863/1/3858 1861/1/1236
f 4319/1/3857 4318/1/3856 1862/1/1239 1864/1/3859
f 4319/1/3857 4317/1/3855 1859/1/1241 1863/1/3858
f 4317/1/3855 4319/1/3857 1864/1/3859 1860/1/1242
f 4320/1/3860 4321/1/3861 1859/1/1241 1865/1/3862
f 4321/1/3861 4320/1/3860 1866/1/3863 1860/1/1242
f 4321/1/3861 4322/1/3864 1863/1/3858 1859/1/1241
f 4322/1/3864 4321/1/3861 1860/1/1242 1864/1/3859
f 4322/1/3864 4320/1/3860 1865/1/3862 1863/1/3858
f 4320/1/3860 4322/1/3864 1864/1/3859 1866/1/3863
f 4323/1/3865 4324/1/3866 1863/1/3858 1865/1/3862
f 4324/1/3866 4323/1/3865 1866/1/3863 1864/1/3859
f 4324/1/3866 4325/1/3867 1867/1/3868 1863/1/3858
f 4325/1/3867 4324/1/3866 1864/1/3859 1868/1/3869
f 4325/1/3867 4323/1/3865 1865/1/3862 1867/1/3868
f 4323/1/3865 4325/1/3867 1868/1/3869 1866/1/3863
f 4326/1/3870 4327/1/3871 1871/1/3872 1869/1/3873
f 4327/1/3871 4326/1/3870 1870/1/3874 1872/1/3875
f 4327/1/3871 4328/1/3876 1873/1/3877 1871/1/3872
f 4328/1/3876 4327/1/3871 1872/1/3875 1874/1/3878
f 4328/1/3876 4326/1/3870 1869/1/3873 1873/1/3877
f 4326/1/3870 4328/1/3876 1874/1/3878 1870/1/3874
f 4329/1/3879 4330/1/3880 1873/1/3877 1875/1/3881
f 4330/1/3880 4329/1/3879 1876/1/3882 1874/1/3878
f 4330/1/3880 4331/1/3883 1871/1/3872 1873/1/3877
f 4331/1/3883 4330/1/3880 1874/1/3878 1872/1/3875
f 4331/1/3883 4329/1/3879 1875/1/3881 1871/1/3872
f 4329/1/3879 4331/1/3883 1872/1/3875 1876/1/3882
f 4332/1/3884 4333/1/3885 1873/1/3877 1869/1/3873
f 4333/1/3885 4332/1/3884 1870/1/3874 1874/1/3878
f 4333/1/3885 4334/1/3886 1877/1/3887 1873/1/3877
f 4334/1/3886 4333/1/3885 1874/1/3878 1878/1/3888
f 4334/1/3886 4332/1/3884 1869/1/3873 1877/1/3887
f 4332/1/3884 4334/1/3886 1878/1/3888 1870/1/3874
f 4335/1/3889 4336/1/3890 1875/1/3881 1873/1/3877
f 4336/1/3890 4335/1/3889 1874/1/3878 1876/1/3882
f 4336/1/3890 4337/1/3891 1879/1/3892 1875/1/3881
f 4337/1/3891 4336/1/3890 1876/1/3882 1880/1/3893
f 4337/1/3891 4335/1/3889 1873/1/3877 1879/1/3892
f 4335/1/3889 4337/1/3891 1880/1/3893 1874/1/3878
f 4338/1/3894 4339/1/3895 1749/1/3896 1737/1/3607
f 4339/1/3895 4338/1/3894 1738/1/3608 1750/1/3897
f 4339/1/3895 4340/1/3898 1753/1/3667 1749/1/3896
f 4340/1/3898 4339/1/3895 1750/1/3897 1754/1/3670
f 4340/1/3898 4341/1/3899 1745/1/3668 1753/1/3667
f 4341/1/3899 4340/1/3898 1754/1/3670 1746/1/3669
f 4341/1/3899 4342/1/3900 1741/1/3618 1745/1/3668
f 4342/1/3900 4341/1/3899 1746/1/3669 1742/1/3619
f 4342/1/3900 4338/1/3894 1737/1/3607 1741/1/3618
f 4338/1/3894 4342/1/3900 1742/1/3619 1738/1/3608
f 4343/1/3901 4344/1/3902 1885/1/3903 1889/1/3904
f 4344/1/3902 4343/1/3901 1890/1/3905 1886/1/3906
f 4344/1/3902 4345/1/3907 1881/1/3908 1885/1/3903
f 4345/1/3907 4344/1/3902 1886/1/3906 1882/1/3909
f 4345/1/3907 4343/1/3901 1889/1/3904 1881/1/3908
f 4343/1/3901 4345/1/3907 1882/1/3909 1890/1/3905
f 4346/1/3910 4347/1/3911 1689/1/3490 1701/1/3912
f 4347/1/3911 4346/1/3910 1702/1/3913 1690/1/3491
f 4347/1/3911 4348/1/3914 1693/1/3501 1689/1/3490
f 4348/1/3914 4347/1/3911 1690/1/3491 1694/1/3502
f 4348/1/3914 4349/1/3915 1697/1/3552 1693/1/3501
f 4349/1/3915 4348/1/3914 1694/1/3502 1698/1/3553
f 4349/1/3915 4350/1/3916 1705/1/3556 1697/1/3552
f 4350/1/3916 4349/1/3915 1698/1/3553 1706/1/3557
f 4350/1/3916 4346/1/3910 1701/1/3912 1705/1/3556
f 4346/1/3910 4350/1/3916 1706/1/3557 1702/1/3913
f 4351/1/3917 4352/1/3918 1889/1/3904 1885/1/3903
f 4352/1/3918 4351/1/3917 1886/1/3906 1890/1/3905
f 4352/1/3918 4353/1/3919 1893/1/3920 1889/1/3904
f 4353/1/3919 4352/1/3918 1890/1/3905 1894/1/3921
f 4353/1/3919 4351/1/3917 1885/1/3903 1893/1/3920
f 4351/1/3917 4353/1/3919 1894/1/3921 1886/1/3906
f 4354/1/3922 4355/1/3923 1883/1/3924 1895/1/3925
f 4355/1/3923 4354/1/3922 1896/1/3926 1884/1/3927
f 4355/1/3923 4356/1/3928 1891/1/3929 1883/1/3924
f 4356/1/3928 4355/1/3923 1884/1/3927 1892/1/3930
f 4356/1/3928 4354/1/3922 1895/1/3925 1891/1/3929
f 4354/1/3922 4356/1/3928 1892/1/3930 1896/1/3926
f 4357/1/3931 4358/1/3932 1897/1/3933 1889/1/3904
f 4358/1/3932 4357/1/3931 1890/1/3905 1898/1/3934
f 4358/1/3932 4359/1/3935 1893/1/3920 1897/1/3933
f 4359/1/3935 4358/1/3932 1898/1/3934 1894/1/3921
f 4359/1/3935 4357/1/3931 1889/1/3904 1893/1/3920
f 4357/1/3931 4359/1/3935 1894/1/3921 1890/1/3905
f 4360/1/3936 4361/1/3937 1899/1/3938 1891/1/3929
f 4361/1/3937 4360/1/3936 1892/1/3930 1900/1/3939
f 4361/1/3937 4362/1/3940 1895/1/3925 1899/1/3938
f 4362/1/3940 4361/1/3937 1900/1/3939 1896/1/3926
f 4362/1/3940 4360/1/3936 1891/1/3929 1895/1/3925
f 4360/1/3936 4362/1/3940 1896/1/3926 1892/1/3930
f 4363/1/3941 4364/1/3942 1889/1/3904 1897/1/3933
f 4364/1/3942 4363/1/3941 1898/1/3934 1890/1/3905
f 4364/1/3942 4365/1/3943 1901/1/3944 1889/1/3904
f 4365/1/3943 4364/1/3942 1890/1/3905 1902/1/3945
f 4365/1/3943 4363/1/3941 1897/1/3933 1901/1/3944
f 4363/1/3941 4365/1/3943 1902/1/3945 1898/1/3934
f 4366/1/3946 4367/1/3947 1895/1/3925 1903/1/3948
f 4367/1/3947 4366/1/3946 1904/1/3949 1896/1/3926
f 4367/1/3947 4368/1/3950 1899/1/3938 1895/1/3925
f 4368/1/3950 4367/1/3947 1896/1/3926 1900/1/3939
f 4368/1/3950 4366/1/3946 1903/1/3948 1899/1/3938
f 4366/1/3946 4368/1/3950 1900/1/3939 1904/1/3949
f 4369/1/3951 4370/1/3952 1905/1/3953 1901/1/3944
f 4370/1/3952 4369/1/3951 1902/1/3945 1906/1/3954
f 4370/1/3952 4371/1/3955 1897/1/3933 1905/1/3953
f 4371/1/3955 4370/1/3952 1906/1/3954 1898/1/3934
f 4371/1/3955 4369/1/3951 1901/1/3944 1897/1/3933
f 4369/1/3951 4371/1/3955 1898/1/3934 1902/1/3945
f 4372/1/3956 4373/1/3957 1897/1/3933 1907/1/3958
f 4373/1/3957 4372/1/3956 1908/1/3959 1898/1/3934
f 4373/1/3957 4374/1/3960 1905/1/3953 1897/1/3933
f 4374/1/3960 4373/1/3957 1898/1/3934 1906/1/3954
f 4374/1/3960 4372/1/3956 1907/1/3958 1905/1/3953
f 4372/1/3956 4374/1/3960 1906/1/3954 1908/1/3959
f 4375/1/3961 4376/1/3962 1905/1/3953 1907/1/3958
f 4376/1/3962 4375/1/3961 1908/1/3959 1906/1/3954
f 4376/1/3962 4377/1/3963 1909/1/3964 1905/1/3953
f 4377/1/3963 4376/1/3962 1906/1/3954 1910/1/3965
f 4377/1/3963 4375/1/3961 1907/1/3958 1909/1/3964
f 4375/1/3961 4377/1/3963 1910/1/3965 1908/1/3959
f 4378/1/3966 4379/1/3967 1911/1/3968 1899/1/3938
f 4379/1/3967 4378/1/3966 1900/1/3939 1912/1/3969
f 4379/1/3967 4380/1/3970 1903/1/3948 1911/1/3968
f 4380/1/3970 4379/1/3967 1912/1/3969 1904/1/3949
f 4380/1/3970 4378/1/3966 1899/1/3938 1903/1/3948
f 4378/1/3966 4380/1/3970 1904/1/3949 1900/1/3939
f 4381/1/3971 4382/1/3972 1899/1/3938 1911/1/3968
f 4382/1/3972 4381/1/3971 1912/1/3969 1900/1/3939
f 4382/1/3972 4383/1/3973 1913/1/3974 1899/1/3938
f 4383/1/3973 4382/1/3972 1900/1/3939 1914/1/3975
f 4383/1/3973 4381/1/3971 1911/1/3968 1913/1/3974
f 4381/1/3971 4383/1/3973 1914/1/3975 1912/1/3969
f 4384/1/3976 4385/1/3977 1913/1/3974 1911/1/3968
f 4385/1/3977 4384/1/3976 1912/1/3969 1914/1/3975
f 4385/1/3977 4386/1/3978 1915/1/3979 1913/1/3974
f 4386/1/3978 4385/1/3977 1914/1/3975 1916/1/3980
f 4386/1/3978 4384/1/3976 1911/1/3968 1915/1/3979
f 4384/1/3976 4386/1/3978 1916/1/3980 1912/1/3969
f 4387/1/3981 4388/1/3982 1919/1/3591 1917/1/3983
f 4388/1/3982 4387/1/3981 1918/1/3984 1920/1/3592
f 4388/1/3982 4389/1/3985 1921/1/3598 1919/1/3591
f 4389/1/3985 4388/1/3982 1920/1/3592 1922/1/3599
f 4389/1/3985 4387/1/3981 1917/1/3983 1921/1/3598
f 4387/1/3981 4389/1/3985 1922/1/3599 1918/1/3984
f 4390/1/3986 4391/1/3987 1869/1/3873 1885/1/3903
f 4391/1/3987 4390/1/3986 1886/1/3906 1870/1/3874
f 4391/1/3987 4392/1/3988 1877/1/3887 1869/1/3873
f 4392/1/3988 4391/1/3987 1870/1/3874 1878/1/3888
f 4392/1/3988 4393/1/3989 1881/1/3908 1877/1/3887
f 4393/1/3989 4392/1/3988 1878/1/3888 1882/1/3909
f 4393/1/3989 4390/1/3986 1885/1/3903 1881/1/3908
f 4390/1/3986 4393/1/3989 1882/1/3909 1886/1/3906
f 4394/1/3990 4395/1/3991 1917/1/3983 1919/1/3591
f 4395/1/3991 4394/1/3990 1920/1/3592 1918/1/3984
f 4395/1/3991 4396/1/3992 1925/1/3993 1917/1/3983
f 4396/1/3992 4395/1/3991 1918/1/3984 1926/1/3994
f 4396/1/3992 4394/1/3990 1919/1/3591 1925/1/3993
f 4394/1/3990 4396/1/3992 1926/1/3994 1920/1/3592
f 4397/1/3995 4398/1/3996 1929/1/3637 1917/1/3983
f 4398/1/3996 4397/1/3995 1918/1/3984 1930/1/3640
f 4398/1/3996 4399/1/3997 1925/1/3993 1929/1/3637
f 4399/1/3997 4398/1/3996 1930/1/3640 1926/1/3994
f 4399/1/3997 4397/1/3995 1917/1/3983 1925/1/3993
f 4397/1/3995 4399/1/3997 1926/1/3994 1918/1/3984
f 4400/1/3998 4401/1/3999 1931/1/4000 1927/1/3590
f 4401/1/3999 4400/1/3998 1928/1/3593 1932/1/4001
f 4401/1/3999 4402/1/4002 1923/1/3595 1931/1/4000
f 4402/1/4002 4401/1/3999 1932/1/4001 1924/1/3596
f 4402/1/4002 4400/1/3998 1927/1/3590 1923/1/3595
f 4400/1/3998 4402/1/4002 1924/1/3596 1928/1/3593
f 4403/1/4003 4404/1/4004 1933/1/3642 1917/1/3983
f 4404/1/4004 4403/1/4003 1918/1/3984 1934/1/3643
f 4404/1/4004 4405/1/4005 1929/1/3637 1933/1/3642
f 4405/1/4005 4404/1/4004 1934/1/3643 1930/1/3640
f 4405/1/4005 4403/1/4003 1917/1/3983 1929/1/3637
f 4403/1/4003 4405/1/4005 1930/1/3640 1918/1/3984
f 4406/1/4006 4407/1/4007 1931/1/4000 1935/1/4008
f 4407/1/4007 4406/1/4006 1936/1/4009 1932/1/4001
f 4407/1/4007 4408/1/4010 1927/1/3590 1931/1/4000
f 4408/1/4010 4407/1/4007 1932/1/4001 1928/1/3593
f 4408/1/4010 4406/1/4006 1935/1/4008 1927/1/3590
f 4406/1/4006 4408/1/4010 1928/1/3593 1936/1/4009
f 4409/1/4011 4410/1/4012 1931/1/4000 1939/1/4013
f 4410/1/4012 4409/1/4011 1940/1/4014 1932/1/4001
f 4410/1/4012 4411/1/4015 1935/1/4008 1931/1/4000
f 4411/1/4015 4410/1/4012 1932/1/4001 1936/1/4009
f 4411/1/4015 4409/1/4011 1939/1/4013 1935/1/4008
f 4409/1/4011 4411/1/4015 1936/1/4009 1940/1/4014
f 4412/1/4016 4413/1/4017 1939/1/4013 1931/1/4000
f 4413/1/4017 4412/1/4016 1932/1/4001 1940/1/4014
f 4413/1/4017 4414/1/4018 1943/1/4019 1939/1/4013
f 4414/1/4018 4413/1/4017 1940/1/4014 1944/1/4020
f 4414/1/4018 4412/1/4016 1931/1/4000 1943/1/4019
f 4412/1/4016 4414/1/4018 1944/1/4020 1932/1/4001
f 4415/1/4021 4416/1/4022 1887/1/4023 1875/1/3881
f 4416/1/4022 4415/1/4021 1876/1/3882 1888/1/4024
f 4416/1/4022 4417/1/4025 1891/1/3929 1887/1/4023
f 4417/1/4025 4416/1/4022 1888/1/4024 1892/1/3930
f 4417/1/4025 4418/1/4026 1883/1/3924 1891/1/3929
f 4418/1/4026 4417/1/4025 1892/1/3930 1884/1/3927
f 4418/1/4026 4419/1/4027 1879/1/3892 1883/1/3924
f 4419/1/4027 4418/1/4026 1884/1/3927 1880/1/3893
f 4419/1/4027 4415/1/4021 1875/1/3881 1879/1/3892
f 4415/1/4021 4419/1/4027 1880/1/3893 1876/1/3882
f 4420/1/4028 4421/1/4029 1947/1/4030 1939/1/4013
f 4421/1/4029 4420/1/4028 1940/1/4014 1948/1/4031
f 4421/1/4029 4422/1/4032 1943/1/4019 1947/1/4030
f 4422/1/4032 4421/1/4029 1948/1/4031 1944/1/4020
f 4422/1/4032 4420/1/4028 1939/1/4013 1943/1/4019
f 4420/1/4028 4422/1/4032 1944/1/4020 1940/1/4014
f 4423/1/4033 4424/1/4034 1939/1/4013 1947/1/4030
f 4424/1/4034 4423/1/4033 1948/1/4031 1940/1/4014
f 4424/1/4034 4425/1/4035 1949/1/4036 1939/1/4013
f 4425/1/4035 4424/1/4034 1940/1/4014 1950/1/4037
f 4425/1/4035 4423/1/4033 1947/1/4030 1949/1/4036
f 4423/1/4033 4425/1/4035 1950/1/4037 1948/1/4031
f 4426/1/4038 4427/1/4039 1951/1/4040 1949/1/4036
f 4427/1/4039 4426/1/4038 1950/1/4037 1952/1/4041
f 4427/1/4039 4428/1/4042 1947/1/4030 1951/1/4040
f 4428/1/4042 4427/1/4039 1952/1/4041 1948/1/4031
f 4428/1/4042 4426/1/4038 1949/1/4036 1947/1/4030
f 4426/1/4038 4428/1/4042 1948/1/4031 1950/1/4037
f 4429/1/4043 4430/1/4044 1937/1/3645 1945/1/3648
f 4430/1/4044 4429/1/4043 1946/1/3649 1938/1/3646
f 4430/1/4044 4431/1/4045 1953/1/4046 1937/1/3645
f 4431/1/4045 4430/1/4044 1938/1/3646 1954/1/4047
f 4431/1/4045 4429/1/4043 1945/1/3648 1953/1/4046
f 4429/1/4043 4431/1/4045 1954/1/4047 1946/1/3649
f 4432/1/4048 4433/1/4049 1945/1/3648 1955/1/4050
f 4433/1/4049 4432/1/4048 1956/1/4051 1946/1/3649
f 4433/1/4049 4434/1/4052 1953/1/4046 1945/1/3648
f 4434/1/4052 4433/1/4049 1946/1/3649 1954/1/4047
f 4434/1/4052 4432/1/4048 1955/1/4050 1953/1/4046
f 4432/1/4048 4434/1/4052 1954/1/4047 1956/1/4051
f 4435/1/4053 4436/1/4054 1957/1/4055 1953/1/4046
f 4436/1/4054 4435/1/4053 1954/1/4047 1958/1/4056
f 4436/1/4054 4437/1/4057 1955/1/4050 1957/1/4055
f 4437/1/4057 4436/1/4054 1958/1/4056 1956/1/4051
f 4437/1/4057 4435/1/4053 1953/1/4046 1955/1/4050
f 4435/1/4053 4437/1/4057 1956/1/4051 1954/1/4047
f 4438/1/4058 4439/1/4059 1955/1/4050 1959/1/4060
f 4439/1/4059 4438/1/4058 1960/1/4061 1956/1/4051
f 4439/1/4059 4440/1/4062 1957/1/4055 1955/1/4050
f 4440/1/4062 4439/1/4059 1956/1/4051 1958/1/4056
f 4440/1/4062 4438/1/4058 1959/1/4060 1957/1/4055
f 4438/1/4058 4440/1/4062 1958/1/4056 1960/1/4061
f 4441/1/4063 4442/1/4064 1959/1/4060 1955/1/4050
f 4442/1/4064 4441/1/4063 1956/1/4051 1960/1/4061
f 4442/1/4064 4443/1/4065 1961/1/4066 1959/1/4060
f 4443/1/4065 4442/1/4064 1960/1/4061 1962/1/4067
f 4443/1/4065 4441/1/4063 1955/1/4050 1961/1/4066
f 4441/1/4063 4443/1/4065 1962/1/4067 1956/1/4051
f 4444/1/4068 4445/1/4069 1963/1/4070 1959/1/4060
f 4445/1/4069 4444/1/4068 1960/1/4061 1964/1/4071
f 4445/1/4069 4446/1/4072 1961/1/4066 1963/1/4070
f 4446/1/4072 4445/1/4069 1964/1/4071 1962/1/4067
f 4446/1/4072 4444/1/4068 1959/1/4060 1961/1/4066
f 4444/1/4068 4446/1/4072 1962/1/4067 1960/1/4061
f 4447/1/4073 4448/1/4074 1967/1/4075 1965/1/4076
f 4448/1/4074 4447/1/4073 1966/1/4077 1968/1/4078
f 4448/1/4074 4449/1/4079 1969/1/4080 1967/1/4075
f 4449/1/4079 4448/1/4074 1968/1/4078 1970/1/4081
f 4449/1/4079 4447/1/4073 1965/1/4076 1969/1/4080
f 4447/1/4073 4449/1/4079 1970/1/4081 1966/1/4077
f 4450/1/4082 4451/1/4083 1781/1/4084 1777/1/3706
f 4451/1/4083 4450/1/4082 1778/1/3707 1782/1/4085
f 4451/1/4083 4452/1/4086 1779/1/4087 1781/1/4084
f 4452/1/4086 4451/1/4083 1782/1/4085 1780/1/4088
f 4452/1/4086 4453/1/4089 1773/1/3702 1779/1/4087
f 4453/1/4089 4452/1/4086 1780/1/4088 1774/1/3703
f 4453/1/4089 4450/1/4082 1777/1/3706 1773/1/3702
f 4450/1/4082 4453/1/4089 1774/1/3703 1778/1/3707
f 4454/1/4090 4455/1/4091 1785/1/3817 1783/1/3813
f 4455/1/4091 4454/1/4090 1784/1/3814 1786/1/3818
f 4455/1/4091 4456/1/4092 1779/1/4087 1785/1/3817
f 4456/1/4092 4455/1/4091 1786/1/3818 1780/1/4088
f 4456/1/4092 4457/1/4093 1781/1/4084 1779/1/4087
f 4457/1/4093 4456/1/4092 1780/1/4088 1782/1/4085
f 4457/1/4093 4454/1/4090 1783/1/3813 1781/1/4084
f 4454/1/4090 4457/1/4093 1782/1/4085 1784/1/3814
f 4458/1/4094 4459/1/4095 313/1/3741 307/1/865
f 4459/1/4095 4458/1/4094 308/1/866 314/1/3742
f 4459/1/4095 4460/1/4096 311/1/3745 313/1/3741
f 4460/1/4096 4459/1/4095 314/1/3742 312/1/3746
f 4460/1/4096 4461/1/4097 309/1/864 311/1/3745
f 4461/1/4097 4460/1/4096 312/1/3746 310/1/867
f 4461/1/4097 4458/1/4094 307/1/865 309/1/864
f 4458/1/4094 4461/1/4097 310/1/867 308/1/866
f 4462/1/4098 4463/1/4099 1841/1/4100 1835/1/880
f 4463/1/4099 4462/1/4098 1836/1/881 1842/1/4101
f 4463/1/4099 4464/1/4102 1839/1/4103 1841/1/4100
f 4464/1/4102 4463/1/4099 1842/1/4101 1840/1/4104
f 4464/1/4102 4465/1/4105 1837/1/873 1839/1/4103
f 4465/1/4105 4464/1/4102 1840/1/4104 1838/1/874
f 4465/1/4105 4462/1/4098 1835/1/880 1837/1/873
f 4462/1/4098 4465/1/4105 1838/1/874 1836/1/881
f 4466/1/4106 4467/1/4107 1845/1/4108 1841/1/4100
f 4467/1/4107 4466/1/4106 1842/1/4101 1846/1/4109
f 4467/1/4107 4468/1/4110 1843/1/4111 1845/1/4108
f 4468/1/4110 4467/1/4107 1846/1/4109 1844/1/4112
f 4468/1/4110 4469/1/4113 1839/1/4103 1843/1/4111
f 4469/1/4113 4468/1/4110 1844/1/4112 1840/1/4104
f 4469/1/4113 4466/1/4106 1841/1/4100 1839/1/4103
f 4466/1/4106 4469/1/4113 1840/1/4104 1842/1/4101
f 4470/1/4114 4471/1/4115 1801/1/3845 1795/1/4116
f 4471/1/4115 4470/1/4114 1796/1/4117 1802/1/3846
f 4471/1/4115 4472/1/4118 1799/1/3842 1801/1/3845
f 4472/1/4118 4471/1/4115 1802/1/3846 1800/1/3843
f 4472/1/4118 4473/1/4119 1797/1/4120 1799/1/3842
f 4473/1/4119 4472/1/4118 1800/1/3843 1798/1/4121
f 4473/1/4119 4470/1/4114 1795/1/4116 1797/1/4120
f 4470/1/4114 4473/1/4119 1798/1/4121 1796/1/4117
f 4474/1/4122 4475/1/4123 375/1/1229 377/1/1232
f 4475/1/4123 4474/1/4122 378/1/1233 376/1/1230
f 4475/1/4123 4476/1/4124 373/1/1204 375/1/1229
f 4476/1/4124 4475/1/4123 376/1/1230 374/1/1207
f 4476/1/4124 4477/1/4125 371/1/1205 373/1/1204
f 4477/1/4125 4476/1/4124 374/1/1207 372/1/1206
f 4477/1/4125 4474/1/4122 377/1/1232 371/1/1205
f 4474/1/4122 4477/1/4125 372/1/1206 378/1/1233
f 4478/1/4126 4479/1/4127 545/1/936 539/1/1114
f 4479/1/4127 4478/1/4126 540/1/1115 546/1/937
f 4479/1/4127 4480/1/4128 543/1/933 545/1/936
f 4480/1/4128 4479/1/4127 546/1/937 544/1/934
f 4480/1/4128 4481/1/4129 541/1/1107 543/1/933
f 4481/1/4129 4480/1/4128 544/1/934 542/1/1108
f 4481/1/4129 4478/1/4126 539/1/1114 541/1/1107
f 4478/1/4126 4481/1/4129 542/1/1108 540/1/1115
f 4482/1/4130 4483/1/4131 385/1/945 379/1/1225
f 4483/1/4131 4482/1/4130 380/1/1226 386/1/946
f 4483/1/4131 4484/1/4132 383/1/940 385/1/945
f 4484/1/4132 4483/1/4131 386/1/946 384/1/943
f 4484/1/4132 4485/1/4133 381/1/1224 383/1/940
f 4485/1/4133 4484/1/4132 384/1/943 382/1/1227
f 4485/1/4133 4482/1/4130 379/1/1225 381/1/1224
f 4482/1/4130 4485/1/4133 382/1/1227 380/1/1226
f 4486/1/4134 4487/1/4135 2007/1/4136 2005/1/4137
f 4487/1/4135 4486/1/4134 2006/1/4138 2008/1/4139
f 4487/1/4135 4488/1/4140 2003/1/4141 2007/1/4136
f 4488/1/4140 4487/1/4135 2008/1/4139 2004/1/4142
f 4488/1/4140 4486/1/4134 2005/1/4137 2003/1/4141
f 4486/1/4134 4488/1/4140 2004/1/4142 2006/1/4138
f 4489/1/4143 4490/1/4144 2007/1/4136 2003/1/4141
f 4490/1/4144 4489/1/4143 2004/1/4142 2008/1/4139
f 4490/1/4144 4491/1/4145 2009/1/4146 2007/1/4136
f 4491/1/4145 4490/1/4144 2008/1/4139 2010/1/4147
f 4491/1/4145 4489/1/4143 2003/1/4141 2009/1/4146
f 4489/1/4143 4491/1/4145 2010/1/4147 2004/1/4142
f 4492/1/4148 4493/1/4149 2007/1/4136 2009/1/4146
f 4493/1/4149 4492/1/4148 2010/1/4147 2008/1/4139
f 4493/1/4149 4494/1/4150 2011/1/4151 2007/1/4136
f 4494/1/4150 4493/1/4149 2008/1/4139 2012/1/4152
f 4494/1/4150 4492/1/4148 2009/1/4146 2011/1/4151
f 4492/1/4148 4494/1/4150 2012/1/4152 2010/1/4147
f 4495/1/4153 4496/1/4154 2015/1/4155 2013/1/3805
f 4496/1/4154 4495/1/4153 2014/1/3806 2016/1/4156
f 4496/1/4154 4497/1/4157 2017/1/3798 2015/1/4155
f 4497/1/4157 4496/1/4154 2016/1/4156 2018/1/3799
f 4497/1/4157 4495/1/4153 2013/1/3805 2017/1/3798
f 4495/1/4153 4497/1/4157 2018/1/3799 2014/1/3806
f 4498/1/4158 4499/1/4159 1973/1/4160 1971/1/4161
f 4499/1/4159 4498/1/4158 1972/1/4162 1974/1/4163
f 4499/1/4159 4500/1/4164 1967/1/4075 1973/1/4160
f 4500/1/4164 4499/1/4159 1974/1/4163 1968/1/4078
f 4500/1/4164 4501/1/4165 1965/1/4076 1967/1/4075
f 4501/1/4165 4500/1/4164 1968/1/4078 1966/1/4077
f 4501/1/4165 4498/1/4158 1971/1/4161 1965/1/4076
f 4498/1/4158 4501/1/4165 1966/1/4077 1972/1/4162
f 4502/1/4166 4503/1/4167 1977/1/1074 1971/1/4161
f 4503/1/4167 4502/1/4166 1972/1/4162 1978/1/1075
f 4503/1/4167 4504/1/4168 1975/1/1071 1977/1/1074
f 4504/1/4168 4503/1/4167 1978/1/1075 1976/1/1072
f 4504/1/4168 4505/1/4169 1973/1/4160 1975/1/1071
f 4505/1/4169 4504/1/4168 1976/1/1072 1974/1/4163
f 4505/1/4169 4502/1/4166 1971/1/4161 1973/1/4160
f 4502/1/4166 4505/1/4169 1974/1/4163 1972/1/4162
f 4506/1/4170 4507/1/4171 613/1/1378 607/1/1588
f 4507/1/4171 4506/1/4170 608/1/1589 614/1/1381
f 4507/1/4171 4508/1/4172 611/1/1379 613/1/1378
f 4508/1/4172 4507/1/4171 614/1/1381 612/1/1380
f 4508/1/4172 4509/1/4173 609/1/1587 611/1/1379
f 4509/1/4173 4508/1/4172 612/1/1380 610/1/1590
f 4509/1/4173 4506/1/4170 607/1/1588 609/1/1587
f 4506/1/4170 4509/1/4173 610/1/1590 608/1/1589
f 4510/1/4174 4511/1/4175 369/1/1212 363/1/1079
f 4511/1/4175 4510/1/4174 364/1/1080 370/1/1213
f 4511/1/4175 4512/1/4176 367/1/1209 369/1/1212
f 4512/1/4176 4511/1/4175 370/1/1213 368/1/1210
f 4512/1/4176 4513/1/4177 365/1/1078 367/1/1209
f 4513/1/4177 4512/1/4176 368/1/1210 366/1/1081
f 4513/1/4177 4510/1/4174 363/1/1079 365/1/1078
f 4510/1/4174 4513/1/4177 366/1/1081 364/1/1080
f 4514/1/4178 4515/1/4179 1849/1/1483 1847/1/1476
f 4515/1/4179 4514/1/4178 1848/1/1477 1850/1/1484
f 4515/1/4179 4516/1/4180 1843/1/4111 1849/1/1483
f 4516/1/4180 4515/1/4179 1850/1/1484 1844/1/4112
f 4516/1/4180 4517/1/4181 1845/1/4108 1843/1/4111
f 4517/1/4181 4516/1/4180 1844/1/4112 1846/1/4109
f 4517/1/4181 4514/1/4178 1847/1/1476 1845/1/4108
f 4514/1/4178 4517/1/4181 1846/1/4109 1848/1/1477
f 4518/1/4182 4519/1/4183 1997/1/3761 1991/1/901
f 4519/1/4183 4518/1/4182 1992/1/902 1998/1/3762
f 4519/1/4183 4520/1/4184 1995/1/3758 1997/1/3761
f 4520/1/4184 4519/1/4183 1998/1/3762 1996/1/3759
f 4520/1/4184 4521/1/4185 1993/1/900 1995/1/3758
f 4521/1/4185 4520/1/4184 1996/1/3759 1994/1/903
f 4521/1/4185 4518/1/4182 1991/1/901 1993/1/900
f 4518/1/4182 4521/1/4185 1994/1/903 1992/1/902
f 4522/1/4186 4523/1/4187 1809/1/1302 1803/1/3838
f 4523/1/4187 4522/1/4186 1804/1/3839 1810/1/1303
f 4523/1/4187 4524/1/4188 1807/1/1299 1809/1/1302
f 4524/1/4188 4523/1/4187 1810/1/1303 1808/1/1300
f 4524/1/4188 4525/1/4189 1805/1/3837 1807/1/1299
f 4525/1/4189 4524/1/4188 1808/1/1300 1806/1/3840
f 4525/1/4189 4522/1/4186 1803/1/3838 1805/1/3837
f 4522/1/4186 4525/1/4189 1806/1/3840 1804/1/3839
f 4526/1/4190 4527/1/4191 2005/1/4137 1999/1/3754
f 4527/1/4191 4526/1/4190 2000/1/3755 2006/1/4138
f 4527/1/4191 4528/1/4192 2003/1/4141 2005/1/4137
f 4528/1/4192 4527/1/4191 2006/1/4138 2004/1/4142
f 4528/1/4192 4529/1/4193 2001/1/3753 2003/1/4141
f 4529/1/4193 4528/1/4192 2004/1/4142 2002/1/3756
f 4529/1/4193 4526/1/4190 1999/1/3754 2001/1/3753
f 4526/1/4190 4529/1/4193 2002/1/3756 2000/1/3755
f 4530/1/4194 4531/1/4195 2053/1/1126 2055/1/4196
f 4531/1/4195 4530/1/4194 2056/1/4197 2054/1/1129
f 4531/1/4195 4532/1/4198 2051/1/1127 2053/1/1126
f 4532/1/4198 4531/1/4195 2054/1/1129 2052/1/1128
f 4532/1/4198 4530/1/4194 2055/1/4196 2051/1/1127
f 4530/1/4194 4532/1/4198 2052/1/1128 2056/1/4197
f 4533/1/4199 4534/1/4200 2055/1/4196 2057/1/4201
f 4534/1/4200 4533/1/4199 2058/1/4202 2056/1/4197
f 4534/1/4200 4535/1/4203 2051/1/1127 2055/1/4196
f 4535/1/4203 4534/1/4200 2056/1/4197 2052/1/1128
f 4535/1/4203 4533/1/4199 2057/1/4201 2051/1/1127
f 4533/1/4199 4535/1/4203 2052/1/1128 2058/1/4202
f 4536/1/4204 4537/1/4205 2059/1/4206 2057/1/4201
f 4537/1/4205 4536/1/4204 2058/1/4202 2060/1/4207
f 4537/1/4205 4538/1/4208 2055/1/4196 2059/1/4206
f 4538/1/4208 4537/1/4205 2060/1/4207 2056/1/4197
f 4538/1/4208 4536/1/4204 2057/1/4201 2055/1/4196
f 4536/1/4204 4538/1/4208 2056/1/4197 2058/1/4202
f 4539/1/4209 4540/1/4210 2063/1/4211 2061/1/4212
f 4540/1/4210 4539/1/4209 2062/1/4213 2064/1/4214
f 4540/1/4210 4541/1/4215 2065/1/4216 2063/1/4211
f 4541/1/4215 4540/1/4210 2064/1/4214 2066/1/4217
f 4541/1/4215 4539/1/4209 2061/1/4212 2065/1/4216
f 4539/1/4209 4541/1/4215 2066/1/4217 2062/1/4213
f 4542/1/4218 4543/1/4219 2061/1/4212 2067/1/3518
f 4543/1/4219 4542/1/4218 2068/1/3519 2062/1/4213
f 4543/1/4219 4544/1/4220 2065/1/4216 2061/1/4212
f 4544/1/4220 4543/1/4219 2062/1/4213 2066/1/4217
f 4544/1/4220 4542/1/4218 2067/1/3518 2065/1/4216
f 4542/1/4218 4544/1/4220 2066/1/4217 2068/1/3519
f 4545/1/4221 4546/1/4222 2067/1/3518 2061/1/4212
f 4546/1/4222 4545/1/4221 2062/1/4213 2068/1/3519
f 4546/1/4222 4547/1/4223 2069/1/3515 2067/1/3518
f 4547/1/4223 4546/1/4222 2068/1/3519 2070/1/3516
f 4547/1/4223 4545/1/4221 2061/1/4212 2069/1/3515
f 4545/1/4221 4547/1/4223 2070/1/3516 2062/1/4213
f 4548/1/4224 4549/1/4225 2217/1/4226 2215/1/4227
f 4549/1/4225 4548/1/4224 2216/1/4228 2218/1/4229
f 4549/1/4225 4550/1/4230 2213/1/4231 2217/1/4226
f 4550/1/4230 4549/1/4225 2218/1/4229 2214/1/4232
f 4550/1/4230 4551/1/4233 2211/1/4234 2213/1/4231
f 4551/1/4233 4550/1/4230 2214/1/4232 2212/1/4235
f 4551/1/4233 4548/1/4224 2215/1/4227 2211/1/4234
f 4548/1/4224 4551/1/4233 2212/1/4235 2216/1/4228
f 4552/1/4236 4553/1/4237 2173/1/4238 2171/1/4239
f 4553/1/4237 4552/1/4236 2172/1/4240 2174/1/4241
f 4553/1/4237 4554/1/4242 2167/1/4243 2173/1/4238
f 4554/1/4242 4553/1/4237 2174/1/4241 2168/1/4244
f 4554/1/4242 4555/1/4245 2169/1/4246 2167/1/4243
f 4555/1/4245 4554/1/4242 2168/1/4244 2170/1/4247
f 4555/1/4245 4552/1/4236 2171/1/4239 2169/1/4246
f 4552/1/4236 4555/1/4245 2170/1/4247 2172/1/4240
f 4556/1/4248 4557/1/4249 2129/1/1326 2127/1/1319
f 4557/1/4249 4556/1/4248 2128/1/1320 2130/1/1327
f 4557/1/4249 4558/1/4250 2125/1/3766 2129/1/1326
f 4558/1/4250 4557/1/4249 2130/1/1327 2126/1/3767
f 4558/1/4250 4559/1/4251 2123/1/3773 2125/1/3766
f 4559/1/4251 4558/1/4250 2126/1/3767 2124/1/3774
f 4559/1/4251 4556/1/4248 2127/1/1319 2123/1/3773
f 4556/1/4248 4559/1/4251 2124/1/3774 2128/1/1320
f 4560/1/4252 4561/1/4253 593/1/1579 591/1/1572
f 4561/1/4253 4560/1/4252 592/1/1573 594/1/1580
f 4561/1/4253 4562/1/4254 589/1/4255 593/1/1579
f 4562/1/4254 4561/1/4253 594/1/1580 590/1/4256
f 4562/1/4254 4563/1/4257 587/1/4258 589/1/4255
f 4563/1/4257 4562/1/4254 590/1/4256 588/1/4259
f 4563/1/4257 4560/1/4252 591/1/1572 587/1/4258
f 4560/1/4252 4563/1/4257 588/1/4259 592/1/1573
f 4564/1/4260 4565/1/4261 2137/1/1954 2135/1/1947
f 4565/1/4261 4564/1/4260 2136/1/1948 2138/1/1955
f 4565/1/4261 4566/1/4262 2131/1/1323 2137/1/1954
f 4566/1/4262 4565/1/4261 2138/1/1955 2132/1/1324
f 4566/1/4262 4567/1/4263 2133/1/1318 2131/1/1323
f 4567/1/4263 4566/1/4262 2132/1/1324 2134/1/1321
f 4567/1/4263 4564/1/4260 2135/1/1947 2133/1/1318
f 4564/1/4260 4567/1/4263 2134/1/1321 2136/1/1948
f 4568/1/4264 4569/1/4265 807/1/4266 805/1/4267
f 4569/1/4265 4568/1/4264 806/1/4268 808/1/4269
f 4569/1/4265 4570/1/4270 801/1/4271 807/1/4266
f 4570/1/4270 4569/1/4265 808/1/4269 802/1/4272
f 4570/1/4270 4571/1/4273 803/1/4274 801/1/4271
f 4571/1/4273 4570/1/4270 802/1/4272 804/1/4275
f 4571/1/4273 4568/1/4264 805/1/4267 803/1/4274
f 4568/1/4264 4571/1/4273 804/1/4275 806/1/4268
f 4572/1/4276 4573/1/4277 2145/1/4278 2141/1/1946
f 4573/1/4277 4572/1/4276 2142/1/1949 2146/1/4279
f 4573/1/4277 4574/1/4280 2143/1/4281 2145/1/4278
f 4574/1/4280 4573/1/4277 2146/1/4279 2144/1/4282
f 4574/1/4280 4575/1/4283 2139/1/1951 2143/1/4281
f 4575/1/4283 4574/1/4280 2144/1/4282 2140/1/1952
f 4575/1/4283 4572/1/4276 2141/1/1946 2139/1/1951
f 4572/1/4276 4575/1/4283 2140/1/1952 2142/1/1949
f 4576/1/4284 4577/1/4285 1797/1/4120 1795/1/4116
f 4577/1/4285 4576/1/4284 1796/1/4117 1798/1/4121
f 4577/1/4285 4578/1/4286 1793/1/1399 1797/1/4120
f 4578/1/4286 4577/1/4285 1798/1/4121 1794/1/1402
f 4578/1/4286 4579/1/4287 1791/1/1400 1793/1/1399
f 4579/1/4287 4578/1/4286 1794/1/1402 1792/1/1401
f 4579/1/4287 4576/1/4284 1795/1/4116 1791/1/1400
f 4576/1/4284 4579/1/4287 1792/1/1401 1796/1/4117
f 4580/1/4288 4581/1/4289 2099/1/4290 2103/1/4291
f 4581/1/4289 4580/1/4288 2104/1/4292 2100/1/4293
f 4581/1/4289 4582/1/4294 2101/1/4295 2099/1/4290
f 4582/1/4294 4581/1/4289 2100/1/4293 2102/1/4296
f 4582/1/4294 4580/1/4288 2103/1/4291 2101/1/4295
f 4580/1/4288 4582/1/4294 2102/1/4296 2104/1/4292
f 4583/1/4297 4584/1/4298 2105/1/4299 2101/1/4295
f 4584/1/4298 4583/1/4297 2102/1/4296 2106/1/4300
f 4584/1/4298 4585/1/4301 2103/1/4291 2105/1/4299
f 4585/1/4301 4584/1/4298 2106/1/4300 2104/1/4292
f 4585/1/4301 4583/1/4297 2101/1/4295 2103/1/4291
f 4583/1/4297 4585/1/4301 2104/1/4292 2102/1/4296
f 4586/1/4302 4587/1/4303 2107/1/4304 2105/1/4299
f 4587/1/4303 4586/1/4302 2106/1/4300 2108/1/4305
f 4587/1/4303 4588/1/4306 2103/1/4291 2107/1/4304
f 4588/1/4306 4587/1/4303 2108/1/4305 2104/1/4292
f 4588/1/4306 4586/1/4302 2105/1/4299 2103/1/4291
f 4586/1/4302 4588/1/4306 2104/1/4292 2106/1/4300
f 4589/1/4307 4590/1/4308 2111/1/4309 2109/1/4310
f 4590/1/4308 4589/1/4307 2110/1/4311 2112/1/4312
f 4590/1/4308 4591/1/4313 2113/1/4314 2111/1/4309
f 4591/1/4313 4590/1/4308 2112/1/4312 2114/1/4315
f 4591/1/4313 4589/1/4307 2109/1/4310 2113/1/4314
f 4589/1/4307 4591/1/4313 2114/1/4315 2110/1/4311
f 4592/1/4316 4593/1/4317 2115/1/4318 2109/1/4310
f 4593/1/4317 4592/1/4316 2110/1/4311 2116/1/4319
f 4593/1/4317 4594/1/4320 2111/1/4309 2115/1/4318
f 4594/1/4320 4593/1/4317 2116/1/4319 2112/1/4312
f 4594/1/4320 4592/1/4316 2109/1/4310 2111/1/4309
f 4592/1/4316 4594/1/4320 2112/1/4312 2110/1/4311
f 4595/1/4321 4596/1/4322 2109/1/4310 2115/1/4318
f 4596/1/4322 4595/1/4321 2116/1/4319 2110/1/4311
f 4596/1/4322 4597/1/4323 2117/1/4324 2109/1/4310
f 4597/1/4323 4596/1/4322 2110/1/4311 2118/1/4325
f 4597/1/4323 4595/1/4321 2115/1/4318 2117/1/4324
f 4595/1/4321 4597/1/4323 2118/1/4325 2116/1/4319
f 4598/1/4326 4599/1/4327 1195/1/2258 1187/1/2554
f 4599/1/4327 4598/1/4326 1188/1/2555 1196/1/2259
f 4599/1/4327 4600/1/4328 1191/1/2265 1195/1/2258
f 4600/1/4328 4599/1/4327 1196/1/2259 1192/1/2266
f 4600/1/4328 4601/1/4329 1183/1/2543 1191/1/2265
f 4601/1/4329 4600/1/4328 1192/1/2266 1184/1/2544
f 4601/1/4329 4598/1/4326 1187/1/2554 1183/1/2543
f 4598/1/4326 4601/1/4329 1184/1/2544 1188/1/2555
f 4602/1/4330 4603/1/4331 2221/1/288 2215/1/4227
f 4603/1/4331 4602/1/4330 2216/1/4228 2222/1/289
f 4603/1/4331 4604/1/4332 2219/1/295 2221/1/288
f 4604/1/4332 4603/1/4331 2222/1/289 2220/1/296
f 4604/1/4332 4605/1/4333 2217/1/4226 2219/1/295
f 4605/1/4333 4604/1/4332 2220/1/296 2218/1/4229
f 4605/1/4333 4602/1/4330 2215/1/4227 2217/1/4226
f 4602/1/4330 4605/1/4333 2218/1/4229 2216/1/4228
f 4606/1/4334 4607/1/4335 583/1/1542 589/1/4255
f 4607/1/4335 4606/1/4334 590/1/4256 584/1/1543
f 4607/1/4335 4608/1/4336 585/1/1539 583/1/1542
f 4608/1/4336 4607/1/4335 584/1/1543 586/1/1540
f 4608/1/4336 4609/1/4337 587/1/4258 585/1/1539
f 4609/1/4337 4608/1/4336 586/1/1540 588/1/4259
f 4609/1/4337 4606/1/4334 589/1/4255 587/1/4258
f 4606/1/4334 4609/1/4337 588/1/4259 590/1/4256
f 4610/1/4338 4611/1/4339 713/1/4340 709/1/1306
f 4611/1/4339 4610/1/4338 710/1/1309 714/1/4341
f 4611/1/4339 4612/1/4342 711/1/4343 713/1/4340
f 4612/1/4342 4611/1/4339 714/1/4341 712/1/4344
f 4612/1/4342 4613/1/4345 707/1/1311 711/1/4343
f 4613/1/4345 4612/1/4342 712/1/4344 708/1/1312
f 4613/1/4345 4610/1/4338 709/1/1306 707/1/1311
f 4610/1/4338 4613/1/4345 708/1/1312 710/1/1309
f 4614/1/4346 4615/1/4347 2185/1/101 2183/1/94
f 4615/1/4347 4614/1/4346 2184/1/95 2186/1/102
f 4615/1/4347 4616/1/4348 2179/1/1436 2185/1/101
f 4616/1/4348 4615/1/4347 2186/1/102 2180/1/1437
f 4616/1/4348 4617/1/4349 2181/1/1431 2179/1/1436
f 4617/1/4349 4616/1/4348 2180/1/1437 2182/1/1434
f 4617/1/4349 4614/1/4346 2183/1/94 2181/1/1431
f 4614/1/4346 4617/1/4349 2182/1/1434 2184/1/95
f 4618/1/4350 4619/1/4351 803/1/4274 799/1/4352
f 4619/1/4351 4618/1/4350 800/1/4353 804/1/4275
f 4619/1/4351 4620/1/4354 801/1/4271 803/1/4274
f 4620/1/4354 4619/1/4351 804/1/4275 802/1/4272
f 4620/1/4354 4621/1/4355 797/1/4356 801/1/4271
f 4621/1/4355 4620/1/4354 802/1/4272 798/1/4357
f 4621/1/4355 4618/1/4350 799/1/4352 797/1/4356
f 4618/1/4350 4621/1/4355 798/1/4357 800/1/4353
f 4622/1/4358 4623/1/4359 2193/1/4360 2189/1/93
f 4623/1/4359 4622/1/4358 2190/1/96 2194/1/4361
f 4623/1/4359 4624/1/4362 2191/1/4363 2193/1/4360
f 4624/1/4362 4623/1/4359 2194/1/4361 2192/1/4364
f 4624/1/4362 4625/1/4365 2187/1/98 2191/1/4363
f 4625/1/4365 4624/1/4362 2192/1/4364 2188/1/99
f 4625/1/4365 4622/1/4358 2189/1/93 2187/1/98
f 4622/1/4358 4625/1/4365 2188/1/99 2190/1/96
f 4626/1/4366 4627/1/4367 2197/1/4368 2195/1/4369
f 4627/1/4367 4626/1/4366 2196/1/4370 2198/1/4371
f 4627/1/4367 4628/1/4372 2191/1/4363 2197/1/4368
f 4628/1/4372 4627/1/4367 2198/1/4371 2192/1/4364
f 4628/1/4372 4629/1/4373 2193/1/4360 2191/1/4363
f 4629/1/4373 4628/1/4372 2192/1/4364 2194/1/4361
f 4629/1/4373 4626/1/4366 2195/1/4369 2193/1/4360
f 4626/1/4366 4629/1/4373 2194/1/4361 2196/1/4370
f 4630/1/4374 4631/1/4375 2147/1/4376 2149/1/4377
f 4631/1/4375 4630/1/4374 2150/1/4378 2148/1/4379
f 4631/1/4375 4632/1/4380 2151/1/4381 2147/1/4376
f 4632/1/4380 4631/1/4375 2148/1/4379 2152/1/4382
f 4632/1/4380 4630/1/4374 2149/1/4377 2151/1/4381
f 4630/1/4374 4632/1/4380 2152/1/4382 2150/1/4378
f 4633/1/4383 4634/1/4384 2149/1/4377 2153/1/4385
f 4634/1/4384 4633/1/4383 2154/1/4386 2150/1/4378
f 4634/1/4384 4635/1/4387 2151/1/4381 2149/1/4377
f 4635/1/4387 4634/1/4384 2150/1/4378 2152/1/4382
f 4635/1/4387 4633/1/4383 2153/1/4385 2151/1/4381
f 4633/1/4383 4635/1/4387 2152/1/4382 2154/1/4386
f 4636/1/4388 4637/1/4389 2151/1/4381 2153/1/4385
f 4637/1/4389 4636/1/4388 2154/1/4386 2152/1/4382
f 4637/1/4389 4638/1/4390 2155/1/4391 2151/1/4381
f 4638/1/4390 4637/1/4389 2152/1/4382 2156/1/4392
f 4638/1/4390 4636/1/4388 2153/1/4385 2155/1/4391
f 4636/1/4388 4638/1/4390 2156/1/4392 2154/1/4386
f 4639/1/4393 4640/1/4394 2159/1/4395 2157/1/4396
f 4640/1/4394 4639/1/4393 2158/1/4397 2160/1/4398
f 4640/1/4394 4641/1/4399 2161/1/4400 2159/1/4395
f 4641/1/4399 4640/1/4394 2160/1/4398 2162/1/4401
f 4641/1/4399 4639/1/4393 2157/1/4396 2161/1/4400
f 4639/1/4393 4641/1/4399 2162/1/4401 2158/1/4397
f 4642/1/4402 4643/1/4403 2163/1/4404 2157/1/4396
f 4643/1/4403 4642/1/4402 2158/1/4397 2164/1/4405
f 4643/1/4403 4644/1/4406 2159/1/4395 2163/1/4404
f 4644/1/4406 4643/1/4403 2164/1/4405 2160/1/4398
f 4644/1/4406 4642/1/4402 2157/1/4396 2159/1/4395
f 4642/1/4402 4644/1/4406 2160/1/4398 2158/1/4397
f 4645/1/4407 4646/1/4408 2157/1/4396 2163/1/4404
f 4646/1/4408 4645/1/4407 2164/1/4405 2158/1/4397
f 4646/1/4408 4647/1/4409 2165/1/4410 2157/1/4396
f 4647/1/4409 4646/1/4408 2158/1/4397 2166/1/4411
f 4647/1/4409 4645/1/4407 2163/1/4404 2165/1/4410
f 4645/1/4407 4647/1/4409 2166/1/4411 2164/1/4405
f 4648/1/4412 4649/1/4413 2121/1/3770 2117/1/4324
f 4649/1/4413 4648/1/4412 2118/1/4325 2122/1/3771
f 4649/1/4413 4650/1/4414 2119/1/3765 2121/1/3770
f 4650/1/4414 4649/1/4413 2122/1/3771 2120/1/3768
f 4650/1/4414 4651/1/4415 2115/1/4318 2119/1/3765
f 4651/1/4415 4650/1/4414 2120/1/3768 2116/1/4319
f 4651/1/4415 4648/1/4412 2117/1/4324 2115/1/4318
f 4648/1/4412 4651/1/4415 2116/1/4319 2118/1/4325
f 4652/1/4416 4653/1/4417 753/1/1555 747/1/1287
f 4653/1/4417 4652/1/4416 748/1/1288 754/1/1556
f 4653/1/4417 4654/1/4418 751/1/1552 753/1/1555
f 4654/1/4418 4653/1/4417 754/1/1556 752/1/1553
f 4654/1/4418 4655/1/4419 749/1/1286 751/1/1552
f 4655/1/4419 4654/1/4418 752/1/1553 750/1/1289
f 4655/1/4419 4652/1/4416 747/1/1287 749/1/1286
f 4652/1/4416 4655/1/4419 750/1/1289 748/1/1288
f 4656/1/4420 4657/1/4421 2081/1/4422 2077/1/4423
f 4657/1/4421 4656/1/4420 2078/1/4424 2082/1/4425
f 4657/1/4421 4658/1/4426 2079/1/4427 2081/1/4422
f 4658/1/4426 4657/1/4421 2082/1/4425 2080/1/4428
f 4658/1/4426 4659/1/4429 2075/1/4430 2079/1/4427
f 4659/1/4429 4658/1/4426 2080/1/4428 2076/1/4431
f 4659/1/4429 4656/1/4420 2077/1/4423 2075/1/4430
f 4656/1/4420 4659/1/4429 2076/1/4431 2078/1/4424
f 4660/1/4432 4661/1/4433 2229/1/4434 2227/1/4435
f 4661/1/4433 4660/1/4432 2228/1/4436 2230/1/4437
f 4661/1/4433 4662/1/4438 2223/1/292 2229/1/4434
f 4662/1/4438 4661/1/4433 2230/1/4437 2224/1/293
f 4662/1/4438 4663/1/4439 2225/1/287 2223/1/292
f 4663/1/4439 4662/1/4438 2224/1/293 2226/1/290
f 4663/1/4439 4660/1/4432 2227/1/4435 2225/1/287
f 4660/1/4432 4663/1/4439 2226/1/290 2228/1/4436
f 4664/1/4440 4665/1/4441 2233/1/4442 2227/1/4435
f 4665/1/4441 4664/1/4440 2228/1/4436 2234/1/4443
f 4665/1/4441 4666/1/4444 2231/1/4445 2233/1/4442
f 4666/1/4444 4665/1/4441 2234/1/4443 2232/1/4446
f 4666/1/4444 4667/1/4447 2229/1/4434 2231/1/4445
f 4667/1/4447 4666/1/4444 2232/1/4446 2230/1/4437
f 4667/1/4447 4664/1/4440 2227/1/4435 2229/1/4434
f 4664/1/4440 4667/1/4447 2230/1/4437 2228/1/4436
f 4668/1/4448 4669/1/4449 1857/1/1244 1855/1/1237
f 4669/1/4449 4668/1/4448 1856/1/1238 1858/1/1245
f 4669/1/4449 4670/1/4450 1851/1/1480 1857/1/1244
f 4670/1/4450 4669/1/4449 1858/1/1245 1852/1/1481
f 4670/1/4450 4671/1/4451 1853/1/1475 1851/1/1480
f 4671/1/4451 4670/1/4450 1852/1/1481 1854/1/1478
f 4671/1/4451 4668/1/4448 1855/1/1237 1853/1/1475
f 4668/1/4448 4671/1/4451 1854/1/1478 1856/1/1238
f 4672/1/4452 4673/1/4453 2101/1/4295 2095/1/4454
f 4673/1/4453 4672/1/4452 2096/1/4455 2102/1/4296
f 4673/1/4453 4674/1/4456 2099/1/4290 2101/1/4295
f 4674/1/4456 4673/1/4453 2102/1/4296 2100/1/4293
f 4674/1/4456 4675/1/4457 2097/1/4458 2099/1/4290
f 4675/1/4457 4674/1/4456 2100/1/4293 2098/1/4459
f 4675/1/4457 4672/1/4452 2095/1/4454 2097/1/4458
f 4672/1/4452 4675/1/4457 2098/1/4459 2096/1/4455
f 4676/1/4460 4677/1/4461 2199/1/4462 2195/1/4369
f 4677/1/4461 4676/1/4460 2196/1/4370 2200/1/4463
f 4677/1/4461 4678/1/4464 2197/1/4368 2199/1/4462
f 4678/1/4464 4677/1/4461 2200/1/4463 2198/1/4371
f 4678/1/4464 4676/1/4460 2195/1/4369 2197/1/4368
f 4676/1/4460 4678/1/4464 2198/1/4371 2196/1/4370
f 4679/1/4465 4680/1/4466 2199/1/4462 2197/1/4368
f 4680/1/4466 4679/1/4465 2198/1/4371 2200/1/4463
f 4680/1/4466 4681/1/4467 2201/1/4468 2199/1/4462
f 4681/1/4467 4680/1/4466 2200/1/4463 2202/1/4469
f 4681/1/4467 4679/1/4465 2197/1/4368 2201/1/4468
f 4679/1/4465 4681/1/4467 2202/1/4469 2198/1/4371
f 4682/1/4470 4683/1/4471 2199/1/4462 2201/1/4468
f 4683/1/4471 4682/1/4470 2202/1/4469 2200/1/4463
f 4683/1/4471 4684/1/4472 2203/1/4473 2199/1/4462
f 4684/1/4472 4683/1/4471 2200/1/4463 2204/1/4474
f 4684/1/4472 4682/1/4470 2201/1/4468 2203/1/4473
f 4682/1/4470 4684/1/4472 2204/1/4474 2202/1/4469
f 4685/1/4475 4686/1/4476 2207/1/4477 2205/1/4478
f 4686/1/4476 4685/1/4475 2206/1/4479 2208/1/4480
f 4686/1/4476 4687/1/4481 2209/1/4482 2207/1/4477
f 4687/1/4481 4686/1/4476 2208/1/4480 2210/1/4483
f 4687/1/4481 4685/1/4475 2205/1/4478 2209/1/4482
f 4685/1/4475 4687/1/4481 2210/1/4483 2206/1/4479
f 4688/1/4484 4689/1/4485 2205/1/4478 2211/1/4234
f 4689/1/4485 4688/1/4484 2212/1/4235 2206/1/4479
f 4689/1/4485 4690/1/4486 2209/1/4482 2205/1/4478
f 4690/1/4486 4689/1/4485 2206/1/4479 2210/1/4483
f 4690/1/4486 4688/1/4484 2211/1/4234 2209/1/4482
f 4688/1/4484 4690/1/4486 2210/1/4483 2212/1/4235
f 4691/1/4487 4692/1/4488 2211/1/4234 2205/1/4478
f 4692/1/4488 4691/1/4487 2206/1/4479 2212/1/4235
f 4692/1/4488 4693/1/4489 2213/1/4231 2211/1/4234
f 4693/1/4489 4692/1/4488 2212/1/4235 2214/1/4232
f 4693/1/4489 4691/1/4487 2205/1/4478 2213/1/4231
f 4691/1/4487 4693/1/4489 2214/1/4232 2206/1/4479
f 4694/1/4490 4695/1/4491 2169/1/4246 2165/1/4410
f 4695/1/4491 4694/1/4490 2166/1/4411 2170/1/4247
f 4695/1/4491 4696/1/4492 2167/1/4243 2169/1/4246
f 4696/1/4492 4695/1/4491 2170/1/4247 2168/1/4244
f 4696/1/4492 4697/1/4493 2163/1/4404 2167/1/4243
f 4697/1/4493 4696/1/4492 2168/1/4244 2164/1/4405
f 4697/1/4493 4694/1/4490 2165/1/4410 2163/1/4404
f 4694/1/4490 4697/1/4493 2164/1/4405 2166/1/4411
f 4698/1/4494 4699/1/4495 2077/1/4423 2071/1/3511
f 4699/1/4495 4698/1/4494 2072/1/3512 2078/1/4424
f 4699/1/4495 4700/1/4496 2075/1/4430 2077/1/4423
f 4700/1/4496 4699/1/4495 2078/1/4424 2076/1/4431
f 4700/1/4496 4701/1/4497 2073/1/3510 2075/1/4430
f 4701/1/4497 4700/1/4496 2076/1/4431 2074/1/3513
f 4701/1/4497 4698/1/4494 2071/1/3511 2073/1/3510
f 4698/1/4494 4701/1/4497 2074/1/3513 2072/1/3512
f 4702/1/4498 4703/1/4499 2177/1/1439 2175/1/1432
f 4703/1/4499 4702/1/4498 2176/1/1433 2178/1/1440
f 4703/1/4499 4704/1/4500 2173/1/4238 2177/1/1439
f 4704/1/4500 4703/1/4499 2178/1/1440 2174/1/4241
f 4704/1/4500 4705/1/4501 2171/1/4239 2173/1/4238
f 4705/1/4501 4704/1/4500 2174/1/4241 2172/1/4240
f 4705/1/4501 4702/1/4498 2175/1/1432 2171/1/4239
f 4702/1/4498 4705/1/4501 2172/1/4240 2176/1/1433
f 4706/1/4502 4707/1/4503 2085/1/1667 2083/1/1663
f 4707/1/4503 4706/1/4502 2084/1/1664 2086/1/1668
f 4707/1/4503 4708/1/4504 2079/1/4427 2085/1/1667
f 4708/1/4504 4707/1/4503 2086/1/1668 2080/1/4428
f 4708/1/4504 4709/1/4505 2081/1/4422 2079/1/4427
f 4709/1/4505 4708/1/4504 2080/1/4428 2082/1/4425
f 4709/1/4505 4706/1/4502 2083/1/1663 2081/1/4422
f 4706/1/4502 4709/1/4505 2082/1/4425 2084/1/1664
f 4710/1/4506 4711/1/4507 717/1/173 715/1/166
f 4711/1/4507 4710/1/4506 716/1/167 718/1/174
f 4711/1/4507 4712/1/4508 711/1/4343 717/1/173
f 4712/1/4508 4711/1/4507 718/1/174 712/1/4344
f 4712/1/4508 4713/1/4509 713/1/4340 711/1/4343
f 4713/1/4509 4712/1/4508 712/1/4344 714/1/4341
f 4713/1/4509 4710/1/4506 715/1/166 713/1/4340
f 4710/1/4506 4713/1/4509 714/1/4341 716/1/167
f 4714/1/4510 4715/1/4511 251/1/59 239/1/996
f 4715/1/4511 4714/1/4510 240/1/997 252/1/60
f 4715/1/4511 4716/1/4512 247/1/56 251/1/59
f 4716/1/4512 4715/1/4511 252/1/60 248/1/57
f 4716/1/4512 4717/1/4513 243/1/995 247/1/56
f 4717/1/4513 4716/1/4512 248/1/57 244/1/998
f 4717/1/4513 4714/1/4510 239/1/996 243/1/995
f 4714/1/4510 4717/1/4513 244/1/998 240/1/997
f 4718/1/4514 4719/1/4515 2097/1/4458 2095/1/4454
f 4719/1/4515 4718/1/4514 2096/1/4455 2098/1/4459
f 4719/1/4515 4720/1/4516 2093/1/1003 2097/1/4458
f 4720/1/4516 4719/1/4515 2098/1/4459 2094/1/1006
f 4720/1/4516 4721/1/4517 2091/1/1004 2093/1/1003
f 4721/1/4517 4720/1/4516 2094/1/1006 2092/1/1005
f 4721/1/4517 4718/1/4514 2095/1/4454 2091/1/1004
f 4718/1/4514 4721/1/4517 2092/1/1005 2096/1/4455
f 4722/1/4518 4723/1/4519 2149/1/4377 2147/1/4376
f 4723/1/4519 4722/1/4518 2148/1/4379 2150/1/4378
f 4723/1/4519 4724/1/4520 2143/1/4281 2149/1/4377
f 4724/1/4520 4723/1/4519 2150/1/4378 2144/1/4282
f 4724/1/4520 4725/1/4521 2145/1/4278 2143/1/4281
f 4725/1/4521 4724/1/4520 2144/1/4282 2146/1/4279
f 4725/1/4521 4722/1/4518 2147/1/4376 2145/1/4278
f 4722/1/4518 4725/1/4521 2146/1/4279 2148/1/4379
f 4726/1/4522 4727/1/4523 2247/1/4524 2245/1/1354
f 4727/1/4523 4726/1/4522 2246/1/1357 2248/1/4525
f 4727/1/4523 4728/1/4526 2243/1/1359 2247/1/4524
f 4728/1/4526 4727/1/4523 2248/1/4525 2244/1/1360
f 4728/1/4526 4726/1/4522 2245/1/1354 2243/1/1359
f 4726/1/4522 4728/1/4526 2244/1/1360 2246/1/1357
f 4729/1/4527 4730/1/4528 2245/1/1354 2247/1/4524
f 4730/1/4528 4729/1/4527 2248/1/4525 2246/1/1357
f 4730/1/4528 4731/1/4529 2249/1/4530 2245/1/1354
f 4731/1/4529 4730/1/4528 2246/1/1357 2250/1/4531
f 4731/1/4529 4729/1/4527 2247/1/4524 2249/1/4530
f 4729/1/4527 4731/1/4529 2250/1/4531 2248/1/4525
f 4732/1/4532 4733/1/4533 2251/1/4534 2249/1/4530
f 4733/1/4533 4732/1/4532 2250/1/4531 2252/1/4535
f 4733/1/4533 4734/1/4536 2247/1/4524 2251/1/4534
f 4734/1/4536 4733/1/4533 2252/1/4535 2248/1/4525
f 4734/1/4536 4732/1/4532 2249/1/4530 2247/1/4524
f 4732/1/4532 4734/1/4536 2248/1/4525 2250/1/4531
f 4735/1/222 4736/1/234 5/1/2790 7/1/2792
f 4736/1/234 4735/1/222 8/1/4537 6/1/4538
f 4736/1/234 4737/1/237 1/1/2788 5/1/2790
f 4737/1/237 4736/1/234 6/1/4538 2/1/4539
f 4737/1/237 4738/1/227 3/1/2787 1/1/2788
f 4738/1/227 4737/1/237 2/1/4539 4/1/4540
f 4738/1/227 4735/1/222 7/1/2792 3/1/2787
f 4735/1/222 4738/1/227 4/1/4540 8/1/4537
f 4739/1/4541 4740/1/4542 257/1/519 245/1/988
f 4740/1/4542 4739/1/4541 246/1/989 258/1/520
f 4740/1/4542 4741/1/4543 253/1/516 257/1/519
f 4741/1/4543 4740/1/4542 258/1/520 254/1/517
f 4741/1/4543 4742/1/4544 249/1/987 253/1/516
f 4742/1/4544 4741/1/4543 254/1/517 250/1/990
f 4742/1/4544 4739/1/4541 245/1/988 249/1/987
f 4739/1/4541 4742/1/4544 250/1/990 246/1/989
f 4743/1/4545 4744/1/4546 1243/1/4547 1241/1/4548
f 4744/1/4546 4743/1/4545 1242/1/4549 1244/1/4550
f 4744/1/4546 4745/1/4551 1235/1/407 1243/1/4547
f 4745/1/4551 4744/1/4546 1244/1/4550 1236/1/408
f 4745/1/4551 4746/1/4552 1233/1/404 1235/1/407
f 4746/1/4552 4745/1/4551 1236/1/408 1234/1/405
f 4746/1/4552 4743/1/4545 1241/1/4548 1233/1/404
f 4743/1/4545 4746/1/4552 1234/1/405 1242/1/4549
f 4747/1/4553 4748/1/4554 107/1/4555 111/1/712
f 4748/1/4554 4747/1/4553 112/1/713 108/1/4556
f 4748/1/4554 4749/1/4557 105/1/4558 107/1/4555
f 4749/1/4557 4748/1/4554 108/1/4556 106/1/4559
f 4749/1/4557 4750/1/4560 109/1/715 105/1/4558
f 4750/1/4560 4749/1/4557 106/1/4559 110/1/716
f 4750/1/4560 4747/1/4553 111/1/712 109/1/715
f 4747/1/4553 4750/1/4560 110/1/716 112/1/713
f 4751/1/4561 4752/1/4562 921/1/963 905/1/1935
f 4752/1/4562 4751/1/4561 906/1/1936 922/1/964
f 4752/1/4562 4753/1/4563 917/1/960 921/1/963
f 4753/1/4563 4752/1/4562 922/1/964 918/1/961
f 4753/1/4563 4754/1/4564 913/1/1934 917/1/960
f 4754/1/4564 4753/1/4563 918/1/961 914/1/1937
f 4754/1/4564 4751/1/4561 905/1/1935 913/1/1934
f 4751/1/4561 4754/1/4564 914/1/1937 906/1/1936
f 4755/1/4565 4756/1/4566 2311/1/4567 2303/1/4568
f 4756/1/4566 4755/1/4565 2304/1/4569 2312/1/4570
f 4756/1/4566 4757/1/4571 2307/1/4572 2311/1/4567
f 4757/1/4571 4756/1/4566 2312/1/4570 2308/1/4573
f 4757/1/4571 4758/1/4574 2299/1/4575 2307/1/4572
f 4758/1/4574 4757/1/4571 2308/1/4573 2300/1/4576
f 4758/1/4574 4755/1/4565 2303/1/4568 2299/1/4575
f 4755/1/4565 4758/1/4574 2300/1/4576 2304/1/4569
f 4759/1/4577 4760/1/4578 103/1/2880 107/1/4555
f 4760/1/4578 4759/1/4577 108/1/4556 104/1/2881
f 4760/1/4578 4761/1/4579 99/1/2887 103/1/2880
f 4761/1/4579 4760/1/4578 104/1/2881 100/1/2888
f 4761/1/4579 4762/1/4580 105/1/4558 99/1/2887
f 4762/1/4580 4761/1/4579 100/1/2888 106/1/4559
f 4762/1/4580 4759/1/4577 107/1/4555 105/1/4558
f 4759/1/4577 4762/1/4580 106/1/4559 108/1/4556
f 4763/1/4581 4764/1/4582 927/1/536 931/1/539
f 4764/1/4582 4763/1/4581 932/1/540 928/1/537
f 4764/1/4582 4765/1/4583 923/1/243 927/1/536
f 4765/1/4583 4764/1/4582 928/1/537 924/1/246
f 4765/1/4583 4766/1/4584 919/1/244 923/1/243
f 4766/1/4584 4765/1/4583 924/1/246 920/1/245
f 4766/1/4584 4763/1/4581 931/1/539 919/1/244
f 4763/1/4581 4766/1/4584 920/1/245 932/1/540
f 4767/1/4585 4768/1/4586 175/1/4587 173/1/1043
f 4768/1/4586 4767/1/4585 174/1/1044 176/1/4588
f 4768/1/4586 4769/1/4589 169/1/4590 175/1/4587
f 4769/1/4589 4768/1/4586 176/1/4588 170/1/4591
f 4769/1/4589 4770/1/4592 171/1/1036 169/1/4590
f 4770/1/4592 4769/1/4589 170/1/4591 172/1/1037
f 4770/1/4592 4767/1/4585 173/1/1043 171/1/1036
f 4767/1/4585 4770/1/4592 172/1/1037 174/1/1044
f 4771/1/4593 4772/1/4594 2345/1/4595 2341/1/4596
f 4772/1/4594 4771/1/4593 2342/1/4597 2346/1/4598
f 4772/1/4594 4773/1/4599 2337/1/2672 2345/1/4595
f 4773/1/4599 4772/1/4594 2346/1/4598 2338/1/2675
f 4773/1/4599 4774/1/4600 2329/1/2673 2337/1/2672
f 4774/1/4600 4773/1/4599 2338/1/2675 2330/1/2674
f 4774/1/4600 4771/1/4593 2341/1/4596 2329/1/2673
f 4771/1/4593 4774/1/4600 2330/1/2674 2342/1/4597
f 4775/1/4601 4776/1/4602 411/1/4603 409/1/1028
f 4776/1/4602 4775/1/4601 410/1/1029 412/1/4604
f 4776/1/4602 4777/1/4605 405/1/4606 411/1/4603
f 4777/1/4605 4776/1/4602 412/1/4604 406/1/4607
f 4777/1/4605 4778/1/4608 407/1/1031 405/1/4606
f 4778/1/4608 4777/1/4605 406/1/4607 408/1/1032
f 4778/1/4608 4775/1/4601 409/1/1028 407/1/1031
f 4775/1/4601 4778/1/4608 408/1/1032 410/1/1029
f 4779/1/4609 4780/1/4610 459/1/255 449/1/4611
f 4780/1/4610 4779/1/4609 450/1/4612 460/1/258
f 4780/1/4610 4781/1/4613 457/1/256 459/1/255
f 4781/1/4613 4780/1/4610 460/1/258 458/1/257
f 4781/1/4613 4782/1/4614 453/1/4615 457/1/256
f 4782/1/4614 4781/1/4613 458/1/257 454/1/4616
f 4782/1/4614 4779/1/4609 449/1/4611 453/1/4615
f 4779/1/4609 4782/1/4614 454/1/4616 450/1/4612
f 4783/1/4617 4784/1/4618 399/1/379 397/1/4619
f 4784/1/4618 4783/1/4617 398/1/4620 400/1/380
f 4784/1/4618 4785/1/4621 393/1/376 399/1/379
f 4785/1/4621 4784/1/4618 400/1/380 394/1/377
f 4785/1/4621 4786/1/4622 395/1/4623 393/1/376
f 4786/1/4622 4785/1/4621 394/1/377 396/1/4624
f 4786/1/4622 4783/1/4617 397/1/4619 395/1/4623
f 4783/1/4617 4786/1/4622 396/1/4624 398/1/4620
f 4787/1/4625 4788/1/4626 2237/1/1680 2235/1/1683
f 4788/1/4626 4787/1/4625 2236/1/1684 2238/1/1681
f 4788/1/4626 4789/1/4627 2231/1/4445 2237/1/1680
f 4789/1/4627 4788/1/4626 2238/1/1681 2232/1/4446
f 4789/1/4627 4790/1/4628 2233/1/4442 2231/1/4445
f 4790/1/4628 4789/1/4627 2232/1/4446 2234/1/4443
f 4790/1/4628 4787/1/4625 2235/1/1683 2233/1/4442
f 4787/1/4625 4790/1/4628 2234/1/4443 2236/1/1684
f 4791/1/4629 4792/1/4630 183/1/635 179/1/628
f 4792/1/4630 4791/1/4629 180/1/629 184/1/636
f 4792/1/4630 4793/1/4631 169/1/4590 183/1/635
f 4793/1/4631 4792/1/4630 184/1/636 170/1/4591
f 4793/1/4631 4794/1/4632 175/1/4587 169/1/4590
f 4794/1/4632 4793/1/4631 170/1/4591 176/1/4588
f 4794/1/4632 4791/1/4629 179/1/628 175/1/4587
f 4791/1/4629 4794/1/4632 176/1/4588 180/1/629
f 4795/1/4633 4796/1/4634 2319/1/300 2315/1/299
f 4796/1/4634 4795/1/4633 2316/1/302 2320/1/301
f 4796/1/4634 4797/1/4635 2307/1/4572 2319/1/300
f 4797/1/4635 4796/1/4634 2320/1/301 2308/1/4573
f 4797/1/4635 4798/1/4636 2311/1/4567 2307/1/4572
f 4798/1/4636 4797/1/4635 2308/1/4573 2312/1/4570
f 4798/1/4636 4795/1/4633 2315/1/299 2311/1/4567
f 4795/1/4633 4798/1/4636 2312/1/4570 2316/1/302
f 4799/1/4637 4800/1/4638 2303/1/4568 2295/1/703
f 4800/1/4638 4799/1/4637 2296/1/704 2304/1/4569
f 4800/1/4638 4801/1/4639 2299/1/4575 2303/1/4568
f 4801/1/4639 4800/1/4638 2304/1/4569 2300/1/4576
f 4801/1/4639 4802/1/4640 2289/1/706 2299/1/4575
f 4802/1/4640 4801/1/4639 2300/1/4576 2290/1/707
f 4802/1/4640 4799/1/4637 2295/1/703 2289/1/706
f 4799/1/4637 4802/1/4640 2290/1/707 2296/1/704
f 4803/1/4641 4804/1/4642 437/1/2815 429/1/2808
f 4804/1/4642 4803/1/4641 430/1/2809 438/1/2816
f 4804/1/4642 4805/1/4643 431/1/360 437/1/2815
f 4805/1/4643 4804/1/4642 438/1/2816 432/1/361
f 4805/1/4643 4806/1/4644 433/1/367 431/1/360
f 4806/1/4644 4805/1/4643 432/1/361 434/1/368
f 4806/1/4644 4803/1/4641 429/1/2808 433/1/367
f 4803/1/4641 4806/1/4644 434/1/368 430/1/2809
f 4807/1/4645 4808/1/4646 55/1/463 53/1/468
f 4808/1/4646 4807/1/4645 54/1/469 56/1/466
f 4808/1/4646 4809/1/4647 47/1/1674 55/1/463
f 4809/1/4647 4808/1/4646 56/1/466 48/1/1675
f 4809/1/4647 4810/1/4648 51/1/1671 47/1/1674
f 4810/1/4648 4809/1/4647 48/1/1675 52/1/1672
f 4810/1/4648 4807/1/4645 53/1/468 51/1/1671
f 4807/1/4645 4810/1/4648 52/1/1672 54/1/469
f 4811/1/4649 4812/1/4650 453/1/4615 449/1/4611
f 4812/1/4650 4811/1/4649 450/1/4612 454/1/4616
f 4812/1/4650 4813/1/4651 441/1/2812 453/1/4615
f 4813/1/4651 4812/1/4650 454/1/4616 442/1/2813
f 4813/1/4651 4814/1/4652 445/1/2807 441/1/2812
f 4814/1/4652 4813/1/4651 442/1/2813 446/1/2810
f 4814/1/4652 4811/1/4649 449/1/4611 445/1/2807
f 4811/1/4649 4814/1/4652 446/1/2810 450/1/4612
f 4815/1/4653 4816/1/4654 2309/1/1497 2305/1/1500
f 4816/1/4654 4815/1/4653 2306/1/1501 2310/1/1498
f 4816/1/4654 4817/1/4655 2297/1/20 2309/1/1497
f 4817/1/4655 4816/1/4654 2310/1/1498 2298/1/21
f 4817/1/4655 4818/1/4656 2301/1/15 2297/1/20
f 4818/1/4656 4817/1/4655 2298/1/21 2302/1/18
f 4818/1/4656 4815/1/4653 2305/1/1500 2301/1/15
f 4815/1/4653 4818/1/4656 2302/1/18 2306/1/1501
f 4819/1/4657 4820/1/4658 2353/1/2740 2349/1/2743
f 4820/1/4658 4819/1/4657 2350/1/2744 2354/1/2741
f 4820/1/4658 4821/1/4659 2345/1/4595 2353/1/2740
f 4821/1/4659 4820/1/4658 2354/1/2741 2346/1/4598
f 4821/1/4659 4822/1/4660 2341/1/4596 2345/1/4595
f 4822/1/4660 4821/1/4659 2346/1/4598 2342/1/4597
f 4822/1/4660 4819/1/4657 2349/1/2743 2341/1/4596
f 4819/1/4657 4822/1/4660 2342/1/4597 2350/1/2744
