# Blender 4.5.3 LTS
# www.blender.org
mtllib glass-pin.mtl
o RenderMesh_83022326848791
v -0.062856 -0.302668 0.062856
v -0.064270 -0.302668 0.064270
v 0.000000 -0.302668 0.088892
v -0.000000 -0.302668 0.090892
v -0.058071 -0.268651 0.058071
v -0.059387 -0.267917 0.059387
v -0.058071 -0.336686 0.058071
v -0.059387 -0.337420 0.059387
v -0.088892 -0.302668 0.000000
v -0.090892 -0.302668 0.000000
v 0.000000 -0.268651 0.082125
v -0.000000 -0.267917 0.083986
v -0.044446 -0.239812 0.044446
v -0.045478 -0.238444 0.045478
v -0.082125 -0.268651 0.000000
v -0.083986 -0.267917 0.000000
v 0.000000 -0.239812 0.062856
v 0.000000 -0.238444 0.064315
v -0.062856 -0.239812 0.000000
v -0.064315 -0.238444 0.000000
v -0.024054 -0.220543 0.024054
v -0.024840 -0.218880 0.024840
v 0.000000 -0.220543 0.034017
v 0.000000 -0.218880 0.035128
v -0.034017 -0.220543 0.000000
v -0.035128 -0.218880 0.000000
v 0.024054 -0.220543 0.024054
v 0.024840 -0.218880 0.024840
v -0.024054 -0.220543 -0.024054
v -0.024840 -0.218880 -0.024840
v 0.044446 -0.239812 0.044446
v 0.045478 -0.238444 0.045478
v 0.058071 -0.268651 0.058071
v 0.059387 -0.267917 0.059387
v 0.062856 -0.239812 0.000000
v 0.064315 -0.238444 0.000000
v 0.034017 -0.220543 0.000000
v 0.035128 -0.218880 0.000000
v 0.024054 -0.220543 -0.024054
v 0.024840 -0.218880 -0.024840
v 0.082125 -0.268651 0.000000
v 0.083986 -0.267917 0.000000
v 0.044446 -0.239812 -0.044446
v 0.045478 -0.238444 -0.045478
v 0.062856 -0.302668 0.062856
v 0.064270 -0.302668 0.064270
v 0.000000 -0.239812 -0.062856
v -0.000000 -0.238444 -0.064315
v 0.000000 -0.220543 -0.034017
v -0.000000 -0.218880 -0.035128
v 0.088892 -0.302668 0.000000
v 0.090892 -0.302668 0.000000
v 0.058071 -0.336686 0.058071
v 0.059387 -0.337420 0.059387
v -0.044446 -0.239812 -0.044446
v -0.045478 -0.238444 -0.045478
v 0.000000 -0.268651 -0.082125
v -0.000000 -0.267917 -0.083986
v -0.058071 -0.268651 -0.058071
v -0.059387 -0.267917 -0.059387
v 0.058071 -0.268651 -0.058071
v 0.059387 -0.267917 -0.059387
v 0.000000 -0.302668 -0.088892
v -0.000000 -0.302668 -0.090892
v 0.062856 -0.302668 -0.062856
v 0.064270 -0.302668 -0.064270
v -0.062856 -0.302668 -0.062856
v -0.064270 -0.302668 -0.064270
v -0.058071 -0.336686 -0.058071
v -0.059387 -0.337420 -0.059387
v 0.058071 -0.336686 -0.058071
v 0.059387 -0.337420 -0.059387
v 0.082125 -0.336686 0.000000
v 0.083986 -0.337420 0.000000
v 0.000000 -0.336686 -0.082125
v -0.000000 -0.337420 -0.083986
v 0.044446 -0.365524 -0.044446
v 0.045478 -0.366892 -0.045478
v 0.044446 -0.365524 0.044446
v 0.045478 -0.366892 0.045478
v 0.062856 -0.365524 0.000000
v 0.064315 -0.366892 0.000000
v 0.000000 -0.336686 0.082125
v 0.000000 -0.337420 0.083986
v 0.000000 -0.365524 0.062856
v -0.000000 -0.366892 0.064315
v -0.044446 -0.365524 0.044446
v -0.045478 -0.366892 0.045478
v -0.082125 -0.336686 0.000000
v -0.083986 -0.337420 0.000000
v 0.024054 -0.384794 0.024054
v 0.024652 -0.386607 0.024652
v 0.000000 -0.384794 0.034017
v -0.000000 -0.386607 0.034862
v 0.034017 -0.384794 0.000000
v 0.034862 -0.386607 0.000000
v -0.024054 -0.384794 0.024054
v -0.024652 -0.386607 0.024652
v 0.000000 -0.391560 0.000000
v 0.000000 -0.393560 0.000000
v 0.024054 -0.384794 -0.024054
v 0.024652 -0.386607 -0.024652
v -0.034017 -0.384794 0.000000
v -0.034862 -0.386607 0.000000
v -0.062856 -0.365524 0.000000
v -0.064315 -0.366892 0.000000
v 0.000000 -0.384794 -0.034017
v -0.000000 -0.386607 -0.034862
v -0.024054 -0.384794 -0.024054
v -0.024652 -0.386607 -0.024652
v 0.000000 -0.365524 -0.062856
v -0.000000 -0.366892 -0.064315
v -0.044446 -0.365524 -0.044446
v -0.045478 -0.366892 -0.045478
v 0.340917 -0.292869 0.000000
v 0.341751 -0.294687 0.000000
v 0.241065 -0.292869 0.241065
v 0.241655 -0.294687 0.241655
v 0.222305 -0.305049 0.222305
v 0.222895 -0.306867 0.222895
v 0.000000 -0.292869 0.340917
v 0.000000 -0.294687 0.341751
v 0.314386 -0.305049 0.000000
v 0.315220 -0.306867 0.000000
v 0.000000 -0.305049 0.314386
v 0.000000 -0.306867 0.315221
v 0.222305 -0.305049 -0.222305
v 0.222895 -0.306867 -0.222895
v -0.222305 -0.305049 0.222305
v -0.222895 -0.306867 0.222895
v 0.241065 -0.292869 -0.241065
v 0.241655 -0.294687 -0.241655
v -0.241065 -0.292869 0.241065
v -0.241655 -0.294687 0.241655
v 0.000000 -0.292869 -0.340917
v 0.000000 -0.294687 -0.341751
v -0.340917 -0.292869 0.000000
v -0.341751 -0.294687 0.000000
v 0.000000 -0.305049 -0.314386
v 0.000000 -0.306867 -0.315220
v -0.314386 -0.305049 0.000000
v -0.315220 -0.306867 0.000000
v -0.222305 -0.305049 -0.222305
v -0.222895 -0.306867 -0.222895
v -0.241065 -0.292869 -0.241065
v -0.241655 -0.294687 -0.241655
v 0.000000 0.391560 -0.000000
v 0.000000 0.393032 0.001354
v -0.088437 0.348853 0.026437
v -0.089147 0.350105 0.027826
v 0.000000 0.365725 0.026490
v 0.000000 0.367197 0.027844
v 0.088437 0.348853 0.026437
v 0.089147 0.350105 0.027826
v -0.104641 0.368362 -0.000000
v -0.105408 0.369579 0.001390
v 0.104641 0.368362 -0.000000
v 0.105408 0.369579 0.001390
v -0.122430 0.308994 0.026496
v -0.123696 0.309716 0.027866
v 0.122430 0.308994 0.026496
v 0.123696 0.309716 0.027865
v -0.146920 0.317034 -0.000000
v -0.148210 0.317714 0.001369
v 0.146920 0.317034 -0.000000
v 0.148210 0.317714 0.001369
v -0.157776 0.277829 -0.000000
v -0.159212 0.277872 0.001391
v 0.157776 0.277829 -0.000000
v 0.159212 0.277872 0.001391
v -0.132585 0.281521 0.026460
v -0.134020 0.281628 0.027849
v -0.091222 0.081346 0.026468
v -0.092640 0.081052 0.027848
v -0.114744 0.071613 -0.000000
v -0.116162 0.071319 0.001380
v 0.132585 0.281521 0.026460
v 0.134020 0.281628 0.027849
v 0.091222 0.081346 0.026468
v 0.092640 0.081052 0.027848
v 0.114744 0.071613 -0.000000
v 0.116162 0.071319 0.001380
v -0.104641 0.368362 -0.000000
v -0.105408 0.369579 -0.001390
v -0.122430 0.308994 -0.026496
v -0.123696 0.309716 -0.027865
v -0.146920 0.317034 -0.000000
v -0.148210 0.317714 -0.001369
v -0.157776 0.277829 -0.000000
v -0.159212 0.277872 -0.001392
v -0.088437 0.348853 -0.026437
v -0.089147 0.350105 -0.027826
v -0.132585 0.281521 -0.026460
v -0.134020 0.281628 -0.027849
v -0.091222 0.081346 -0.026468
v -0.092640 0.081052 -0.027848
v -0.114744 0.071613 -0.000000
v -0.116162 0.071319 -0.001380
v 0.000000 0.391560 -0.000000
v 0.000000 0.393032 -0.001354
v 0.000000 0.365725 -0.026490
v 0.000000 0.367197 -0.027844
v 0.088437 0.348853 -0.026437
v 0.089147 0.350105 -0.027826
v 0.104641 0.368362 -0.000000
v 0.105408 0.369579 -0.001390
v 0.122430 0.308994 -0.026496
v 0.123696 0.309716 -0.027866
v 0.146920 0.317034 -0.000000
v 0.148210 0.317714 -0.001369
v 0.157776 0.277829 -0.000000
v 0.159212 0.277872 -0.001391
v 0.132585 0.281521 -0.026460
v 0.134020 0.281628 -0.027849
v 0.091222 0.081346 -0.026468
v 0.092640 0.081052 -0.027848
v 0.114744 0.071613 -0.000000
v 0.116162 0.071319 -0.001380
v 0.362938 -0.227259 0.000000
v 0.364938 -0.227259 0.000000
v 0.241065 -0.161649 0.241065
v 0.242406 -0.161013 0.242406
v 0.256636 -0.227259 0.256636
v 0.258050 -0.227259 0.258050
v 0.340917 -0.161649 0.000000
v 0.342813 -0.161013 0.000000
v 0.241065 -0.161649 -0.241065
v 0.242406 -0.161013 -0.242406
v 0.000000 -0.227259 0.362938
v 0.000000 -0.227259 0.364938
v 0.000000 -0.161649 0.340917
v 0.000000 -0.161013 0.342813
v 0.241065 -0.292869 0.241065
v 0.242406 -0.293505 0.242406
v 0.340917 -0.292869 0.000000
v 0.342813 -0.293505 0.000000
v 0.000000 -0.292869 0.340917
v 0.000000 -0.293505 0.342813
v 0.241065 -0.292869 -0.241065
v 0.242406 -0.293505 -0.242406
v -0.241065 -0.161649 0.241065
v -0.242406 -0.161013 0.242406
v -0.241065 -0.292869 0.241065
v -0.242406 -0.293505 0.242406
v -0.256636 -0.227259 0.256636
v -0.258050 -0.227259 0.258050
v 0.256636 -0.227259 -0.256636
v 0.258050 -0.227259 -0.258050
v 0.000000 -0.227259 -0.362938
v 0.000000 -0.227259 -0.364938
v 0.000000 -0.292869 -0.340917
v 0.000000 -0.293505 -0.342813
v 0.000000 -0.161649 -0.340917
v 0.000000 -0.161013 -0.342813
v -0.241065 -0.292869 -0.241065
v -0.242406 -0.293505 -0.242406
v -0.241065 -0.161649 -0.241065
v -0.242406 -0.161013 -0.242406
v -0.256636 -0.227259 -0.256636
v -0.258050 -0.227259 -0.258050
v -0.362938 -0.227259 0.000000
v -0.364938 -0.227259 0.000000
v -0.340917 -0.292869 0.000000
v -0.342813 -0.293505 0.000000
v -0.340917 -0.161649 0.000000
v -0.342813 -0.161013 0.000000
v 0.000000 0.098323 -0.034017
v 0.000000 0.098323 -0.036017
v 0.000000 -0.220543 -0.034017
v 0.000000 -0.220543 -0.036017
v -0.024054 0.098323 -0.024054
v -0.025468 0.098323 -0.025468
v -0.024054 -0.220543 -0.024054
v -0.025468 -0.220543 -0.025468
v 0.024054 -0.220543 -0.024054
v 0.025468 -0.220543 -0.025468
v -0.034017 0.098323 -0.000000
v -0.036017 0.098323 -0.000000
v 0.024054 0.098323 -0.024054
v 0.025468 0.098323 -0.025468
v -0.034017 -0.220543 0.000000
v -0.036017 -0.220543 0.000000
v 0.034017 -0.220543 0.000000
v 0.036017 -0.220543 0.000000
v -0.024054 0.098323 0.024054
v -0.025468 0.098323 0.025468
v 0.034017 0.098323 -0.000000
v 0.036017 0.098323 -0.000000
v -0.024054 -0.220543 0.024054
v -0.025468 -0.220543 0.025468
v 0.024054 -0.220543 0.024054
v 0.025468 -0.220543 0.025468
v 0.000000 0.098323 0.034017
v 0.000000 0.098323 0.036017
v 0.024054 0.098323 0.024054
v 0.025468 0.098323 0.025468
v 0.000000 -0.220543 0.034017
v 0.000000 -0.220543 0.036017
v 0.340917 -0.161649 0.000000
v 0.341751 -0.159831 0.000000
v 0.222305 -0.149469 0.222305
v 0.222895 -0.147651 0.222895
v 0.241065 -0.161649 0.241065
v 0.241655 -0.159831 0.241655
v 0.000000 -0.161649 0.340917
v 0.000000 -0.159831 0.341751
v 0.314386 -0.149469 0.000000
v 0.315220 -0.147651 0.000000
v 0.000000 -0.149469 0.314386
v 0.000000 -0.147651 0.315220
v 0.222305 -0.149469 -0.222305
v 0.222895 -0.147651 -0.222895
v -0.222305 -0.149469 0.222305
v -0.222895 -0.147651 0.222895
v 0.241065 -0.161649 -0.241065
v 0.241655 -0.159831 -0.241655
v -0.241065 -0.161649 0.241065
v -0.241655 -0.159831 0.241655
v 0.000000 -0.161649 -0.340917
v -0.000000 -0.159831 -0.341751
v -0.340917 -0.161649 0.000000
v -0.341751 -0.159831 0.000000
v 0.000000 -0.149469 -0.314386
v -0.000000 -0.147651 -0.315220
v -0.314386 -0.149469 0.000000
v -0.315220 -0.147651 0.000000
v -0.222305 -0.149469 -0.222305
v -0.222895 -0.147651 -0.222895
v -0.241065 -0.161649 -0.241065
v -0.241655 -0.159831 -0.241655
v -0.088437 0.348853 0.026437
v -0.087731 0.347654 0.027873
v -0.097259 0.299730 -0.000000
v -0.096066 0.298946 0.001401
v -0.071943 0.326918 -0.000000
v -0.071288 0.325689 0.001436
v -0.122430 0.308994 0.026496
v -0.121211 0.308248 0.027895
v 0.000000 0.365725 0.026490
v 0.000000 0.364299 0.027892
v -0.105560 0.284023 -0.000000
v -0.104179 0.283838 0.001435
v 0.000000 0.338521 -0.000000
v 0.000000 0.337095 0.001402
v -0.132585 0.281521 0.026460
v -0.131200 0.281412 0.027899
v -0.065941 0.091443 -0.000000
v -0.064567 0.091726 0.001425
v -0.091222 0.081346 0.026468
v -0.089848 0.081629 0.027893
v 0.071943 0.326918 -0.000000
v 0.071288 0.325689 0.001436
v 0.088437 0.348853 0.026437
v 0.087731 0.347654 0.027873
v 0.097259 0.299730 -0.000000
v 0.096066 0.298946 0.001401
v 0.122430 0.308994 0.026496
v 0.121211 0.308248 0.027895
v 0.105560 0.284023 -0.000000
v 0.104179 0.283838 0.001435
v 0.132585 0.281521 0.026460
v 0.131200 0.281412 0.027899
v 0.065941 0.091443 -0.000000
v 0.064567 0.091726 0.001425
v 0.091222 0.081346 0.026468
v 0.089848 0.081629 0.027893
v -0.088437 0.348853 -0.026437
v -0.087731 0.347654 -0.027873
v -0.097259 0.299730 -0.000000
v -0.096066 0.298946 -0.001401
v -0.122430 0.308994 -0.026496
v -0.121211 0.308248 -0.027895
v -0.105560 0.284023 -0.000000
v -0.104179 0.283838 -0.001435
v -0.071943 0.326918 -0.000000
v -0.071288 0.325689 -0.001436
v -0.132585 0.281521 -0.026460
v -0.131200 0.281412 -0.027899
v -0.065941 0.091443 -0.000000
v -0.064567 0.091726 -0.001425
v -0.091222 0.081346 -0.026468
v -0.089848 0.081629 -0.027893
v 0.000000 0.365725 -0.026490
v 0.000000 0.364299 -0.027893
v 0.000000 0.338521 -0.000000
v 0.000000 0.337095 -0.001403
v 0.071943 0.326918 -0.000000
v 0.071288 0.325689 -0.001436
v 0.088437 0.348853 -0.026437
v 0.087731 0.347654 -0.027873
v 0.097259 0.299730 -0.000000
v 0.096066 0.298946 -0.001401
v 0.122430 0.308994 -0.026496
v 0.121211 0.308248 -0.027895
v 0.105560 0.284023 -0.000000
v 0.104179 0.283838 -0.001435
v 0.132585 0.281521 -0.026460
v 0.131200 0.281412 -0.027899
v 0.065941 0.091443 -0.000000
v 0.064567 0.091726 -0.001425
v 0.091222 0.081346 -0.026468
v 0.089848 0.081629 -0.027893
v -0.082095 -0.337904 -0.000945
v -0.058718 -0.337904 -0.057381
v -0.045756 -0.365357 -0.044418
v -0.063763 -0.365357 -0.000945
v -0.089313 -0.303652 0.000926
v -0.082867 -0.336069 0.000926
v -0.059251 -0.336069 0.057941
v -0.063809 -0.303652 0.062498
v 0.062305 -0.238542 0.000975
v 0.035046 -0.220298 0.000975
v 0.025471 -0.220298 0.024092
v 0.044745 -0.238542 0.043367
v 0.059251 -0.336069 0.057941
v 0.082867 -0.336069 0.000926
v 0.089313 -0.303652 0.000926
v 0.063809 -0.303652 0.062498
v 0.363232 -0.226304 0.000931
v 0.341800 -0.162286 0.000931
v 0.242348 -0.162286 0.241031
v 0.257502 -0.226304 0.256186
v 0.044418 -0.239979 -0.045756
v 0.057381 -0.267433 -0.058718
v 0.000945 -0.267433 -0.082095
v 0.000945 -0.239979 -0.063763
v 0.082095 -0.267433 -0.000945
v 0.058718 -0.267433 -0.057381
v 0.045756 -0.239979 -0.044418
v 0.063763 -0.239979 -0.000945
v -0.057381 -0.337904 -0.058718
v -0.000945 -0.337904 -0.082095
v -0.000945 -0.365357 -0.063763
v -0.044418 -0.365357 -0.045756
v 0.025377 -0.385114 0.023998
v 0.034913 -0.385114 0.000975
v 0.062305 -0.366794 0.000975
v 0.044745 -0.366794 0.043367
v -0.045756 -0.239979 0.044418
v -0.063763 -0.239979 0.000946
v -0.082095 -0.267433 0.000946
v -0.058718 -0.267433 0.057381
v 0.242348 -0.292232 -0.241031
v 0.257502 -0.228214 -0.256186
v 0.363232 -0.228214 -0.000931
v 0.341800 -0.292232 -0.000931
v 0.044745 -0.366794 -0.043367
v 0.062305 -0.366794 -0.000975
v 0.034913 -0.385114 -0.000975
v 0.025377 -0.385114 -0.023998
v 0.339957 -0.160295 0.000985
v 0.315364 -0.149005 0.000985
v 0.223694 -0.149005 0.222300
v 0.241083 -0.160295 0.239689
v -0.063809 -0.301684 -0.062498
v -0.089313 -0.301684 -0.000926
v -0.082867 -0.269268 -0.000926
v -0.059251 -0.269268 -0.057941
v -0.000975 -0.238542 0.062305
v -0.000975 -0.220298 0.035046
v -0.024092 -0.220298 0.025471
v -0.043367 -0.238542 0.044745
v -0.082095 -0.337904 0.000946
v -0.063763 -0.365357 0.000946
v -0.045756 -0.365357 0.044418
v -0.058718 -0.337904 0.057381
v -0.057941 -0.336069 0.059251
v -0.000926 -0.336069 0.082867
v -0.000926 -0.303652 0.089313
v -0.062498 -0.303652 0.063809
v 0.045756 -0.365357 0.044418
v 0.063763 -0.365357 0.000946
v 0.082095 -0.337904 0.000946
v 0.058718 -0.337904 0.057381
v 0.363232 -0.226304 -0.000931
v 0.257502 -0.226304 -0.256186
v 0.242348 -0.162286 -0.241031
v 0.341800 -0.162286 -0.000931
v 0.089313 -0.301684 0.000926
v 0.082867 -0.269268 0.000926
v 0.059251 -0.269268 0.057941
v 0.063809 -0.301684 0.062498
v 0.000975 -0.238542 0.062305
v 0.043367 -0.238542 0.044745
v 0.024092 -0.220298 0.025471
v 0.000975 -0.220298 0.035046
v 0.000931 -0.226304 -0.363232
v 0.000931 -0.162286 -0.341800
v 0.241031 -0.162286 -0.242348
v 0.256186 -0.226304 -0.257502
v -0.000945 -0.267433 0.082095
v -0.000945 -0.239979 0.063763
v -0.044418 -0.239979 0.045756
v -0.057381 -0.267433 0.058718
v 0.000975 -0.366794 -0.062305
v 0.043367 -0.366794 -0.044745
v 0.023998 -0.385114 -0.025377
v 0.000975 -0.385114 -0.034913
v 0.057941 -0.336069 -0.059251
v 0.000926 -0.336069 -0.082867
v 0.000926 -0.303652 -0.089313
v 0.062498 -0.303652 -0.063809
v 0.241031 -0.292232 -0.242348
v 0.000931 -0.292232 -0.341800
v 0.000931 -0.228214 -0.363232
v 0.256186 -0.228214 -0.257502
v -0.242348 -0.292232 -0.241031
v -0.341800 -0.292232 -0.000931
v -0.363232 -0.228214 -0.000931
v -0.257502 -0.228214 -0.256186
v 0.339957 -0.160295 -0.000985
v 0.241083 -0.160295 -0.239689
v 0.223694 -0.149005 -0.222300
v 0.315364 -0.149005 -0.000985
v -0.222300 -0.149005 0.223694
v -0.239689 -0.160295 0.241083
v -0.000985 -0.160295 0.339957
v -0.000985 -0.149005 0.315364
v 0.222300 -0.305513 -0.223694
v 0.000985 -0.305513 -0.315364
v 0.000985 -0.294223 -0.339957
v 0.239689 -0.294223 -0.241083
v -0.223694 -0.149005 -0.222300
v -0.241083 -0.160295 -0.239689
v -0.339957 -0.160295 -0.000985
v -0.315364 -0.149005 -0.000985
v -0.059251 -0.269268 0.057941
v -0.082867 -0.269268 0.000926
v -0.089313 -0.301684 0.000926
v -0.063809 -0.301684 0.062498
v -0.000975 -0.238542 -0.062305
v -0.043367 -0.238542 -0.044745
v -0.024092 -0.220298 -0.025471
v -0.000975 -0.220298 -0.035046
v 0.082095 -0.337904 -0.000945
v 0.063763 -0.365357 -0.000945
v 0.045756 -0.365357 -0.044418
v 0.058718 -0.337904 -0.057381
v 0.000975 -0.238542 -0.062305
v 0.000975 -0.220298 -0.035046
v 0.024092 -0.220298 -0.025471
v 0.043367 -0.238542 -0.044745
v 0.044418 -0.365357 -0.045756
v 0.000945 -0.365357 -0.063763
v 0.000945 -0.337904 -0.082095
v 0.057381 -0.337904 -0.058718
v 0.000926 -0.336069 0.082867
v 0.057941 -0.336069 0.059251
v 0.062498 -0.303652 0.063809
v 0.000926 -0.303652 0.089313
v -0.025471 -0.220298 -0.024092
v -0.044745 -0.238542 -0.043367
v -0.062305 -0.238542 -0.000975
v -0.035046 -0.220298 -0.000975
v -0.241031 -0.292232 -0.242348
v -0.256186 -0.228214 -0.257502
v -0.000931 -0.228214 -0.363232
v -0.000931 -0.292232 -0.341800
v -0.044418 -0.365357 0.045756
v -0.000945 -0.365357 0.063763
v -0.000945 -0.337904 0.082095
v -0.057381 -0.337904 0.058718
v 0.066128 0.092304 0.001415
v 0.090068 0.082743 0.026478
v 0.130974 0.280550 0.026479
v 0.105383 0.282882 0.001418
v 0.000997 -0.391999 0.002406
v 0.022608 -0.385911 0.024017
v 0.000997 -0.385911 0.032969
v -0.000997 -0.391999 0.002406
v -0.000997 -0.385911 0.032969
v -0.022608 -0.385911 0.024017
v 0.002406 -0.391999 0.000997
v 0.032969 -0.385911 0.000997
v 0.024017 -0.385911 0.022608
v 0.242348 -0.292232 0.241031
v 0.341800 -0.292232 0.000931
v 0.363232 -0.228214 0.000931
v 0.257502 -0.228214 0.256186
v 0.002406 -0.391999 -0.000997
v 0.024017 -0.385911 -0.022608
v 0.032969 -0.385911 -0.000997
v -0.002406 -0.391999 0.000997
v -0.024017 -0.385911 0.022608
v -0.032969 -0.385911 0.000997
v 0.000945 -0.267433 0.082095
v 0.057381 -0.267433 0.058718
v 0.044418 -0.239979 0.045756
v 0.000945 -0.239979 0.063763
v 0.000997 -0.391999 -0.002406
v 0.000997 -0.385911 -0.032969
v 0.022608 -0.385911 -0.024017
v -0.002406 -0.391999 -0.000997
v -0.032969 -0.385911 -0.000997
v -0.024017 -0.385911 -0.022608
v -0.000997 -0.391999 -0.002406
v -0.022608 -0.385911 -0.024017
v -0.000997 -0.385911 -0.032969
v 0.062305 -0.238542 -0.000975
v 0.044745 -0.238542 -0.043367
v 0.025471 -0.220298 -0.024092
v 0.035046 -0.220298 -0.000975
v -0.043367 -0.366794 -0.044745
v -0.000975 -0.366794 -0.062305
v -0.000975 -0.385114 -0.034913
v -0.023998 -0.385114 -0.025377
v -0.000975 -0.366794 0.062305
v -0.043367 -0.366794 0.044745
v -0.023998 -0.385114 0.025377
v -0.000975 -0.385114 0.034913
v -0.062305 -0.366794 -0.000975
v -0.044745 -0.366794 -0.043367
v -0.025377 -0.385114 -0.023998
v -0.034913 -0.385114 -0.000975
v -0.363232 -0.226304 -0.000931
v -0.341800 -0.162286 -0.000931
v -0.242348 -0.162286 -0.241031
v -0.257502 -0.226304 -0.256186
v 0.000985 -0.160295 -0.339957
v 0.000985 -0.149005 -0.315364
v 0.222300 -0.149005 -0.223694
v 0.239689 -0.160295 -0.241083
v 0.223694 -0.305513 0.222300
v 0.315364 -0.305513 0.000985
v 0.339957 -0.294223 0.000985
v 0.241083 -0.294223 0.239689
v 0.000985 -0.294223 0.339957
v 0.000985 -0.305513 0.315364
v 0.222300 -0.305513 0.223694
v 0.239689 -0.294223 0.241083
v -0.059251 -0.336069 -0.057941
v -0.082867 -0.336069 -0.000926
v -0.089313 -0.303652 -0.000926
v -0.063809 -0.303652 -0.062498
v 0.000945 -0.365357 0.063763
v 0.044418 -0.365357 0.045756
v 0.057381 -0.337904 0.058718
v 0.000945 -0.337904 0.082095
v -0.000926 -0.303652 -0.089313
v -0.000926 -0.336069 -0.082867
v -0.057941 -0.336069 -0.059251
v -0.062498 -0.303652 -0.063809
v -0.000985 -0.294223 0.339957
v -0.239689 -0.294223 0.241083
v -0.222300 -0.305513 0.223694
v -0.000985 -0.305513 0.315364
v -0.062305 -0.366794 0.000975
v -0.034913 -0.385114 0.000975
v -0.025377 -0.385114 0.023998
v -0.044745 -0.366794 0.043367
v 0.000988 0.391371 -0.001401
v 0.103529 0.368637 -0.001456
v 0.088219 0.350243 -0.026366
v 0.000991 0.366976 -0.026445
v -0.000988 0.391371 -0.001401
v -0.000991 0.366976 -0.026445
v -0.088219 0.350243 -0.026366
v -0.103529 0.368637 -0.001456
v 0.105219 0.367655 -0.001423
v 0.146223 0.317947 -0.001426
v 0.123077 0.310369 -0.026437
v 0.089891 0.349249 -0.026406
v -0.105219 0.367655 -0.001423
v -0.089891 0.349249 -0.026406
v -0.123077 0.310369 -0.026437
v -0.146223 0.317947 -0.001426
v -0.157147 0.280104 0.001413
v -0.124813 0.308877 0.025576
v -0.147169 0.316192 0.001402
v 0.157147 0.280104 0.001413
v 0.147169 0.316192 0.001402
v 0.124813 0.308878 0.025576
v -0.124625 0.306990 0.026414
v -0.155871 0.279176 0.003066
v -0.133662 0.282463 0.026392
v 0.092781 0.081919 0.026431
v 0.115013 0.072720 0.001417
v 0.157603 0.276971 0.001417
v 0.133786 0.280494 0.026433
v 0.155871 0.279176 0.003066
v 0.124625 0.306990 0.026414
v 0.133662 0.282463 0.026392
v -0.092781 0.081919 -0.026431
v -0.115013 0.072720 -0.001417
v -0.157603 0.276971 -0.001417
v -0.133786 0.280494 -0.026433
v -0.105219 0.367655 0.001423
v -0.146223 0.317947 0.001426
v -0.123077 0.310369 0.026437
v -0.089891 0.349249 0.026406
v -0.124813 0.308878 -0.025576
v -0.157147 0.280104 -0.001413
v -0.147169 0.316192 -0.001402
v -0.155871 0.279176 -0.003066
v -0.124625 0.306990 -0.026414
v -0.133662 0.282463 -0.026392
v 0.157603 0.276971 -0.001417
v 0.115013 0.072720 -0.001417
v 0.092781 0.081919 -0.026431
v 0.133786 0.280494 -0.026433
v -0.000988 0.391371 0.001401
v -0.103529 0.368637 0.001456
v -0.088219 0.350243 0.026366
v -0.000991 0.366976 0.026445
v 0.071027 0.327084 0.001454
v 0.086592 0.347844 0.026424
v 0.000991 0.364100 0.026487
v 0.000994 0.338369 0.001403
v 0.157147 0.280104 -0.001413
v 0.124813 0.308877 -0.025576
v 0.147169 0.316192 -0.001402
v 0.124625 0.306990 -0.026414
v 0.155871 0.279176 -0.003066
v 0.133662 0.282463 -0.026392
v 0.123077 0.310369 0.026436
v 0.146223 0.317947 0.001426
v 0.105219 0.367655 0.001423
v 0.089891 0.349249 0.026406
v 0.000926 -0.301684 0.089313
v 0.062498 -0.301684 0.063809
v 0.057941 -0.269268 0.059251
v 0.000926 -0.269268 0.082867
v 0.241031 -0.162286 0.242348
v 0.000931 -0.162286 0.341800
v 0.000931 -0.226304 0.363232
v 0.256186 -0.226304 0.257502
v -0.241031 -0.162286 0.242348
v -0.256186 -0.226304 0.257502
v -0.000931 -0.226304 0.363232
v -0.000931 -0.162286 0.341800
v 0.057941 -0.269268 -0.059251
v 0.062498 -0.301684 -0.063808
v 0.000926 -0.301684 -0.089313
v 0.000926 -0.269268 -0.082867
v -0.242348 -0.292232 0.241031
v -0.257502 -0.228214 0.256186
v -0.363232 -0.228214 0.000931
v -0.341800 -0.292232 0.000931
v 0.000931 -0.228214 0.363232
v 0.000931 -0.292232 0.341800
v 0.241031 -0.292232 0.242348
v 0.256186 -0.228214 0.257502
v -0.045756 -0.239979 -0.044418
v -0.058718 -0.267433 -0.057381
v -0.082095 -0.267433 -0.000945
v -0.063763 -0.239979 -0.000945
v -0.339957 -0.294223 -0.000985
v -0.241083 -0.294223 -0.239689
v -0.223694 -0.305513 -0.222300
v -0.315364 -0.305513 -0.000985
v -0.025471 -0.220298 0.024092
v -0.035046 -0.220298 0.000975
v -0.062305 -0.238542 0.000975
v -0.044745 -0.238542 0.043367
v -0.000931 -0.226304 -0.363232
v -0.256186 -0.226304 -0.257502
v -0.241031 -0.162286 -0.242348
v -0.000931 -0.162286 -0.341800
v -0.000945 -0.267433 -0.082095
v -0.057381 -0.267433 -0.058718
v -0.044418 -0.239979 -0.045756
v -0.000945 -0.239979 -0.063763
v -0.242348 -0.162286 0.241031
v -0.341800 -0.162286 0.000931
v -0.363232 -0.226304 0.000931
v -0.257502 -0.226304 0.256186
v 0.089313 -0.301684 -0.000926
v 0.063809 -0.301684 -0.062498
v 0.059251 -0.269268 -0.057941
v 0.082867 -0.269268 -0.000926
v -0.000926 -0.301684 0.089313
v -0.000926 -0.269268 0.082867
v -0.057941 -0.269268 0.059251
v -0.062498 -0.301684 0.063809
v 0.000975 -0.366794 0.062305
v 0.000975 -0.385114 0.034913
v 0.023998 -0.385114 0.025377
v 0.043367 -0.366794 0.044745
v -0.000924 -0.219543 -0.034634
v -0.023837 -0.219543 -0.025144
v -0.023837 0.097323 -0.025144
v -0.000924 0.097323 -0.034634
v -0.034634 -0.219543 -0.000924
v -0.034634 0.097323 -0.000924
v -0.025144 0.097323 -0.023837
v -0.025144 -0.219543 -0.023837
v -0.025144 -0.219543 0.023837
v -0.025144 0.097323 0.023837
v -0.034634 0.097323 0.000924
v -0.034634 -0.219543 0.000924
v 0.023837 0.097323 -0.025144
v 0.023837 -0.219543 -0.025144
v 0.000924 -0.219543 -0.034634
v 0.000924 0.097323 -0.034634
v -0.000924 -0.219543 0.034634
v -0.000924 0.097323 0.034634
v -0.023837 0.097323 0.025144
v -0.023837 -0.219543 0.025144
v 0.025144 0.097323 -0.023837
v 0.034634 0.097323 -0.000924
v 0.034634 -0.219543 -0.000924
v 0.025144 -0.219543 -0.023837
v 0.023837 0.097323 0.025144
v 0.000924 0.097323 0.034634
v 0.000924 -0.219543 0.034634
v 0.023837 -0.219543 0.025144
v 0.034634 0.097323 0.000924
v 0.025144 0.097323 0.023837
v 0.025144 -0.219543 0.023837
v 0.034634 -0.219543 0.000924
v 0.058718 -0.267433 0.057381
v 0.082095 -0.267433 0.000946
v 0.063763 -0.239979 0.000946
v 0.045756 -0.239979 0.044418
v 0.223694 -0.305513 -0.222300
v 0.241083 -0.294223 -0.239689
v 0.339957 -0.294223 -0.000985
v 0.315364 -0.305513 -0.000985
v -0.000931 -0.228214 0.363232
v -0.256186 -0.228214 0.257502
v -0.241031 -0.292232 0.242348
v -0.000931 -0.292232 0.341800
v 0.089313 -0.303652 -0.000926
v 0.082867 -0.336069 -0.000926
v 0.059251 -0.336069 -0.057941
v 0.063809 -0.303652 -0.062498
v -0.000926 -0.301684 -0.089313
v -0.062498 -0.301684 -0.063808
v -0.057941 -0.269268 -0.059251
v -0.000926 -0.269268 -0.082867
v -0.222300 -0.305513 -0.223694
v -0.239689 -0.294223 -0.241083
v -0.000985 -0.294223 -0.339957
v -0.000985 -0.305513 -0.315364
v 0.222300 -0.149005 0.223694
v 0.000985 -0.149005 0.315364
v 0.000985 -0.160295 0.339957
v 0.239689 -0.160295 0.241083
v -0.339957 -0.294223 0.000985
v -0.315364 -0.305513 0.000985
v -0.223694 -0.305513 0.222300
v -0.241083 -0.294223 0.239689
v -0.000985 -0.160295 -0.339957
v -0.239689 -0.160295 -0.241083
v -0.222300 -0.149005 -0.223694
v -0.000985 -0.149005 -0.315364
v 0.088303 0.346900 -0.026454
v 0.120462 0.309153 -0.026469
v 0.096648 0.300355 -0.001432
v 0.072739 0.326146 -0.001417
v -0.000991 0.364100 -0.026487
v -0.000994 0.338369 -0.001404
v -0.071027 0.327084 -0.001454
v -0.086592 0.347844 -0.026424
v -0.119352 0.306652 0.024103
v -0.104819 0.285541 0.001423
v -0.097803 0.298697 0.001407
v -0.106502 0.284732 0.002674
v -0.121739 0.306885 0.026460
v -0.130779 0.282522 0.026447
v -0.090068 0.082743 -0.026478
v -0.130974 0.280550 -0.026479
v -0.105383 0.282882 -0.001418
v -0.066128 0.092304 -0.001415
v -0.071027 0.327084 0.001454
v -0.000994 0.338369 0.001403
v -0.000991 0.364100 0.026487
v -0.086592 0.347844 0.026424
v -0.088303 0.346900 -0.026454
v -0.072739 0.326146 -0.001417
v -0.096648 0.300355 -0.001432
v -0.120462 0.309153 -0.026469
v 0.104819 0.285541 0.001423
v 0.119352 0.306652 0.024103
v 0.097803 0.298697 0.001407
v 0.121739 0.306885 0.026460
v 0.106502 0.284732 0.002674
v 0.130779 0.282522 0.026447
v 0.130974 0.280550 -0.026479
v 0.090068 0.082743 -0.026478
v 0.066128 0.092304 -0.001415
v 0.105383 0.282882 -0.001418
v -0.088303 0.346900 0.026454
v -0.120462 0.309153 0.026469
v -0.096648 0.300355 0.001432
v -0.072739 0.326146 0.001417
v -0.104819 0.285541 -0.001423
v -0.119352 0.306652 -0.024103
v -0.097803 0.298697 -0.001407
v -0.121739 0.306885 -0.026460
v -0.106502 0.284732 -0.002674
v -0.130779 0.282522 -0.026447
v -0.157603 0.276971 0.001417
v -0.115013 0.072720 0.001417
v -0.092781 0.081919 0.026431
v -0.133786 0.280494 0.026433
v 0.000991 0.364100 -0.026487
v 0.086592 0.347844 -0.026424
v 0.071027 0.327084 -0.001454
v 0.000994 0.338369 -0.001404
v 0.096648 0.300355 0.001432
v 0.120462 0.309153 0.026469
v 0.088303 0.346900 0.026454
v 0.072739 0.326146 0.001417
v 0.088219 0.350243 0.026366
v 0.103529 0.368637 0.001456
v 0.000988 0.391371 0.001401
v 0.000991 0.366976 0.026445
v 0.097803 0.298697 -0.001407
v 0.119352 0.306652 -0.024103
v 0.104819 0.285541 -0.001423
v 0.121739 0.306885 -0.026460
v 0.130779 0.282522 -0.026447
v 0.106502 0.284732 -0.002674
v -0.130974 0.280550 0.026479
v -0.090068 0.082743 0.026478
v -0.066128 0.092304 0.001415
v -0.105383 0.282882 0.001418
v -0.223694 -0.149005 0.222300
v -0.315364 -0.149005 0.000985
v -0.339957 -0.160295 0.000985
v -0.241083 -0.160295 0.239689
vn 0.4105 -0.6277 -0.6614
vn -0.1774 -0.6277 0.7580
vn 0.6433 0.4150 0.6433
vn 0.9098 0.4150 -0.0000
vn -0.9391 -0.3437 -0.0000
vn -0.6640 -0.3437 -0.6640
vn -0.7711 0.5324 0.3492
vn 0.4708 0.7462 0.4708
vn -0.5382 -0.6485 -0.5382
vn -0.2983 0.5324 -0.7922
vn 0.6658 0.7462 -0.0000
vn -0.7612 -0.6485 -0.0000
vn 0.1655 -0.6804 0.7139
vn -0.0784 0.6476 0.7579
vn 1.0000 -0.0000 -0.0000
vn -1.0000 -0.0000 -0.0000
vn -0.5913 0.6476 -0.4805
vn 0.6433 0.4150 -0.6433
vn -0.6640 -0.3437 0.6640
vn -0.3878 -0.6804 -0.6218
vn 0.7071 -0.0000 -0.7071
vn -0.7071 -0.0000 0.7071
vn -0.6287 0.4845 0.6082
vn 0.4386 -0.3835 0.8127
vn -0.1344 -0.9909 -0.0000
vn -0.6659 -0.7461 -0.0000
vn 0.7613 0.6483 -0.0000
vn 0.8524 0.5229 -0.0000
vn 0.8849 -0.3835 -0.2646
vn -0.0950 -0.9909 -0.0950
vn 0.6027 0.5229 0.6027
vn -0.0145 0.4845 -0.8747
vn -0.4708 -0.7461 -0.4708
vn 0.5384 0.6483 0.5384
vn 0.5913 0.6476 -0.4805
vn 0.0784 0.6476 0.7579
vn -0.9098 0.4150 -0.0000
vn -0.6433 0.4150 -0.6433
vn 0.6640 -0.3437 0.6640
vn 0.9391 -0.3437 -0.0000
vn -0.1655 -0.6804 0.7139
vn 0.3878 -0.6804 -0.6218
vn -0.7071 -0.0000 -0.7071
vn 0.7071 -0.0000 0.7071
vn -0.1979 0.6800 0.7060
vn 0.0938 -0.6478 0.7560
vn -0.6940 -0.7199 -0.0000
vn 0.9930 -0.1184 -0.0000
vn 0.6009 -0.6478 -0.4683
vn -0.4908 -0.7199 -0.4908
vn 0.7021 -0.1185 0.7021
vn 0.3592 0.6800 -0.6391
vn -0.3492 -0.5324 -0.7711
vn -0.7580 0.6277 -0.1774
vn -0.6433 -0.4150 0.6433
vn -0.4708 -0.7461 0.4708
vn 0.5384 0.6483 -0.5384
vn 0.6640 0.3437 -0.6640
vn 0.6614 0.6277 0.4105
vn -0.0000 -0.4150 0.9098
vn -0.0000 0.3437 -0.9391
vn 0.7922 -0.5324 -0.2983
vn -0.0000 -0.7461 0.6659
vn -0.0000 0.6483 -0.7613
vn -0.4105 0.6277 -0.6614
vn 0.1774 0.6277 0.7580
vn -0.9098 -0.4150 -0.0000
vn 0.9391 0.3437 -0.0000
vn 0.7711 -0.5324 0.3492
vn 0.2983 -0.5324 -0.7922
vn 0.7580 -0.6277 -0.1774
vn -0.6614 -0.6277 0.4105
vn -0.0000 0.4150 0.9098
vn -0.0000 -0.3437 -0.9391
vn -0.7922 0.5324 -0.2983
vn -0.0000 0.7462 0.6658
vn -0.0000 -0.6485 -0.7612
vn 0.3492 0.5324 -0.7711
vn 0.9076 0.3396 -0.2469
vn 0.4672 0.3396 0.8164
vn -0.3259 0.9454 -0.0000
vn -0.2305 0.9454 -0.2305
vn 0.3405 -0.8765 0.3405
vn 0.4815 -0.8765 -0.0000
vn -0.6298 -0.4853 0.6065
vn -0.6658 0.7462 -0.0000
vn 0.7612 -0.6485 -0.0000
vn -0.0165 -0.4853 -0.8742
vn -0.4708 0.7462 -0.4708
vn 0.5382 -0.6485 0.5382
vn -0.7711 -0.5324 -0.3492
vn -0.2983 -0.5324 0.7922
vn 0.6659 -0.7461 -0.0000
vn 0.4708 -0.7461 -0.4708
vn -0.5384 0.6483 0.5384
vn -0.7613 0.6483 -0.0000
vn 0.4105 0.6277 0.6614
vn 0.9098 -0.4150 -0.0000
vn -0.9391 0.3437 -0.0000
vn -0.1774 0.6277 -0.7580
vn 0.6433 -0.4150 -0.6433
vn -0.6640 0.3437 0.6640
vn 0.6009 0.6478 0.4683
vn 0.3592 -0.6800 0.6391
vn -0.4908 0.7199 0.4907
vn 0.7021 0.1185 -0.7021
vn -0.1979 -0.6800 -0.7060
vn 0.0938 0.6478 -0.7560
vn -0.6940 0.7199 -0.0000
vn 0.9930 0.1184 -0.0000
vn -0.0165 -0.4853 0.8742
vn -0.6298 -0.4853 -0.6065
vn -0.4708 0.7462 0.4708
vn 0.5382 -0.6485 -0.5382
vn 0.4672 0.3396 -0.8164
vn 0.9076 0.3396 0.2469
vn -0.2305 0.9454 0.2305
vn 0.3405 -0.8765 -0.3405
vn -0.7589 0.3057 0.5749
vn 0.4911 -0.2880 0.8221
vn 0.0176 -0.9998 -0.0000
vn -0.7675 -0.6411 -0.0000
vn -0.0024 1.0000 -0.0000
vn 0.7582 0.6520 -0.0000
vn 0.9286 -0.2880 -0.2341
vn 0.0124 -0.9998 0.0124
vn 0.5361 0.6520 0.5361
vn -0.1301 0.3057 -0.9432
vn -0.5427 -0.6411 -0.5427
vn -0.0017 1.0000 -0.0017
vn -0.3878 0.6804 0.6218
vn 0.1655 0.6804 -0.7139
vn -0.0784 -0.6476 -0.7579
vn -0.5913 -0.6476 0.4805
vn 0.6433 -0.4150 0.6433
vn -0.6640 0.3437 -0.6640
vn -0.6082 0.4845 -0.6287
vn -0.8127 -0.3835 0.4386
vn -0.0000 -0.9909 -0.1344
vn -0.0000 -0.7461 -0.6659
vn -0.0000 0.6483 0.7613
vn -0.0000 0.5229 0.8524
vn 0.2646 -0.3835 0.8849
vn 0.0950 -0.9909 -0.0950
vn -0.6027 0.5229 0.6027
vn 0.8747 0.4845 -0.0145
vn 0.4105 -0.6277 0.6614
vn -0.2983 0.5324 0.7922
vn -0.7711 0.5324 -0.3492
vn 0.4708 0.7462 -0.4708
vn -0.5382 -0.6485 0.5382
vn -0.1774 -0.6277 -0.7580
vn 0.4805 0.6476 0.5913
vn -0.7579 0.6476 0.0783
vn -0.0000 0.4150 -0.9098
vn -0.0000 -0.3437 0.9391
vn -0.7139 -0.6804 -0.1655
vn -0.0000 -0.0000 -1.0000
vn -0.0000 -0.0000 1.0000
vn 0.6218 -0.6804 0.3878
vn 0.7711 0.5324 -0.3492
vn 0.2983 0.5324 0.7922
vn -0.4105 -0.6277 0.6614
vn 0.1774 -0.6277 -0.7580
vn -0.1979 0.6800 -0.7060
vn 0.3592 0.6800 0.6391
vn 0.6009 -0.6478 0.4683
vn -0.4908 -0.7199 0.4908
vn 0.7021 -0.1185 -0.7021
vn 0.0938 -0.6478 -0.7560
vn -0.1655 0.6804 0.7139
vn 0.0784 -0.6476 0.7579
vn 0.5913 -0.6476 -0.4805
vn -0.6433 -0.4150 -0.6433
vn 0.6640 0.3437 0.6640
vn 0.3878 0.6804 -0.6218
vn 0.6082 0.4845 -0.6287
vn -0.8747 0.4845 -0.0145
vn -0.2646 -0.3835 0.8849
vn 0.8127 -0.3835 0.4386
vn 0.7060 0.6800 0.1979
vn 0.7560 -0.6478 -0.0938
vn -0.0000 -0.7199 0.6940
vn -0.0000 -0.1185 -0.9930
vn -0.4683 -0.6478 -0.6009
vn -0.6391 0.6800 -0.3593
vn -0.6614 0.6277 -0.4105
vn -0.7922 -0.5324 0.2983
vn -0.0000 -0.4150 -0.9098
vn -0.0000 0.3437 0.9391
vn 0.3492 -0.5324 0.7711
vn 0.7580 0.6277 0.1774
vn 0.6065 -0.4853 0.6298
vn -0.8742 -0.4853 0.0165
vn -0.2469 0.3396 -0.9076
vn 0.8164 0.3396 -0.4672
vn -0.0000 0.9454 0.3259
vn -0.0000 -0.8765 -0.4815
vn -0.4805 0.6476 -0.5913
vn 0.7579 0.6476 -0.0783
vn -0.6433 0.4150 0.6433
vn 0.6640 -0.3437 -0.6640
vn 0.7139 -0.6804 0.1655
vn -0.6218 -0.6804 -0.3878
vn -0.4683 0.6478 -0.6009
vn 0.7560 0.6478 -0.0938
vn -0.0000 0.7200 0.6940
vn -0.0000 0.1185 -0.9930
vn 0.7060 -0.6800 0.1979
vn -0.6391 -0.6800 -0.3593
vn -0.6009 0.6478 0.4683
vn -0.0938 0.6478 -0.7560
vn 0.6940 0.7199 -0.0000
vn 0.4908 0.7199 0.4907
vn -0.7021 0.1185 -0.7021
vn -0.9930 0.1184 -0.0000
vn 0.1979 -0.6800 -0.7060
vn -0.3592 -0.6800 0.6391
vn -0.7589 0.3057 -0.5749
vn -0.1301 0.3057 0.9432
vn -0.5427 -0.6411 0.5427
vn -0.0017 1.0000 0.0017
vn 0.9286 -0.2880 0.2341
vn 0.0124 -0.9998 -0.0124
vn 0.5361 0.6520 -0.5361
vn 0.4911 -0.2880 -0.8221
vn 0.2341 -0.2880 0.9286
vn 0.9432 0.3057 -0.1301
vn 0.5427 -0.6411 -0.5427
vn -0.0124 -0.9998 0.0124
vn -0.5361 0.6520 0.5361
vn 0.0017 1.0000 -0.0017
vn -0.5749 0.3057 -0.7589
vn -0.0000 -0.6411 -0.7675
vn -0.0000 1.0000 -0.0024
vn -0.8221 -0.2880 0.4911
vn -0.0000 -0.9998 0.0176
vn -0.0000 0.6520 0.7582
vn -0.2341 0.2880 -0.9286
vn 0.8221 0.2880 -0.4911
vn -0.0000 0.9998 -0.0176
vn 0.0124 0.9998 -0.0124
vn 0.5361 -0.6520 -0.5361
vn -0.0000 -0.6520 -0.7582
vn 0.5749 -0.3057 0.7589
vn -0.0000 0.6411 0.7675
vn -0.0000 -1.0000 0.0024
vn -0.9432 -0.3057 0.1301
vn -0.5427 0.6411 0.5427
vn -0.0017 -1.0000 0.0017
vn -0.9286 -0.2880 0.2341
vn 0.1301 0.3057 0.9432
vn 0.5427 -0.6411 0.5427
vn -0.0124 -0.9998 -0.0124
vn -0.5361 0.6520 -0.5361
vn 0.0017 1.0000 0.0017
vn 0.7589 0.3057 -0.5749
vn 0.7675 -0.6411 -0.0000
vn 0.0024 1.0000 -0.0000
vn -0.4911 -0.2880 -0.8221
vn -0.0176 -0.9998 -0.0000
vn -0.7582 0.6520 -0.0000
vn -0.5913 -0.6476 -0.4805
vn -0.0784 -0.6476 0.7579
vn 0.1655 0.6804 0.7139
vn -0.3878 0.6804 -0.6218
vn -0.6082 0.4845 0.6287
vn 0.8747 0.4845 0.0145
vn 0.4708 -0.7461 0.4708
vn -0.5384 0.6483 -0.5384
vn 0.2646 -0.3835 -0.8849
vn 0.0950 -0.9909 0.0950
vn -0.6027 0.5229 -0.6027
vn -0.8127 -0.3835 -0.4386
vn -0.0000 -0.9909 0.1344
vn -0.0000 0.5229 -0.8524
vn -0.4105 -0.6277 -0.6614
vn 0.2983 0.5324 -0.7922
vn 0.7711 0.5324 0.3492
vn 0.1774 -0.6277 0.7580
vn 0.6082 0.4845 0.6287
vn 0.8127 -0.3835 -0.4386
vn -0.2646 -0.3835 -0.8849
vn -0.0950 -0.9909 0.0950
vn 0.6027 0.5229 -0.6027
vn -0.8747 0.4845 0.0145
vn -0.3492 0.5323 -0.7711
vn 0.7922 0.5324 -0.2983
vn 0.6614 -0.6277 0.4105
vn -0.7580 -0.6277 -0.1774
vn 0.7579 0.6476 0.0783
vn -0.4805 0.6476 0.5913
vn -0.6218 -0.6804 0.3878
vn 0.7139 -0.6804 -0.1655
vn -0.8849 -0.3835 0.2646
vn 0.0145 0.4845 0.8747
vn 0.6287 0.4845 -0.6082
vn -0.4386 -0.3835 -0.8127
vn 0.1344 -0.9909 -0.0000
vn -0.8524 0.5229 -0.0000
vn 0.4683 0.6478 -0.6009
vn 0.6391 -0.6800 -0.3593
vn -0.7060 -0.6800 0.1979
vn -0.7560 0.6478 -0.0938
vn 0.3492 0.5323 0.7711
vn -0.7922 0.5324 0.2983
vn -0.0000 0.7462 -0.6658
vn -0.0000 -0.6485 0.7612
vn -0.6614 -0.6277 -0.4105
vn 0.7580 -0.6277 0.1774
vn 0.6602 0.5412 0.5208
vn -0.3118 0.8324 -0.4580
vn 0.4018 0.3401 -0.8502
vn 0.9421 0.2098 -0.2616
vn -0.1548 0.4375 0.8858
vn -0.7425 0.5746 0.3443
vn -0.5440 -0.6333 -0.5505
vn 0.3346 0.0149 -0.9422
vn -0.9405 -0.1040 0.3235
vn 0.4504 -0.7822 0.4305
vn 0.8715 0.0684 -0.4855
vn -0.4143 -0.1317 0.9006
vn 0.3811 0.0899 0.9201
vn -0.9525 -0.2590 -0.1600
vn -0.0000 1.0000 -0.0000
vn -0.0000 -1.0000 -0.0000
vn 0.5604 -0.2590 -0.7866
vn -0.0000 0.9454 -0.3259
vn -0.0000 -0.8765 0.4815
vn -0.3811 0.0899 0.9201
vn -0.5604 -0.2590 -0.7866
vn 0.9525 -0.2590 -0.1600
vn 0.2305 0.9454 -0.2305
vn -0.3405 -0.8765 0.3405
vn 0.9201 0.0900 0.3811
vn -0.7866 -0.2590 0.5604
vn -0.1600 -0.2590 -0.9525
vn 0.6009 0.6478 -0.4683
vn 0.0938 0.6478 0.7560
vn -0.4908 0.7199 -0.4907
vn 0.7021 0.1185 0.7021
vn -0.1979 -0.6800 0.7060
vn 0.3592 -0.6800 -0.6391
vn 0.9201 0.0900 -0.3811
vn -0.1600 -0.2590 0.9525
vn -0.7867 -0.2590 -0.5604
vn -0.9201 0.0900 0.3811
vn 0.1600 -0.2590 -0.9525
vn 0.7867 -0.2590 0.5604
vn 0.3259 0.9454 -0.0000
vn -0.4815 -0.8765 -0.0000
vn 0.6614 0.6277 -0.4105
vn -0.7580 0.6277 0.1774
vn -0.3492 -0.5324 0.7711
vn 0.7922 -0.5324 0.2983
vn 0.3811 0.0899 -0.9201
vn 0.5604 -0.2590 0.7866
vn -0.9525 -0.2590 0.1600
vn -0.9201 0.0900 -0.3811
vn 0.7866 -0.2590 -0.5604
vn 0.1600 -0.2590 0.9525
vn 0.2305 0.9454 0.2304
vn -0.3405 -0.8765 -0.3405
vn -0.3811 0.0899 -0.9201
vn 0.9525 -0.2590 0.1600
vn -0.5604 -0.2590 0.7866
vn -0.6287 0.4845 -0.6082
vn -0.0145 0.4845 0.8747
vn 0.8849 -0.3835 0.2646
vn 0.4386 -0.3835 -0.8127
vn 0.8742 -0.4853 0.0165
vn -0.6065 -0.4853 0.6298
vn -0.8164 0.3396 -0.4672
vn 0.2469 0.3396 -0.9076
vn -0.6065 -0.4853 -0.6298
vn 0.8742 -0.4853 -0.0165
vn 0.2469 0.3396 0.9076
vn -0.8164 0.3396 0.4672
vn 0.6298 -0.4853 -0.6065
vn 0.0165 -0.4853 0.8742
vn -0.9076 0.3396 0.2469
vn -0.4672 0.3396 -0.8164
vn 0.1979 0.6800 -0.7060
vn -0.0938 -0.6478 -0.7560
vn 0.6940 -0.7199 -0.0000
vn -0.9930 -0.1184 -0.0000
vn -0.6009 -0.6478 0.4683
vn 0.4908 -0.7199 0.4908
vn -0.7021 -0.1185 -0.7021
vn -0.3592 0.6800 0.6391
vn 0.5749 0.3057 0.7589
vn 0.8221 -0.2880 -0.4911
vn -0.0000 -0.9998 -0.0176
vn -0.0000 -0.6411 0.7675
vn -0.0000 1.0000 0.0024
vn -0.0000 0.6520 -0.7582
vn -0.2341 -0.2880 -0.9286
vn -0.9432 0.3057 0.1301
vn 0.9286 0.2880 -0.2341
vn 0.4911 0.2880 0.8221
vn 0.0175 0.9998 -0.0000
vn 0.0124 0.9998 0.0124
vn 0.5361 -0.6520 0.5361
vn 0.7582 -0.6520 -0.0000
vn -0.7589 -0.3057 0.5749
vn -0.7675 0.6411 -0.0000
vn -0.0024 -1.0000 -0.0000
vn -0.1301 -0.3057 -0.9432
vn -0.5427 0.6411 -0.5427
vn -0.0017 -1.0000 -0.0017
vn 0.5749 -0.3057 -0.7589
vn 0.8221 0.2880 0.4911
vn -0.0000 0.9998 0.0176
vn -0.0000 0.6411 -0.7675
vn -0.0000 -1.0000 -0.0024
vn -0.0000 -0.6520 0.7582
vn -0.2341 0.2880 0.9286
vn -0.9432 -0.3057 -0.1301
vn -0.5913 0.6476 0.4805
vn -0.0784 0.6476 -0.7579
vn 0.1655 -0.6804 -0.7139
vn -0.3878 -0.6804 0.6218
vn 0.7922 0.5324 0.2983
vn -0.3492 0.5324 0.7711
vn -0.7580 -0.6277 0.1774
vn 0.6614 -0.6277 -0.4105
vn -0.7139 -0.6804 0.1655
vn -0.7579 0.6476 -0.0783
vn 0.4805 0.6476 -0.5913
vn 0.6218 -0.6804 -0.3878
vn -0.5749 -0.3057 -0.7589
vn 0.9432 -0.3057 -0.1301
vn 0.5427 0.6411 -0.5427
vn 0.0017 -1.0000 -0.0017
vn 0.2341 0.2880 0.9286
vn -0.0124 0.9998 0.0124
vn -0.5361 -0.6520 0.5361
vn -0.8221 0.2880 0.4911
vn 0.6298 -0.4853 0.6065
vn -0.4672 0.3396 0.8164
vn -0.9076 0.3396 -0.2469
vn 0.0165 -0.4853 -0.8742
vn 0.6584 -0.5401 -0.5242
vn -0.8629 -0.1338 -0.4874
vn -0.4863 -0.8259 0.2854
vn -0.0000 -0.9549 0.2969
vn -0.0000 0.3486 -0.9373
vn 0.2066 0.2892 -0.9347
vn -0.4472 0.7217 0.5284
vn -0.1848 -0.2805 0.9419
vn 0.4491 0.8401 -0.3041
vn 0.7530 0.4150 0.5106
vn -0.0000 -0.3355 0.9421
vn -0.0000 0.9515 -0.3077
vn -0.6584 -0.5401 -0.5242
vn -0.7530 0.4150 0.5106
vn 0.4472 0.7217 0.5284
vn 0.1848 -0.2805 0.9419
vn -0.4491 0.8401 -0.3041
vn 0.8629 -0.1338 -0.4874
vn 0.4863 -0.8259 0.2854
vn -0.2066 0.2892 -0.9347
vn 0.1915 -0.8139 -0.5486
vn -0.8055 0.3686 -0.4640
vn -0.8288 -0.4657 0.3101
vn 0.3224 0.1512 -0.9344
vn 0.0511 0.8430 0.5355
vn -0.4294 -0.0647 0.9008
vn 0.7366 0.5599 -0.3794
vn 0.8742 -0.1285 0.4683
vn -0.1915 -0.8139 -0.5486
vn -0.8742 -0.1285 0.4683
vn -0.0512 0.8430 0.5355
vn 0.4293 -0.0647 0.9009
vn -0.7366 0.5599 -0.3794
vn 0.8055 0.3686 -0.4639
vn 0.8288 -0.4657 0.3101
vn -0.3224 0.1512 -0.9345
vn 0.4853 0.8323 0.2679
vn -0.7915 -0.1868 -0.5819
vn 0.4294 -0.0647 -0.9008
vn 0.9185 -0.1454 -0.3677
vn -0.4289 -0.0672 0.9009
vn -0.7366 0.5599 0.3794
vn 0.2357 -0.8136 0.5315
vn 0.8288 -0.4657 -0.3101
vn -0.3224 0.1512 0.9344
vn -0.4846 0.8325 0.2684
vn -0.2357 -0.8136 0.5315
vn -0.8288 -0.4658 -0.3101
vn -0.9186 -0.1453 -0.3676
vn 0.4288 -0.0674 0.9009
vn 0.3224 0.1512 0.9344
vn 0.7916 -0.1867 -0.5818
vn -0.4293 -0.0647 -0.9008
vn 0.7366 0.5599 0.3794
vn -0.5291 -0.8068 -0.2628
vn 0.5904 0.3971 0.7027
vn -0.3469 0.7482 -0.5655
vn 0.3586 0.0171 -0.9333
vn -0.9467 0.0889 0.3097
vn 0.6440 0.5422 -0.5397
vn -0.2947 0.8302 0.4732
vn -0.7527 0.5779 -0.3155
vn -0.1820 0.4435 -0.8776
vn 0.9513 0.2064 0.2290
vn 0.4314 0.3340 0.8380
vn -0.5599 -0.6186 0.5511
vn 0.3809 -0.7907 -0.4793
vn -0.3586 0.0171 -0.9333
vn 0.9467 0.0889 0.3097
vn -0.5902 0.3972 0.7028
vn 0.5269 -0.8083 -0.2626
vn 0.3470 0.7482 -0.5655
vn -0.6440 0.5422 0.5397
vn 0.2947 0.8302 -0.4732
vn 0.7526 0.5779 0.3155
vn 0.1820 0.4435 0.8776
vn -0.9513 0.2064 -0.2290
vn -0.4314 0.3340 -0.8380
vn 0.5600 -0.6185 -0.5512
vn 0.9186 -0.1453 0.3675
vn -0.4287 -0.0674 -0.9009
vn -0.3809 -0.7907 0.4793
vn 0.3586 0.0171 0.9333
vn -0.9467 0.0889 -0.3097
vn -0.1915 -0.8139 0.5486
vn 0.8055 0.3686 0.4640
vn 0.4863 -0.8259 -0.2854
vn -0.2066 0.2892 0.9347
vn -0.0511 0.8430 -0.5355
vn -0.8742 -0.1285 -0.4683
vn 0.1848 -0.2805 -0.9419
vn -0.4491 0.8401 0.3041
vn -0.7924 -0.1877 0.5803
vn 0.4847 0.8327 -0.2678
vn 0.2357 -0.8136 -0.5315
vn 0.5901 0.3972 -0.7028
vn -0.5269 -0.8083 0.2626
vn -0.3470 0.7482 0.5655
vn -0.5598 -0.6190 -0.5508
vn -0.2946 0.8302 -0.4732
vn -0.7527 0.5779 0.3155
vn -0.9185 -0.1454 0.3677
vn 0.4289 -0.0672 -0.9009
vn 0.4315 0.3340 -0.8380
vn 0.6440 0.5422 0.5397
vn -0.1820 0.4435 0.8776
vn 0.9513 0.2064 -0.2290
vn 0.3809 -0.7907 0.4793
vn -0.3586 0.0171 0.9333
vn 0.9467 0.0889 -0.3097
vn -0.6584 -0.5401 0.5242
vn 0.8629 -0.1338 0.4874
vn -0.0000 -0.9549 -0.2969
vn -0.0000 0.3486 0.9373
vn 0.4472 0.7217 -0.5284
vn -0.7530 0.4150 -0.5106
vn -0.0000 -0.3355 -0.9421
vn -0.0000 0.9515 0.3077
vn -0.4663 0.7240 0.5083
vn -0.8605 -0.1785 -0.4772
vn 0.1791 0.2692 -0.9463
vn 0.4174 0.8436 -0.3380
vn -0.1604 -0.2575 0.9529
vn -0.4625 -0.8266 0.3206
vn 0.6633 -0.5510 -0.5064
vn -0.0000 0.3189 -0.9478
vn -0.0000 -0.9455 0.3256
vn 0.7477 0.4427 0.4950
vn -0.0000 0.9425 -0.3343
vn -0.0000 -0.3082 0.9513
vn -0.4853 0.8323 -0.2680
vn 0.7915 -0.1868 0.5819
vn -0.2357 -0.8136 -0.5315
vn 0.5291 -0.8068 0.2628
vn -0.5904 0.3971 -0.7027
vn 0.3469 0.7482 0.5655
vn 0.0540 0.8430 -0.5351
vn -0.8055 0.3686 0.4639
vn 0.1915 -0.8139 0.5486
vn -0.4863 -0.8259 -0.2854
vn 0.2066 0.2892 0.9347
vn 0.8742 -0.1285 -0.4683
vn -0.1848 -0.2805 -0.9419
vn 0.4491 0.8401 0.3041
vn 0.7139 0.6804 -0.1655
vn -0.6218 0.6804 0.3878
vn -0.4805 -0.6476 0.5913
vn 0.7579 -0.6476 0.0784
vn -0.4683 -0.6478 0.6009
vn 0.7560 -0.6478 0.0938
vn -0.0000 -0.7199 -0.6940
vn -0.0000 -0.1185 0.9930
vn 0.7060 0.6800 -0.1979
vn -0.6391 0.6800 0.3592
vn 0.4683 -0.6478 0.6009
vn 0.6391 0.6800 0.3593
vn 0.4908 -0.7199 -0.4908
vn -0.7021 -0.1185 0.7021
vn -0.7060 0.6800 -0.1979
vn -0.7560 -0.6478 0.0938
vn -0.4805 -0.6476 -0.5913
vn -0.6218 0.6804 -0.3878
vn 0.7139 0.6804 0.1655
vn 0.7579 -0.6476 -0.0784
vn -0.6009 0.6478 -0.4683
vn -0.3592 -0.6800 -0.6391
vn 0.4908 0.7199 -0.4907
vn -0.7021 0.1185 0.7021
vn 0.1979 -0.6800 0.7060
vn -0.0938 0.6478 0.7560
vn 0.7060 -0.6800 -0.1979
vn 0.7560 0.6478 0.0938
vn -0.0000 0.7200 -0.6940
vn -0.0000 0.1185 0.9930
vn -0.4683 0.6478 0.6009
vn -0.6391 -0.6800 0.3593
vn -0.7711 -0.5324 0.3492
vn -0.1774 0.6277 0.7580
vn 0.4105 0.6277 -0.6614
vn -0.2983 -0.5324 -0.7922
vn 0.7589 -0.3057 -0.5749
vn 0.1301 -0.3057 0.9432
vn 0.5427 0.6411 0.5427
vn 0.7675 0.6411 -0.0000
vn 0.0024 -1.0000 -0.0000
vn 0.0017 -1.0000 0.0017
vn -0.9286 0.2880 0.2341
vn -0.0124 0.9998 -0.0124
vn -0.5361 -0.6520 -0.5361
vn -0.4911 0.2880 -0.8221
vn -0.0175 0.9998 -0.0000
vn -0.7582 -0.6520 -0.0000
vn -0.8849 -0.3835 -0.2646
vn -0.4386 -0.3835 0.8127
vn 0.6287 0.4845 0.6082
vn 0.0145 0.4845 -0.8747
vn -0.7060 0.6800 0.1979
vn 0.6391 0.6800 -0.3592
vn 0.4683 -0.6478 -0.6009
vn -0.7560 -0.6478 -0.0938
vn -0.6614 0.6277 0.4105
vn 0.7580 0.6277 -0.1774
vn 0.3492 -0.5324 -0.7711
vn -0.7922 -0.5324 -0.2983
vn -0.6009 -0.6478 -0.4683
vn -0.0938 -0.6478 0.7560
vn 0.1979 0.6800 0.7060
vn -0.3592 0.6800 -0.6391
vn -0.1655 0.6804 -0.7139
vn 0.3878 0.6804 0.6218
vn 0.5913 -0.6476 0.4805
vn 0.0784 -0.6476 -0.7579
vn -0.7139 0.6804 -0.1655
vn -0.7579 -0.6476 0.0784
vn 0.4805 -0.6476 0.5913
vn 0.6218 0.6804 0.3878
vn 0.6065 -0.4853 -0.6298
vn 0.8164 0.3396 0.4672
vn -0.2469 0.3396 0.9076
vn -0.8742 -0.4853 -0.0165
vn -0.7230 0.6815 0.1134
vn 0.5915 0.6815 -0.4310
vn 0.6255 0.4664 0.6255
vn -0.0000 0.4664 0.8846
vn -0.0000 0.4327 -0.9016
vn -0.6375 0.4327 -0.6375
vn 0.5915 -0.6815 -0.4310
vn 0.6255 -0.4664 0.6255
vn -0.6375 -0.4327 -0.6375
vn -0.7230 -0.6815 0.1134
vn -0.0000 -0.4664 0.8846
vn -0.0000 -0.4327 -0.9015
vn 0.1134 0.6815 -0.7230
vn 0.1134 -0.6815 -0.7230
vn 0.8846 -0.4664 -0.0000
vn 0.8846 0.4664 -0.0000
vn -0.9015 0.4327 -0.0000
vn -0.9015 -0.4327 -0.0000
vn -0.4310 -0.6815 0.5915
vn -0.4310 0.6815 0.5915
vn -0.4310 0.6815 -0.5915
vn -0.4310 -0.6815 -0.5915
vn 0.6255 -0.4664 -0.6255
vn 0.6255 0.4664 -0.6255
vn -0.6375 0.4327 0.6375
vn -0.6375 -0.4327 0.6375
vn 0.1134 -0.6815 0.7230
vn 0.1134 0.6815 0.7230
vn -0.5915 -0.6815 -0.4310
vn -0.5915 0.6815 -0.4310
vn -0.6255 0.4664 0.6255
vn -0.6255 -0.4664 0.6255
vn 0.6375 -0.4327 -0.6375
vn 0.6375 0.4327 -0.6375
vn 0.7230 0.6815 0.1134
vn 0.7230 -0.6815 0.1134
vn -0.7230 0.6815 -0.1134
vn -0.7230 -0.6815 -0.1134
vn -0.0000 -0.4664 -0.8846
vn -0.0000 0.4664 -0.8846
vn -0.0000 0.4327 0.9016
vn -0.0000 -0.4327 0.9015
vn 0.5915 -0.6815 0.4310
vn 0.5915 0.6815 0.4310
vn 0.4310 -0.6815 0.5915
vn -0.1134 -0.6815 -0.7230
vn -0.8846 -0.4664 -0.0000
vn 0.9015 -0.4327 -0.0000
vn -0.1134 0.6815 -0.7230
vn -0.8846 0.4664 -0.0000
vn 0.9015 0.4327 -0.0000
vn 0.4310 0.6815 0.5915
vn -0.5915 -0.6815 0.4310
vn 0.7230 -0.6815 -0.1134
vn -0.6255 -0.4664 -0.6255
vn 0.6375 -0.4327 0.6375
vn 0.7230 0.6815 -0.1134
vn -0.5915 0.6815 0.4310
vn -0.6255 0.4664 -0.6255
vn 0.6375 0.4327 0.6375
vn -0.1134 -0.6815 0.7230
vn 0.4310 -0.6815 -0.5915
vn 0.4310 0.6815 -0.5915
vn -0.1134 0.6815 0.7230
vn 0.1774 0.6277 -0.7580
vn -0.4105 0.6277 0.6614
vn 0.2983 -0.5324 0.7922
vn 0.7711 -0.5324 -0.3492
vn 0.9286 0.2880 0.2341
vn -0.1301 -0.3057 0.9432
vn -0.7589 -0.3057 -0.5749
vn 0.4911 0.2880 -0.8221
vn -0.7060 -0.6800 -0.1979
vn 0.6391 -0.6800 0.3593
vn 0.4683 0.6478 0.6009
vn -0.7560 0.6478 0.0938
vn -0.1655 -0.6804 -0.7139
vn 0.0784 0.6476 -0.7579
vn 0.5913 0.6476 0.4805
vn 0.3878 -0.6804 0.6218
vn -0.7139 0.6804 0.1655
vn 0.6218 0.6804 -0.3878
vn 0.4805 -0.6476 -0.5913
vn -0.7579 -0.6476 -0.0784
vn 0.2341 0.2880 -0.9286
vn 0.9432 -0.3057 0.1301
vn -0.5749 -0.3057 0.7589
vn -0.8221 0.2880 -0.4911
vn -0.2341 -0.2880 0.9286
vn 0.8221 -0.2880 0.4911
vn 0.5749 0.3057 -0.7589
vn -0.9432 0.3057 -0.1301
vn 0.7589 -0.3057 0.5749
vn -0.4911 0.2880 0.8221
vn -0.9286 0.2880 -0.2341
vn 0.1301 -0.3057 -0.9432
vn -0.5749 0.3057 0.7589
vn 0.9432 0.3057 0.1301
vn 0.2341 -0.2880 -0.9286
vn -0.8221 -0.2880 -0.4911
vn 0.2078 -0.8190 0.5348
vn -0.8198 0.3419 0.4594
vn 0.3719 0.2472 0.8948
vn 0.1791 0.2692 0.9463
vn -0.4625 -0.8266 -0.3206
vn -0.8003 -0.4351 -0.4125
vn 0.0475 0.8632 -0.5026
vn 0.7648 0.5547 0.3277
vn -0.2985 -0.1272 -0.9459
vn 0.8827 -0.0831 -0.4626
vn 0.4174 0.8436 0.3380
vn -0.1604 -0.2575 -0.9529
vn -0.6633 -0.5510 0.5064
vn -0.7477 0.4427 -0.4950
vn -0.0000 0.9425 0.3343
vn -0.0000 0.3189 0.9478
vn -0.0000 -0.9455 -0.3256
vn -0.0000 -0.3082 -0.9513
vn 0.4663 0.7240 -0.5083
vn -0.4174 0.8436 0.3380
vn 0.1604 -0.2575 -0.9529
vn 0.8605 -0.1785 0.4772
vn -0.1791 0.2692 0.9463
vn 0.4625 -0.8266 -0.3206
vn 0.4485 -0.3896 -0.8044
vn -0.0234 0.9409 0.3377
vn -0.8715 0.0684 -0.4855
vn -0.3719 0.2472 -0.8948
vn 0.8003 -0.4351 0.4125
vn 0.4143 -0.1317 0.9006
vn -0.8045 -0.4111 0.4287
vn -0.7648 0.5547 -0.3277
vn 0.2985 -0.1272 0.9459
vn -0.6951 0.3428 0.6319
vn 0.0469 -0.9200 -0.3892
vn 0.5922 0.6405 -0.4890
vn -0.3346 0.0149 -0.9422
vn 0.9405 -0.1040 0.3235
vn 0.3118 0.8324 0.4580
vn 0.5440 -0.6333 0.5505
vn -0.3346 0.0149 0.9422
vn -0.4018 0.3401 0.8502
vn 0.7425 0.5746 -0.3443
vn 0.9405 -0.1040 -0.3235
vn -0.4504 -0.7822 -0.4305
vn -0.8715 0.0684 0.4855
vn 0.4143 -0.1317 -0.9006
vn -0.6602 0.5412 -0.5208
vn -0.9421 0.2098 0.2616
vn 0.1548 0.4375 -0.8858
vn 0.4663 0.7240 0.5083
vn -0.7477 0.4427 0.4950
vn -0.4174 0.8436 -0.3380
vn 0.1604 -0.2575 0.9529
vn -0.6633 -0.5510 -0.5064
vn 0.8605 -0.1785 -0.4772
vn -0.1791 0.2692 -0.9463
vn 0.4625 -0.8266 0.3206
vn -0.2078 -0.8190 0.5348
vn -0.8827 -0.0831 -0.4626
vn -0.0475 0.8632 -0.5026
vn -0.7648 0.5547 0.3277
vn 0.2985 -0.1272 -0.9459
vn 0.8198 0.3419 0.4594
vn -0.3719 0.2472 0.8948
vn 0.8003 -0.4351 -0.4125
vn 0.0237 0.9337 0.3573
vn -0.4446 -0.3819 -0.8102
vn 0.3719 0.2472 -0.8948
vn -0.8003 -0.4351 0.4125
vn 0.8045 -0.4111 0.4287
vn 0.7648 0.5547 -0.3277
vn -0.2985 -0.1272 0.9459
vn -0.0546 -0.9198 -0.3885
vn 0.7124 0.3329 0.6178
vn -0.5922 0.6405 -0.4890
vn -0.5519 -0.6495 0.5230
vn -0.3118 0.8324 0.4580
vn 0.4018 0.3401 0.8502
vn 0.3346 0.0149 0.9422
vn -0.9405 -0.1040 -0.3235
vn -0.7425 0.5746 -0.3443
vn 0.6602 0.5412 -0.5208
vn 0.9421 0.2098 0.2616
vn -0.1548 0.4375 -0.8858
vn 0.4504 -0.7822 -0.4305
vn 0.8715 0.0684 0.4855
vn -0.4143 -0.1317 -0.9006
vn -0.2078 -0.8190 -0.5348
vn 0.8198 0.3419 -0.4594
vn -0.0475 0.8632 0.5026
vn -0.8827 -0.0831 0.4626
vn -0.0237 0.9337 -0.3573
vn 0.4446 -0.3819 0.8103
vn -0.8045 -0.4111 -0.4287
vn 0.0546 -0.9198 0.3885
vn -0.7124 0.3329 -0.6178
vn 0.5922 0.6405 0.4890
vn 0.5598 -0.6190 0.5508
vn 0.2946 0.8302 0.4732
vn 0.7527 0.5779 -0.3155
vn -0.4315 0.3340 0.8380
vn -0.6440 0.5422 -0.5397
vn 0.1820 0.4435 -0.8776
vn -0.9513 0.2064 0.2290
vn -0.3809 -0.7907 -0.4793
vn 0.6633 -0.5510 0.5064
vn -0.8605 -0.1785 0.4772
vn -0.4663 0.7240 -0.5083
vn 0.7477 0.4427 -0.4950
vn 0.0545 0.8400 0.5398
vn -0.8198 0.3419 -0.4594
vn 0.2078 -0.8190 -0.5348
vn 0.8827 -0.0831 0.4626
vn -0.4472 0.7217 -0.5284
vn -0.8629 -0.1338 0.4874
vn 0.6584 -0.5401 0.5242
vn 0.7530 0.4150 -0.5106
vn 0.7900 -0.3976 -0.4667
vn -0.4446 -0.3819 0.8103
vn 0.0234 0.9409 -0.3377
vn -0.0462 -0.9233 0.3813
vn -0.5922 0.6405 0.4890
vn 0.7124 0.3329 -0.6178
vn 0.5519 -0.6495 -0.5230
vn 0.3118 0.8324 -0.4580
vn -0.4018 0.3401 -0.8502
vn 0.7425 0.5746 0.3443
vn -0.6602 0.5412 0.5208
vn -0.9421 0.2098 -0.2616
vn 0.1548 0.4375 0.8858
vn -0.4504 -0.7822 0.4305
vn -0.9286 -0.2880 -0.2341
vn -0.4911 -0.2880 0.8221
vn 0.7589 0.3057 0.5749
vn 0.1301 0.3057 -0.9432
vt 0.000000 0.000000
s 1
f 403/1/1 404/1/2 69/1/3 89/1/4
f 404/1/2 403/1/1 90/1/5 70/1/6
f 404/1/2 405/1/7 113/1/8 69/1/3
f 405/1/7 404/1/2 70/1/6 114/1/9
f 405/1/7 406/1/10 105/1/11 113/1/8
f 406/1/10 405/1/7 114/1/9 106/1/12
f 406/1/10 403/1/1 89/1/4 105/1/11
f 403/1/1 406/1/10 106/1/12 90/1/5
f 407/1/13 408/1/14 89/1/4 9/1/15
f 408/1/14 407/1/13 10/1/16 90/1/5
f 408/1/14 409/1/17 7/1/18 89/1/4
f 409/1/17 408/1/14 90/1/5 8/1/19
f 409/1/17 410/1/20 1/1/21 7/1/18
f 410/1/20 409/1/17 8/1/19 2/1/22
f 410/1/20 407/1/13 9/1/15 1/1/21
f 407/1/13 410/1/20 2/1/22 10/1/16
f 411/1/23 412/1/24 37/1/25 35/1/26
f 412/1/24 411/1/23 36/1/27 38/1/28
f 412/1/24 413/1/29 27/1/30 37/1/25
f 413/1/29 412/1/24 38/1/28 28/1/31
f 413/1/29 414/1/32 31/1/33 27/1/30
f 414/1/32 413/1/29 28/1/31 32/1/34
f 414/1/32 411/1/23 35/1/26 31/1/33
f 411/1/23 414/1/32 32/1/34 36/1/27
f 415/1/35 416/1/36 73/1/37 53/1/38
f 416/1/36 415/1/35 54/1/39 74/1/40
f 416/1/36 417/1/41 51/1/16 73/1/37
f 417/1/41 416/1/36 74/1/40 52/1/15
f 417/1/41 418/1/42 45/1/43 51/1/16
f 418/1/42 417/1/41 52/1/15 46/1/44
f 418/1/42 415/1/35 53/1/38 45/1/43
f 415/1/35 418/1/42 46/1/44 54/1/39
f 419/1/45 420/1/46 225/1/47 219/1/16
f 420/1/46 419/1/45 220/1/15 226/1/48
f 420/1/46 421/1/49 221/1/50 225/1/47
f 421/1/49 420/1/46 226/1/48 222/1/51
f 421/1/49 422/1/52 223/1/43 221/1/50
f 422/1/52 421/1/49 222/1/51 224/1/44
f 422/1/52 419/1/45 219/1/16 223/1/43
f 419/1/45 422/1/52 224/1/44 220/1/15
f 423/1/53 424/1/54 61/1/55 43/1/56
f 424/1/54 423/1/53 44/1/57 62/1/58
f 424/1/54 425/1/59 57/1/60 61/1/55
f 425/1/59 424/1/54 62/1/58 58/1/61
f 425/1/59 426/1/62 47/1/63 57/1/60
f 426/1/62 425/1/59 58/1/61 48/1/64
f 426/1/62 423/1/53 43/1/56 47/1/63
f 423/1/53 426/1/62 48/1/64 44/1/57
f 427/1/65 428/1/66 61/1/55 41/1/67
f 428/1/66 427/1/65 42/1/68 62/1/58
f 428/1/66 429/1/69 43/1/56 61/1/55
f 429/1/69 428/1/66 62/1/58 44/1/57
f 429/1/69 430/1/70 35/1/26 43/1/56
f 430/1/70 429/1/69 44/1/57 36/1/27
f 430/1/70 427/1/65 41/1/67 35/1/26
f 427/1/65 430/1/70 36/1/27 42/1/68
f 431/1/71 432/1/72 75/1/73 69/1/3
f 432/1/72 431/1/71 70/1/6 76/1/74
f 432/1/72 433/1/75 111/1/76 75/1/73
f 433/1/75 432/1/72 76/1/74 112/1/77
f 433/1/75 434/1/78 113/1/8 111/1/76
f 434/1/78 433/1/75 112/1/77 114/1/9
f 434/1/78 431/1/71 69/1/3 113/1/8
f 431/1/71 434/1/78 114/1/9 70/1/6
f 435/1/79 436/1/80 95/1/81 91/1/82
f 436/1/80 435/1/79 92/1/83 96/1/84
f 436/1/80 437/1/85 81/1/86 95/1/81
f 437/1/85 436/1/80 96/1/84 82/1/87
f 437/1/85 438/1/88 79/1/89 81/1/86
f 438/1/88 437/1/85 82/1/87 80/1/90
f 438/1/88 435/1/79 91/1/82 79/1/89
f 435/1/79 438/1/88 80/1/90 92/1/83
f 439/1/91 440/1/92 19/1/93 13/1/94
f 440/1/92 439/1/91 14/1/95 20/1/96
f 440/1/92 441/1/97 15/1/98 19/1/93
f 441/1/97 440/1/92 20/1/96 16/1/99
f 441/1/97 442/1/100 5/1/101 15/1/98
f 442/1/100 441/1/97 16/1/99 6/1/102
f 442/1/100 439/1/91 13/1/94 5/1/101
f 439/1/91 442/1/100 6/1/102 14/1/95
f 443/1/103 444/1/104 247/1/22 239/1/105
f 444/1/104 443/1/103 240/1/106 248/1/21
f 444/1/104 445/1/107 219/1/16 247/1/22
f 445/1/107 444/1/104 248/1/21 220/1/15
f 445/1/107 446/1/108 235/1/109 219/1/16
f 446/1/108 445/1/107 220/1/15 236/1/110
f 446/1/108 443/1/103 239/1/105 235/1/109
f 443/1/103 446/1/108 236/1/110 240/1/106
f 447/1/111 448/1/112 81/1/86 77/1/113
f 448/1/112 447/1/111 78/1/114 82/1/87
f 448/1/112 449/1/115 95/1/81 81/1/86
f 449/1/115 448/1/112 82/1/87 96/1/84
f 449/1/115 450/1/116 101/1/117 95/1/81
f 450/1/116 449/1/115 96/1/84 102/1/118
f 450/1/116 447/1/111 77/1/113 101/1/117
f 447/1/111 450/1/116 102/1/118 78/1/114
f 451/1/119 452/1/120 307/1/121 299/1/122
f 452/1/120 451/1/119 300/1/123 308/1/124
f 452/1/120 453/1/125 301/1/126 307/1/121
f 453/1/125 452/1/120 308/1/124 302/1/127
f 453/1/125 454/1/128 303/1/129 301/1/126
f 454/1/128 453/1/125 302/1/127 304/1/130
f 454/1/128 451/1/119 299/1/122 303/1/129
f 451/1/119 454/1/128 304/1/130 300/1/123
f 455/1/131 456/1/132 9/1/15 67/1/44
f 456/1/132 455/1/131 68/1/43 10/1/16
f 456/1/132 457/1/133 15/1/98 9/1/15
f 457/1/133 456/1/132 10/1/16 16/1/99
f 457/1/133 458/1/134 59/1/135 15/1/98
f 458/1/134 457/1/133 16/1/99 60/1/136
f 458/1/134 455/1/131 67/1/44 59/1/135
f 455/1/131 458/1/134 60/1/136 68/1/43
f 459/1/137 460/1/138 23/1/139 17/1/140
f 460/1/138 459/1/137 18/1/141 24/1/142
f 460/1/138 461/1/143 21/1/144 23/1/139
f 461/1/143 460/1/138 24/1/142 22/1/145
f 461/1/143 462/1/146 13/1/94 21/1/144
f 462/1/146 461/1/143 22/1/145 14/1/95
f 462/1/146 459/1/137 17/1/140 13/1/94
f 459/1/137 462/1/146 14/1/95 18/1/141
f 463/1/147 464/1/148 105/1/11 89/1/4
f 464/1/148 463/1/147 90/1/5 106/1/12
f 464/1/148 465/1/149 87/1/150 105/1/11
f 465/1/149 464/1/148 106/1/12 88/1/151
f 465/1/149 466/1/152 7/1/18 87/1/150
f 466/1/152 465/1/149 88/1/151 8/1/19
f 466/1/152 463/1/147 89/1/4 7/1/18
f 463/1/147 466/1/152 8/1/19 90/1/5
f 467/1/153 468/1/154 83/1/155 7/1/18
f 468/1/154 467/1/153 8/1/19 84/1/156
f 468/1/154 469/1/157 3/1/158 83/1/155
f 469/1/157 468/1/154 84/1/156 4/1/159
f 469/1/157 470/1/160 1/1/21 3/1/158
f 470/1/160 469/1/157 4/1/159 2/1/22
f 470/1/160 467/1/153 7/1/18 1/1/21
f 467/1/153 470/1/160 2/1/22 8/1/19
f 471/1/161 472/1/162 81/1/86 79/1/89
f 472/1/162 471/1/161 80/1/90 82/1/87
f 472/1/162 473/1/163 73/1/37 81/1/86
f 473/1/163 472/1/162 82/1/87 74/1/40
f 473/1/163 474/1/164 53/1/38 73/1/37
f 474/1/164 473/1/163 74/1/40 54/1/39
f 474/1/164 471/1/161 79/1/89 53/1/38
f 471/1/161 474/1/164 54/1/39 80/1/90
f 475/1/165 476/1/166 247/1/22 219/1/16
f 476/1/166 475/1/165 220/1/15 248/1/21
f 476/1/166 477/1/167 227/1/168 247/1/22
f 477/1/167 476/1/166 248/1/21 228/1/169
f 477/1/167 478/1/170 225/1/47 227/1/168
f 478/1/170 477/1/167 228/1/169 226/1/48
f 478/1/170 475/1/165 219/1/16 225/1/47
f 475/1/165 478/1/170 226/1/48 220/1/15
f 479/1/171 480/1/172 41/1/67 51/1/16
f 480/1/172 479/1/171 52/1/15 42/1/68
f 480/1/172 481/1/173 33/1/174 41/1/67
f 481/1/173 480/1/172 42/1/68 34/1/175
f 481/1/173 482/1/176 45/1/43 33/1/174
f 482/1/176 481/1/173 34/1/175 46/1/44
f 482/1/176 479/1/171 51/1/16 45/1/43
f 479/1/171 482/1/176 46/1/44 52/1/15
f 483/1/177 484/1/178 31/1/33 17/1/140
f 484/1/178 483/1/177 18/1/141 32/1/34
f 484/1/178 485/1/179 27/1/30 31/1/33
f 485/1/179 484/1/178 32/1/34 28/1/31
f 485/1/179 486/1/180 23/1/139 27/1/30
f 486/1/180 485/1/179 28/1/31 24/1/142
f 486/1/180 483/1/177 17/1/140 23/1/139
f 483/1/177 486/1/180 24/1/142 18/1/141
f 487/1/181 488/1/182 253/1/183 249/1/159
f 488/1/182 487/1/181 250/1/158 254/1/184
f 488/1/182 489/1/185 227/1/168 253/1/183
f 489/1/185 488/1/182 254/1/184 228/1/169
f 489/1/185 490/1/186 247/1/22 227/1/168
f 490/1/186 489/1/185 228/1/169 248/1/21
f 490/1/186 487/1/181 249/1/159 247/1/22
f 487/1/181 490/1/186 248/1/21 250/1/158
f 491/1/187 492/1/188 17/1/140 11/1/189
f 492/1/188 491/1/187 12/1/190 18/1/141
f 492/1/188 493/1/191 13/1/94 17/1/140
f 493/1/191 492/1/188 18/1/141 14/1/95
f 493/1/191 494/1/192 5/1/101 13/1/94
f 494/1/192 493/1/191 14/1/95 6/1/102
f 494/1/192 491/1/187 11/1/189 5/1/101
f 491/1/187 494/1/192 6/1/102 12/1/190
f 495/1/193 496/1/194 77/1/113 111/1/76
f 496/1/194 495/1/193 112/1/77 78/1/114
f 496/1/194 497/1/195 101/1/117 77/1/113
f 497/1/195 496/1/194 78/1/114 102/1/118
f 497/1/195 498/1/196 107/1/197 101/1/117
f 498/1/196 497/1/195 102/1/118 108/1/198
f 498/1/196 495/1/193 111/1/76 107/1/197
f 495/1/193 498/1/196 108/1/198 112/1/77
f 499/1/199 500/1/200 75/1/73 71/1/201
f 500/1/200 499/1/199 72/1/202 76/1/74
f 500/1/200 501/1/203 63/1/159 75/1/73
f 501/1/203 500/1/200 76/1/74 64/1/158
f 501/1/203 502/1/204 65/1/22 63/1/159
f 502/1/204 501/1/203 64/1/158 66/1/21
f 502/1/204 499/1/199 71/1/201 65/1/22
f 499/1/199 502/1/204 66/1/21 72/1/202
f 503/1/205 504/1/206 251/1/207 239/1/105
f 504/1/206 503/1/205 240/1/106 252/1/208
f 504/1/206 505/1/209 249/1/159 251/1/207
f 505/1/209 504/1/206 252/1/208 250/1/158
f 505/1/209 506/1/210 247/1/22 249/1/159
f 506/1/210 505/1/209 250/1/158 248/1/21
f 506/1/210 503/1/205 239/1/105 247/1/22
f 503/1/205 506/1/210 248/1/21 240/1/106
f 507/1/211 508/1/212 263/1/213 255/1/214
f 508/1/212 507/1/211 256/1/215 264/1/216
f 508/1/212 509/1/217 261/1/15 263/1/213
f 509/1/217 508/1/212 264/1/216 262/1/16
f 509/1/217 510/1/218 259/1/44 261/1/15
f 510/1/218 509/1/217 262/1/16 260/1/43
f 510/1/218 507/1/211 255/1/214 259/1/44
f 507/1/211 510/1/218 260/1/43 256/1/215
f 511/1/219 512/1/220 315/1/221 299/1/122
f 512/1/220 511/1/219 300/1/123 316/1/222
f 512/1/220 513/1/223 311/1/224 315/1/221
f 513/1/223 512/1/220 316/1/222 312/1/225
f 513/1/223 514/1/226 307/1/121 311/1/224
f 514/1/226 513/1/223 312/1/225 308/1/124
f 514/1/226 511/1/219 299/1/122 307/1/121
f 511/1/219 514/1/226 308/1/124 300/1/123
f 515/1/227 516/1/228 317/1/229 313/1/230
f 516/1/228 515/1/227 314/1/231 318/1/232
f 516/1/228 517/1/233 305/1/234 317/1/229
f 517/1/233 516/1/228 318/1/232 306/1/235
f 517/1/233 518/1/236 309/1/237 305/1/234
f 518/1/236 517/1/233 306/1/235 310/1/238
f 518/1/236 515/1/227 313/1/230 309/1/237
f 515/1/227 518/1/236 310/1/238 314/1/231
f 519/1/239 520/1/240 139/1/241 127/1/242
f 520/1/240 519/1/239 128/1/243 140/1/244
f 520/1/240 521/1/245 135/1/246 139/1/241
f 521/1/245 520/1/240 140/1/244 136/1/247
f 521/1/245 522/1/248 131/1/249 135/1/246
f 522/1/248 521/1/245 136/1/247 132/1/250
f 522/1/248 519/1/239 127/1/242 131/1/249
f 519/1/239 522/1/248 132/1/250 128/1/243
f 523/1/251 524/1/252 329/1/253 327/1/254
f 524/1/252 523/1/251 328/1/255 330/1/256
f 524/1/252 525/1/257 321/1/258 329/1/253
f 525/1/257 524/1/252 330/1/256 322/1/259
f 525/1/257 526/1/260 325/1/261 321/1/258
f 526/1/260 525/1/257 322/1/259 326/1/262
f 526/1/260 523/1/251 327/1/254 325/1/261
f 523/1/251 526/1/260 326/1/262 328/1/255
f 527/1/263 528/1/264 15/1/98 5/1/101
f 528/1/264 527/1/263 6/1/102 16/1/99
f 528/1/264 529/1/265 9/1/15 15/1/98
f 529/1/265 528/1/264 16/1/99 10/1/16
f 529/1/265 530/1/266 1/1/21 9/1/15
f 530/1/266 529/1/265 10/1/16 2/1/22
f 530/1/266 527/1/263 5/1/101 1/1/21
f 527/1/263 530/1/266 2/1/22 6/1/102
f 531/1/267 532/1/268 55/1/269 47/1/63
f 532/1/268 531/1/267 48/1/64 56/1/270
f 532/1/268 533/1/271 29/1/272 55/1/269
f 533/1/271 532/1/268 56/1/270 30/1/273
f 533/1/271 534/1/274 49/1/275 29/1/272
f 534/1/274 533/1/271 30/1/273 50/1/276
f 534/1/274 531/1/267 47/1/63 49/1/275
f 531/1/267 534/1/274 50/1/276 48/1/64
f 535/1/277 536/1/278 81/1/86 73/1/37
f 536/1/278 535/1/277 74/1/40 82/1/87
f 536/1/278 537/1/279 77/1/113 81/1/86
f 537/1/279 536/1/278 82/1/87 78/1/114
f 537/1/279 538/1/280 71/1/201 77/1/113
f 538/1/280 537/1/279 78/1/114 72/1/202
f 538/1/280 535/1/277 73/1/37 71/1/201
f 535/1/277 538/1/280 72/1/202 74/1/40
f 539/1/281 540/1/282 49/1/275 47/1/63
f 540/1/282 539/1/281 48/1/64 50/1/276
f 540/1/282 541/1/283 39/1/284 49/1/275
f 541/1/283 540/1/282 50/1/276 40/1/285
f 541/1/283 542/1/286 43/1/56 39/1/284
f 542/1/286 541/1/283 40/1/285 44/1/57
f 542/1/286 539/1/281 47/1/63 43/1/56
f 539/1/281 542/1/286 44/1/57 48/1/64
f 543/1/287 544/1/288 111/1/76 77/1/113
f 544/1/288 543/1/287 78/1/114 112/1/77
f 544/1/288 545/1/289 75/1/73 111/1/76
f 545/1/289 544/1/288 112/1/77 76/1/74
f 545/1/289 546/1/290 71/1/201 75/1/73
f 546/1/290 545/1/289 76/1/74 72/1/202
f 546/1/290 543/1/287 77/1/113 71/1/201
f 543/1/287 546/1/290 72/1/202 78/1/114
f 547/1/291 548/1/292 53/1/38 83/1/155
f 548/1/292 547/1/291 84/1/156 54/1/39
f 548/1/292 549/1/293 45/1/43 53/1/38
f 549/1/293 548/1/292 54/1/39 46/1/44
f 549/1/293 550/1/294 3/1/158 45/1/43
f 550/1/294 549/1/293 46/1/44 4/1/159
f 550/1/294 547/1/291 83/1/155 3/1/158
f 547/1/291 550/1/294 4/1/159 84/1/156
f 551/1/295 552/1/296 55/1/269 29/1/272
f 552/1/296 551/1/295 30/1/273 56/1/270
f 552/1/296 553/1/297 19/1/93 55/1/269
f 553/1/297 552/1/296 56/1/270 20/1/96
f 553/1/297 554/1/298 25/1/299 19/1/93
f 554/1/298 553/1/297 20/1/96 26/1/300
f 554/1/298 551/1/295 29/1/272 25/1/299
f 551/1/295 554/1/298 26/1/300 30/1/273
f 555/1/301 556/1/302 259/1/44 255/1/214
f 556/1/302 555/1/301 256/1/215 260/1/43
f 556/1/302 557/1/303 249/1/159 259/1/44
f 557/1/303 556/1/302 260/1/43 250/1/158
f 557/1/303 558/1/304 251/1/207 249/1/159
f 558/1/304 557/1/303 250/1/158 252/1/208
f 558/1/304 555/1/301 255/1/214 251/1/207
f 555/1/301 558/1/304 252/1/208 256/1/215
f 559/1/305 560/1/306 85/1/307 87/1/150
f 560/1/306 559/1/305 88/1/151 86/1/308
f 560/1/306 561/1/309 83/1/155 85/1/307
f 561/1/309 560/1/306 86/1/308 84/1/156
f 561/1/309 562/1/310 7/1/18 83/1/155
f 562/1/310 561/1/309 84/1/156 8/1/19
f 562/1/310 559/1/305 87/1/150 7/1/18
f 559/1/305 562/1/310 8/1/19 88/1/151
f 563/1/311 564/1/312 365/1/313 363/1/314
f 564/1/312 563/1/311 364/1/315 366/1/316
f 564/1/312 565/1/317 361/1/318 365/1/313
f 565/1/317 564/1/312 366/1/316 362/1/319
f 565/1/317 566/1/320 359/1/321 361/1/318
f 566/1/320 565/1/317 362/1/319 360/1/322
f 566/1/320 563/1/311 363/1/314 359/1/321
f 563/1/311 566/1/320 360/1/322 364/1/315
f 567/1/323 568/1/324 91/1/82 99/1/325
f 568/1/324 567/1/323 100/1/326 92/1/83
f 568/1/324 569/1/327 93/1/328 91/1/82
f 569/1/327 568/1/324 92/1/83 94/1/329
f 569/1/327 567/1/323 99/1/325 93/1/328
f 567/1/323 569/1/327 94/1/329 100/1/326
f 570/1/330 571/1/331 93/1/328 99/1/325
f 571/1/331 570/1/330 100/1/326 94/1/329
f 571/1/331 572/1/332 97/1/333 93/1/328
f 572/1/332 571/1/331 94/1/329 98/1/334
f 572/1/332 570/1/330 99/1/325 97/1/333
f 570/1/330 572/1/332 98/1/334 100/1/326
f 573/1/335 574/1/336 95/1/81 99/1/325
f 574/1/336 573/1/335 100/1/326 96/1/84
f 574/1/336 575/1/337 91/1/82 95/1/81
f 575/1/337 574/1/336 96/1/84 92/1/83
f 575/1/337 573/1/335 99/1/325 91/1/82
f 573/1/335 575/1/337 92/1/83 100/1/326
f 576/1/338 577/1/339 235/1/109 233/1/340
f 577/1/339 576/1/338 234/1/341 236/1/110
f 577/1/339 578/1/342 219/1/16 235/1/109
f 578/1/342 577/1/339 236/1/110 220/1/15
f 578/1/342 579/1/343 223/1/43 219/1/16
f 579/1/343 578/1/342 220/1/15 224/1/44
f 579/1/343 576/1/338 233/1/340 223/1/43
f 576/1/338 579/1/343 224/1/44 234/1/341
f 580/1/344 581/1/345 101/1/117 99/1/325
f 581/1/345 580/1/344 100/1/326 102/1/118
f 581/1/345 582/1/346 95/1/81 101/1/117
f 582/1/346 581/1/345 102/1/118 96/1/84
f 582/1/346 580/1/344 99/1/325 95/1/81
f 580/1/344 582/1/346 96/1/84 100/1/326
f 583/1/347 584/1/348 97/1/333 99/1/325
f 584/1/348 583/1/347 100/1/326 98/1/334
f 584/1/348 585/1/349 103/1/350 97/1/333
f 585/1/349 584/1/348 98/1/334 104/1/351
f 585/1/349 583/1/347 99/1/325 103/1/350
f 583/1/347 585/1/349 104/1/351 100/1/326
f 586/1/352 587/1/353 33/1/174 11/1/189
f 587/1/353 586/1/352 12/1/190 34/1/175
f 587/1/353 588/1/354 31/1/33 33/1/174
f 588/1/354 587/1/353 34/1/175 32/1/34
f 588/1/354 589/1/355 17/1/140 31/1/33
f 589/1/355 588/1/354 32/1/34 18/1/141
f 589/1/355 586/1/352 11/1/189 17/1/140
f 586/1/352 589/1/355 18/1/141 12/1/190
f 590/1/356 591/1/357 107/1/197 99/1/325
f 591/1/357 590/1/356 100/1/326 108/1/198
f 591/1/357 592/1/358 101/1/117 107/1/197
f 592/1/358 591/1/357 108/1/198 102/1/118
f 592/1/358 590/1/356 99/1/325 101/1/117
f 590/1/356 592/1/358 102/1/118 100/1/326
f 593/1/359 594/1/360 103/1/350 99/1/325
f 594/1/360 593/1/359 100/1/326 104/1/351
f 594/1/360 595/1/361 109/1/362 103/1/350
f 595/1/361 594/1/360 104/1/351 110/1/363
f 595/1/361 593/1/359 99/1/325 109/1/362
f 593/1/359 595/1/361 110/1/363 100/1/326
f 596/1/364 597/1/365 109/1/362 99/1/325
f 597/1/365 596/1/364 100/1/326 110/1/363
f 597/1/365 598/1/366 107/1/197 109/1/362
f 598/1/366 597/1/365 110/1/363 108/1/198
f 598/1/366 596/1/364 99/1/325 107/1/197
f 596/1/364 598/1/366 108/1/198 100/1/326
f 599/1/367 600/1/368 43/1/56 35/1/26
f 600/1/368 599/1/367 36/1/27 44/1/57
f 600/1/368 601/1/369 39/1/284 43/1/56
f 601/1/369 600/1/368 44/1/57 40/1/285
f 601/1/369 602/1/370 37/1/25 39/1/284
f 602/1/370 601/1/369 40/1/285 38/1/28
f 602/1/370 599/1/367 35/1/26 37/1/25
f 599/1/367 602/1/370 38/1/28 36/1/27
f 603/1/371 604/1/372 111/1/76 113/1/8
f 604/1/372 603/1/371 114/1/9 112/1/77
f 604/1/372 605/1/373 107/1/197 111/1/76
f 605/1/373 604/1/372 112/1/77 108/1/198
f 605/1/373 606/1/374 109/1/362 107/1/197
f 606/1/374 605/1/373 108/1/198 110/1/363
f 606/1/374 603/1/371 113/1/8 109/1/362
f 603/1/371 606/1/374 110/1/363 114/1/9
f 607/1/375 608/1/376 87/1/150 85/1/307
f 608/1/376 607/1/375 86/1/308 88/1/151
f 608/1/376 609/1/377 97/1/333 87/1/150
f 609/1/377 608/1/376 88/1/151 98/1/334
f 609/1/377 610/1/378 93/1/328 97/1/333
f 610/1/378 609/1/377 98/1/334 94/1/329
f 610/1/378 607/1/375 85/1/307 93/1/328
f 607/1/375 610/1/378 94/1/329 86/1/308
f 611/1/379 612/1/380 113/1/8 105/1/11
f 612/1/380 611/1/379 106/1/12 114/1/9
f 612/1/380 613/1/381 109/1/362 113/1/8
f 613/1/381 612/1/380 114/1/9 110/1/363
f 613/1/381 614/1/382 103/1/350 109/1/362
f 614/1/382 613/1/381 110/1/363 104/1/351
f 614/1/382 611/1/379 105/1/11 103/1/350
f 611/1/379 614/1/382 104/1/351 106/1/12
f 615/1/383 616/1/384 265/1/385 261/1/15
f 616/1/384 615/1/383 262/1/16 266/1/386
f 616/1/384 617/1/387 257/1/388 265/1/385
f 617/1/387 616/1/384 266/1/386 258/1/389
f 617/1/387 618/1/390 259/1/44 257/1/388
f 618/1/390 617/1/387 258/1/389 260/1/43
f 618/1/390 615/1/383 261/1/15 259/1/44
f 615/1/383 618/1/390 260/1/43 262/1/16
f 619/1/391 620/1/392 323/1/393 319/1/394
f 620/1/392 619/1/391 320/1/395 324/1/396
f 620/1/392 621/1/397 311/1/224 323/1/393
f 621/1/397 620/1/392 324/1/396 312/1/225
f 621/1/397 622/1/398 315/1/221 311/1/224
f 622/1/398 621/1/397 312/1/225 316/1/222
f 622/1/398 619/1/391 319/1/394 315/1/221
f 619/1/391 622/1/398 316/1/222 320/1/395
f 623/1/399 624/1/400 123/1/401 119/1/402
f 624/1/400 623/1/399 120/1/403 124/1/404
f 624/1/400 625/1/405 115/1/406 123/1/401
f 625/1/405 624/1/400 124/1/404 116/1/407
f 625/1/405 626/1/408 117/1/409 115/1/406
f 626/1/408 625/1/405 116/1/407 118/1/410
f 626/1/408 623/1/399 119/1/402 117/1/409
f 623/1/399 626/1/408 118/1/410 120/1/403
f 627/1/411 628/1/412 125/1/413 121/1/414
f 628/1/412 627/1/411 122/1/415 126/1/416
f 628/1/412 629/1/417 119/1/402 125/1/413
f 629/1/417 628/1/412 126/1/416 120/1/403
f 629/1/417 630/1/418 117/1/409 119/1/402
f 630/1/418 629/1/417 120/1/403 118/1/410
f 630/1/418 627/1/411 121/1/414 117/1/409
f 627/1/411 630/1/418 118/1/410 122/1/415
f 631/1/419 632/1/420 89/1/4 69/1/3
f 632/1/420 631/1/419 70/1/6 90/1/5
f 632/1/420 633/1/421 9/1/15 89/1/4
f 633/1/421 632/1/420 90/1/5 10/1/16
f 633/1/421 634/1/422 67/1/44 9/1/15
f 634/1/422 633/1/421 10/1/16 68/1/43
f 634/1/422 631/1/419 69/1/3 67/1/44
f 631/1/419 634/1/422 68/1/43 70/1/6
f 635/1/423 636/1/424 79/1/89 85/1/307
f 636/1/424 635/1/423 86/1/308 80/1/90
f 636/1/424 637/1/425 53/1/38 79/1/89
f 637/1/425 636/1/424 80/1/90 54/1/39
f 637/1/425 638/1/426 83/1/155 53/1/38
f 638/1/426 637/1/425 54/1/39 84/1/156
f 638/1/426 635/1/423 85/1/307 83/1/155
f 635/1/423 638/1/426 84/1/156 86/1/308
f 639/1/427 640/1/428 75/1/73 63/1/159
f 640/1/428 639/1/427 64/1/158 76/1/74
f 640/1/428 641/1/429 69/1/3 75/1/73
f 641/1/429 640/1/428 76/1/74 70/1/6
f 641/1/429 642/1/430 67/1/44 69/1/3
f 642/1/430 641/1/429 70/1/6 68/1/43
f 642/1/430 639/1/427 63/1/159 67/1/44
f 639/1/427 642/1/430 68/1/43 64/1/158
f 643/1/431 644/1/432 133/1/433 121/1/414
f 644/1/432 643/1/431 122/1/415 134/1/434
f 644/1/432 645/1/435 129/1/436 133/1/433
f 645/1/435 644/1/432 134/1/434 130/1/437
f 645/1/435 646/1/438 125/1/413 129/1/436
f 646/1/438 645/1/435 130/1/437 126/1/416
f 646/1/438 643/1/431 121/1/414 125/1/413
f 643/1/431 646/1/438 126/1/416 122/1/415
f 647/1/439 648/1/440 103/1/350 105/1/11
f 648/1/440 647/1/439 106/1/12 104/1/351
f 648/1/440 649/1/441 97/1/333 103/1/350
f 649/1/441 648/1/440 104/1/351 98/1/334
f 649/1/441 650/1/442 87/1/150 97/1/333
f 650/1/442 649/1/441 98/1/334 88/1/151
f 650/1/442 647/1/439 105/1/11 87/1/150
f 647/1/439 650/1/442 88/1/151 106/1/12
f 651/1/443 652/1/444 205/1/445 199/1/446
f 652/1/444 651/1/443 200/1/447 206/1/448
f 652/1/444 653/1/449 203/1/450 205/1/445
f 653/1/449 652/1/444 206/1/448 204/1/451
f 653/1/449 654/1/452 201/1/453 203/1/450
f 654/1/452 653/1/449 204/1/451 202/1/454
f 654/1/452 651/1/443 199/1/446 201/1/453
f 651/1/443 654/1/452 202/1/454 200/1/447
f 655/1/455 656/1/456 201/1/453 199/1/446
f 656/1/456 655/1/455 200/1/447 202/1/454
f 656/1/456 657/1/457 191/1/458 201/1/453
f 657/1/457 656/1/456 202/1/454 192/1/459
f 657/1/457 658/1/460 183/1/461 191/1/458
f 658/1/460 657/1/457 192/1/459 184/1/462
f 658/1/460 655/1/455 199/1/446 183/1/461
f 655/1/455 658/1/460 184/1/462 200/1/447
f 659/1/463 660/1/464 209/1/465 205/1/445
f 660/1/464 659/1/463 206/1/448 210/1/466
f 660/1/464 661/1/467 207/1/468 209/1/465
f 661/1/467 660/1/464 210/1/466 208/1/469
f 661/1/467 662/1/470 203/1/450 207/1/468
f 662/1/470 661/1/467 208/1/469 204/1/451
f 662/1/470 659/1/463 205/1/445 203/1/450
f 659/1/463 662/1/470 204/1/451 206/1/448
f 663/1/471 664/1/472 191/1/458 183/1/461
f 664/1/472 663/1/471 184/1/462 192/1/459
f 664/1/472 665/1/473 185/1/474 191/1/458
f 665/1/473 664/1/472 192/1/459 186/1/475
f 665/1/473 666/1/476 187/1/477 185/1/474
f 666/1/476 665/1/473 186/1/475 188/1/478
f 666/1/476 663/1/471 183/1/461 187/1/477
f 663/1/471 666/1/476 188/1/478 184/1/462
f 667/1/479 668/1/480 159/1/481 167/1/482
f 668/1/480 667/1/479 168/1/483 160/1/484
f 668/1/480 669/1/485 163/1/486 159/1/481
f 669/1/485 668/1/480 160/1/484 164/1/487
f 669/1/485 667/1/479 167/1/482 163/1/486
f 667/1/479 669/1/485 164/1/487 168/1/483
f 670/1/488 671/1/489 165/1/490 169/1/491
f 671/1/489 670/1/488 170/1/492 166/1/493
f 671/1/489 672/1/494 161/1/495 165/1/490
f 672/1/494 671/1/489 166/1/493 162/1/496
f 672/1/494 670/1/488 169/1/491 161/1/495
f 670/1/488 672/1/494 162/1/496 170/1/492
f 673/1/497 674/1/498 167/1/482 159/1/481
f 674/1/498 673/1/497 160/1/484 168/1/483
f 674/1/498 675/1/499 171/1/500 167/1/482
f 675/1/499 674/1/498 168/1/483 172/1/501
f 675/1/499 673/1/497 159/1/481 171/1/500
f 673/1/497 675/1/499 172/1/501 160/1/484
f 676/1/502 677/1/503 181/1/504 179/1/505
f 677/1/503 676/1/502 180/1/506 182/1/507
f 677/1/503 678/1/508 169/1/491 181/1/504
f 678/1/508 677/1/503 182/1/507 170/1/492
f 678/1/508 679/1/509 177/1/510 169/1/491
f 679/1/509 678/1/508 170/1/492 178/1/511
f 679/1/509 676/1/502 179/1/505 177/1/510
f 676/1/502 679/1/509 178/1/511 180/1/506
f 680/1/512 681/1/513 161/1/495 169/1/491
f 681/1/513 680/1/512 170/1/492 162/1/496
f 681/1/513 682/1/514 177/1/510 161/1/495
f 682/1/514 681/1/513 162/1/496 178/1/511
f 682/1/514 680/1/512 169/1/491 177/1/510
f 680/1/512 682/1/514 178/1/511 170/1/492
f 683/1/515 684/1/516 197/1/517 195/1/518
f 684/1/516 683/1/515 196/1/519 198/1/520
f 684/1/516 685/1/521 189/1/522 197/1/517
f 685/1/521 684/1/516 198/1/520 190/1/523
f 685/1/521 686/1/524 193/1/525 189/1/522
f 686/1/524 685/1/521 190/1/523 194/1/526
f 686/1/524 683/1/515 195/1/518 193/1/525
f 683/1/515 686/1/524 194/1/526 196/1/519
f 687/1/527 688/1/528 163/1/486 155/1/529
f 688/1/528 687/1/527 156/1/530 164/1/487
f 688/1/528 689/1/531 159/1/481 163/1/486
f 689/1/531 688/1/528 164/1/487 160/1/484
f 689/1/531 690/1/532 149/1/533 159/1/481
f 690/1/532 689/1/531 160/1/484 150/1/534
f 690/1/532 687/1/527 155/1/529 149/1/533
f 687/1/527 690/1/532 150/1/534 156/1/530
f 691/1/535 692/1/536 189/1/522 185/1/474
f 692/1/536 691/1/535 186/1/475 190/1/523
f 692/1/536 693/1/537 187/1/477 189/1/522
f 693/1/537 692/1/536 190/1/523 188/1/478
f 693/1/537 691/1/535 185/1/474 187/1/477
f 691/1/535 693/1/537 188/1/478 186/1/475
f 694/1/538 695/1/539 185/1/474 189/1/522
f 695/1/539 694/1/538 190/1/523 186/1/475
f 695/1/539 696/1/540 193/1/525 185/1/474
f 696/1/540 695/1/539 186/1/475 194/1/526
f 696/1/540 694/1/538 189/1/522 193/1/525
f 694/1/538 696/1/540 194/1/526 190/1/523
f 697/1/541 698/1/542 217/1/543 211/1/544
f 698/1/542 697/1/541 212/1/545 218/1/546
f 698/1/542 699/1/547 215/1/548 217/1/543
f 699/1/547 698/1/542 218/1/546 216/1/549
f 699/1/547 700/1/550 213/1/551 215/1/548
f 700/1/550 699/1/547 216/1/549 214/1/552
f 700/1/550 697/1/541 211/1/544 213/1/551
f 697/1/541 700/1/550 214/1/552 212/1/545
f 701/1/553 702/1/554 155/1/529 147/1/555
f 702/1/554 701/1/553 148/1/556 156/1/530
f 702/1/554 703/1/557 149/1/533 155/1/529
f 703/1/557 702/1/554 156/1/530 150/1/534
f 703/1/557 704/1/558 151/1/559 149/1/533
f 704/1/558 703/1/557 150/1/534 152/1/560
f 704/1/558 701/1/553 147/1/555 151/1/559
f 701/1/553 704/1/558 152/1/560 148/1/556
f 705/1/561 706/1/562 353/1/563 351/1/564
f 706/1/562 705/1/561 352/1/565 354/1/566
f 706/1/562 707/1/567 339/1/568 353/1/563
f 707/1/567 706/1/562 354/1/566 340/1/569
f 707/1/567 708/1/570 343/1/571 339/1/568
f 708/1/570 707/1/567 340/1/569 344/1/572
f 708/1/570 705/1/561 351/1/564 343/1/571
f 705/1/561 708/1/570 344/1/572 352/1/565
f 709/1/573 710/1/574 207/1/468 211/1/544
f 710/1/574 709/1/573 212/1/545 208/1/469
f 710/1/574 711/1/575 209/1/465 207/1/468
f 711/1/575 710/1/574 208/1/469 210/1/466
f 711/1/575 709/1/573 211/1/544 209/1/465
f 709/1/573 711/1/575 210/1/466 212/1/545
f 712/1/576 713/1/577 211/1/544 207/1/468
f 713/1/577 712/1/576 208/1/469 212/1/545
f 713/1/577 714/1/578 213/1/551 211/1/544
f 714/1/578 713/1/577 212/1/545 214/1/552
f 714/1/578 712/1/576 207/1/468 213/1/551
f 712/1/576 714/1/578 214/1/552 208/1/469
f 715/1/579 716/1/580 165/1/490 161/1/495
f 716/1/580 715/1/579 162/1/496 166/1/493
f 716/1/580 717/1/581 157/1/582 165/1/490
f 717/1/581 716/1/580 166/1/493 158/1/583
f 717/1/581 718/1/584 153/1/585 157/1/582
f 718/1/584 717/1/581 158/1/583 154/1/586
f 718/1/584 715/1/579 161/1/495 153/1/585
f 715/1/579 718/1/584 154/1/586 162/1/496
f 719/1/587 720/1/588 45/1/43 3/1/158
f 720/1/588 719/1/587 4/1/159 46/1/44
f 720/1/588 721/1/589 33/1/174 45/1/43
f 721/1/589 720/1/588 46/1/44 34/1/175
f 721/1/589 722/1/590 11/1/189 33/1/174
f 722/1/590 721/1/589 34/1/175 12/1/190
f 722/1/590 719/1/587 3/1/158 11/1/189
f 719/1/587 722/1/590 12/1/190 4/1/159
f 723/1/591 724/1/592 231/1/593 221/1/50
f 724/1/592 723/1/591 222/1/51 232/1/594
f 724/1/592 725/1/595 229/1/158 231/1/593
f 725/1/595 724/1/592 232/1/594 230/1/159
f 725/1/595 726/1/596 223/1/43 229/1/158
f 726/1/596 725/1/595 230/1/159 224/1/44
f 726/1/596 723/1/591 221/1/50 223/1/43
f 723/1/591 726/1/596 224/1/44 222/1/51
f 727/1/597 728/1/598 245/1/21 241/1/599
f 728/1/598 727/1/597 242/1/600 246/1/22
f 728/1/598 729/1/601 229/1/158 245/1/21
f 729/1/601 728/1/598 246/1/22 230/1/159
f 729/1/601 730/1/602 231/1/593 229/1/158
f 730/1/602 729/1/601 230/1/159 232/1/594
f 730/1/602 727/1/597 241/1/599 231/1/593
f 727/1/597 730/1/602 232/1/594 242/1/600
f 731/1/603 732/1/604 65/1/22 61/1/55
f 732/1/604 731/1/603 62/1/58 66/1/21
f 732/1/604 733/1/605 63/1/159 65/1/22
f 733/1/605 732/1/604 66/1/21 64/1/158
f 733/1/605 734/1/606 57/1/60 63/1/159
f 734/1/606 733/1/605 64/1/158 58/1/61
f 734/1/606 731/1/603 61/1/55 57/1/60
f 731/1/603 734/1/606 58/1/61 62/1/58
f 735/1/607 736/1/608 245/1/21 243/1/609
f 736/1/608 735/1/607 244/1/610 246/1/22
f 736/1/608 737/1/611 261/1/15 245/1/21
f 737/1/611 736/1/608 246/1/22 262/1/16
f 737/1/611 738/1/612 263/1/213 261/1/15
f 738/1/612 737/1/611 262/1/16 264/1/216
f 738/1/612 735/1/607 243/1/609 263/1/213
f 735/1/607 738/1/612 264/1/216 244/1/610
f 739/1/613 740/1/614 237/1/615 229/1/158
f 740/1/614 739/1/613 230/1/159 238/1/616
f 740/1/614 741/1/617 233/1/340 237/1/615
f 741/1/617 740/1/614 238/1/616 234/1/341
f 741/1/617 742/1/618 223/1/43 233/1/340
f 742/1/618 741/1/617 234/1/341 224/1/44
f 742/1/618 739/1/613 229/1/158 223/1/43
f 739/1/613 742/1/618 224/1/44 230/1/159
f 743/1/619 744/1/620 59/1/135 55/1/269
f 744/1/620 743/1/619 56/1/270 60/1/136
f 744/1/620 745/1/621 15/1/98 59/1/135
f 745/1/621 744/1/620 60/1/136 16/1/99
f 745/1/621 746/1/622 19/1/93 15/1/98
f 746/1/622 745/1/621 16/1/99 20/1/96
f 746/1/622 743/1/619 55/1/269 19/1/93
f 743/1/619 746/1/622 20/1/96 56/1/270
f 747/1/623 748/1/624 145/1/625 137/1/626
f 748/1/624 747/1/623 138/1/627 146/1/628
f 748/1/624 749/1/629 143/1/630 145/1/625
f 749/1/629 748/1/624 146/1/628 144/1/631
f 749/1/629 750/1/632 141/1/633 143/1/630
f 750/1/632 749/1/629 144/1/631 142/1/634
f 750/1/632 747/1/623 137/1/626 141/1/633
f 747/1/623 750/1/632 142/1/634 138/1/627
f 751/1/635 752/1/636 25/1/299 21/1/144
f 752/1/636 751/1/635 22/1/145 26/1/300
f 752/1/636 753/1/637 19/1/93 25/1/299
f 753/1/637 752/1/636 26/1/300 20/1/96
f 753/1/637 754/1/638 13/1/94 19/1/93
f 754/1/638 753/1/637 20/1/96 14/1/95
f 754/1/638 751/1/635 21/1/144 13/1/94
f 751/1/635 754/1/638 14/1/95 22/1/145
f 755/1/639 756/1/640 259/1/44 249/1/159
f 756/1/640 755/1/639 250/1/158 260/1/43
f 756/1/640 757/1/641 257/1/388 259/1/44
f 757/1/641 756/1/640 260/1/43 258/1/389
f 757/1/641 758/1/642 253/1/183 257/1/388
f 758/1/642 757/1/641 258/1/389 254/1/184
f 758/1/642 755/1/639 249/1/159 253/1/183
f 755/1/639 758/1/642 254/1/184 250/1/158
f 759/1/643 760/1/644 59/1/135 57/1/60
f 760/1/644 759/1/643 58/1/61 60/1/136
f 760/1/644 761/1/645 55/1/269 59/1/135
f 761/1/645 760/1/644 60/1/136 56/1/270
f 761/1/645 762/1/646 47/1/63 55/1/269
f 762/1/646 761/1/645 56/1/270 48/1/64
f 762/1/646 759/1/643 57/1/60 47/1/63
f 759/1/643 762/1/646 48/1/64 58/1/61
f 763/1/647 764/1/648 265/1/385 241/1/599
f 764/1/648 763/1/647 242/1/600 266/1/386
f 764/1/648 765/1/649 261/1/15 265/1/385
f 765/1/649 764/1/648 266/1/386 262/1/16
f 765/1/649 766/1/650 245/1/21 261/1/15
f 766/1/650 765/1/649 262/1/16 246/1/22
f 766/1/650 763/1/647 241/1/599 245/1/21
f 763/1/647 766/1/650 246/1/22 242/1/600
f 767/1/651 768/1/652 65/1/22 51/1/16
f 768/1/652 767/1/651 52/1/15 66/1/21
f 768/1/652 769/1/653 61/1/55 65/1/22
f 769/1/653 768/1/652 66/1/21 62/1/58
f 769/1/653 770/1/654 41/1/67 61/1/55
f 770/1/654 769/1/653 62/1/58 42/1/68
f 770/1/654 767/1/651 51/1/16 41/1/67
f 767/1/651 770/1/654 42/1/68 52/1/15
f 771/1/655 772/1/656 11/1/189 3/1/158
f 772/1/656 771/1/655 4/1/159 12/1/190
f 772/1/656 773/1/657 5/1/101 11/1/189
f 773/1/657 772/1/656 12/1/190 6/1/102
f 773/1/657 774/1/658 1/1/21 5/1/101
f 774/1/658 773/1/657 6/1/102 2/1/22
f 774/1/658 771/1/655 3/1/158 1/1/21
f 771/1/655 774/1/658 2/1/22 4/1/159
f 775/1/659 776/1/660 93/1/328 85/1/307
f 776/1/660 775/1/659 86/1/308 94/1/329
f 776/1/660 777/1/661 91/1/82 93/1/328
f 777/1/661 776/1/660 94/1/329 92/1/83
f 777/1/661 778/1/662 79/1/89 91/1/82
f 778/1/662 777/1/661 92/1/83 80/1/90
f 778/1/662 775/1/659 85/1/307 79/1/89
f 775/1/659 778/1/662 80/1/90 86/1/308
f 779/1/663 780/1/664 273/1/665 269/1/666
f 780/1/664 779/1/663 270/1/667 274/1/668
f 780/1/664 781/1/669 271/1/670 273/1/665
f 781/1/669 780/1/664 274/1/668 272/1/671
f 781/1/669 782/1/672 267/1/673 271/1/670
f 782/1/672 781/1/669 272/1/671 268/1/674
f 782/1/672 779/1/663 269/1/666 267/1/673
f 779/1/663 782/1/672 268/1/674 270/1/667
f 783/1/675 784/1/676 277/1/677 281/1/678
f 784/1/676 783/1/675 282/1/679 278/1/680
f 784/1/676 785/1/681 271/1/670 277/1/677
f 785/1/681 784/1/676 278/1/680 272/1/671
f 785/1/681 786/1/682 273/1/665 271/1/670
f 786/1/682 785/1/681 272/1/671 274/1/668
f 786/1/682 783/1/675 281/1/678 273/1/665
f 783/1/675 786/1/682 274/1/668 282/1/679
f 787/1/683 788/1/684 285/1/685 289/1/686
f 788/1/684 787/1/683 290/1/687 286/1/688
f 788/1/684 789/1/689 277/1/677 285/1/685
f 789/1/689 788/1/684 286/1/688 278/1/680
f 789/1/689 790/1/690 281/1/678 277/1/677
f 790/1/690 789/1/689 278/1/680 282/1/679
f 790/1/690 787/1/683 289/1/686 281/1/678
f 787/1/683 790/1/690 282/1/679 290/1/687
f 791/1/691 792/1/692 275/1/693 279/1/694
f 792/1/692 791/1/691 280/1/695 276/1/696
f 792/1/692 793/1/697 269/1/666 275/1/693
f 793/1/697 792/1/692 276/1/696 270/1/667
f 793/1/697 794/1/698 267/1/673 269/1/666
f 794/1/698 793/1/697 270/1/667 268/1/674
f 794/1/698 791/1/691 279/1/694 267/1/673
f 791/1/691 794/1/698 268/1/674 280/1/695
f 795/1/699 796/1/700 293/1/701 297/1/702
f 796/1/700 795/1/699 298/1/703 294/1/704
f 796/1/700 797/1/705 285/1/685 293/1/701
f 797/1/705 796/1/700 294/1/704 286/1/688
f 797/1/705 798/1/706 289/1/686 285/1/685
f 798/1/706 797/1/705 286/1/688 290/1/687
f 798/1/706 795/1/699 297/1/702 289/1/686
f 795/1/699 798/1/706 290/1/687 298/1/703
f 799/1/707 800/1/708 287/1/709 279/1/694
f 800/1/708 799/1/707 280/1/695 288/1/710
f 800/1/708 801/1/711 283/1/712 287/1/709
f 801/1/711 800/1/708 288/1/710 284/1/713
f 801/1/711 802/1/714 275/1/693 283/1/712
f 802/1/714 801/1/711 284/1/713 276/1/696
f 802/1/714 799/1/707 279/1/694 275/1/693
f 799/1/707 802/1/714 276/1/696 280/1/695
f 803/1/715 804/1/716 293/1/701 295/1/717
f 804/1/716 803/1/715 296/1/718 294/1/704
f 804/1/716 805/1/719 297/1/702 293/1/701
f 805/1/719 804/1/716 294/1/704 298/1/703
f 805/1/719 806/1/720 291/1/721 297/1/702
f 806/1/720 805/1/719 298/1/703 292/1/722
f 806/1/720 803/1/715 295/1/717 291/1/721
f 803/1/715 806/1/720 292/1/722 296/1/718
f 807/1/723 808/1/724 295/1/717 287/1/709
f 808/1/724 807/1/723 288/1/710 296/1/718
f 808/1/724 809/1/725 291/1/721 295/1/717
f 809/1/725 808/1/724 296/1/718 292/1/722
f 809/1/725 810/1/726 283/1/712 291/1/721
f 810/1/726 809/1/725 292/1/722 284/1/713
f 810/1/726 807/1/723 287/1/709 283/1/712
f 807/1/723 810/1/726 284/1/713 288/1/710
f 811/1/727 812/1/728 41/1/67 33/1/174
f 812/1/728 811/1/727 34/1/175 42/1/68
f 812/1/728 813/1/729 35/1/26 41/1/67
f 813/1/729 812/1/728 42/1/68 36/1/27
f 813/1/729 814/1/730 31/1/33 35/1/26
f 814/1/730 813/1/729 36/1/27 32/1/34
f 814/1/730 811/1/727 33/1/174 31/1/33
f 811/1/727 814/1/730 32/1/34 34/1/175
f 815/1/731 816/1/732 131/1/249 127/1/242
f 816/1/732 815/1/731 128/1/243 132/1/250
f 816/1/732 817/1/733 115/1/406 131/1/249
f 817/1/733 816/1/732 132/1/250 116/1/407
f 817/1/733 818/1/734 123/1/401 115/1/406
f 818/1/734 817/1/733 116/1/407 124/1/404
f 818/1/734 815/1/731 127/1/242 123/1/401
f 815/1/731 818/1/734 124/1/404 128/1/243
f 819/1/735 820/1/736 245/1/21 229/1/158
f 820/1/736 819/1/735 230/1/159 246/1/22
f 820/1/736 821/1/737 243/1/609 245/1/21
f 821/1/737 820/1/736 246/1/22 244/1/610
f 821/1/737 822/1/738 237/1/615 243/1/609
f 822/1/738 821/1/737 244/1/610 238/1/616
f 822/1/738 819/1/735 229/1/158 237/1/615
f 819/1/735 822/1/738 238/1/616 230/1/159
f 823/1/739 824/1/740 73/1/37 51/1/16
f 824/1/740 823/1/739 52/1/15 74/1/40
f 824/1/740 825/1/741 71/1/201 73/1/37
f 825/1/741 824/1/740 74/1/40 72/1/202
f 825/1/741 826/1/742 65/1/22 71/1/201
f 826/1/742 825/1/741 72/1/202 66/1/21
f 826/1/742 823/1/739 51/1/16 65/1/22
f 823/1/739 826/1/742 66/1/21 52/1/15
f 827/1/743 828/1/744 67/1/44 63/1/159
f 828/1/744 827/1/743 64/1/158 68/1/43
f 828/1/744 829/1/745 59/1/135 67/1/44
f 829/1/745 828/1/744 68/1/43 60/1/136
f 829/1/745 830/1/746 57/1/60 59/1/135
f 830/1/746 829/1/745 60/1/136 58/1/61
f 830/1/746 827/1/743 63/1/159 57/1/60
f 827/1/743 830/1/746 58/1/61 64/1/158
f 831/1/747 832/1/748 145/1/625 143/1/630
f 832/1/748 831/1/747 144/1/631 146/1/628
f 832/1/748 833/1/749 135/1/246 145/1/625
f 833/1/749 832/1/748 146/1/628 136/1/247
f 833/1/749 834/1/750 139/1/241 135/1/246
f 834/1/750 833/1/749 136/1/247 140/1/244
f 834/1/750 831/1/747 143/1/630 139/1/241
f 831/1/747 834/1/750 140/1/244 144/1/631
f 835/1/751 836/1/752 309/1/237 301/1/126
f 836/1/752 835/1/751 302/1/127 310/1/238
f 836/1/752 837/1/753 305/1/234 309/1/237
f 837/1/753 836/1/752 310/1/238 306/1/235
f 837/1/753 838/1/754 303/1/129 305/1/234
f 838/1/754 837/1/753 306/1/235 304/1/130
f 838/1/754 835/1/751 301/1/126 303/1/129
f 835/1/751 838/1/754 304/1/130 302/1/127
f 839/1/755 840/1/756 141/1/633 137/1/626
f 840/1/756 839/1/755 138/1/627 142/1/634
f 840/1/756 841/1/757 129/1/436 141/1/633
f 841/1/757 840/1/756 142/1/634 130/1/437
f 841/1/757 842/1/758 133/1/433 129/1/436
f 842/1/758 841/1/757 130/1/437 134/1/434
f 842/1/758 839/1/755 137/1/626 133/1/433
f 839/1/755 842/1/758 134/1/434 138/1/627
f 843/1/759 844/1/760 329/1/253 319/1/394
f 844/1/760 843/1/759 320/1/395 330/1/256
f 844/1/760 845/1/761 327/1/254 329/1/253
f 845/1/761 844/1/760 330/1/256 328/1/255
f 845/1/761 846/1/762 323/1/393 327/1/254
f 846/1/762 845/1/761 328/1/255 324/1/396
f 846/1/762 843/1/759 319/1/394 323/1/393
f 843/1/759 846/1/762 324/1/396 320/1/395
f 847/1/763 848/1/764 393/1/765 389/1/766
f 848/1/764 847/1/763 390/1/767 394/1/768
f 848/1/764 849/1/769 391/1/770 393/1/765
f 849/1/769 848/1/764 394/1/768 392/1/771
f 849/1/769 850/1/772 387/1/773 391/1/770
f 850/1/772 849/1/769 392/1/771 388/1/774
f 850/1/772 847/1/763 389/1/766 387/1/773
f 847/1/763 850/1/772 388/1/774 390/1/767
f 851/1/775 852/1/776 385/1/777 383/1/778
f 852/1/776 851/1/775 384/1/779 386/1/780
f 852/1/776 853/1/781 375/1/782 385/1/777
f 853/1/781 852/1/776 386/1/780 376/1/783
f 853/1/781 854/1/784 367/1/785 375/1/782
f 854/1/784 853/1/781 376/1/783 368/1/786
f 854/1/784 851/1/775 383/1/778 367/1/785
f 851/1/775 854/1/784 368/1/786 384/1/779
f 855/1/787 856/1/788 341/1/789 337/1/790
f 856/1/788 855/1/787 338/1/791 342/1/792
f 856/1/788 857/1/793 333/1/794 341/1/789
f 857/1/793 856/1/788 342/1/792 334/1/795
f 857/1/793 855/1/787 337/1/790 333/1/794
f 855/1/787 857/1/793 334/1/795 338/1/791
f 858/1/796 859/1/797 337/1/790 341/1/789
f 859/1/797 858/1/796 342/1/792 338/1/791
f 859/1/797 860/1/798 345/1/799 337/1/790
f 860/1/798 859/1/797 338/1/791 346/1/800
f 860/1/798 858/1/796 341/1/789 345/1/799
f 858/1/796 860/1/798 346/1/800 342/1/792
f 861/1/801 862/1/802 377/1/803 381/1/804
f 862/1/802 861/1/801 382/1/805 378/1/806
f 862/1/802 863/1/807 373/1/808 377/1/803
f 863/1/807 862/1/802 378/1/806 374/1/809
f 863/1/807 864/1/810 379/1/811 373/1/808
f 864/1/810 863/1/807 374/1/809 380/1/812
f 864/1/810 861/1/801 381/1/804 379/1/811
f 861/1/801 864/1/810 380/1/812 382/1/805
f 865/1/813 866/1/814 343/1/571 335/1/815
f 866/1/814 865/1/813 336/1/816 344/1/572
f 866/1/814 867/1/817 339/1/568 343/1/571
f 867/1/817 866/1/814 344/1/572 340/1/569
f 867/1/817 868/1/818 331/1/819 339/1/568
f 868/1/818 867/1/817 340/1/569 332/1/820
f 868/1/818 865/1/813 335/1/815 331/1/819
f 865/1/813 868/1/818 332/1/820 336/1/816
f 869/1/821 870/1/822 375/1/782 367/1/785
f 870/1/822 869/1/821 368/1/786 376/1/783
f 870/1/822 871/1/823 369/1/824 375/1/782
f 871/1/823 870/1/822 376/1/783 370/1/825
f 871/1/823 872/1/826 371/1/827 369/1/824
f 872/1/826 871/1/823 370/1/825 372/1/828
f 872/1/826 869/1/821 367/1/785 371/1/827
f 869/1/821 872/1/826 372/1/828 368/1/786
f 873/1/829 874/1/830 357/1/831 359/1/321
f 874/1/830 873/1/829 360/1/322 358/1/832
f 874/1/830 875/1/833 355/1/834 357/1/831
f 875/1/833 874/1/830 358/1/832 356/1/835
f 875/1/833 873/1/829 359/1/321 355/1/834
f 873/1/829 875/1/833 356/1/835 360/1/322
f 876/1/836 877/1/837 359/1/321 357/1/831
f 877/1/837 876/1/836 358/1/832 360/1/322
f 877/1/837 878/1/838 361/1/318 359/1/321
f 878/1/838 877/1/837 360/1/322 362/1/319
f 878/1/838 876/1/836 357/1/831 361/1/318
f 876/1/836 878/1/838 362/1/319 358/1/832
f 879/1/839 880/1/840 401/1/841 397/1/842
f 880/1/840 879/1/839 398/1/843 402/1/844
f 880/1/840 881/1/845 399/1/846 401/1/841
f 881/1/845 880/1/840 402/1/844 400/1/847
f 881/1/845 882/1/848 395/1/849 399/1/846
f 882/1/848 881/1/845 400/1/847 396/1/850
f 882/1/848 879/1/839 397/1/842 395/1/849
f 879/1/839 882/1/848 396/1/850 398/1/843
f 883/1/851 884/1/852 337/1/790 331/1/819
f 884/1/852 883/1/851 332/1/820 338/1/791
f 884/1/852 885/1/853 333/1/794 337/1/790
f 885/1/853 884/1/852 338/1/791 334/1/795
f 885/1/853 886/1/854 335/1/815 333/1/794
f 886/1/854 885/1/853 334/1/795 336/1/816
f 886/1/854 883/1/851 331/1/819 335/1/815
f 883/1/851 886/1/854 336/1/816 332/1/820
f 887/1/855 888/1/856 371/1/827 373/1/808
f 888/1/856 887/1/855 374/1/809 372/1/828
f 888/1/856 889/1/857 369/1/824 371/1/827
f 889/1/857 888/1/856 372/1/828 370/1/825
f 889/1/857 887/1/855 373/1/808 369/1/824
f 887/1/855 889/1/857 370/1/825 374/1/809
f 890/1/858 891/1/859 373/1/808 371/1/827
f 891/1/859 890/1/858 372/1/828 374/1/809
f 891/1/859 892/1/860 377/1/803 373/1/808
f 892/1/860 891/1/859 374/1/809 378/1/806
f 892/1/860 890/1/858 371/1/827 377/1/803
f 890/1/858 892/1/860 378/1/806 372/1/828
f 893/1/861 894/1/862 175/1/863 167/1/482
f 894/1/862 893/1/861 168/1/483 176/1/864
f 894/1/862 895/1/865 173/1/866 175/1/863
f 895/1/865 894/1/862 176/1/864 174/1/867
f 895/1/865 896/1/868 171/1/500 173/1/866
f 896/1/868 895/1/865 174/1/867 172/1/501
f 896/1/868 893/1/861 167/1/482 171/1/500
f 893/1/861 896/1/868 172/1/501 168/1/483
f 897/1/869 898/1/870 389/1/766 383/1/778
f 898/1/870 897/1/869 384/1/779 390/1/767
f 898/1/870 899/1/871 387/1/773 389/1/766
f 899/1/871 898/1/870 390/1/767 388/1/774
f 899/1/871 900/1/872 385/1/777 387/1/773
f 900/1/872 899/1/871 388/1/774 386/1/780
f 900/1/872 897/1/869 383/1/778 385/1/777
f 897/1/869 900/1/872 386/1/780 384/1/779
f 901/1/873 902/1/874 357/1/831 355/1/834
f 902/1/874 901/1/873 356/1/835 358/1/832
f 902/1/874 903/1/875 353/1/563 357/1/831
f 903/1/875 902/1/874 358/1/832 354/1/566
f 903/1/875 904/1/876 351/1/564 353/1/563
f 904/1/876 903/1/875 354/1/566 352/1/565
f 904/1/876 901/1/873 355/1/834 351/1/564
f 901/1/873 904/1/876 352/1/565 356/1/835
f 905/1/877 906/1/878 157/1/582 153/1/585
f 906/1/878 905/1/877 154/1/586 158/1/583
f 906/1/878 907/1/879 147/1/555 157/1/582
f 907/1/879 906/1/878 158/1/583 148/1/556
f 907/1/879 908/1/880 151/1/559 147/1/555
f 908/1/880 907/1/879 148/1/556 152/1/560
f 908/1/880 905/1/877 153/1/585 151/1/559
f 905/1/877 908/1/880 152/1/560 154/1/586
f 909/1/881 910/1/882 393/1/765 391/1/770
f 910/1/882 909/1/881 392/1/771 394/1/768
f 910/1/882 911/1/883 395/1/849 393/1/765
f 911/1/883 910/1/882 394/1/768 396/1/850
f 911/1/883 909/1/881 391/1/770 395/1/849
f 909/1/881 911/1/883 396/1/850 392/1/771
f 912/1/884 913/1/885 397/1/842 393/1/765
f 913/1/885 912/1/884 394/1/768 398/1/843
f 913/1/885 914/1/886 395/1/849 397/1/842
f 914/1/886 913/1/885 398/1/843 396/1/850
f 914/1/886 912/1/884 393/1/765 395/1/849
f 912/1/884 914/1/886 396/1/850 394/1/768
f 915/1/887 916/1/888 349/1/889 345/1/799
f 916/1/888 915/1/887 346/1/800 350/1/890
f 916/1/888 917/1/891 347/1/892 349/1/889
f 917/1/891 916/1/888 350/1/890 348/1/893
f 917/1/891 918/1/894 341/1/789 347/1/892
f 918/1/894 917/1/891 348/1/893 342/1/792
f 918/1/894 915/1/887 345/1/799 341/1/789
f 915/1/887 918/1/894 342/1/792 346/1/800
f 919/1/895 920/1/896 325/1/261 313/1/230
f 920/1/896 919/1/895 314/1/231 326/1/262
f 920/1/896 921/1/897 321/1/258 325/1/261
f 921/1/897 920/1/896 326/1/262 322/1/259
f 921/1/897 922/1/898 317/1/229 321/1/258
f 922/1/898 921/1/897 322/1/259 318/1/232
f 922/1/898 919/1/895 313/1/230 317/1/229
f 919/1/895 922/1/898 318/1/232 314/1/231
o RenderMesh_17001777607
v -0.002915 0.016529 -0.004432
v -0.004258 0.017579 -0.005478
v 0.000000 0.024690 0.012511
v -0.000000 0.026541 0.011754
v 0.000000 0.017400 -0.005304
v -0.000000 0.018817 -0.006716
v -0.002947 0.023411 0.012417
v -0.004203 0.024851 0.011827
v -0.004061 0.020450 0.012139
v -0.006050 0.020647 0.012058
v 0.002915 0.016529 -0.004432
v 0.004258 0.017579 -0.005478
v 0.002947 0.023411 0.012417
v 0.004203 0.024851 0.011827
v 0.000000 -0.000000 -0.012511
v -0.000000 -0.000000 -0.014511
v 0.004061 0.020450 0.012139
v 0.006050 0.020647 0.012058
v -0.004060 0.014460 -0.002364
v -0.006055 0.014564 -0.002468
v -0.002841 0.017602 0.011813
v -0.004297 0.016337 0.012342
v -0.002915 -0.000000 -0.011279
v -0.004258 -0.000000 -0.012761
v -0.002813 0.012464 -0.000368
v -0.004299 0.011519 0.000580
v 0.004060 0.014460 -0.002364
v 0.006055 0.014564 -0.002468
v 0.002841 0.017602 0.011813
v 0.004297 0.016337 0.012342
v 0.002915 -0.000000 -0.011279
v 0.004258 -0.000000 -0.012761
v 0.002813 0.012464 -0.000368
v 0.004299 0.011519 0.000580
v 0.000000 0.011666 0.000431
v -0.000000 0.010256 0.001850
v 0.000000 0.016415 0.011682
v 0.000000 0.014572 0.012459
v 0.004060 -0.000000 -0.008354
v 0.006054 -0.000000 -0.008502
v 0.002813 -0.000000 -0.005530
v 0.004302 -0.000000 -0.004195
v 0.000000 -0.000000 -0.004401
v -0.000000 -0.000000 -0.002401
v -0.002813 -0.000000 -0.005530
v -0.004302 -0.000000 -0.004195
v 0.000000 -0.011666 0.000431
v -0.000000 -0.010256 0.001850
v 0.002813 -0.012464 -0.000368
v 0.004299 -0.011519 0.000580
v 0.004060 -0.014460 -0.002364
v 0.006055 -0.014564 -0.002468
v 0.002841 -0.017602 0.011813
v 0.004297 -0.016337 0.012342
v 0.000000 -0.016415 0.011682
v 0.000000 -0.014572 0.012459
v 0.004061 -0.020450 0.012139
v 0.006050 -0.020647 0.012058
v -0.002841 -0.017602 0.011813
v -0.004297 -0.016337 0.012342
v 0.002915 -0.016529 -0.004432
v 0.004258 -0.017579 -0.005478
v 0.002947 -0.023411 0.012417
v 0.004203 -0.024851 0.011827
v 0.000000 -0.024690 0.012511
v 0.000000 -0.026541 0.011754
v 0.000000 -0.017400 -0.005304
v 0.000000 -0.018817 -0.006716
v -0.002915 -0.016529 -0.004432
v -0.004258 -0.017579 -0.005478
v -0.002947 -0.023411 0.012417
v -0.004203 -0.024851 0.011827
v -0.004061 -0.020450 0.012139
v -0.006050 -0.020647 0.012058
v -0.004060 -0.014460 -0.002364
v -0.006055 -0.014564 -0.002468
v -0.004060 -0.000000 -0.008354
v -0.006054 -0.000000 -0.008502
v -0.002813 -0.012464 -0.000368
v -0.004299 -0.011519 0.000580
v 0.000932 -0.024826 0.011162
v 0.000932 -0.018213 -0.004795
v 0.002656 -0.017715 -0.004297
v 0.002642 -0.024151 0.011211
v 0.004665 0.021161 0.011168
v 0.004667 0.015626 -0.002131
v 0.003979 0.016753 -0.003256
v 0.003962 0.022677 0.010998
v -0.003987 -0.011696 -0.000993
v -0.003989 -0.000986 -0.005430
v -0.004626 -0.000986 -0.007043
v -0.004626 -0.012835 -0.002134
v -0.002656 0.017715 -0.004297
v -0.002642 0.024151 0.011211
v -0.000932 0.024826 0.011162
v -0.000932 0.018213 -0.004795
v 0.004667 -0.014228 -0.003530
v 0.003976 -0.015360 -0.004660
v 0.003977 -0.000989 -0.010614
v 0.004667 -0.000989 -0.009015
v 0.003987 0.011696 -0.000993
v 0.003989 0.000986 -0.005430
v 0.004626 0.000986 -0.007043
v 0.004626 0.012835 -0.002134
v -0.004006 -0.017559 0.011162
v -0.003989 -0.013094 0.000398
v -0.004626 -0.014229 -0.000738
v -0.004618 -0.019101 0.010949
v 0.000938 -0.010294 0.000487
v 0.002618 -0.010792 -0.000014
v 0.002620 -0.000933 -0.004100
v 0.000938 -0.000933 -0.003391
v 0.004006 -0.017559 0.011162
v 0.004618 -0.019101 0.010949
v 0.004626 -0.014229 -0.000738
v 0.003989 -0.013094 0.000398
v 0.002655 -0.016398 -0.005621
v 0.000931 -0.016896 -0.006118
v 0.000932 -0.000934 -0.012730
v 0.002655 -0.000934 -0.012026
v -0.000937 -0.011620 0.001805
v -0.002621 -0.012118 0.001302
v -0.002628 -0.016181 0.011096
v -0.000939 -0.015490 0.011175
v -0.004626 0.014229 -0.000738
v -0.003989 0.013094 0.000398
v -0.004006 0.017559 0.011162
v -0.004618 0.019101 0.010949
v -0.004665 -0.021161 0.011168
v -0.004667 -0.015626 -0.002131
v -0.003979 -0.016753 -0.003256
v -0.003962 -0.022677 0.010998
v -0.003977 0.000989 -0.010614
v -0.004667 0.000989 -0.009015
v -0.004667 0.014228 -0.003530
v -0.003976 0.015360 -0.004660
v 0.000938 0.010294 0.000487
v 0.000938 0.000933 -0.003391
v 0.002620 0.000933 -0.004100
v 0.002618 0.010792 -0.000014
v -0.000932 0.000934 -0.012730
v -0.002655 0.000934 -0.012026
v -0.002655 0.016398 -0.005621
v -0.000931 0.016896 -0.006118
v -0.002620 0.000933 -0.004100
v -0.000938 0.000933 -0.003391
v -0.000938 0.010294 0.000487
v -0.002618 0.010792 -0.000014
v -0.000937 0.011620 0.001805
v -0.000939 0.015490 0.011175
v -0.002628 0.016181 0.011096
v -0.002621 0.012118 0.001302
v -0.002620 -0.000933 -0.004100
v -0.002618 -0.010792 -0.000014
v -0.000938 -0.010294 0.000487
v -0.000938 -0.000933 -0.003391
v 0.002628 0.016181 0.011096
v 0.000939 0.015490 0.011175
v 0.000937 0.011620 0.001805
v 0.002621 0.012118 0.001302
v 0.000937 -0.011620 0.001805
v 0.000939 -0.015490 0.011175
v 0.002628 -0.016181 0.011096
v 0.002621 -0.012118 0.001302
v -0.000932 -0.024826 0.011162
v -0.002642 -0.024151 0.011211
v -0.002656 -0.017715 -0.004297
v -0.000932 -0.018213 -0.004795
v 0.002655 0.016398 -0.005621
v 0.002655 0.000934 -0.012026
v 0.000932 0.000934 -0.012730
v 0.000931 0.016896 -0.006118
v 0.004665 -0.021161 0.011168
v 0.003962 -0.022677 0.010998
v 0.003979 -0.016753 -0.003256
v 0.004667 -0.015626 -0.002131
v 0.004667 0.014228 -0.003530
v 0.004667 0.000989 -0.009015
v 0.003977 0.000989 -0.010614
v 0.003976 0.015360 -0.004660
v 0.000932 0.024826 0.011162
v 0.002642 0.024151 0.011211
v 0.002656 0.017715 -0.004297
v 0.000932 0.018213 -0.004795
v -0.004626 0.000986 -0.007043
v -0.003989 0.000986 -0.005430
v -0.003987 0.011696 -0.000993
v -0.004626 0.012835 -0.002134
v -0.002655 -0.016398 -0.005621
v -0.002655 -0.000934 -0.012026
v -0.000932 -0.000934 -0.012730
v -0.000931 -0.016896 -0.006118
v 0.004006 0.017559 0.011162
v 0.003989 0.013094 0.000398
v 0.004626 0.014229 -0.000738
v 0.004618 0.019101 0.010949
v 0.003987 -0.011696 -0.000993
v 0.004626 -0.012835 -0.002134
v 0.004626 -0.000986 -0.007043
v 0.003989 -0.000986 -0.005430
v -0.003979 0.016753 -0.003256
v -0.004667 0.015626 -0.002131
v -0.004665 0.021161 0.011168
v -0.003962 0.022677 0.010998
v -0.004667 -0.014228 -0.003530
v -0.004667 -0.000989 -0.009015
v -0.003977 -0.000989 -0.010614
v -0.003976 -0.015360 -0.004660
vn 0.6741 0.3612 -0.6443
vn 0.6958 -0.3257 0.6401
vn -0.0000 0.7070 0.7073
vn -0.0000 0.9947 -0.1027
vn -0.0000 -0.6723 -0.7403
vn -0.0000 -0.7064 -0.7078
vn -0.5916 -0.7166 0.3696
vn -0.7307 0.4841 0.4814
vn 0.6313 -0.5489 -0.5478
vn -0.6434 -0.1269 -0.7550
vn -0.7142 0.6686 -0.2069
vn 0.4616 -0.5648 -0.6840
vn -0.1989 0.5190 -0.8313
vn -0.1640 0.9691 0.1843
vn -0.9998 0.0145 -0.0160
vn -0.8929 0.0250 -0.4496
vn 0.8694 0.1171 -0.4800
vn 0.9880 0.1097 -0.1092
vn 0.4716 -0.0663 0.8793
vn -0.7307 -0.4841 0.4814
vn 0.6313 0.5489 -0.5478
vn 0.4378 -0.7455 -0.5025
vn -0.7142 -0.6686 -0.2069
vn 0.4616 0.5648 -0.6840
vn -0.3939 0.2334 -0.8890
vn -0.3936 -0.7938 -0.4637
vn 0.7047 -0.0000 -0.7095
vn 0.7020 -0.5029 -0.5042
vn -0.7919 0.4323 0.4313
vn -0.7942 -0.0000 0.6077
vn 0.0806 -0.5098 0.8565
vn 0.9997 -0.0000 -0.0235
vn -0.9882 -0.0000 -0.1535
vn 0.0804 0.9660 0.2457
vn 0.9998 -0.0145 -0.0160
vn -0.9880 -0.1097 -0.1092
vn 0.5916 0.7166 0.3696
vn 0.6434 0.1269 -0.7550
vn 0.7142 -0.6686 -0.2069
vn 0.7307 -0.4841 0.4814
vn -0.6313 0.5489 -0.5478
vn -0.4616 0.5648 -0.6840
vn -0.6741 -0.3612 -0.6443
vn -0.0000 -0.9947 -0.1027
vn -0.0000 0.6723 -0.7403
vn -0.6958 0.3257 0.6401
vn -0.0000 -0.7070 0.7073
vn -0.0000 0.7064 -0.7078
vn -0.1579 0.1839 -0.9702
vn 0.4514 0.8894 0.0723
vn -0.9998 -0.0145 -0.0160
vn 0.9880 -0.1097 -0.1092
vn 0.4512 -0.5773 0.6805
vn -0.7340 -0.0000 0.6792
vn 0.6355 -0.0000 -0.7721
vn -0.1580 -0.8164 -0.5555
vn -0.9997 -0.0000 -0.0235
vn 0.9882 -0.0000 -0.1535
vn 0.3939 -0.2334 -0.8890
vn 0.3936 0.7938 -0.4637
vn -0.7047 -0.0000 -0.7095
vn -0.7020 0.5029 -0.5042
vn 0.7919 -0.4323 0.4313
vn 0.7942 -0.0000 0.6077
vn -0.0806 0.5098 0.8565
vn -0.0804 -0.9660 0.2457
vn -0.4615 -0.4107 -0.7863
vn -0.4055 -0.8843 0.2317
vn 0.5207 -0.5303 -0.6691
vn -0.7590 0.6258 -0.1798
vn 0.0730 0.2449 0.9668
vn 0.0475 0.9109 -0.4099
vn 0.8929 -0.0250 -0.4496
vn -0.8694 -0.1171 -0.4800
vn 0.7131 0.5005 -0.4909
vn -0.5916 0.8062 -0.0009
vn -0.7020 -0.5029 -0.5042
vn -0.0000 -0.7040 -0.7102
vn -0.0000 0.7061 0.7081
vn 0.7919 0.4323 0.4313
vn -0.5917 -0.5711 0.5689
vn 0.7133 -0.7009 0.0057
vn -0.0000 -0.0000 -1.0000
vn -0.0000 -0.0000 1.0000
vn 0.4615 -0.4107 -0.7863
vn -0.0476 0.9109 -0.4099
vn -0.8929 -0.0250 -0.4496
vn -0.5207 -0.5303 -0.6691
vn 0.7590 0.6258 -0.1798
vn 0.8694 -0.1171 -0.4800
vn -0.0730 0.2449 0.9668
vn 0.4055 -0.8843 0.2317
vn -0.5775 0.3684 -0.7285
vn 0.6865 0.6474 -0.3310
vn 0.6865 -0.6916 0.2243
vn -0.5778 -0.7756 -0.2541
vn -0.7219 -0.4862 0.4925
vn 0.6005 -0.0074 0.7996
vn 0.5486 0.6749 -0.4936
vn -0.7536 0.1395 -0.6424
vn -0.0000 -0.6635 -0.7482
vn -0.0000 0.9991 -0.0420
vn 0.0730 -0.2449 0.9668
vn -0.4055 0.8843 0.2317
vn 0.7020 0.5029 -0.5042
vn 0.9998 0.0145 -0.0160
vn -0.9880 0.1097 -0.1092
vn -0.7919 -0.4323 0.4313
vn -0.4615 0.4107 -0.7863
vn 0.5207 0.5303 -0.6691
vn -0.7590 -0.6258 -0.1798
vn 0.0476 -0.9109 -0.4099
vn 0.8929 0.0250 -0.4496
vn -0.8694 0.1171 -0.4800
vn 0.1989 -0.5190 -0.8313
vn 0.1640 -0.9691 0.1843
vn -0.4716 0.0663 0.8793
vn 0.7307 0.4841 0.4814
vn -0.6313 -0.5489 -0.5478
vn -0.4378 0.7455 -0.5025
vn 0.7142 0.6686 -0.2069
vn -0.4616 -0.5648 -0.6840
vn -0.4512 0.5773 0.6805
vn 0.1580 0.8164 -0.5555
vn 0.7340 -0.0000 0.6792
vn -0.6355 -0.0000 -0.7721
vn 0.1579 -0.1839 -0.9702
vn -0.4514 -0.8894 0.0723
vn 0.7131 -0.5005 -0.4909
vn 0.7133 0.7009 0.0057
vn -0.0000 0.7040 -0.7102
vn -0.0000 -0.7061 0.7081
vn -0.5917 0.5711 0.5689
vn -0.5916 -0.8062 -0.0009
vn -0.6865 0.6916 0.2243
vn 0.5778 0.7756 -0.2541
vn 0.5775 -0.3684 -0.7285
vn -0.6865 -0.6474 -0.3310
vn 0.5917 0.5711 0.5689
vn -0.7133 0.7009 0.0057
vn -0.7131 -0.5005 -0.4909
vn 0.5916 -0.8062 -0.0009
vn -0.7219 0.4862 0.4925
vn -0.7536 -0.1395 -0.6424
vn -0.0000 0.6635 -0.7482
vn -0.0000 -0.9991 -0.0420
vn 0.5486 -0.6749 -0.4936
vn 0.6005 0.0074 0.7996
vn 0.5917 -0.5711 0.5689
vn 0.5916 0.8062 -0.0009
vn -0.7131 0.5005 -0.4909
vn -0.7133 -0.7009 0.0057
vn -0.5486 -0.6749 -0.4936
vn 0.7536 -0.1395 -0.6424
vn -0.5207 0.5303 -0.6691
vn 0.7590 -0.6258 -0.1798
vn 0.7219 0.4862 0.4925
vn -0.6005 0.0074 0.7996
vn 0.7219 -0.4862 0.4925
vn 0.7536 0.1395 -0.6424
vn -0.5486 0.6749 -0.4936
vn -0.6005 -0.0074 0.7996
vn -0.6741 0.3612 -0.6443
vn 0.6434 -0.1269 -0.7550
vn 0.5916 -0.7166 0.3696
vn -0.6958 -0.3257 0.6401
vn -0.5775 -0.3684 -0.7285
vn -0.5778 0.7756 -0.2541
vn 0.6865 0.6916 0.2243
vn 0.6865 -0.6474 -0.3310
vn -0.1990 -0.5195 -0.8310
vn 0.4378 0.7455 -0.5025
vn 0.4716 0.0663 0.8793
vn -0.1640 -0.9691 0.1843
vn -0.1579 -0.1839 -0.9702
vn -0.1580 0.8164 -0.5555
vn 0.4512 0.5773 0.6805
vn 0.4514 -0.8894 0.0723
vn 0.6741 -0.3612 -0.6443
vn -0.6434 0.1269 -0.7550
vn -0.5916 0.7166 0.3696
vn 0.6958 0.3257 0.6401
vn 0.0806 0.5098 0.8565
vn -0.3936 0.7938 -0.4637
vn -0.3939 -0.2334 -0.8890
vn 0.0804 -0.9660 0.2457
vn 0.5775 0.3684 -0.7285
vn 0.5778 -0.7756 -0.2541
vn -0.6865 -0.6916 0.2243
vn -0.6865 0.6474 -0.3310
vn 0.4615 0.4107 -0.7863
vn 0.4055 0.8843 0.2317
vn -0.0730 -0.2449 0.9668
vn -0.0475 -0.9109 -0.4099
vn 0.3939 0.2334 -0.8890
vn -0.0804 0.9660 0.2457
vn -0.0806 -0.5098 0.8565
vn 0.3936 -0.7938 -0.4637
vn -0.4716 -0.0663 0.8793
vn 0.1640 0.9691 0.1843
vn 0.1992 0.5192 -0.8311
vn -0.4378 -0.7455 -0.5025
vn 0.1579 0.1839 -0.9702
vn 0.1580 -0.8164 -0.5555
vn -0.4512 -0.5773 0.6805
vn -0.4514 0.8894 0.0723
vt 0.000000 0.000000
s 1
f 1003/2/899 1004/2/900 989/2/901 987/2/902
f 1004/2/900 1003/2/899 988/2/903 990/2/904
f 1004/2/900 1005/2/905 983/2/906 989/2/901
f 1005/2/905 1004/2/900 990/2/904 984/2/907
f 1005/2/905 1006/2/908 985/2/909 983/2/906
f 1006/2/908 1005/2/905 984/2/907 986/2/910
f 1006/2/908 1003/2/899 987/2/902 985/2/909
f 1003/2/899 1006/2/908 986/2/910 988/2/903
f 1007/2/911 1008/2/912 949/2/913 939/2/914
f 1008/2/912 1007/2/911 940/2/915 950/2/916
f 1008/2/912 1009/2/917 933/2/918 949/2/913
f 1009/2/917 1008/2/912 950/2/916 934/2/919
f 1009/2/917 1010/2/920 935/2/921 933/2/918
f 1010/2/920 1009/2/917 934/2/919 936/2/922
f 1010/2/920 1007/2/911 939/2/914 935/2/921
f 1007/2/911 1010/2/920 936/2/922 940/2/915
f 1011/2/923 1012/2/924 967/2/925 1001/2/926
f 1012/2/924 1011/2/923 1002/2/927 968/2/928
f 1012/2/924 1013/2/929 999/2/930 967/2/925
f 1013/2/929 1012/2/924 968/2/928 1000/2/931
f 1013/2/929 1014/2/932 997/2/933 999/2/930
f 1014/2/932 1013/2/929 1000/2/931 998/2/934
f 1014/2/932 1011/2/923 1001/2/926 997/2/933
f 1011/2/923 1014/2/932 998/2/934 1002/2/927
f 1015/2/935 1016/2/936 929/2/937 923/2/938
f 1016/2/936 1015/2/935 924/2/939 930/2/940
f 1016/2/936 1017/2/941 925/2/942 929/2/937
f 1017/2/941 1016/2/936 930/2/940 926/2/943
f 1017/2/941 1018/2/944 927/2/945 925/2/942
f 1018/2/944 1017/2/941 926/2/943 928/2/946
f 1018/2/944 1015/2/935 923/2/938 927/2/945
f 1015/2/935 1018/2/944 928/2/946 924/2/939
f 1019/2/947 1020/2/948 983/2/906 973/2/949
f 1020/2/948 1019/2/947 974/2/950 984/2/907
f 1020/2/948 1021/2/951 953/2/952 983/2/906
f 1021/2/951 1020/2/948 984/2/907 954/2/953
f 1021/2/951 1022/2/954 961/2/955 953/2/952
f 1022/2/954 1021/2/951 954/2/953 962/2/956
f 1022/2/954 1019/2/947 973/2/949 961/2/955
f 1019/2/947 1022/2/954 962/2/956 974/2/950
f 1023/2/957 1024/2/958 963/2/959 955/2/960
f 1024/2/958 1023/2/957 956/2/961 964/2/962
f 1024/2/958 1025/2/963 961/2/955 963/2/959
f 1025/2/963 1024/2/958 964/2/962 962/2/956
f 1025/2/963 1026/2/964 949/2/913 961/2/955
f 1026/2/964 1025/2/963 962/2/956 950/2/916
f 1026/2/964 1023/2/957 955/2/960 949/2/913
f 1023/2/957 1026/2/964 950/2/916 956/2/961
f 1027/2/965 1028/2/966 1001/2/926 981/2/967
f 1028/2/966 1027/2/965 982/2/968 1002/2/927
f 1028/2/966 1029/2/969 997/2/933 1001/2/926
f 1029/2/969 1028/2/966 1002/2/927 998/2/934
f 1029/2/969 1030/2/970 995/2/971 997/2/933
f 1030/2/970 1029/2/969 998/2/934 996/2/972
f 1030/2/970 1027/2/965 981/2/967 995/2/971
f 1027/2/965 1030/2/970 996/2/972 982/2/968
f 1031/2/973 1032/2/974 971/2/975 969/2/976
f 1032/2/974 1031/2/973 970/2/977 972/2/978
f 1032/2/974 1033/2/979 963/2/959 971/2/975
f 1033/2/979 1032/2/974 972/2/978 964/2/962
f 1033/2/979 1034/2/980 965/2/981 963/2/959
f 1034/2/980 1033/2/979 964/2/962 966/2/982
f 1034/2/980 1031/2/973 969/2/976 965/2/981
f 1031/2/973 1034/2/980 966/2/982 970/2/977
f 1035/2/983 1036/2/984 979/2/985 975/2/986
f 1036/2/984 1035/2/983 976/2/987 980/2/988
f 1036/2/984 1037/2/989 973/2/949 979/2/985
f 1037/2/989 1036/2/984 980/2/988 974/2/950
f 1037/2/989 1038/2/990 971/2/975 973/2/949
f 1038/2/990 1037/2/989 974/2/950 972/2/978
f 1038/2/990 1035/2/983 975/2/986 971/2/975
f 1035/2/983 1038/2/990 972/2/978 976/2/987
f 1039/2/991 1040/2/992 989/2/901 983/2/906
f 1040/2/992 1039/2/991 984/2/907 990/2/904
f 1040/2/992 1041/2/993 937/2/982 989/2/901
f 1041/2/993 1040/2/992 990/2/904 938/2/981
f 1041/2/993 1042/2/994 953/2/952 937/2/982
f 1042/2/994 1041/2/993 938/2/981 954/2/953
f 1042/2/994 1039/2/991 983/2/906 953/2/952
f 1039/2/991 1042/2/994 954/2/953 984/2/907
f 1043/2/995 1044/2/996 1001/2/926 969/2/976
f 1044/2/996 1043/2/995 970/2/977 1002/2/927
f 1044/2/996 1045/2/997 981/2/967 1001/2/926
f 1045/2/997 1044/2/996 1002/2/927 982/2/968
f 1045/2/997 1046/2/998 977/2/999 981/2/967
f 1046/2/998 1045/2/997 982/2/968 978/2/1000
f 1046/2/998 1043/2/995 969/2/976 977/2/999
f 1043/2/995 1046/2/998 978/2/1000 970/2/977
f 1047/2/1001 1048/2/1002 947/2/1003 941/2/1004
f 1048/2/1002 1047/2/1001 942/2/1005 948/2/1006
f 1048/2/1002 1049/2/1007 943/2/1008 947/2/1003
f 1049/2/1007 1048/2/1002 948/2/1006 944/2/1009
f 1049/2/1007 1050/2/1010 931/2/1011 943/2/1008
f 1050/2/1010 1049/2/1007 944/2/1009 932/2/1012
f 1050/2/1010 1047/2/1001 941/2/1004 931/2/1011
f 1047/2/1001 1050/2/1010 932/2/1012 942/2/1005
f 1051/2/1013 1052/2/1014 997/2/933 995/2/971
f 1052/2/1014 1051/2/1013 996/2/972 998/2/934
f 1052/2/1014 1053/2/1015 991/2/1016 997/2/933
f 1053/2/1015 1052/2/1014 998/2/934 992/2/1017
f 1053/2/1015 1054/2/1018 993/2/1019 991/2/1016
f 1054/2/1018 1053/2/1015 992/2/1017 994/2/1020
f 1054/2/1018 1051/2/1013 995/2/971 993/2/1019
f 1051/2/1013 1054/2/1018 994/2/1020 996/2/972
f 1055/2/1021 1056/2/1022 999/2/930 945/2/1023
f 1056/2/1022 1055/2/1021 946/2/1024 1000/2/931
f 1056/2/1022 1057/2/1025 941/2/1004 999/2/930
f 1057/2/1025 1056/2/1022 1000/2/931 942/2/1005
f 1057/2/1025 1058/2/1026 923/2/938 941/2/1004
f 1058/2/1026 1057/2/1025 942/2/1005 924/2/939
f 1058/2/1026 1055/2/1021 945/2/1023 923/2/938
f 1055/2/1021 1058/2/1026 924/2/939 946/2/1024
f 1059/2/1027 1060/2/1028 965/2/981 957/2/1029
f 1060/2/1028 1059/2/1027 958/2/1030 966/2/982
f 1060/2/1028 1061/2/1031 963/2/959 965/2/981
f 1061/2/1031 1060/2/1028 966/2/982 964/2/962
f 1061/2/1031 1062/2/1032 955/2/960 963/2/959
f 1062/2/1032 1061/2/1031 964/2/962 956/2/961
f 1062/2/1032 1059/2/1027 957/2/1029 955/2/960
f 1059/2/1027 1062/2/1032 956/2/961 958/2/1030
f 1063/2/1033 1064/2/1034 945/2/1023 937/2/982
f 1064/2/1034 1063/2/1033 938/2/981 946/2/1024
f 1064/2/1034 1065/2/1035 923/2/938 945/2/1023
f 1065/2/1035 1064/2/1034 946/2/1024 924/2/939
f 1065/2/1035 1066/2/1036 927/2/945 923/2/938
f 1066/2/1036 1065/2/1035 924/2/939 928/2/946
f 1066/2/1036 1063/2/1033 937/2/982 927/2/945
f 1063/2/1033 1066/2/1036 928/2/946 938/2/981
f 1067/2/1037 1068/2/1038 965/2/981 967/2/925
f 1068/2/1038 1067/2/1037 968/2/928 966/2/982
f 1068/2/1038 1069/2/1039 957/2/1029 965/2/981
f 1069/2/1039 1068/2/1038 966/2/982 958/2/1030
f 1069/2/1039 1070/2/1040 947/2/1003 957/2/1029
f 1070/2/1040 1069/2/1039 958/2/1030 948/2/1006
f 1070/2/1040 1067/2/1037 967/2/925 947/2/1003
f 1067/2/1037 1070/2/1040 948/2/1006 968/2/928
f 1071/2/1041 1072/2/1042 959/2/1043 957/2/1029
f 1072/2/1042 1071/2/1041 958/2/1030 960/2/1044
f 1072/2/1042 1073/2/1045 943/2/1008 959/2/1043
f 1073/2/1045 1072/2/1042 960/2/1044 944/2/1009
f 1073/2/1045 1074/2/1046 947/2/1003 943/2/1008
f 1074/2/1046 1073/2/1045 944/2/1009 948/2/1006
f 1074/2/1046 1071/2/1041 957/2/1029 947/2/1003
f 1071/2/1041 1074/2/1046 948/2/1006 958/2/1030
f 1075/2/1047 1076/2/1048 1001/2/926 967/2/925
f 1076/2/1048 1075/2/1047 968/2/928 1002/2/927
f 1076/2/1048 1077/2/1049 969/2/976 1001/2/926
f 1077/2/1049 1076/2/1048 1002/2/927 970/2/977
f 1077/2/1049 1078/2/1050 965/2/981 969/2/976
f 1078/2/1050 1077/2/1049 970/2/977 966/2/982
f 1078/2/1050 1075/2/1047 967/2/925 965/2/981
f 1075/2/1047 1078/2/1050 966/2/982 968/2/928
f 1079/2/1051 1080/2/1052 959/2/1043 951/2/1053
f 1080/2/1052 1079/2/1051 952/2/1054 960/2/1044
f 1080/2/1052 1081/2/1055 957/2/1029 959/2/1043
f 1081/2/1055 1080/2/1052 960/2/1044 958/2/1030
f 1081/2/1055 1082/2/1056 955/2/960 957/2/1029
f 1082/2/1056 1081/2/1055 958/2/1030 956/2/961
f 1082/2/1056 1079/2/1051 951/2/1053 955/2/960
f 1079/2/1051 1082/2/1056 956/2/961 952/2/1054
f 1083/2/1057 1084/2/1058 977/2/999 969/2/976
f 1084/2/1058 1083/2/1057 970/2/977 978/2/1000
f 1084/2/1058 1085/2/1059 975/2/986 977/2/999
f 1085/2/1059 1084/2/1058 978/2/1000 976/2/987
f 1085/2/1059 1086/2/1060 971/2/975 975/2/986
f 1086/2/1060 1085/2/1059 976/2/987 972/2/978
f 1086/2/1060 1083/2/1057 969/2/976 971/2/975
f 1083/2/1057 1086/2/1060 972/2/978 970/2/977
f 1087/2/1061 1088/2/1062 993/2/1019 987/2/902
f 1088/2/1062 1087/2/1061 988/2/903 994/2/1020
f 1088/2/1062 1089/2/1063 991/2/1016 993/2/1019
f 1089/2/1063 1088/2/1062 994/2/1020 992/2/1017
f 1089/2/1063 1090/2/1064 989/2/901 991/2/1016
f 1090/2/1064 1089/2/1063 992/2/1017 990/2/904
f 1090/2/1064 1087/2/1061 987/2/902 989/2/901
f 1087/2/1061 1090/2/1064 990/2/904 988/2/903
f 1091/2/1065 1092/2/1066 953/2/952 933/2/918
f 1092/2/1066 1091/2/1065 934/2/919 954/2/953
f 1092/2/1066 1093/2/1067 937/2/982 953/2/952
f 1093/2/1067 1092/2/1066 954/2/953 938/2/981
f 1093/2/1067 1094/2/1068 927/2/945 937/2/982
f 1094/2/1068 1093/2/1067 938/2/981 928/2/946
f 1094/2/1068 1091/2/1065 933/2/918 927/2/945
f 1091/2/1065 1094/2/1068 928/2/946 934/2/919
f 1095/2/1069 1096/2/1070 985/2/909 979/2/985
f 1096/2/1070 1095/2/1069 980/2/988 986/2/910
f 1096/2/1070 1097/2/1071 983/2/906 985/2/909
f 1097/2/1071 1096/2/1070 986/2/910 984/2/907
f 1097/2/1071 1098/2/1072 973/2/949 983/2/906
f 1098/2/1072 1097/2/1071 984/2/907 974/2/950
f 1098/2/1072 1095/2/1069 979/2/985 973/2/949
f 1095/2/1069 1098/2/1072 974/2/950 980/2/988
f 1099/2/1073 1100/2/1074 961/2/955 949/2/913
f 1100/2/1074 1099/2/1073 950/2/916 962/2/956
f 1100/2/1074 1101/2/1075 953/2/952 961/2/955
f 1101/2/1075 1100/2/1074 962/2/956 954/2/953
f 1101/2/1075 1102/2/1076 933/2/918 953/2/952
f 1102/2/1076 1101/2/1075 954/2/953 934/2/919
f 1102/2/1076 1099/2/1073 949/2/913 933/2/918
f 1099/2/1073 1102/2/1076 934/2/919 950/2/916
f 1103/2/1077 1104/2/1078 935/2/921 925/2/942
f 1104/2/1078 1103/2/1077 926/2/943 936/2/922
f 1104/2/1078 1105/2/1079 933/2/918 935/2/921
f 1105/2/1079 1104/2/1078 936/2/922 934/2/919
f 1105/2/1079 1106/2/1080 927/2/945 933/2/918
f 1106/2/1080 1105/2/1079 934/2/919 928/2/946
f 1106/2/1080 1103/2/1077 925/2/942 927/2/945
f 1103/2/1077 1106/2/1080 928/2/946 926/2/943
f 1107/2/1081 1108/2/1082 967/2/925 999/2/930
f 1108/2/1082 1107/2/1081 1000/2/931 968/2/928
f 1108/2/1082 1109/2/1083 947/2/1003 967/2/925
f 1109/2/1083 1108/2/1082 968/2/928 948/2/1006
f 1109/2/1083 1110/2/1084 941/2/1004 947/2/1003
f 1110/2/1084 1109/2/1083 948/2/1006 942/2/1005
f 1110/2/1084 1107/2/1081 999/2/930 941/2/1004
f 1107/2/1081 1110/2/1084 942/2/1005 1000/2/931
f 1111/2/1085 1112/2/1086 945/2/1023 991/2/1016
f 1112/2/1086 1111/2/1085 992/2/1017 946/2/1024
f 1112/2/1086 1113/2/1087 937/2/982 945/2/1023
f 1113/2/1087 1112/2/1086 946/2/1024 938/2/981
f 1113/2/1087 1114/2/1088 989/2/901 937/2/982
f 1114/2/1088 1113/2/1087 938/2/981 990/2/904
f 1114/2/1088 1111/2/1085 991/2/1016 989/2/901
f 1111/2/1085 1114/2/1088 990/2/904 992/2/1017
f 1115/2/1089 1116/2/1090 955/2/960 951/2/1053
f 1116/2/1090 1115/2/1089 952/2/1054 956/2/961
f 1116/2/1090 1117/2/1091 949/2/913 955/2/960
f 1117/2/1091 1116/2/1090 956/2/961 950/2/916
f 1117/2/1091 1118/2/1092 939/2/914 949/2/913
f 1118/2/1092 1117/2/1091 950/2/916 940/2/915
f 1118/2/1092 1115/2/1089 951/2/1053 939/2/914
f 1115/2/1089 1118/2/1092 940/2/915 952/2/1054
f 1119/2/1093 1120/2/1094 973/2/949 971/2/975
f 1120/2/1094 1119/2/1093 972/2/978 974/2/950
f 1120/2/1094 1121/2/1095 961/2/955 973/2/949
f 1121/2/1095 1120/2/1094 974/2/950 962/2/956
f 1121/2/1095 1122/2/1096 963/2/959 961/2/955
f 1122/2/1096 1121/2/1095 962/2/956 964/2/962
f 1122/2/1096 1119/2/1093 971/2/975 963/2/959
f 1119/2/1093 1122/2/1096 964/2/962 972/2/978
f 1123/2/1097 1124/2/1098 941/2/1004 923/2/938
f 1124/2/1098 1123/2/1097 924/2/939 942/2/1005
f 1124/2/1098 1125/2/1099 931/2/1011 941/2/1004
f 1125/2/1099 1124/2/1098 942/2/1005 932/2/1012
f 1125/2/1099 1126/2/1100 929/2/937 931/2/1011
f 1126/2/1100 1125/2/1099 932/2/1012 930/2/940
f 1126/2/1100 1123/2/1097 923/2/938 929/2/937
f 1123/2/1097 1126/2/1100 930/2/940 924/2/939
f 1127/2/1101 1128/2/1102 999/2/930 997/2/933
f 1128/2/1102 1127/2/1101 998/2/934 1000/2/931
f 1128/2/1102 1129/2/1103 945/2/1023 999/2/930
f 1129/2/1103 1128/2/1102 1000/2/931 946/2/1024
f 1129/2/1103 1130/2/1104 991/2/1016 945/2/1023
f 1130/2/1104 1129/2/1103 946/2/1024 992/2/1017
f 1130/2/1104 1127/2/1101 997/2/933 991/2/1016
f 1127/2/1101 1130/2/1104 992/2/1017 998/2/934
