# Blender 4.5.3 LTS
# www.blender.org
mtllib Glass-sphere.mtl
o Sphere_007_Sphere_006_102919828461258
v 0.000000 0.022500 0.112044
v -0.000001 0.024500 0.112043
v 0.100011 0.022500 0.100011
v 0.100010 0.024500 0.100010
v 0.079227 0.022500 0.079227
v 0.079226 0.024500 0.079226
v 0.112044 0.022500 -0.000000
v 0.112043 0.024500 -0.000001
v 0.141437 0.022500 -0.000000
v 0.141436 0.024500 -0.000001
v 0.000000 0.022500 0.141437
v -0.000001 0.024500 0.141436
v -0.100011 0.022500 0.100011
v -0.100012 0.024500 0.100010
v -0.079227 0.022500 0.079227
v -0.079228 0.024500 0.079226
v -0.112044 0.022500 -0.000000
v -0.112045 0.024500 -0.000001
v -0.141437 0.022500 -0.000000
v -0.141438 0.024500 -0.000001
v -0.100011 0.022500 -0.100011
v -0.100012 0.024500 -0.100012
v -0.079227 0.022500 -0.079227
v -0.079228 0.024500 -0.079228
v 0.000000 0.022500 -0.112044
v -0.000001 0.024500 -0.112045
v 0.000000 0.022500 -0.141437
v -0.000001 0.024500 -0.141438
v 0.100011 0.022500 -0.100011
v 0.100010 0.024500 -0.100012
v 0.079227 0.022500 -0.079227
v 0.079226 0.024500 -0.079228
v 0.112044 0.022500 -0.000000
v 0.112043 0.024500 -0.000001
v 0.141437 0.022500 -0.000000
v 0.141436 0.024500 -0.000001
v -0.100011 0.022500 -0.100011
v -0.101421 0.022661 -0.101421
v -0.145069 -0.022500 0.000000
v -0.147063 -0.022339 0.000000
v -0.141437 0.022500 -0.000000
v -0.143431 0.022661 -0.000001
v -0.100011 0.022500 0.100011
v -0.101421 0.022661 0.101421
v -0.102579 -0.022500 -0.102579
v -0.103989 -0.022339 -0.103989
v -0.102579 -0.022500 0.102579
v -0.103989 -0.022339 0.103989
v 0.000000 -0.022500 -0.145069
v 0.000000 -0.022339 -0.147063
v 0.000000 -0.022500 0.145069
v 0.000000 -0.022339 0.147063
v 0.000000 0.022500 -0.141437
v -0.000001 0.022661 -0.143431
v 0.000000 0.022500 0.141437
v -0.000001 0.022661 0.143431
v 0.100011 0.022500 -0.100011
v 0.101421 0.022661 -0.101421
v 0.100011 0.022500 0.100011
v 0.101421 0.022661 0.101421
v 0.102579 -0.022500 -0.102579
v 0.103989 -0.022339 -0.103989
v 0.145069 -0.022500 0.000000
v 0.147063 -0.022339 -0.000001
v 0.141437 0.022500 -0.000000
v 0.143431 0.022661 -0.000001
v 0.102579 -0.022500 0.102579
v 0.103989 -0.022339 0.103989
v 0.145069 -0.022500 0.000000
v 0.147063 -0.022339 -0.000001
v 0.141437 0.022500 -0.000000
v 0.143431 0.022661 -0.000001
v 0.145602 -0.021422 0.000924
v 0.142131 0.021583 0.000924
v 0.101156 0.021583 0.099848
v 0.103610 -0.021422 0.102303
v -0.099246 0.023500 -0.099246
v -0.140355 0.023500 -0.000000
v -0.099246 0.023500 0.099245
v -0.000000 0.023500 0.140354
v 0.099245 0.023500 0.099245
v 0.139940 0.023500 0.001000
v 0.112712 0.023500 0.001000
v 0.079992 0.023500 0.079992
v -0.000000 0.023500 0.113126
v -0.079993 0.023500 0.079992
v -0.113127 0.023500 -0.000000
v -0.079993 0.023500 -0.079993
v -0.000000 0.023500 -0.113127
v 0.079992 0.023500 -0.079993
v 0.112712 0.023500 -0.001000
v 0.139940 0.023500 -0.001000
v 0.099245 0.023500 -0.099246
v -0.000000 0.023500 -0.140355
v -0.145602 -0.021422 0.000924
v -0.103610 -0.021422 0.102303
v -0.101156 0.021583 0.099848
v -0.142131 0.021583 0.000924
v -0.099848 0.021583 -0.101156
v -0.000925 0.021583 -0.142131
v -0.000924 -0.021422 -0.145602
v -0.102303 -0.021422 -0.103610
v -0.000924 -0.021422 0.145602
v -0.000925 0.021583 0.142131
v -0.099848 0.021583 0.101156
v -0.102303 -0.021422 0.103610
v 0.000924 -0.021422 0.145602
v 0.102303 -0.021422 0.103610
v 0.099848 0.021583 0.101156
v 0.000924 0.021583 0.142131
v 0.101156 0.021583 -0.099848
v 0.142131 0.021583 -0.000925
v 0.145602 -0.021422 -0.000925
v 0.103610 -0.021422 -0.102303
v 0.099848 0.021583 -0.101156
v 0.102303 -0.021422 -0.103610
v 0.000924 -0.021422 -0.145602
v 0.000924 0.021583 -0.142131
v -0.101156 0.021583 -0.099848
v -0.103610 -0.021422 -0.102303
v -0.145602 -0.021422 -0.000924
v -0.142131 0.021583 -0.000925
vn -0.1329 0.9167 0.3769
vn -0.4582 -0.5853 0.6689
vn -0.9669 -0.2497 0.0525
vn -0.9952 0.0889 0.0413
vn 0.8391 0.3910 0.3783
vn 0.8856 -0.2476 0.3930
vn 0.4755 -0.6775 -0.5612
vn -0.5969 -0.5362 -0.5969
vn 0.6601 -0.3584 0.6601
vn 0.3861 0.6815 -0.6217
vn -0.6502 0.3930 -0.6502
vn 0.6108 0.5039 0.6108
vn 0.7066 0.0003 0.7076
vn 1.0000 -0.0004 -0.0000
vn 0.6785 -0.7346 0.0003
vn 0.4797 -0.7347 0.4797
vn 0.4794 0.7350 0.4794
vn 0.6782 0.7349 -0.0003
vn 0.7071 -0.0007 -0.7071
vn 0.4801 -0.7345 -0.4795
vn 0.4795 0.7345 -0.4801
vn 0.0006 -0.0006 -1.0000
vn 0.0003 -0.7344 -0.6787
vn -0.0003 0.7342 -0.6790
vn -0.7071 0.0003 -0.7071
vn -0.4800 -0.7343 -0.4800
vn -0.4802 0.7340 -0.4802
vn -0.8315 -0.0007 0.5556
vn -0.4036 -0.8741 0.2702
vn -0.4041 0.8741 0.2695
vn 0.5556 -0.0003 0.8315
vn 0.3552 -0.7691 0.5314
vn 0.3548 0.7694 0.5312
vn 0.7071 -0.0006 0.7071
vn 0.4796 -0.7348 0.4796
vn 0.4794 0.7351 0.4794
vn -0.0000 -0.0006 1.0000
vn 0.0005 -0.7347 0.6784
vn -0.0005 0.7349 0.6781
vn -0.7068 -0.0006 0.7074
vn -0.4794 -0.7345 0.4804
vn -0.4804 0.7345 0.4794
vn -1.0000 0.0001 0.0008
vn -0.6788 -0.7343 0.0005
vn -0.6791 0.7341 -0.0005
vn -0.7071 0.0006 -0.7071
vn -0.4803 0.7339 -0.4803
vn 0.0008 0.0001 -1.0000
vn 0.0005 -0.7343 -0.6788
vn -0.0005 0.7341 -0.6791
vn 0.7074 -0.0006 -0.7068
vn 0.4804 -0.7345 -0.4794
vn 0.4794 0.7345 -0.4804
vn 0.5556 -0.0007 -0.8315
vn 0.3556 -0.7689 -0.5314
vn 0.3549 0.7689 -0.5319
vn -0.8318 -0.0000 -0.5551
vn -0.4041 -0.8740 -0.2699
vn -0.4042 0.8739 -0.2702
vn -0.7071 -0.0007 0.7071
vn -0.4795 -0.7345 0.4801
vn -0.4801 0.7345 0.4795
vn -0.0000 -0.0004 1.0000
vn 0.0003 -0.7346 0.6785
vn -0.0003 0.7349 0.6782
vn 0.1665 0.6815 0.7126
vn -0.3861 0.6815 -0.6217
vn 0.6502 0.3930 -0.6502
vn 0.9195 0.3930 0.0001
vn -0.8638 0.5039 -0.0001
vn -0.6108 0.5039 0.6108
vn -0.4755 -0.6775 -0.5612
vn 0.5969 -0.5362 -0.5969
vn -0.6601 -0.3584 0.6601
vn 0.0609 -0.6774 0.7331
vn 0.8442 -0.5361 0.0003
vn -0.9336 -0.3584 -0.0006
vn 0.5611 -0.6776 -0.4755
vn -0.7329 -0.6776 0.0611
vn 0.0003 -0.5361 0.8442
vn 0.5969 -0.5362 0.5969
vn -0.6601 -0.3584 -0.6601
vn -0.0006 -0.3584 -0.9336
vn -0.7126 0.6815 0.1667
vn 0.0001 0.3930 0.9195
vn -0.0001 0.5039 -0.8638
vn 0.6217 0.6815 -0.3861
vn 0.6502 0.3930 0.6502
vn -0.6108 0.5039 -0.6108
vn -0.7126 0.6815 -0.1667
vn -0.7329 -0.6776 -0.0611
vn 0.0003 -0.5361 -0.8442
vn 0.0001 0.3930 -0.9195
vn -0.0001 0.5039 0.8638
vn -0.0006 -0.3584 0.9336
vn 0.5611 -0.6776 0.4755
vn 0.6217 0.6815 0.3861
vn 0.7126 0.6815 -0.1665
vn -0.6217 0.6815 0.3861
vn -0.5612 -0.6775 0.4755
vn 0.7331 -0.6774 -0.0609
vn 0.4754 -0.6776 0.5611
vn -0.4577 -0.5860 -0.6686
vn -0.9667 -0.2503 -0.0526
vn -0.5969 -0.5362 0.5969
vn 0.6601 -0.3584 -0.6601
vn 0.8851 -0.2478 -0.3939
vn -0.5423 0.5263 -0.6549
vn -0.9951 0.0895 -0.0414
vn 0.8385 0.3913 -0.3792
vn 0.3861 0.6815 0.6217
vn -0.6502 0.3930 0.6502
vn 0.6108 0.5039 -0.6108
vn -0.5612 -0.6775 -0.4755
vn -0.6217 0.6815 -0.3861
vn 0.7126 0.6815 0.1665
vn 0.7331 -0.6774 0.0609
vn -0.4754 -0.6776 0.5611
vn -0.3861 0.6815 0.6217
vn 0.1667 0.6815 -0.7126
vn 0.0612 -0.6776 -0.7329
vt 1.000000 0.835911
vt 0.875000 0.835911
vt 0.375000 0.835911
vt 0.500000 0.835911
vt 0.625000 0.835911
vt 0.750000 0.835911
vt 0.250000 0.835911
vt 0.125000 0.835911
vt 0.000000 0.835911
s 1
f 73/1/1 74/1/2 71/1/3 69/1/4
f 74/1/2 73/1/1 70/1/5 72/1/6
f 74/1/2 75/2/7 59/2/8 71/1/3
f 75/2/7 74/1/2 72/1/6 60/2/9
f 75/2/7 76/2/10 67/2/11 59/2/8
f 76/2/10 75/2/7 60/2/9 68/2/12
f 76/2/10 73/1/1 69/1/4 67/2/11
f 73/1/1 76/2/10 68/2/12 70/1/5
f 77/3/13 78/4/14 19/4/15 21/3/16
f 78/4/14 77/3/13 22/3/17 20/4/18
f 78/4/14 79/5/19 13/5/20 19/4/15
f 79/5/19 78/4/14 20/4/18 14/5/21
f 79/5/19 80/6/22 11/6/23 13/5/20
f 80/6/22 79/5/19 14/5/21 12/6/24
f 80/6/22 81/2/25 3/2/26 11/6/23
f 81/2/25 80/6/22 12/6/24 4/2/27
f 81/2/25 82/1/28 9/1/29 3/2/26
f 82/1/28 81/2/25 4/2/27 10/1/30
f 82/1/28 83/1/31 7/1/32 9/1/29
f 83/1/31 82/1/28 10/1/30 8/1/33
f 83/1/31 84/2/34 5/2/35 7/1/32
f 84/2/34 83/1/31 8/1/33 6/2/36
f 84/2/34 85/6/37 1/6/38 5/2/35
f 85/6/37 84/2/34 6/2/36 2/6/39
f 85/6/37 86/5/40 15/5/41 1/6/38
f 86/5/40 85/6/37 2/6/39 16/5/42
f 86/5/40 87/4/43 17/4/44 15/5/41
f 87/4/43 86/5/40 16/5/42 18/4/45
f 87/4/43 88/3/46 23/3/26 17/4/44
f 88/3/46 87/4/43 18/4/45 24/3/47
f 88/3/46 89/7/48 25/7/49 23/3/26
f 89/7/48 88/3/46 24/3/47 26/7/50
f 89/7/48 90/8/51 31/8/52 25/7/49
f 90/8/51 89/7/48 26/7/50 32/8/53
f 90/8/51 91/9/54 33/9/55 31/8/52
f 91/9/54 90/8/51 32/8/53 34/9/56
f 91/9/54 92/9/57 35/9/58 33/9/55
f 92/9/57 91/9/54 34/9/56 36/9/59
f 92/9/57 93/8/60 29/8/61 35/9/58
f 93/8/60 92/9/57 36/9/59 30/8/62
f 93/8/60 94/7/63 27/7/64 29/8/61
f 94/7/63 93/8/60 30/8/62 28/7/65
f 94/7/63 77/3/13 21/3/16 27/7/64
f 77/3/13 94/7/63 28/7/65 22/3/17
f 95/4/66 96/5/67 47/5/68 39/4/69
f 96/5/67 95/4/66 40/4/70 48/5/71
f 96/5/67 97/5/72 43/5/73 47/5/68
f 97/5/72 96/5/67 48/5/71 44/5/74
f 97/5/72 98/4/75 41/4/76 43/5/73
f 98/4/75 97/5/72 44/5/74 42/4/77
f 98/4/75 95/4/66 39/4/69 41/4/76
f 95/4/66 98/4/75 42/4/77 40/4/70
f 99/3/78 100/7/79 53/7/80 37/3/81
f 100/7/79 99/3/78 38/3/82 54/7/83
f 100/7/79 101/7/84 49/7/85 53/7/80
f 101/7/84 100/7/79 54/7/83 50/7/86
f 101/7/84 102/3/87 45/3/88 49/7/85
f 102/3/87 101/7/84 50/7/86 46/3/89
f 102/3/87 99/3/78 37/3/81 45/3/88
f 99/3/78 102/3/87 46/3/89 38/3/82
f 103/6/90 104/6/91 55/6/92 51/6/93
f 104/6/91 103/6/90 52/6/94 56/6/95
f 104/6/91 105/5/96 43/5/73 55/6/92
f 105/5/96 104/6/91 56/6/95 44/5/74
f 105/5/96 106/5/97 47/5/68 43/5/73
f 106/5/97 105/5/96 44/5/74 48/5/71
f 106/5/97 103/6/90 51/6/93 47/5/68
f 103/6/90 106/5/97 48/5/71 52/6/94
f 107/6/98 108/2/99 67/2/11 51/6/93
f 108/2/99 107/6/98 52/6/94 68/2/12
f 108/2/99 109/2/100 59/2/8 67/2/11
f 109/2/100 108/2/99 68/2/12 60/2/9
f 109/2/100 110/6/101 55/6/92 59/2/8
f 110/6/101 109/2/100 60/2/9 56/6/95
f 110/6/101 107/6/98 51/6/93 55/6/92
f 107/6/98 110/6/101 56/6/95 52/6/94
f 111/8/102 112/9/103 65/9/104 57/8/105
f 112/9/103 111/8/102 58/8/106 66/9/107
f 112/9/103 113/9/108 63/9/109 65/9/104
f 113/9/108 112/9/103 66/9/107 64/9/110
f 113/9/108 114/8/111 61/8/112 63/9/109
f 114/8/111 113/9/108 64/9/110 62/8/113
f 114/8/111 111/8/102 57/8/105 61/8/112
f 111/8/102 114/8/111 62/8/113 58/8/106
f 115/8/114 116/8/115 61/8/112 57/8/105
f 116/8/115 115/8/114 58/8/106 62/8/113
f 116/8/115 117/7/116 49/7/85 61/8/112
f 117/7/116 116/8/115 62/8/113 50/7/86
f 117/7/116 118/7/117 53/7/80 49/7/85
f 118/7/117 117/7/116 50/7/86 54/7/83
f 118/7/117 115/8/114 57/8/105 53/7/80
f 115/8/114 118/7/117 54/7/83 58/8/106
f 119/3/118 120/3/119 45/3/88 37/3/81
f 120/3/119 119/3/118 38/3/82 46/3/89
f 120/3/119 121/4/120 39/4/69 45/3/88
f 121/4/120 120/3/119 46/3/89 40/4/70
f 121/4/120 122/4/121 41/4/76 39/4/69
f 122/4/121 121/4/120 40/4/70 42/4/77
f 122/4/121 119/3/118 37/3/81 41/4/76
f 119/3/118 122/4/121 42/4/77 38/3/82
o Cube_Cube_014_101789865262582
v -0.228152 -0.333448 -0.021088
v -0.228151 -0.335448 -0.021087
v -0.228152 -0.333448 0.021149
v -0.228151 -0.335448 0.021150
v -0.248613 -0.333448 -0.021088
v -0.248612 -0.335448 -0.021087
v -0.248613 -0.333448 0.021149
v -0.248612 -0.335448 0.021150
v 0.193485 0.304490 -0.045777
v 0.193423 0.306489 -0.045776
v -0.021400 0.297775 -0.045777
v -0.021461 0.299774 -0.045776
v -0.021400 0.297775 0.045844
v -0.021462 0.299774 0.045845
v 0.193485 0.304490 0.045844
v 0.193424 0.306489 0.045845
v 0.200200 0.123599 -0.045777
v 0.202199 0.123672 -0.045776
v 0.193485 0.304490 -0.045777
v 0.195484 0.304563 -0.045776
v 0.193485 0.304490 0.045844
v 0.195484 0.304563 0.045845
v 0.200200 0.123599 0.045844
v 0.202199 0.123672 0.045845
v 0.195583 0.333448 0.055478
v 0.197583 0.333449 0.055479
v 0.195583 0.288960 -0.055418
v 0.197583 0.288961 -0.055417
v 0.195583 0.333448 -0.055418
v 0.197583 0.333449 -0.055417
v 0.195583 0.288960 0.055478
v 0.197583 0.288961 0.055479
v 0.195583 0.333448 -0.055418
v 0.195584 0.335448 -0.055417
v -0.057074 0.333448 -0.055418
v -0.057960 0.335241 -0.055417
v -0.057074 0.333448 0.055478
v -0.057960 0.335241 0.055479
v 0.195583 0.333448 0.055478
v 0.195584 0.335448 0.055479
v -0.251813 0.078274 -0.055418
v -0.253704 0.078924 -0.055417
v -0.251813 0.078274 0.055478
v -0.253704 0.078924 0.055479
v -0.248613 -0.333448 -0.021088
v -0.250613 -0.333463 -0.021087
v -0.251813 0.078274 -0.055418
v -0.253704 0.078924 -0.055417
v -0.248613 -0.333448 0.021149
v -0.250613 -0.333463 0.021150
v -0.021400 0.297775 -0.045777
v -0.023400 0.297776 -0.045776
v -0.021400 0.197048 -0.045777
v -0.023400 0.197049 -0.045776
v -0.021400 0.297775 0.045844
v -0.023400 0.297776 0.045845
v -0.021400 0.197048 0.045844
v -0.023400 0.197049 0.045845
v 0.195583 0.333448 -0.055418
v 0.195584 0.333449 -0.057418
v 0.057649 0.262099 -0.055418
v 0.057650 0.262100 -0.057418
v -0.057074 0.333448 -0.055418
v -0.057073 0.333449 -0.057418
v 0.195583 0.288960 -0.055418
v 0.195584 0.288961 -0.057418
v -0.003353 0.188234 -0.055418
v -0.003352 0.188235 -0.057418
v -0.251813 0.078274 -0.055418
v -0.251853 0.078222 -0.057417
v -0.198092 0.020355 -0.055418
v -0.198171 0.020252 -0.057414
v -0.248613 -0.333448 -0.021088
v -0.248749 -0.333621 -0.023076
v -0.228152 -0.333448 -0.021088
v -0.228288 -0.333621 -0.023076
v 0.195583 0.333448 0.055478
v 0.195584 0.333449 0.057478
v 0.057649 0.262099 0.055478
v 0.057650 0.262100 0.057478
v 0.195583 0.288960 0.055478
v 0.195584 0.288961 0.057478
v -0.057074 0.333448 0.055478
v -0.057073 0.333449 0.057478
v -0.003353 0.188234 0.055478
v -0.003352 0.188235 0.057478
v -0.251813 0.078274 0.055478
v -0.251853 0.078222 0.057477
v -0.198092 0.020355 0.055478
v -0.198171 0.020252 0.057474
v -0.248613 -0.333448 0.021149
v -0.248749 -0.333621 0.023137
v -0.228152 -0.333448 0.021149
v -0.228288 -0.333621 0.023137
v 0.193485 0.304490 -0.045777
v 0.193486 0.304491 -0.047777
v -0.021400 0.197048 -0.045777
v -0.021399 0.197049 -0.047777
v -0.021400 0.297775 -0.045777
v -0.021399 0.297776 -0.047777
v 0.065897 0.123599 -0.045777
v 0.065898 0.123600 -0.047777
v 0.200200 0.123599 -0.045777
v 0.200201 0.123600 -0.047777
v -0.021400 0.197048 0.045844
v -0.021399 0.197049 0.047844
v 0.193485 0.304490 0.045844
v 0.193486 0.304491 0.047844
v -0.021400 0.297775 0.045844
v -0.021399 0.297776 0.047844
v 0.065897 0.123599 0.045844
v 0.065898 0.123600 0.047844
v 0.200200 0.123599 0.045844
v 0.200201 0.123600 0.047844
v 0.065897 0.123599 -0.045777
v 0.065898 0.121599 -0.045776
v 0.200200 0.123599 -0.045777
v 0.200201 0.121599 -0.045776
v 0.200200 0.123599 0.045844
v 0.200201 0.121599 0.045845
v 0.065897 0.123599 0.045844
v 0.065898 0.121599 0.045845
v 0.085075 0.125704 -0.054694
v 0.085076 0.127704 -0.054693
v 0.194463 0.125704 -0.054694
v 0.194464 0.127704 -0.054693
v 0.139769 0.125704 -0.077349
v 0.139770 0.127704 -0.077348
v 0.085075 0.125704 0.054694
v 0.085076 0.127704 0.054695
v 0.062420 0.125704 -0.000000
v 0.062421 0.127704 0.000001
v 0.194463 0.125704 0.054694
v 0.194464 0.127704 0.054695
v 0.139769 0.125704 0.077349
v 0.139770 0.127704 0.077350
v 0.217118 0.125704 -0.000000
v 0.217119 0.127704 0.000001
v -0.021400 0.197048 -0.045777
v -0.022687 0.195517 -0.045776
v 0.065897 0.123599 -0.045777
v 0.064610 0.122068 -0.045777
v 0.065897 0.123599 0.045844
v 0.064610 0.122068 0.045845
v -0.021400 0.197048 0.045844
v -0.022687 0.195517 0.045844
v 0.085075 0.125704 -0.054694
v 0.083799 0.126567 -0.055970
v 0.027725 0.053145 -0.000000
v 0.025921 0.054008 -0.000000
v 0.062420 0.125704 -0.000000
v 0.060616 0.126567 0.000001
v 0.085075 0.125704 0.054694
v 0.083799 0.126567 0.055970
v 0.060542 0.053145 -0.079227
v 0.059266 0.054008 -0.080503
v 0.060542 0.053145 0.079227
v 0.059266 0.054008 0.080503
v 0.139769 0.053145 -0.112044
v 0.139769 0.054008 -0.113848
v 0.139769 0.053145 0.112044
v 0.139769 0.054008 0.113848
v 0.139769 0.125704 -0.077349
v 0.139769 0.126567 -0.079153
v 0.139769 0.125704 0.077349
v 0.139769 0.126567 0.079153
v 0.194463 0.125704 -0.054694
v 0.195739 0.126567 -0.055970
v 0.194463 0.125704 0.054694
v 0.195739 0.126567 0.055970
v 0.218996 0.053145 -0.079227
v 0.220272 0.054008 -0.080503
v 0.251813 0.053145 -0.000000
v 0.253617 0.054008 0.000001
v 0.217118 0.125704 -0.000000
v 0.218922 0.126567 0.000001
v 0.218996 0.053145 0.079227
v 0.220272 0.054008 0.080503
v 0.251813 0.053145 -0.000000
v 0.253617 0.054008 0.000001
v 0.217118 0.125704 -0.000000
v 0.218922 0.126567 0.000001
v -0.003353 0.188234 -0.055418
v -0.001924 0.186835 -0.055417
v 0.057649 0.262099 -0.055418
v 0.058672 0.260380 -0.055417
v 0.057649 0.262099 0.055478
v 0.058672 0.260380 0.055479
v 0.195583 0.288960 0.055478
v 0.195965 0.286997 0.055478
v 0.195583 0.288960 -0.055418
v 0.195965 0.286997 -0.055418
v -0.003353 0.188234 0.055478
v -0.001924 0.186835 0.055479
v -0.198092 0.020355 0.055478
v -0.196323 0.019422 0.055479
v -0.198092 0.020355 -0.055418
v -0.196323 0.019422 -0.055418
v -0.228152 -0.333448 -0.021088
v -0.226159 -0.333617 -0.021088
v -0.228152 -0.333448 0.021149
v -0.226159 -0.333617 0.021150
v -0.198092 0.020355 -0.055418
v -0.196323 0.019422 -0.055417
v -0.227071 -0.332536 -0.020180
v -0.197292 0.018892 -0.054316
v -0.197292 0.018892 0.054377
v -0.227071 -0.332536 0.020241
v 0.199200 0.122599 0.044844
v 0.066897 0.122599 0.044844
v 0.066897 0.122599 -0.044777
v 0.199201 0.122599 -0.044776
v -0.229152 -0.334448 0.020150
v -0.247613 -0.334448 0.020150
v -0.247613 -0.334448 -0.020088
v -0.229151 -0.334448 -0.020087
v 0.194521 0.303527 0.044844
v 0.201162 0.124635 0.044844
v 0.201162 0.124635 -0.044777
v 0.194521 0.303527 -0.044777
v -0.252152 0.079394 -0.054418
v -0.252152 0.079394 0.054478
v -0.058124 0.333549 0.054478
v -0.058124 0.333549 -0.054418
v -0.056517 0.334344 0.054478
v 0.194583 0.334448 0.054478
v 0.194583 0.334448 -0.054418
v -0.056517 0.334344 -0.054418
v -0.056579 0.332448 -0.056418
v 0.194583 0.332448 -0.056418
v 0.194583 0.289785 -0.056418
v 0.057107 0.263013 -0.056418
v -0.004070 0.188937 -0.056418
v -0.198054 0.021691 -0.056416
v -0.250527 0.078311 -0.056417
v 0.138832 0.054491 0.112121
v 0.138832 0.125221 0.078301
v 0.085065 0.125221 0.056029
v 0.061150 0.054491 0.079944
v -0.199185 0.019980 -0.056293
v -0.247788 -0.320231 -0.023281
v -0.250817 0.075694 -0.056295
v -0.247529 -0.332539 -0.022178
v -0.202093 -0.014515 -0.053037
v -0.229139 -0.332539 -0.022178
v -0.250527 0.078311 0.056477
v -0.198054 0.021691 0.056476
v -0.004070 0.188937 0.056478
v 0.057107 0.263013 0.056478
v 0.194583 0.289785 0.056478
v 0.194583 0.332448 0.056478
v -0.056579 0.332448 0.056478
v -0.022400 0.198048 -0.044777
v -0.022400 0.198048 0.044844
v -0.022400 0.296775 0.044844
v -0.022400 0.296775 -0.044777
v -0.247788 -0.320231 0.023342
v -0.199185 0.019980 0.056353
v -0.250817 0.075694 0.056355
v -0.229139 -0.332539 0.022240
v -0.202093 -0.014515 0.053097
v -0.247529 -0.332539 0.022240
v 0.066262 0.124599 -0.046777
v -0.020400 0.197514 -0.046777
v -0.020400 0.296806 -0.046777
v 0.192523 0.303460 -0.046777
v 0.199163 0.124599 -0.046777
v 0.059142 0.261431 -0.054418
v 0.194793 0.287787 -0.054418
v 0.194793 0.287787 0.054478
v 0.059142 0.261431 0.054478
v 0.192523 0.303460 0.046844
v -0.020400 0.296806 0.046844
v -0.020400 0.197514 0.046844
v 0.066262 0.124599 0.046844
v 0.199163 0.124599 0.046844
v 0.196583 0.332448 0.054478
v 0.196583 0.289960 0.054478
v 0.196583 0.289960 -0.054418
v 0.196583 0.332448 -0.054418
v 0.085065 0.125221 -0.056029
v 0.138832 0.125221 -0.078301
v 0.138832 0.054491 -0.112121
v 0.061150 0.054491 -0.079944
v 0.193698 0.126704 -0.053928
v 0.139769 0.126704 -0.076266
v 0.085841 0.126704 -0.053928
v 0.063503 0.126704 0.000000
v 0.085841 0.126704 0.053929
v 0.139769 0.126704 0.076267
v 0.193698 0.126704 0.053929
v 0.216036 0.126704 0.000000
v 0.194473 0.125221 -0.056029
v 0.218388 0.054491 -0.079944
v 0.140706 0.054491 -0.112121
v 0.140706 0.125221 -0.078301
v -0.196450 0.020541 -0.054418
v -0.003396 0.186881 -0.054418
v -0.003396 0.186881 0.054478
v -0.196450 0.020541 0.054478
v 0.057524 0.260469 0.054478
v -0.002002 0.188305 0.054478
v -0.002002 0.188305 -0.054418
v 0.057524 0.260469 -0.054418
v 0.083740 0.125221 -0.054704
v 0.059825 0.054491 -0.078619
v 0.027648 0.054491 -0.000937
v 0.061468 0.125221 -0.000936
v 0.218388 0.054491 0.079944
v 0.194473 0.125221 0.056029
v 0.140706 0.125221 0.078301
v 0.140706 0.054491 0.112121
v -0.249621 -0.332455 -0.020167
v -0.249621 -0.332455 0.020229
v -0.252751 0.077599 0.054392
v -0.252751 0.077599 -0.054331
v -0.020431 0.298806 0.044844
v 0.192455 0.305458 0.044845
v 0.192455 0.305458 -0.044777
v -0.020431 0.298806 -0.044776
v 0.027648 0.054491 0.000937
v 0.059825 0.054491 0.078619
v 0.083740 0.125221 0.054704
v 0.061468 0.125221 0.000937
v 0.195798 0.125221 -0.054704
v 0.218070 0.125221 -0.000936
v 0.251890 0.054491 -0.000936
v 0.219713 0.054491 -0.078619
v 0.251890 0.054491 0.000937
v 0.218070 0.125221 0.000937
v 0.195798 0.125221 0.054704
v 0.219713 0.054491 0.078619
v 0.064488 0.123477 0.044844
v -0.021278 0.195639 0.044844
v -0.021278 0.195639 -0.044777
v 0.064488 0.123477 -0.044777
vn 0.0694 0.7434 0.6652
vn -0.5904 -0.4513 0.6692
vn -0.7578 -0.1766 0.6282
vn -0.7667 0.5061 0.3950
vn 0.8460 0.3674 0.3864
vn 0.5944 -0.7001 0.3958
vn -0.5900 -0.4513 -0.6695
vn -0.7580 -0.1760 -0.6281
vn 0.5950 -0.6999 -0.3951
vn 0.0693 0.7435 -0.6652
vn -0.7667 0.5059 -0.3952
vn 0.8462 0.3674 -0.3860
vn -0.7076 -0.0004 -0.7066
vn 0.7071 0.0007 -0.7071
vn 0.4079 0.8165 -0.4086
vn -0.4081 0.8167 -0.4081
vn -0.4078 -0.8169 -0.4078
vn 0.4086 -0.8165 -0.4079
vn 0.7071 -0.0003 0.7071
vn 0.4084 0.8163 0.4084
vn 0.4087 -0.8160 0.4087
vn -0.7071 0.0008 0.7071
vn -0.4086 0.8165 0.4078
vn -0.4078 -0.8165 0.4086
vn -0.4078 -0.8170 -0.4078
vn 0.0263 -0.7071 -0.7066
vn -0.0265 0.7066 -0.7071
vn -0.8313 0.3775 -0.4081
vn -0.8008 -0.4379 -0.4086
vn 0.8311 -0.3780 -0.4079
vn 0.8013 0.4378 -0.4078
vn -0.0269 0.7066 0.7071
vn -0.8311 0.3780 0.4079
vn 0.8008 0.4379 0.4086
vn 0.0265 -0.7067 0.7070
vn -0.8006 -0.4385 0.4084
vn 0.8306 -0.3781 0.4087
vn 0.2027 0.4121 0.8883
vn 0.6148 0.5083 -0.6031
vn 0.9576 -0.1996 -0.2075
vn 0.9578 -0.1992 0.2073
vn -0.6829 0.6490 0.3352
vn -0.6832 0.6492 -0.3344
vn -0.5886 -0.4417 -0.6771
vn 0.3897 -0.7846 -0.4822
vn -0.3987 0.8037 -0.4418
vn -0.5889 -0.4415 0.6770
vn 0.3895 -0.7845 0.4825
vn -0.3986 0.8033 0.4426
vn 0.7036 0.1977 -0.6825
vn -0.7168 -0.0002 -0.6973
vn -0.4062 -0.8238 -0.3953
vn -0.4064 0.8239 -0.3950
vn -0.7168 -0.0006 0.6973
vn -0.4067 -0.8236 0.3952
vn -0.4064 0.8235 0.3957
vn 0.7031 0.1973 0.6832
vn 0.4441 -0.8960 -0.0002
vn -0.7071 -0.7071 0.0003
vn -0.4081 -0.4081 0.8167
vn 0.2955 -0.5983 0.7448
vn 0.2962 -0.5977 -0.7449
vn -0.4078 -0.4078 -0.8169
vn -0.7717 0.6359 0.0007
vn -0.4718 0.3881 0.7917
vn -0.4711 0.3888 -0.7917
vn -0.5117 0.8592 0.0006
vn -0.3510 0.5889 0.7280
vn -0.3497 0.5898 -0.7279
vn -0.7146 0.6996 -0.0008
vn -0.5054 0.4941 0.7074
vn -0.5030 0.4932 -0.7097
vn 0.0568 0.9983 -0.0119
vn -0.3633 0.1775 0.9146
vn -0.4405 0.1035 -0.8918
vn 0.9987 0.0440 -0.0243
vn 0.5196 -0.0531 0.8528
vn 0.4624 -0.1007 -0.8809
vn -0.6619 0.6306 -0.4052
vn -0.7730 -0.6116 0.1689
vn -0.0000 -0.7988 -0.6016
vn -0.0000 0.0289 -0.9996
vn -0.0000 0.7775 0.6288
vn -0.0000 0.0036 1.0000
vn 0.4271 -0.6116 0.6660
vn 0.4254 -0.7988 -0.4254
vn -0.7071 0.0036 0.7071
vn 0.7546 0.6306 0.1815
vn 0.7068 0.0289 -0.7068
vn -0.4447 0.7775 0.4447
vn -0.9484 -0.3074 0.0770
vn 0.0760 0.9970 0.0116
vn 0.3980 0.3813 0.8344
vn 0.3246 0.2504 -0.9121
vn 0.3634 -0.9315 0.0172
vn 0.7130 0.6955 -0.0890
vn -0.1433 -0.9851 0.0947
vn -0.6441 0.7648 0.0148
vn -0.3896 0.5475 0.7406
vn -0.4552 0.3694 -0.8101
vn 0.9983 0.0541 0.0215
vn 0.0568 0.9983 0.0119
vn -0.3633 0.1775 -0.9146
vn 0.5196 -0.0531 -0.8528
vn 0.4624 -0.1007 0.8809
vn -0.4405 0.1035 0.8918
vn -0.7146 0.6996 0.0008
vn -0.5054 0.4941 -0.7074
vn -0.5030 0.4932 0.7097
vn -0.5117 0.8592 -0.0006
vn -0.3510 0.5889 -0.7280
vn -0.3497 0.5898 0.7279
vn -0.7717 0.6359 -0.0007
vn -0.4718 0.3881 -0.7917
vn -0.4711 0.3888 0.7917
vn -0.7071 -0.7071 -0.0003
vn -0.4081 -0.4081 -0.8167
vn -0.4078 -0.4078 0.8169
vn 0.4434 -0.8963 -0.0006
vn 0.2955 -0.5983 -0.7448
vn 0.2962 -0.5977 0.7449
vn 0.0004 0.7076 0.7066
vn 0.0007 0.7071 -0.7071
vn 0.8165 0.4079 -0.4086
vn 0.8163 0.4084 0.4084
vn -0.8160 0.4087 0.4087
vn -0.8165 0.4086 -0.4079
vn 0.0003 -0.7071 -0.7071
vn 0.8167 -0.4081 -0.4081
vn -0.8169 -0.4078 -0.4078
vn 0.0007 -0.7071 0.7071
vn 0.8165 -0.4086 0.4079
vn -0.8165 -0.4079 0.4086
vn 0.1204 0.9894 0.0818
vn -0.9517 -0.2937 -0.0896
vn 0.3980 0.3813 -0.8344
vn 0.3246 0.2504 0.9121
vn 0.3634 -0.9315 -0.0172
vn -0.6310 0.7709 0.0864
vn -0.1419 -0.9853 -0.0950
vn -0.3896 0.5475 -0.7406
vn -0.4552 0.3694 0.8101
vn 0.7571 0.6529 0.0240
vn 0.3429 0.9394 -0.0003
vn 0.9069 0.4215 -0.0001
vn 0.6092 0.2834 0.7407
vn 0.2345 0.6435 0.7287
vn 0.2350 0.6437 -0.7283
vn 0.6094 0.2839 -0.7403
vn 0.7181 -0.6960 0.0007
vn 0.4185 -0.4063 0.8123
vn 0.4191 -0.4056 -0.8123
vn -0.6825 -0.7309 0.0003
vn -0.3947 -0.4226 0.8159
vn -0.3944 -0.4223 -0.8161
vn -0.7201 0.6939 0.0007
vn -0.4108 0.3952 0.8216
vn -0.4101 0.3959 -0.8216
vn 0.6635 0.2810 0.6934
vn -0.6994 -0.1362 0.7017
vn -0.5565 0.7276 0.4011
vn -0.4588 0.7705 0.4426
vn 0.4508 -0.7572 0.4726
vn -0.2433 -0.8832 0.4010
vn -0.6994 -0.1364 -0.7016
vn -0.5565 0.7276 -0.4012
vn -0.2432 -0.8833 -0.4009
vn 0.6633 0.2810 -0.6936
vn -0.4593 0.7707 -0.4416
vn 0.4511 -0.7576 -0.4717
vn -0.6831 -0.7304 0.0004
vn 0.7181 -0.6960 -0.0007
vn 0.4185 -0.4063 -0.8123
vn -0.3947 -0.4226 -0.8159
vn -0.3944 -0.4223 0.8161
vn 0.4191 -0.4056 0.8123
vn 0.9069 0.4214 0.0001
vn 0.6092 0.2834 -0.7407
vn 0.6094 0.2839 0.7403
vn 0.3421 0.9397 -0.0000
vn 0.2345 0.6435 -0.7287
vn 0.2350 0.6437 0.7283
vn -0.7201 0.6939 -0.0007
vn -0.4108 0.3952 -0.8216
vn -0.4101 0.3959 0.8216
vn 0.0004 -0.7076 -0.7066
vn -0.0007 0.7071 -0.7071
vn -0.8165 0.4079 -0.4086
vn -0.8167 -0.4081 -0.4081
vn 0.8169 -0.4078 -0.4078
vn 0.8165 0.4086 -0.4079
vn 0.0003 0.7071 0.7071
vn -0.8163 0.4084 0.4084
vn 0.8160 0.4087 0.4087
vn -0.0007 -0.7071 0.7071
vn -0.8165 -0.4086 0.4079
vn 0.8165 -0.4079 0.4086
vn 0.4271 -0.6116 -0.6660
vn -0.7730 -0.6116 -0.1689
vn -0.0000 -0.7988 0.6016
vn 0.4254 -0.7988 0.4254
vn -0.7071 0.0037 -0.7071
vn -0.0000 0.0036 -1.0000
vn -0.6619 0.6306 0.4052
vn -0.0000 0.0289 0.9996
vn -0.0000 0.7775 -0.6288
vn 0.7546 0.6306 -0.1815
vn 0.7068 0.0289 0.7068
vn -0.4447 0.7775 -0.4447
vn -0.7076 -0.0000 0.7066
vn -0.0007 -0.0007 1.0000
vn -0.0004 -0.7344 0.6787
vn -0.4802 -0.7345 0.4794
vn -0.4794 0.7345 0.4802
vn 0.0004 0.7341 0.6790
vn 0.7071 0.0004 0.7071
vn 0.4800 -0.7343 0.4800
vn 0.4803 0.7339 0.4803
vn 1.0000 -0.0007 -0.0007
vn 0.6787 -0.7344 -0.0004
vn 0.6790 0.7341 0.0004
vn 0.7071 -0.0008 -0.7071
vn 0.4794 -0.7345 -0.4802
vn 0.4802 0.7345 -0.4794
vn -0.0000 -0.0005 -1.0000
vn -0.0004 -0.7347 -0.6784
vn 0.0004 0.7350 -0.6781
vn -0.7071 -0.0004 -0.7071
vn -0.4797 -0.7347 -0.4797
vn -0.4794 0.7351 -0.4794
vn -1.0000 -0.0005 -0.0000
vn -0.6784 -0.7347 -0.0004
vn -0.6781 0.7349 0.0004
vn -0.4271 -0.6116 -0.6660
vn -0.7546 0.6306 -0.1815
vn -0.7068 0.0289 0.7068
vn -0.4254 -0.7988 0.4254
vn 0.7071 0.0037 -0.7071
vn 0.4447 0.7775 -0.4447
vn 0.6619 0.6306 0.4052
vn 0.7729 -0.6116 -0.1689
vn 0.6432 0.6691 0.3723
vn -0.5159 -0.4936 0.7001
vn -0.6405 0.6274 0.4430
vn -0.2509 0.7490 0.6132
vn 0.9209 -0.0454 0.3872
vn 0.6430 -0.6298 0.4358
vn -0.5165 -0.4935 -0.6998
vn -0.6407 0.6276 -0.4423
vn 0.6433 -0.6301 -0.4349
vn 0.0783 0.7563 -0.6496
vn -0.2512 0.7489 -0.6132
vn 0.9210 -0.0457 -0.3868
vn -0.5635 -0.4502 -0.6927
vn 0.4820 0.5259 -0.7008
vn 0.4825 0.5258 0.7005
vn -0.5638 -0.4496 0.6928
vn -0.6660 -0.6116 0.4271
vn -0.1815 0.6306 0.7546
vn 0.4051 0.6306 -0.6619
vn 0.9996 0.0289 -0.0001
vn -0.6288 0.7775 0.0001
vn -0.1686 -0.6114 -0.7731
vn 0.6016 -0.7988 -0.0004
vn -1.0000 0.0035 0.0006
vn -0.7546 0.6306 0.1815
vn -0.4271 -0.6116 0.6660
vn -0.4254 -0.7988 -0.4254
vn -0.7068 0.0290 -0.7068
vn 0.4447 0.7775 0.4447
vn 0.7071 0.0036 0.7071
vn 0.7730 -0.6116 0.1689
vn 0.6619 0.6306 -0.4052
vn -0.0006 0.7408 0.6717
vn -0.0006 0.7404 -0.6721
vn 0.8080 0.4401 -0.3917
vn 0.8078 0.4406 0.3916
vn -0.8105 0.4296 0.3982
vn -0.8109 0.4295 -0.3975
vn 0.1967 -0.7460 -0.6362
vn 0.8895 -0.4013 -0.2187
vn -0.9365 -0.0693 -0.3437
vn 0.1970 -0.7461 0.6361
vn 0.8893 -0.4018 0.2184
vn -0.9362 -0.0694 0.3445
vn 0.7072 0.0221 -0.7067
vn -0.7067 -0.0225 -0.7071
vn -0.3823 -0.8291 -0.4080
vn 0.4332 -0.8034 -0.4085
vn 0.3828 0.8289 -0.4079
vn -0.4330 0.8039 -0.4077
vn -0.7067 -0.0227 0.7071
vn -0.3828 -0.8289 0.4079
vn -0.4332 0.8034 0.4085
vn 0.7068 0.0225 0.7071
vn 0.4338 -0.8031 0.4085
vn 0.3831 0.8283 0.4088
vn 0.4053 0.6306 0.6619
vn -0.1815 0.6306 -0.7546
vn -0.6660 -0.6116 -0.4271
vn -0.1685 -0.6120 0.7727
vn 0.6660 -0.6116 0.4271
vn -0.2006 -0.6801 -0.7052
vn -0.7954 -0.5943 -0.1187
vn 0.9001 0.0808 -0.4281
vn -0.6812 0.3842 -0.6232
vn -0.9650 -0.2568 -0.0533
vn 0.6439 0.6824 -0.3460
vn 0.1815 0.6306 0.7546
vn -0.4484 0.8235 0.3476
vn -0.1998 -0.6804 0.7050
vn -0.7951 -0.5948 0.1188
vn -0.9652 -0.2562 0.0533
vn 0.6433 0.6825 0.3469
vn 0.8997 0.0804 0.4291
vn 0.6660 -0.6116 -0.4271
vn 0.1815 0.6306 -0.7546
vn -0.5415 0.4553 -0.7067
vn 0.5413 -0.4550 -0.7071
vn 0.8379 0.3621 -0.4084
vn 0.2135 0.8876 -0.4081
vn -0.8380 -0.3624 -0.4079
vn -0.2131 -0.8877 -0.4081
vn 0.5409 -0.4554 0.7072
vn 0.8381 0.3617 0.4084
vn -0.2128 -0.8876 0.4085
vn -0.5408 0.4555 0.7071
vn 0.2132 0.8877 0.4081
vn -0.8379 -0.3621 0.4084
vt 0.375000 0.750000
vt 0.375000 0.500000
vt 0.125000 0.500000
vt 0.125000 0.750000
vt 0.625000 0.500000
vt 0.625000 0.750000
vt 0.625000 0.250000
vt 0.375000 0.250000
vt 0.375000 0.000000
vt 0.625000 0.000000
vt 0.875000 0.500000
vt 0.875000 0.750000
vt 0.625000 1.000000
vt 0.375000 1.000000
vt 0.375000 0.863516
vt 0.750000 0.835911
vt 0.625000 0.835911
vt 0.375000 0.386484
vt 0.261484 0.750000
vt 0.261484 0.500000
vt 0.375000 0.835911
vt 0.250000 0.835911
vt 0.125000 0.835911
vt 0.500000 0.835911
vt 0.875000 0.835911
vt 1.000000 0.835911
vt 0.000000 0.835911
s 1
f 327/10/122 328/10/123 325/10/124 321/10/125
f 328/10/123 327/10/122 322/10/126 326/10/127
f 328/10/123 329/11/128 317/11/129 325/10/124
f 329/11/128 328/10/123 326/10/127 318/11/130
f 329/11/128 330/11/131 323/11/132 317/11/129
f 330/11/131 329/11/128 318/11/130 324/11/133
f 330/11/131 327/10/122 321/10/125 323/11/132
f 327/10/122 330/11/131 324/11/133 322/10/126
f 331/12/134 332/11/135 243/11/136 241/12/137
f 332/11/135 331/12/134 242/12/138 244/11/139
f 332/11/135 333/10/140 237/10/141 243/11/136
f 333/10/140 332/11/135 244/11/139 238/10/142
f 333/10/140 334/13/143 239/13/144 237/10/141
f 334/13/143 333/10/140 238/10/142 240/13/145
f 334/13/143 331/12/134 241/12/137 239/13/144
f 331/12/134 334/13/143 240/13/145 242/12/138
f 335/11/134 336/14/135 129/14/136 125/11/137
f 336/14/135 335/11/134 126/11/146 130/14/139
f 336/14/135 337/15/140 127/15/141 129/14/136
f 337/15/140 336/14/135 130/14/139 128/15/142
f 337/15/140 338/10/143 123/10/144 127/15/141
f 338/10/143 337/15/140 128/15/142 124/10/145
f 338/10/143 335/11/134 125/11/137 123/10/144
f 335/11/134 338/10/143 124/10/145 126/11/146
f 339/16/147 340/17/148 145/17/149 143/16/150
f 340/17/148 339/16/147 144/16/151 146/17/152
f 340/17/148 341/18/153 139/18/154 145/17/149
f 341/18/153 340/17/148 146/17/152 140/18/155
f 341/18/153 342/19/156 141/19/157 139/18/154
f 342/19/156 341/18/153 140/18/155 142/19/158
f 342/19/156 339/16/147 143/16/150 141/19/157
f 339/16/147 342/19/156 142/19/158 144/16/151
f 343/15/159 344/14/160 165/14/161 163/15/162
f 344/14/160 343/15/159 164/15/163 166/14/164
f 344/14/160 345/14/165 159/14/166 165/14/161
f 345/14/165 344/14/160 166/14/164 160/14/167
f 345/14/165 346/15/168 157/15/169 159/14/166
f 346/15/168 345/14/165 160/14/167 158/15/170
f 346/15/168 343/15/159 163/15/162 157/15/169
f 343/15/159 346/15/168 158/15/170 164/15/163
f 347/14/171 348/20/172 161/20/173 159/14/166
f 348/20/172 347/14/171 160/14/167 162/20/174
f 348/20/172 349/21/175 155/21/176 161/20/173
f 349/21/175 348/20/172 162/20/174 156/21/177
f 349/21/175 350/15/178 157/15/169 155/21/176
f 350/15/178 349/21/175 156/21/177 158/15/170
f 350/15/178 347/14/171 159/14/166 157/15/169
f 347/14/171 350/15/178 158/15/170 160/14/167
f 351/15/179 352/22/180 181/22/181 185/15/182
f 352/22/180 351/15/179 186/15/183 182/22/184
f 352/22/180 353/23/185 187/23/186 181/22/181
f 353/23/185 352/22/180 182/22/184 188/23/187
f 353/23/185 354/24/188 183/24/189 187/23/186
f 354/24/188 353/23/185 188/23/187 184/24/190
f 354/24/188 355/10/191 189/10/192 183/24/189
f 355/10/191 354/24/188 184/24/190 190/10/193
f 355/10/191 356/10/194 193/10/195 189/10/192
f 356/10/194 355/10/191 190/10/193 194/10/196
f 356/10/194 357/15/197 191/15/198 193/10/195
f 357/15/197 356/10/194 194/10/196 192/15/199
f 357/15/197 351/15/179 185/15/182 191/15/198
f 351/15/179 357/15/197 192/15/199 186/15/183
f 358/25/200 359/25/201 287/25/202 283/25/203
f 359/25/201 358/25/200 284/25/204 288/25/205
f 359/25/201 360/26/206 275/26/207 287/25/202
f 360/26/206 359/25/201 288/25/205 276/26/208
f 360/26/206 361/26/209 279/26/210 275/26/207
f 361/26/209 360/26/206 276/26/208 280/26/211
f 361/26/209 358/25/200 283/25/203 279/26/210
f 358/25/200 361/26/209 280/26/211 284/25/204
f 362/10/212 363/15/213 195/15/214 193/10/195
f 363/15/213 362/10/212 194/10/196 196/15/215
f 363/15/213 364/15/216 191/15/198 195/15/214
f 364/15/216 363/15/213 196/15/215 192/15/199
f 364/15/216 362/10/212 193/10/195 191/15/198
f 362/10/212 364/15/216 192/15/199 194/10/196
f 365/15/217 366/10/218 193/10/195 195/15/214
f 366/10/218 365/15/217 196/15/215 194/10/196
f 366/10/218 367/10/219 197/10/220 193/10/195
f 367/10/219 366/10/218 194/10/196 198/10/221
f 367/10/219 365/15/217 195/15/214 197/10/220
f 365/15/217 367/10/219 198/10/221 196/15/215
f 368/14/222 369/11/223 211/11/224 209/14/225
f 369/11/223 368/14/222 210/14/226 212/11/227
f 369/11/223 370/11/228 207/11/229 211/11/224
f 370/11/228 369/11/223 212/11/227 208/11/230
f 370/11/228 371/27/231 201/27/232 207/11/229
f 371/27/231 370/11/228 208/11/230 202/27/233
f 371/27/231 372/17/234 203/17/235 201/27/232
f 372/17/234 371/27/231 202/27/233 204/17/236
f 372/17/234 373/16/237 199/16/238 203/17/235
f 373/16/237 372/17/234 204/17/236 200/16/239
f 373/16/237 374/14/240 205/14/241 199/16/238
f 374/14/240 373/16/237 200/16/239 206/14/242
f 374/14/240 368/14/222 209/14/225 205/14/241
f 368/14/222 374/14/240 206/14/242 210/14/226
f 375/15/243 376/14/244 179/14/245 175/15/246
f 376/14/244 375/15/243 176/15/247 180/14/248
f 376/14/244 377/14/249 177/14/250 179/14/245
f 377/14/249 376/14/244 180/14/248 178/14/251
f 377/14/249 378/15/252 173/15/253 177/14/250
f 378/15/252 377/14/249 178/14/251 174/15/254
f 378/15/252 375/15/243 175/15/246 173/15/253
f 375/15/243 378/15/252 174/15/254 176/15/247
f 379/14/255 380/11/256 211/11/224 213/14/257
f 380/11/256 379/14/255 214/14/258 212/11/227
f 380/11/256 381/14/259 209/14/225 211/11/224
f 381/14/259 380/11/256 212/11/227 210/14/226
f 381/14/259 379/14/255 213/14/257 209/14/225
f 379/14/255 381/14/259 210/14/226 214/14/258
f 382/11/260 383/11/261 211/11/224 215/11/262
f 383/11/261 382/11/260 216/11/263 212/11/227
f 383/11/261 384/14/264 213/14/257 211/11/224
f 384/14/264 383/11/261 212/11/227 214/14/258
f 384/14/264 382/11/260 215/11/262 213/14/257
f 382/11/260 384/14/264 214/14/258 216/11/263
f 385/10/265 386/15/266 219/15/267 223/10/268
f 386/15/266 385/10/265 224/10/269 220/15/270
f 386/15/266 387/15/271 221/15/272 219/15/267
f 387/15/271 386/15/266 220/15/270 222/15/273
f 387/15/271 388/22/274 217/22/275 221/15/272
f 388/22/274 387/15/271 222/15/273 218/22/276
f 388/22/274 389/23/277 225/23/278 217/22/275
f 389/23/277 388/22/274 218/22/276 226/23/279
f 389/23/277 385/10/265 223/10/268 225/23/278
f 385/10/265 389/23/277 226/23/279 224/10/269
f 390/28/280 391/13/281 313/13/282 307/28/283
f 391/13/281 390/28/280 308/28/284 314/13/285
f 391/13/281 392/12/286 311/12/287 313/13/282
f 392/12/286 391/13/281 314/13/285 312/12/288
f 392/12/286 393/29/289 309/29/290 311/12/287
f 393/29/289 392/12/286 312/12/288 310/29/291
f 393/29/289 390/28/280 307/28/283 309/29/290
f 390/28/280 393/29/289 310/29/291 308/28/284
f 394/16/292 395/14/293 231/14/294 229/16/295
f 395/14/293 394/16/292 230/16/296 232/14/297
f 395/14/293 396/14/298 227/14/299 231/14/294
f 396/14/298 395/14/293 232/14/297 228/14/300
f 396/14/298 397/11/301 233/11/302 227/14/299
f 397/11/301 396/14/298 228/14/300 234/11/303
f 397/11/301 398/17/304 235/17/305 233/11/302
f 398/17/304 397/11/301 234/11/303 236/17/306
f 398/17/304 394/16/292 229/16/295 235/17/305
f 394/16/292 398/17/304 236/17/306 230/16/296
f 399/16/307 400/17/308 153/17/309 147/16/310
f 400/17/308 399/16/307 148/16/311 154/17/312
f 400/17/308 401/18/313 149/18/314 153/17/309
f 401/18/313 400/17/308 154/17/312 150/18/315
f 401/18/313 402/19/316 151/19/317 149/18/314
f 402/19/316 401/18/313 150/18/315 152/19/318
f 402/19/316 399/16/307 147/16/310 151/19/317
f 399/16/307 402/19/316 152/19/318 148/16/311
f 403/30/319 404/31/320 285/31/321 269/30/322
f 404/31/320 403/30/319 270/30/323 286/31/324
f 404/31/320 405/31/325 281/31/326 285/31/321
f 405/31/325 404/31/320 286/31/324 282/31/327
f 405/31/325 406/30/328 277/30/329 281/31/326
f 406/30/328 405/31/325 282/31/327 278/30/330
f 406/30/328 403/30/319 269/30/322 277/30/329
f 403/30/319 406/30/328 278/30/330 270/30/323
f 407/32/331 408/31/332 249/31/333 247/32/334
f 408/31/332 407/32/331 248/32/335 250/31/336
f 408/31/332 409/30/337 245/30/338 249/31/333
f 409/30/337 408/31/332 250/31/336 246/30/339
f 409/30/337 410/33/340 253/33/341 245/30/338
f 410/33/340 409/30/337 246/30/339 254/33/342
f 410/33/340 411/26/343 251/26/344 253/33/341
f 411/26/343 410/33/340 254/33/342 252/26/345
f 411/26/343 412/25/346 257/25/347 251/26/344
f 412/25/346 411/26/343 252/26/345 258/25/348
f 412/25/346 413/34/349 255/34/350 257/25/347
f 413/34/349 412/25/346 258/25/348 256/34/351
f 413/34/349 414/35/352 259/35/353 255/34/350
f 414/35/352 413/34/349 256/34/351 260/35/354
f 414/35/352 407/32/331 247/32/334 259/35/353
f 407/32/331 414/35/352 260/35/354 248/32/335
f 415/32/355 416/32/356 293/32/357 289/32/358
f 416/32/356 415/32/355 290/32/359 294/32/360
f 416/32/356 417/31/361 281/31/326 293/32/357
f 417/31/361 416/32/356 294/32/360 282/31/327
f 417/31/361 418/31/362 285/31/321 281/31/326
f 418/31/362 417/31/361 282/31/327 286/31/324
f 418/31/362 415/32/355 289/32/358 285/31/321
f 415/32/355 418/31/362 286/31/324 290/32/359
f 419/10/363 420/10/364 305/10/365 319/10/366
f 420/10/364 419/10/363 320/10/367 306/10/368
f 420/10/364 421/11/369 315/11/370 305/10/365
f 421/11/369 420/10/364 306/10/368 316/11/371
f 421/11/369 422/11/372 317/11/373 315/11/370
f 422/11/372 421/11/369 316/11/371 318/11/374
f 422/11/372 419/10/363 319/10/366 317/11/373
f 419/10/363 422/11/372 318/11/374 320/10/367
f 423/29/375 424/11/376 315/11/370 309/29/290
f 424/11/376 423/29/375 310/29/291 316/11/371
f 424/11/376 425/10/377 305/10/365 315/11/370
f 425/10/377 424/11/376 316/11/371 306/10/368
f 425/10/377 426/28/378 307/28/283 305/10/365
f 426/28/378 425/10/377 306/10/368 308/28/284
f 426/28/378 423/29/375 309/29/290 307/28/283
f 423/29/375 426/28/378 308/28/284 310/29/291
f 427/30/379 428/30/380 277/30/329 269/30/322
f 428/30/380 427/30/379 270/30/323 278/30/330
f 428/30/380 429/33/381 271/33/382 277/30/329
f 429/33/381 428/30/380 278/30/330 272/33/383
f 429/33/381 430/33/384 273/33/385 271/33/382
f 430/33/384 429/33/381 272/33/383 274/33/386
f 430/33/384 427/30/379 269/30/322 273/33/385
f 427/30/379 430/33/384 274/33/386 270/30/323
f 431/34/387 432/34/388 291/34/389 299/34/390
f 432/34/388 431/34/387 300/34/391 292/34/392
f 432/34/388 433/25/393 287/25/202 291/34/389
f 433/25/393 432/34/388 292/34/392 288/25/205
f 433/25/393 434/25/394 283/25/203 287/25/202
f 434/25/394 433/25/393 288/25/205 284/25/204
f 434/25/394 431/34/387 299/34/390 283/25/203
f 431/34/387 434/25/394 284/25/204 300/34/391
f 435/15/395 436/14/396 171/14/397 167/15/398
f 436/14/396 435/15/395 168/15/399 172/14/400
f 436/14/396 437/14/401 165/14/402 171/14/397
f 437/14/401 436/14/396 172/14/400 166/14/403
f 437/14/401 438/15/404 169/15/405 165/14/402
f 438/15/404 437/14/401 166/14/403 170/15/406
f 438/15/404 435/15/395 167/15/398 169/15/405
f 435/15/395 438/15/404 170/15/406 168/15/399
f 439/14/407 440/20/408 137/20/409 135/14/410
f 440/20/408 439/14/407 136/14/411 138/20/412
f 440/20/408 441/21/413 131/21/414 137/20/409
f 441/21/413 440/20/408 138/20/412 132/21/415
f 441/21/413 442/15/416 133/15/417 131/21/414
f 442/15/416 441/21/413 132/21/415 134/15/418
f 442/15/416 439/14/407 135/14/410 133/15/417
f 439/14/407 442/15/416 134/15/418 136/14/411
f 443/33/419 444/26/420 279/26/210 271/33/382
f 444/26/420 443/33/419 272/33/383 280/26/211
f 444/26/420 445/26/421 275/26/207 279/26/210
f 445/26/421 444/26/420 280/26/211 276/26/208
f 445/26/421 446/33/422 273/33/385 275/26/207
f 446/33/422 445/26/421 276/26/208 274/33/386
f 446/33/422 443/33/419 271/33/382 273/33/385
f 443/33/419 446/33/422 274/33/386 272/33/383
f 447/32/423 448/36/424 297/36/425 289/32/358
f 448/36/424 447/32/423 290/32/359 298/36/426
f 448/36/424 449/36/427 295/36/428 297/36/425
f 449/36/427 448/36/424 298/36/426 296/36/429
f 449/36/427 450/32/430 293/32/357 295/36/428
f 450/32/430 449/36/427 296/36/429 294/32/360
f 450/32/430 447/32/423 289/32/358 293/32/357
f 447/32/423 450/32/430 294/32/360 290/32/359
f 451/35/431 452/35/432 303/35/433 301/35/434
f 452/35/432 451/35/431 302/35/435 304/35/436
f 452/35/432 453/34/437 291/34/389 303/35/433
f 453/34/437 452/35/432 304/35/436 292/34/392
f 453/34/437 454/34/438 299/34/390 291/34/389
f 454/34/438 453/34/437 292/34/392 300/34/391
f 454/34/438 451/35/431 301/35/434 299/34/390
f 451/35/431 454/34/438 300/34/391 302/35/435
f 455/11/439 456/14/440 267/14/441 265/11/442
f 456/14/440 455/11/439 266/11/443 268/14/444
f 456/14/440 457/15/445 261/15/446 267/14/441
f 457/15/445 456/14/440 268/14/444 262/15/447
f 457/15/445 458/10/448 263/10/449 261/15/446
f 458/10/448 457/15/445 262/15/447 264/10/450
f 458/10/448 455/11/439 265/11/442 263/10/449
f 455/11/439 458/10/448 264/10/450 266/11/443
o Sphere_002_Sphere_82199642795777
v 0.000000 0.128811 0.283769
v 0.000001 0.129423 0.285673
v -0.200655 0.128811 0.200655
v -0.202001 0.129423 0.202001
v 0.000000 0.040682 0.295729
v 0.000001 0.040951 0.297711
v -0.209112 0.040682 0.209112
v -0.210513 0.040951 0.210513
v -0.153575 0.246407 0.153575
v -0.154660 0.247690 0.154660
v 0.000000 0.246407 0.217188
v 0.000001 0.247690 0.218722
v 0.000000 0.295951 0.148702
v 0.000001 0.297572 0.149874
v -0.105148 0.295951 0.105148
v -0.105977 0.297571 0.105977
v -0.283769 0.128811 -0.000000
v -0.285673 0.129423 0.000001
v -0.153575 0.246407 0.153575
v -0.154660 0.247690 0.154660
v -0.217188 0.246407 -0.000000
v -0.218722 0.247690 0.000001
v -0.148702 0.295951 -0.000000
v -0.149874 0.297571 0.000001
v -0.105148 0.295951 0.105148
v -0.105977 0.297571 0.105977
v -0.200655 0.128811 0.200655
v -0.202001 0.129423 0.202001
v -0.295729 0.040682 -0.000000
v -0.297711 0.040951 0.000001
v -0.209112 0.040682 0.209112
v -0.210513 0.040951 0.210513
v -0.153575 0.246407 -0.153575
v -0.154660 0.247690 -0.154660
v -0.200655 0.128811 -0.200655
v -0.202001 0.129423 -0.202001
v -0.283769 0.128811 -0.000000
v -0.285673 0.129423 0.000001
v -0.295729 0.040682 -0.000000
v -0.297711 0.040951 0.000001
v -0.209112 0.040682 -0.209112
v -0.210513 0.040951 -0.210513
v -0.217188 0.246407 -0.000000
v -0.218722 0.247690 0.000001
v -0.148702 0.295951 -0.000000
v -0.149874 0.297572 0.000001
v -0.105148 0.295951 -0.105148
v -0.105977 0.297571 -0.105977
v -0.200655 0.128811 -0.200655
v -0.202001 0.129423 -0.202001
v 0.000000 0.040682 -0.295729
v 0.000001 0.040951 -0.297711
v -0.209112 0.040682 -0.209112
v -0.210513 0.040951 -0.210513
v 0.000000 0.128811 -0.283769
v 0.000001 0.129423 -0.285673
v -0.153575 0.246407 -0.153575
v -0.154660 0.247690 -0.154660
v 0.000000 0.246407 -0.217188
v 0.000001 0.247690 -0.218722
v 0.000000 0.295951 -0.148702
v 0.000001 0.297571 -0.149874
v -0.105148 0.295951 -0.105148
v -0.105977 0.297571 -0.105977
v 0.153575 0.246407 -0.153575
v 0.154660 0.247690 -0.154660
v 0.000000 0.128811 -0.283769
v 0.000001 0.129423 -0.285673
v 0.000000 0.246407 -0.217188
v 0.000001 0.247690 -0.218722
v 0.000000 0.295951 -0.148702
v 0.000001 0.297572 -0.149874
v 0.105148 0.295951 -0.105148
v 0.105977 0.297571 -0.105977
v 0.200655 0.128811 -0.200655
v 0.202001 0.129423 -0.202002
v 0.000000 0.040682 -0.295729
v 0.000001 0.040951 -0.297711
v 0.209112 0.040682 -0.209112
v 0.210513 0.040951 -0.210513
v 0.153575 0.246407 -0.153575
v 0.154660 0.247690 -0.154660
v 0.283769 0.128811 -0.000000
v 0.285673 0.129423 0.000001
v 0.200655 0.128811 -0.200655
v 0.202001 0.129423 -0.202001
v 0.295729 0.040682 -0.000000
v 0.297711 0.040951 0.000001
v 0.209112 0.040682 -0.209112
v 0.210513 0.040951 -0.210513
v 0.217188 0.246407 -0.000000
v 0.218722 0.247690 0.000001
v 0.148702 0.295951 -0.000000
v 0.149874 0.297571 0.000001
v 0.105148 0.295951 -0.105148
v 0.105977 0.297571 -0.105977
v 0.283769 0.128811 -0.000000
v 0.285673 0.129423 0.000001
v 0.200655 0.128811 0.200655
v 0.202001 0.129423 0.202001
v 0.295729 0.040682 -0.000000
v 0.297711 0.040951 0.000001
v 0.209112 0.040682 0.209112
v 0.210513 0.040951 0.210513
v 0.153575 0.246407 0.153575
v 0.154660 0.247690 0.154660
v 0.217188 0.246407 -0.000000
v 0.218722 0.247690 0.000001
v 0.148702 0.295951 -0.000000
v 0.149874 0.297572 0.000001
v 0.105148 0.295951 0.105148
v 0.105977 0.297571 0.105977
v 0.200655 0.128811 0.200655
v 0.202001 0.129423 0.202001
v 0.000000 0.040682 0.295729
v 0.000001 0.040951 0.297711
v 0.209112 0.040682 0.209112
v 0.210513 0.040951 0.210513
v 0.000000 0.128811 0.283769
v 0.000001 0.129423 0.285673
v 0.153575 0.246407 0.153575
v 0.154660 0.247690 0.154660
v 0.000000 0.246407 0.217188
v 0.000001 0.247690 0.218722
v 0.000000 0.295951 0.148702
v 0.000001 0.297571 0.149874
v 0.105148 0.295951 0.105148
v 0.105977 0.297571 0.105977
v 0.000000 -0.106271 0.283769
v 0.000001 -0.106883 0.285673
v -0.153575 -0.223867 0.153575
v -0.154660 -0.225150 0.154660
v 0.000000 -0.223867 0.217188
v 0.000001 -0.225150 0.218722
v 0.000000 -0.295951 0.117541
v 0.000001 -0.297571 0.118713
v -0.083114 -0.295951 0.083114
v -0.083943 -0.297571 0.083944
v -0.200655 -0.106271 0.200655
v -0.202001 -0.106883 0.202002
v 0.000000 -0.018142 0.295729
v 0.000001 -0.018411 0.297711
v -0.209112 -0.018142 0.209112
v -0.210513 -0.018411 0.210513
v -0.153575 -0.223867 0.153575
v -0.154660 -0.225150 0.154660
v -0.117541 -0.295951 0.000000
v -0.118713 -0.297571 0.000001
v -0.083114 -0.295951 0.083114
v -0.083944 -0.297571 0.083943
v -0.217188 -0.223867 0.000000
v -0.218722 -0.225150 0.000001
v -0.283769 -0.106271 0.000000
v -0.285673 -0.106883 0.000001
v -0.200655 -0.106271 0.200655
v -0.202002 -0.106882 0.202001
v -0.295729 -0.018142 0.000000
v -0.297711 -0.018411 0.000001
v -0.209112 -0.018142 0.209112
v -0.210513 -0.018411 0.210513
v -0.153575 -0.223867 -0.153575
v -0.154660 -0.225150 -0.154660
v -0.283769 -0.106271 0.000000
v -0.285673 -0.106883 0.000001
v -0.200655 -0.106271 -0.200655
v -0.202002 -0.106883 -0.202001
v -0.295729 -0.018142 0.000000
v -0.297711 -0.018411 0.000001
v -0.209112 -0.018142 -0.209112
v -0.210513 -0.018411 -0.210513
v -0.217188 -0.223867 0.000000
v -0.218722 -0.225150 0.000001
v -0.117541 -0.295951 0.000000
v -0.118713 -0.297571 0.000001
v -0.083114 -0.295951 -0.083114
v -0.083944 -0.297571 -0.083943
v 0.000000 -0.106271 -0.283769
v 0.000001 -0.106883 -0.285673
v -0.153575 -0.223867 -0.153575
v -0.154660 -0.225150 -0.154660
v -0.200655 -0.106271 -0.200655
v -0.202001 -0.106883 -0.202002
v 0.000000 -0.018142 -0.295729
v 0.000001 -0.018411 -0.297711
v -0.209112 -0.018142 -0.209112
v -0.210513 -0.018411 -0.210513
v 0.000000 -0.223867 -0.217188
v 0.000001 -0.225150 -0.218722
v 0.000000 -0.295951 -0.117541
v 0.000001 -0.297571 -0.118713
v -0.083114 -0.295951 -0.083114
v -0.083943 -0.297571 -0.083944
v 0.153575 -0.223867 -0.153575
v 0.154660 -0.225150 -0.154660
v 0.000000 -0.295951 -0.117541
v 0.000001 -0.297571 -0.118713
v 0.000000 -0.223867 -0.217188
v 0.000001 -0.225150 -0.218722
v 0.083114 -0.295951 -0.083114
v 0.083943 -0.297571 -0.083944
v 0.000000 -0.106271 -0.283769
v 0.000001 -0.106883 -0.285673
v 0.200655 -0.106271 -0.200655
v 0.202001 -0.106883 -0.202002
v 0.000000 -0.018142 -0.295729
v 0.000001 -0.018411 -0.297711
v 0.209112 -0.018142 -0.209112
v 0.210513 -0.018411 -0.210513
v 0.153575 -0.223867 -0.153575
v 0.154660 -0.225150 -0.154660
v 0.117541 -0.295951 0.000000
v 0.118713 -0.297571 0.000001
v 0.083114 -0.295951 -0.083114
v 0.083944 -0.297571 -0.083943
v 0.217188 -0.223867 0.000000
v 0.218722 -0.225150 0.000001
v 0.283769 -0.106271 0.000000
v 0.285673 -0.106883 0.000001
v 0.200655 -0.106271 -0.200655
v 0.202002 -0.106883 -0.202001
v 0.295729 -0.018142 0.000000
v 0.297711 -0.018411 0.000001
v 0.209112 -0.018142 -0.209112
v 0.210513 -0.018411 -0.210513
v 0.283769 -0.106271 0.000000
v 0.285673 -0.106883 0.000001
v 0.153575 -0.223867 0.153575
v 0.154660 -0.225150 0.154660
v 0.217188 -0.223867 0.000000
v 0.218722 -0.225150 0.000001
v 0.117541 -0.295951 0.000000
v 0.118713 -0.297571 0.000001
v 0.083114 -0.295951 0.083114
v 0.083944 -0.297571 0.083943
v 0.200655 -0.106271 0.200655
v 0.202002 -0.106883 0.202001
v 0.295729 -0.018142 0.000000
v 0.297711 -0.018411 0.000001
v 0.209112 -0.018142 0.209112
v 0.210513 -0.018411 0.210513
v 0.000000 -0.223867 0.217188
v 0.000001 -0.225150 0.218722
v 0.153575 -0.223867 0.153575
v 0.154660 -0.225150 0.154660
v 0.000000 -0.106271 0.283769
v 0.000001 -0.106883 0.285673
v 0.000000 -0.295951 0.117541
v 0.000001 -0.297571 0.118713
v 0.083114 -0.295951 0.083114
v 0.083943 -0.297571 0.083944
v 0.200655 -0.106271 0.200655
v 0.202001 -0.106882 0.202002
v 0.000000 -0.018142 0.295729
v 0.000001 -0.018411 0.297711
v 0.209112 -0.018142 0.209112
v 0.210513 -0.018411 0.210513
v -0.153917 0.247665 0.152543
v -0.106568 0.296145 0.105193
v -0.149738 0.296145 0.000972
v -0.216700 0.247665 0.000972
v -0.283830 0.130003 0.000941
v -0.201363 0.130003 0.200033
v -0.154862 0.246163 0.153531
v -0.218067 0.246163 0.000941
v -0.149738 0.296145 -0.000971
v -0.106568 0.296145 -0.105193
v -0.153917 0.247665 -0.152543
v -0.216700 0.247665 -0.000971
v -0.296202 -0.019269 -0.000925
v -0.210101 -0.019269 -0.208792
v -0.201807 -0.105585 -0.200498
v -0.284473 -0.105585 -0.000925
v 0.153917 0.247665 -0.152543
v 0.106568 0.296145 -0.105193
v 0.149738 0.296145 -0.000971
v 0.216700 0.247665 -0.000971
v -0.154862 -0.223622 0.153531
v -0.201363 -0.107463 0.200033
v -0.283830 -0.107463 0.000941
v -0.218067 -0.223623 0.000941
v 0.153531 0.246163 0.154862
v 0.000941 0.246163 0.218067
v 0.000941 0.130003 0.283830
v 0.200033 0.130003 0.201363
v -0.208792 0.041809 0.210101
v -0.000925 0.041809 0.296202
v -0.000925 0.128125 0.284472
v -0.200498 0.128125 0.201807
v 0.149738 0.296145 0.000972
v 0.106568 0.296145 0.105193
v 0.153917 0.247665 0.152543
v 0.216700 0.247665 0.000972
v 0.153917 -0.225125 -0.152543
v 0.216700 -0.225125 -0.000971
v 0.118577 -0.296145 -0.000971
v 0.084534 -0.296144 -0.083159
v 0.152543 -0.225125 -0.153917
v 0.083159 -0.296144 -0.084534
v 0.000972 -0.296145 -0.118577
v 0.000972 -0.225125 -0.216700
v 0.152543 0.247665 0.153917
v 0.105193 0.296145 0.106568
v 0.000972 0.296145 0.149738
v 0.000972 0.247665 0.216700
v -0.152543 -0.225125 0.153917
v -0.083159 -0.296144 0.084534
v -0.000971 -0.296145 0.118577
v -0.000971 -0.225125 0.216700
v -0.153917 -0.225125 0.152543
v -0.216700 -0.225125 0.000972
v -0.118577 -0.296145 0.000972
v -0.084534 -0.296144 0.083159
v -0.154862 -0.223622 -0.153531
v -0.218067 -0.223622 -0.000940
v -0.283830 -0.107463 -0.000940
v -0.201363 -0.107463 -0.200033
v -0.153917 -0.225125 -0.152543
v -0.084534 -0.296144 -0.083159
v -0.118577 -0.296145 -0.000971
v -0.216700 -0.225125 -0.000971
v -0.000971 0.296145 0.149738
v -0.105193 0.296145 0.106568
v -0.152543 0.247665 0.153917
v -0.000971 0.247665 0.216700
v -0.200498 0.128125 -0.201807
v -0.000925 0.128125 -0.284473
v -0.000925 0.041809 -0.296202
v -0.208792 0.041809 -0.210101
v 0.283830 -0.107463 0.000941
v 0.201363 -0.107463 0.200033
v 0.154862 -0.223622 0.153531
v 0.218067 -0.223622 0.000941
v -0.152543 0.247665 -0.153917
v -0.105193 0.296145 -0.106568
v -0.000971 0.296145 -0.149738
v -0.000971 0.247665 -0.216700
v 0.153917 -0.225125 0.152543
v 0.084534 -0.296144 0.083160
v 0.118577 -0.296145 0.000972
v 0.216700 -0.225125 0.000972
v -0.153531 0.246163 -0.154862
v -0.000940 0.246163 -0.218067
v -0.000940 0.130003 -0.283830
v -0.200033 0.130003 -0.201363
v 0.000972 0.296145 -0.149738
v 0.105193 0.296145 -0.106568
v 0.152543 0.247665 -0.153917
v 0.000972 0.247665 -0.216700
v -0.283830 0.130003 -0.000940
v -0.218067 0.246163 -0.000940
v -0.154862 0.246163 -0.153531
v -0.201363 0.130003 -0.200033
v -0.296202 0.041809 0.000926
v -0.210101 0.041809 0.208792
v -0.201807 0.128125 0.200498
v -0.284473 0.128125 0.000926
v 0.200498 0.128125 -0.201807
v 0.208792 0.041809 -0.210101
v 0.000926 0.041809 -0.296202
v 0.000926 0.128125 -0.284472
v -0.210101 0.041809 -0.208792
v -0.296202 0.041809 -0.000925
v -0.284472 0.128125 -0.000925
v -0.201807 0.128125 -0.200498
v -0.000925 -0.019269 0.296202
v -0.208792 -0.019269 0.210101
v -0.200498 -0.105585 0.201807
v -0.000925 -0.105585 0.284473
v 0.296202 0.041809 -0.000925
v 0.210101 0.041809 -0.208792
v 0.201807 0.128125 -0.200498
v 0.284473 0.128125 -0.000925
v 0.218067 0.246163 0.000941
v 0.154862 0.246163 0.153531
v 0.201363 0.130003 0.200033
v 0.283830 0.130003 0.000941
v -0.201807 -0.105585 0.200498
v -0.210101 -0.019269 0.208792
v -0.296202 -0.019269 0.000926
v -0.284473 -0.105585 0.000926
v -0.000940 -0.107463 -0.283830
v -0.000940 -0.223623 -0.218067
v -0.153531 -0.223622 -0.154862
v -0.200033 -0.107463 -0.201363
v -0.000971 -0.296145 -0.118577
v -0.083159 -0.296144 -0.084534
v -0.152543 -0.225125 -0.153917
v -0.000971 -0.225125 -0.216700
v 0.000926 -0.019269 -0.296202
v 0.208792 -0.019269 -0.210101
v 0.200498 -0.105585 -0.201807
v 0.000926 -0.105585 -0.284473
v -0.200498 -0.105585 -0.201807
v -0.208792 -0.019269 -0.210101
v -0.000925 -0.019269 -0.296202
v -0.000925 -0.105585 -0.284473
v 0.154862 0.246163 -0.153531
v 0.218067 0.246163 -0.000940
v 0.283830 0.130003 -0.000940
v 0.201363 0.130003 -0.200033
v -0.000940 -0.107463 0.283830
v -0.200033 -0.107463 0.201363
v -0.153531 -0.223622 0.154862
v -0.000940 -0.223622 0.218067
v 0.201807 0.128125 0.200498
v 0.210101 0.041809 0.208792
v 0.296202 0.041809 0.000926
v 0.284472 0.128125 0.000926
v 0.200498 0.128125 0.201807
v 0.000926 0.128125 0.284473
v 0.000926 0.041809 0.296202
v 0.208792 0.041809 0.210101
v 0.000941 -0.107463 -0.283830
v 0.200033 -0.107463 -0.201363
v 0.153531 -0.223622 -0.154862
v 0.000941 -0.223623 -0.218067
v 0.296202 -0.019269 0.000926
v 0.210101 -0.019269 0.208792
v 0.201807 -0.105585 0.200498
v 0.284473 -0.105585 0.000926
v 0.153531 -0.223622 0.154862
v 0.200033 -0.107463 0.201363
v 0.000941 -0.107463 0.283830
v 0.000941 -0.223623 0.218067
v 0.210101 -0.019269 -0.208792
v 0.296202 -0.019269 -0.000925
v 0.284473 -0.105585 -0.000925
v 0.201807 -0.105585 -0.200498
v 0.208792 -0.019269 0.210101
v 0.000926 -0.019269 0.296202
v 0.000926 -0.105585 0.284473
v 0.200498 -0.105585 0.201807
v -0.000940 0.130003 0.283830
v -0.000940 0.246163 0.218067
v -0.153531 0.246163 0.154862
v -0.200033 0.130003 0.201363
v 0.153531 0.246163 -0.154862
v 0.200033 0.130003 -0.201363
v 0.000941 0.130003 -0.283830
v 0.000941 0.246163 -0.218067
v 0.000972 -0.296145 0.118577
v 0.083159 -0.296144 0.084534
v 0.152543 -0.225125 0.153917
v 0.000972 -0.225125 0.216700
v 0.201363 -0.107463 -0.200033
v 0.283830 -0.107463 -0.000940
v 0.218067 -0.223623 -0.000940
v 0.154862 -0.223622 -0.153531
vn 0.2657 0.5744 -0.7743
vn -0.7194 -0.5871 -0.3711
vn 0.0425 -0.8960 -0.4419
vn 0.5348 -0.7002 -0.4729
vn -0.7920 0.5664 0.2279
vn -0.8621 0.4702 0.1887
vn -0.2467 -0.5870 0.7711
vn 0.3423 -0.8962 0.2823
vn -0.7428 0.4702 0.4767
vn 0.7729 0.2718 0.5734
vn 0.7125 -0.7003 -0.0434
vn -0.7210 0.5662 0.3994
vn 0.4004 0.3298 0.8549
vn 0.0306 0.4300 -0.9023
vn 0.7884 -0.3386 -0.5136
vn 0.9207 -0.3386 -0.1939
vn -0.8838 0.2713 0.3813
vn -0.8943 0.2714 0.3559
vn -0.5097 -0.6926 -0.5104
vn 0.0001 -0.6927 0.7213
vn -0.2103 -0.3159 -0.9252
vn -0.7195 -0.5871 0.3711
vn 0.0425 -0.8960 0.4419
vn 0.3428 -0.8960 -0.2821
vn -0.7430 0.4708 -0.4757
vn -0.8621 0.4703 -0.1887
vn 0.1410 0.2715 0.9521
vn 0.5348 -0.7002 0.4729
vn -0.7920 0.5663 -0.2279
vn 0.7729 0.2712 -0.5736
vn 0.7125 -0.7003 0.0441
vn -0.7213 0.5666 -0.3984
vn 0.3233 -0.3348 -0.8851
vn -0.0557 -0.5072 0.8600
vn 0.6797 -0.0341 0.7327
vn 0.9987 -0.0339 -0.0375
vn -0.8185 -0.4381 -0.3716
vn -0.8417 -0.4382 -0.3155
vn -0.2503 0.6585 0.7098
vn 0.7884 0.3384 0.5136
vn -0.8943 -0.2712 -0.3559
vn 0.3252 0.6582 -0.6789
vn 0.9206 0.3384 0.1947
vn -0.8842 -0.2712 -0.3802
vn -0.2657 0.5743 0.7743
vn 0.7195 -0.5871 0.3711
vn -0.0425 -0.8960 0.4419
vn -0.5348 -0.7003 0.4729
vn 0.7920 0.5664 -0.2279
vn 0.8621 0.4703 -0.1887
vn 0.2461 -0.5873 -0.7711
vn -0.3428 -0.8960 -0.2821
vn 0.7430 0.4708 -0.4757
vn -0.7729 0.2712 -0.5736
vn -0.7125 -0.7003 0.0441
vn 0.7213 0.5666 -0.3984
vn -0.6673 0.7329 -0.1326
vn 0.0306 -0.4301 -0.9023
vn 0.7884 0.3384 -0.5137
vn 0.5349 0.7001 -0.4730
vn -0.7921 -0.5662 0.2280
vn -0.8943 -0.2711 0.3559
vn 0.6595 -0.4304 0.6162
vn 0.9208 0.3384 -0.1939
vn -0.8838 -0.2711 0.3813
vn 0.0002 0.6927 0.7213
vn 0.7126 0.7002 -0.0434
vn -0.7211 -0.5662 0.3994
vn -0.6198 -0.3968 0.6771
vn 0.7213 -0.6927 -0.0001
vn -0.0434 -0.7003 -0.7125
vn -0.4729 -0.7002 -0.5348
vn 0.2279 0.5664 0.7920
vn 0.3994 0.5662 0.7210
vn 0.6162 0.4304 -0.6596
vn -0.1939 -0.3386 -0.9207
vn 0.3813 0.2713 0.8838
vn -0.9023 0.4300 -0.0307
vn -0.5136 -0.3386 -0.7884
vn 0.3559 0.2714 0.8943
vn 0.8544 0.3352 0.3971
vn -0.6477 0.5067 -0.5690
vn -0.0375 0.0338 -0.9987
vn 0.7328 0.0341 -0.6796
vn -0.3155 0.4384 0.8416
vn -0.3716 0.4383 0.8184
vn -0.6789 -0.6583 -0.3252
vn 0.1947 -0.3386 -0.9206
vn -0.3802 0.2715 0.8842
vn 0.7098 -0.6585 0.2503
vn 0.5136 -0.3385 -0.7884
vn -0.3559 0.2713 0.8943
vn 0.2111 -0.3166 0.9248
vn 0.7194 -0.5871 -0.3711
vn -0.0425 -0.8960 -0.4419
vn -0.3423 -0.8962 0.2823
vn 0.7428 0.4702 0.4767
vn 0.8621 0.4702 0.1887
vn -0.1410 0.2715 -0.9520
vn -0.5348 -0.7002 -0.4729
vn 0.7920 0.5663 0.2279
vn -0.7729 0.2718 0.5734
vn -0.7125 -0.7003 -0.0434
vn 0.7210 0.5663 0.3994
vn 0.1893 -0.2904 0.9380
vn -0.7729 -0.2713 -0.5736
vn -0.7126 0.7002 0.0441
vn -0.5349 0.7002 0.4730
vn 0.7921 -0.5662 -0.2280
vn 0.7214 -0.5665 -0.3983
vn 0.2460 0.5873 -0.7711
vn -0.3428 0.8960 -0.2822
vn 0.7430 -0.4708 -0.4758
vn 0.7194 0.5871 0.3711
vn -0.0425 0.8960 0.4420
vn 0.8621 -0.4703 -0.1886
vn -0.7743 -0.5744 0.2657
vn -0.3711 0.5871 -0.7194
vn -0.4420 0.8960 0.0425
vn -0.4730 0.7002 0.5349
vn 0.2280 -0.5663 -0.7921
vn 0.1887 -0.4702 -0.8622
vn 0.7711 0.5870 -0.2467
vn 0.2823 0.8962 0.3423
vn 0.4767 -0.4702 -0.7428
vn 0.5733 -0.2719 0.7729
vn -0.0434 0.7002 0.7126
vn 0.3994 -0.5662 -0.7211
vn -0.7743 0.5744 -0.2657
vn -0.3711 -0.5871 0.7194
vn -0.4419 -0.8960 -0.0425
vn 0.1887 0.4702 0.8621
vn 0.7711 -0.5870 0.2467
vn 0.2823 -0.8962 -0.3423
vn 0.4767 0.4702 0.7428
vn 0.5734 0.2718 -0.7729
vn 0.7743 -0.5743 -0.2657
vn 0.3711 0.5871 0.7194
vn 0.4420 0.8960 -0.0425
vn 0.4730 0.7002 -0.5349
vn -0.2280 -0.5663 0.7920
vn -0.1886 -0.4703 0.8621
vn -0.7711 0.5873 0.2460
vn -0.2822 0.8960 -0.3428
vn -0.4758 -0.4708 0.7430
vn -0.5736 -0.2713 -0.7729
vn 0.0441 0.7002 -0.7126
vn -0.3983 -0.5665 0.7214
vn -0.1893 -0.2904 -0.9380
vn 0.7729 -0.2719 0.5733
vn -0.2467 0.5870 0.7711
vn 0.3423 0.8962 0.2824
vn -0.7428 -0.4702 0.4767
vn -0.7194 0.5871 -0.3711
vn 0.0425 0.8960 -0.4420
vn -0.8621 -0.4702 0.1886
vn -0.6770 0.3968 0.6198
vn 0.0009 0.6926 -0.7213
vn 0.7126 0.7002 0.0441
vn 0.5348 0.7002 0.4730
vn -0.7920 -0.5663 -0.2280
vn -0.7214 -0.5665 -0.3983
vn 0.6598 -0.4296 -0.6165
vn 0.0306 -0.4300 0.9023
vn 0.2657 -0.5743 0.7743
vn -0.7194 0.5871 0.3711
vn 0.0425 0.8960 0.4420
vn -0.8621 -0.4703 -0.1886
vn -0.2460 0.5873 -0.7711
vn 0.3428 0.8960 -0.2822
vn -0.7430 -0.4708 -0.4758
vn 0.7729 -0.2713 -0.5736
vn -0.9252 -0.3159 0.2104
vn 0.3711 -0.5871 0.7195
vn 0.4419 -0.8960 -0.0425
vn -0.2821 -0.8960 -0.3428
vn -0.4758 0.4708 0.7430
vn -0.1887 0.4703 0.8621
vn 0.9521 0.2715 -0.1410
vn 0.4729 -0.7002 -0.5348
vn -0.2279 0.5664 0.7920
vn -0.5736 0.2712 -0.7729
vn 0.0441 -0.7003 -0.7125
vn -0.3984 0.5666 0.7213
vn 0.7592 -0.3885 -0.5223
vn -0.6789 -0.6583 0.3252
vn 0.1947 -0.3385 0.9206
vn 0.5136 -0.3386 0.7884
vn -0.3559 0.2714 -0.8943
vn -0.3802 0.2714 -0.8842
vn -0.6477 0.5067 0.5690
vn -0.0375 0.0338 0.9987
vn -0.3716 0.4383 -0.8184
vn 0.8601 0.5071 -0.0557
vn 0.7328 0.0341 0.6796
vn -0.3155 0.4384 -0.8416
vn -0.4004 -0.3299 0.8549
vn -0.0306 -0.4300 -0.9023
vn -0.7884 0.3384 -0.5137
vn -0.9208 0.3384 -0.1939
vn 0.8838 -0.2711 0.3813
vn 0.8943 -0.2712 0.3559
vn 0.5096 0.6926 -0.5104
vn -0.5348 0.7002 -0.4730
vn 0.7921 -0.5663 0.2280
vn -0.0002 0.6926 0.7213
vn -0.7126 0.7002 -0.0434
vn 0.7211 -0.5662 0.3994
vn 0.7743 0.5743 0.2657
vn 0.3711 -0.5871 -0.7195
vn 0.4419 -0.8960 0.0425
vn 0.4729 -0.7003 0.5348
vn -0.2279 0.5664 -0.7920
vn -0.1887 0.4703 -0.8621
vn -0.7711 -0.5873 -0.2460
vn -0.2821 -0.8960 0.3428
vn -0.4757 0.4708 -0.7430
vn -0.5736 0.2712 0.7729
vn 0.0441 -0.7003 0.7125
vn -0.3984 0.5666 -0.7213
vn -0.2657 -0.5744 -0.7743
vn 0.7194 0.5871 -0.3711
vn -0.0425 0.8960 -0.4420
vn 0.8622 -0.4702 0.1886
vn 0.2467 0.5870 0.7711
vn -0.3423 0.8962 0.2823
vn 0.7428 -0.4702 0.4767
vn -0.7729 -0.2719 0.5733
vn 0.6198 -0.3968 -0.6771
vn -0.7213 -0.6926 0.0008
vn -0.6165 0.4296 0.6598
vn 0.9024 0.4299 0.0306
vn 0.9248 -0.3166 -0.2111
vn -0.3711 -0.5871 -0.7194
vn -0.4419 -0.8960 0.0425
vn 0.2823 -0.8962 0.3423
vn 0.4767 0.4702 -0.7428
vn 0.1887 0.4702 -0.8621
vn -0.9520 0.2716 0.1411
vn -0.4729 -0.7002 0.5348
vn 0.2279 0.5663 -0.7920
vn 0.5734 0.2718 0.7729
vn -0.0434 -0.7003 0.7125
vn 0.3994 0.5663 -0.7210
vn 0.4612 0.8114 -0.3591
vn 0.0008 -0.6926 -0.7213
vn 0.9206 -0.3386 0.1947
vn -0.8842 0.2715 -0.3802
vn -0.5097 -0.6926 0.5104
vn 0.0306 0.4299 0.9023
vn 0.7884 -0.3385 0.5136
vn -0.8943 0.2713 -0.3559
vn 0.3233 0.3357 0.8847
vn -0.0557 0.5072 -0.8600
vn 0.6796 0.0342 -0.7328
vn 0.9987 0.0344 0.0376
vn -0.8179 0.4385 0.3725
vn -0.8416 0.4384 0.3154
vn -0.2503 -0.6586 -0.7097
vn 0.3245 -0.6588 0.6787
vn -0.2633 -0.8825 -0.3897
vn -0.8600 0.5072 -0.0557
vn -0.7328 0.0342 0.6796
vn -0.5136 -0.3385 0.7884
vn 0.3559 0.2713 -0.8943
vn 0.3155 0.4384 -0.8416
vn 0.6474 0.5076 0.5686
vn 0.0376 0.0344 0.9987
vn 0.3725 0.4384 -0.8179
vn 0.6787 -0.6588 0.3245
vn -0.1939 -0.3386 0.9207
vn 0.3813 0.2714 -0.8837
vn -0.3971 0.3352 0.8544
vn 0.5690 0.5067 -0.6477
vn 0.9987 0.0338 -0.0375
vn 0.6796 0.0341 0.7328
vn -0.8416 0.4384 -0.3155
vn -0.8184 0.4383 -0.3716
vn 0.3252 -0.6583 -0.6789
vn -0.2503 -0.6585 0.7098
vn -0.8851 -0.3348 -0.3233
vn 0.8600 -0.5072 0.0557
vn 0.7327 -0.0341 -0.6797
vn -0.0374 -0.0339 -0.9987
vn -0.3716 -0.4381 0.8185
vn -0.3155 -0.4382 0.8417
vn 0.7098 0.6585 0.2503
vn 0.5136 0.3384 -0.7885
vn -0.3559 -0.2712 0.8943
vn -0.6789 0.6582 -0.3252
vn 0.1947 0.3384 -0.9206
vn -0.3802 -0.2712 0.8842
vn -0.3234 0.3348 -0.8851
vn 0.0557 0.5071 0.8601
vn -0.6796 0.0341 0.7328
vn -0.9987 0.0338 -0.0375
vn 0.8184 0.4383 -0.3716
vn 0.8416 0.4384 -0.3155
vn 0.2503 -0.6585 0.7097
vn -0.7884 -0.3386 0.5136
vn 0.8943 0.2714 -0.3559
vn -0.3252 -0.6583 -0.6789
vn -0.9206 -0.3385 0.1947
vn 0.8842 0.2714 -0.3802
vn 0.0407 -0.3972 0.9168
vn 0.5097 -0.6926 -0.5104
vn -0.0307 0.4300 -0.9023
vn -0.7884 -0.3385 -0.5136
vn 0.8943 0.2713 0.3559
vn -0.6596 0.4303 0.6162
vn -0.9207 -0.3386 -0.1939
vn 0.8837 0.2714 0.3813
vn -0.3897 0.8825 -0.2633
vn -0.0557 -0.5072 -0.8600
vn 0.6797 -0.0342 -0.7327
vn -0.8417 -0.4382 0.3155
vn 0.5685 -0.5076 0.6474
vn 0.9987 -0.0345 0.0375
vn -0.8180 -0.4383 0.3725
vn 0.3246 0.6587 0.6787
vn -0.3591 -0.8114 0.4611
vn -0.7213 0.6926 0.0009
vn 0.0441 0.7002 0.7126
vn 0.1947 0.3384 0.9206
vn -0.3802 -0.2713 -0.8842
vn -0.3983 -0.5665 -0.7214
vn 0.5105 0.6926 -0.5097
vn 0.4730 0.7001 0.5349
vn -0.2280 -0.5662 -0.7921
vn 0.9023 -0.4300 0.0306
vn 0.5136 0.3384 0.7885
vn -0.3559 -0.2711 -0.8943
vn -0.9252 0.3159 -0.2103
vn 0.3711 0.5871 -0.7194
vn 0.4420 0.8960 0.0425
vn -0.2822 0.8960 0.3428
vn -0.4758 -0.4708 -0.7430
vn -0.1886 -0.4703 -0.8621
vn 0.9520 -0.2716 0.1410
vn -0.5736 -0.2713 0.7729
vn 0.8847 -0.3357 0.3233
vn -0.8600 -0.5072 -0.0557
vn -0.7327 -0.0342 0.6797
vn 0.0375 -0.0345 0.9987
vn 0.3725 -0.4383 -0.8180
vn 0.3155 -0.4382 -0.8417
vn -0.7097 0.6585 -0.2502
vn -0.5137 0.3384 0.7884
vn 0.3559 -0.2712 -0.8943
vn 0.6787 0.6587 0.3246
vn -0.1939 0.3384 0.9208
vn 0.3813 -0.2711 -0.8838
vn 0.2633 0.8825 -0.3897
vn 0.8600 -0.5072 -0.0557
vn 0.7327 -0.0341 0.6797
vn -0.3155 -0.4382 -0.8417
vn -0.6477 -0.5068 0.5689
vn -0.0374 -0.0339 0.9987
vn -0.3716 -0.4381 -0.8185
vn -0.6789 0.6582 0.3252
vn 0.6771 -0.3968 0.6198
vn -0.0008 -0.6926 -0.7213
vn -0.6598 0.4296 -0.6165
vn -0.0306 0.4299 0.9024
vn -0.8553 -0.3290 -0.4002
vn 0.9023 -0.4300 -0.0306
vn 0.5105 0.6926 0.5097
vn -0.7213 0.6926 -0.0009
vn 0.3897 -0.8825 -0.2633
vn 0.0557 0.5072 -0.8600
vn -0.6796 0.0342 -0.7328
vn 0.8416 0.4384 0.3154
vn -0.5686 0.5076 0.6474
vn -0.9987 0.0344 0.0376
vn 0.8179 0.4384 0.3725
vn -0.3245 -0.6588 0.6787
vn -0.7591 -0.3885 0.5223
vn 0.6787 -0.6588 -0.3245
vn 0.6474 0.5076 -0.5686
vn 0.0376 0.0344 -0.9987
vn 0.3725 0.4385 0.8179
vn -0.8600 0.5072 0.0557
vn -0.7328 0.0342 -0.6796
vn 0.3154 0.4384 0.8416
vn 0.8549 -0.3299 0.4004
vn -0.9023 -0.4300 0.0306
vn -0.5104 0.6926 -0.5096
vn 0.7213 0.6926 0.0002
vn -0.3233 -0.3357 0.8847
vn 0.0557 -0.5072 -0.8600
vn -0.6797 -0.0342 -0.7327
vn -0.9987 -0.0345 0.0376
vn 0.8180 -0.4383 0.3725
vn 0.8417 -0.4382 0.3155
vn 0.2502 0.6585 -0.7097
vn -0.3246 0.6587 0.6788
vn -0.1326 0.7329 0.6673
vn -0.9023 -0.4301 -0.0306
vn -0.5137 0.3384 -0.7885
vn -0.4730 0.7001 -0.5349
vn 0.2280 -0.5662 0.7921
vn 0.3559 -0.2711 0.8943
vn 0.6162 -0.4304 -0.6595
vn -0.1939 0.3384 -0.9208
vn 0.3813 -0.2711 0.8838
vn 0.7213 0.6926 -0.0002
vn -0.0434 0.7002 -0.7126
vn 0.3994 -0.5662 0.7211
vn 0.3971 -0.3352 0.8544
vn -0.5689 -0.5068 -0.6477
vn -0.9987 -0.0339 -0.0375
vn -0.6797 -0.0341 0.7327
vn 0.8417 -0.4382 -0.3155
vn 0.8185 -0.4381 -0.3716
vn -0.3252 0.6582 -0.6789
vn -0.9206 0.3384 0.1947
vn 0.8842 -0.2713 -0.3802
vn 0.2503 0.6584 0.7098
vn -0.7885 0.3384 0.5136
vn 0.8943 -0.2711 -0.3559
vn -0.8543 -0.3353 0.3971
vn 0.6474 -0.5076 -0.5685
vn 0.0375 -0.0345 -0.9987
vn -0.7327 -0.0342 -0.6797
vn 0.3155 -0.4382 0.8417
vn 0.3725 -0.4383 0.8180
vn 0.6787 0.6587 -0.3246
vn -0.7098 0.6585 0.2502
vn -0.3591 0.8114 -0.4612
vn -0.7213 -0.6926 -0.0008
vn 0.5104 -0.6926 0.5097
vn 0.9024 0.4299 -0.0306
vn -0.1326 -0.7329 -0.6673
vn -0.9023 0.4300 0.0307
vn 0.6162 0.4303 0.6596
vn 0.7213 -0.6927 0.0001
vn 0.9248 0.3166 0.2111
vn -0.3711 0.5871 0.7194
vn -0.4420 0.8960 -0.0425
vn 0.2823 0.8962 -0.3423
vn 0.4767 -0.4702 0.7428
vn 0.1886 -0.4702 0.8621
vn -0.9520 -0.2717 -0.1411
vn 0.5734 -0.2719 -0.7729
vn 0.3217 -0.3294 0.8877
vn -0.6598 -0.4296 -0.6166
vn -0.0009 0.6926 -0.7213
vn 0.5097 0.6926 0.5105
vt 0.625000 0.750000
vt 0.625000 0.835911
vt 0.500000 0.835911
vt 0.500000 0.750000
vt 0.500000 0.625000
vt 0.625000 0.625000
vt 0.375000 0.835911
vt 0.375000 0.750000
vt 0.500000 0.437500
vt 0.375000 0.437500
vt 0.375000 0.375000
vt 0.500000 0.375000
vt 0.125000 0.750000
vt 0.125000 0.835911
vt 0.000000 0.835911
vt 0.000000 0.750000
vt 0.625000 0.250000
vt 0.625000 0.375000
vt 0.500000 0.250000
vt 0.875000 0.750000
vt 0.750000 0.750000
vt 0.750000 0.625000
vt 0.875000 0.625000
vt 0.625000 0.562500
vt 0.750000 0.562500
vt 1.000000 0.835911
vt 0.875000 0.835911
vt 1.000000 0.750000
vt 0.125000 0.250000
vt 0.000000 0.250000
vt 0.000000 0.125000
vt 0.125000 0.125000
vt 0.250000 0.125000
vt 0.250000 0.250000
vt 0.750000 0.835911
vt 0.625000 0.125000
vt 0.750000 0.125000
vt 0.750000 0.250000
vt 0.500000 0.125000
vt 0.375000 0.250000
vt 0.375000 0.125000
vt 0.375000 0.625000
vt 0.250000 0.625000
vt 0.250000 0.562500
vt 0.375000 0.562500
vt 1.000000 0.375000
vt 0.875000 0.375000
vt 0.875000 0.250000
vt 1.000000 0.250000
vt 0.250000 0.835911
vt 0.250000 0.750000
vt 0.875000 0.125000
vt 1.000000 0.125000
vt 0.500000 0.562500
vt 0.125000 0.625000
vt 0.125000 0.562500
vt 0.750000 0.437500
vt 0.625000 0.437500
vt 0.750000 0.375000
vt 0.000000 0.562500
vt 0.000000 0.625000
vt 1.000000 0.625000
vt 0.250000 0.375000
vt 0.250000 0.437500
vt 0.125000 0.437500
vt 0.125000 0.375000
vt 0.875000 0.562500
vt 1.000000 0.562500
vt 1.000000 0.437500
vt 0.875000 0.437500
vt 0.000000 0.437500
vt 0.000000 0.375000
s 1
f 715/37/451 716/38/452 483/38/453 477/37/454
f 716/38/452 715/37/451 478/37/455 484/38/456
f 716/38/452 717/39/457 481/39/458 483/38/453
f 717/39/457 716/38/452 484/38/456 482/39/459
f 717/39/457 718/40/460 479/40/461 481/39/458
f 718/40/460 717/39/457 482/39/459 480/40/462
f 718/40/460 715/37/451 477/37/454 479/40/461
f 715/37/451 718/40/460 480/40/462 478/37/455
f 719/41/463 720/42/464 485/42/465 475/41/466
f 720/42/464 719/41/463 476/41/467 486/42/468
f 720/42/464 721/37/469 477/37/454 485/42/465
f 721/37/469 720/42/464 486/42/468 478/37/455
f 721/37/469 722/40/470 479/40/461 477/37/454
f 722/40/470 721/37/469 478/37/455 480/40/462
f 722/40/470 719/41/463 475/41/466 479/40/461
f 719/41/463 722/40/470 480/40/462 476/41/467
f 723/39/471 724/43/472 505/43/473 503/39/474
f 724/43/472 723/39/471 504/39/475 506/43/476
f 724/43/472 725/44/477 491/44/478 505/43/473
f 725/44/477 724/43/472 506/43/476 492/44/479
f 725/44/477 726/40/480 501/40/481 491/44/478
f 726/40/480 725/44/477 492/44/479 502/40/482
f 726/40/480 723/39/471 503/39/474 501/40/481
f 723/39/471 726/40/480 502/40/482 504/39/475
f 727/45/483 728/46/484 627/46/485 625/45/486
f 728/46/484 727/45/483 626/45/487 628/46/488
f 728/46/484 729/47/489 623/47/490 627/46/485
f 729/47/489 728/46/484 628/46/488 624/47/491
f 729/47/489 730/48/492 621/48/493 623/47/490
f 730/48/492 729/47/489 624/47/491 622/48/494
f 730/48/492 727/45/483 625/45/486 621/48/493
f 727/45/483 730/48/492 622/48/494 626/45/487
f 731/49/495 732/50/496 553/50/497 539/49/498
f 732/50/496 731/49/495 540/49/499 554/50/500
f 732/50/496 733/51/501 551/51/502 553/50/497
f 733/51/501 732/50/496 554/50/500 552/51/503
f 733/51/501 734/52/504 549/52/505 551/51/502
f 734/52/504 733/51/501 552/51/503 550/52/506
f 734/52/504 731/49/495 539/49/498 549/52/505
f 731/49/495 734/52/504 550/52/506 540/49/499
f 735/53/507 736/54/508 613/54/509 603/53/510
f 736/54/508 735/53/507 604/53/511 614/54/512
f 736/54/508 737/48/513 611/48/514 613/54/509
f 737/48/513 736/54/508 614/54/512 612/48/515
f 737/48/513 738/55/516 609/55/517 611/48/514
f 738/55/516 737/48/513 612/48/515 610/55/518
f 738/55/516 735/53/507 603/53/510 609/55/517
f 735/53/507 738/55/516 610/55/518 604/53/511
f 739/56/519 740/57/520 581/57/521 579/56/522
f 740/57/520 739/56/519 580/56/523 582/57/524
f 740/57/520 741/58/525 577/58/526 581/57/521
f 741/58/525 740/57/520 582/57/524 578/58/527
f 741/58/525 742/59/528 571/59/529 577/58/526
f 742/59/528 741/58/525 578/58/527 572/59/530
f 742/59/528 739/56/519 579/56/522 571/59/529
f 739/56/519 742/59/528 572/59/530 580/56/523
f 743/60/531 744/61/532 463/61/533 465/60/534
f 744/61/532 743/60/531 466/60/535 464/61/536
f 744/61/532 745/58/537 459/58/538 463/61/533
f 745/58/537 744/61/532 464/61/536 460/58/539
f 745/58/537 746/42/540 461/42/541 459/58/538
f 746/42/540 745/58/537 460/58/539 462/42/542
f 746/42/540 743/60/531 465/60/534 461/42/541
f 743/60/531 746/42/540 462/42/542 466/60/535
f 747/62/543 748/63/544 569/63/545 567/62/546
f 748/63/544 747/62/543 568/62/547 570/63/548
f 748/63/544 749/56/549 563/56/550 569/63/545
f 749/56/549 748/63/544 570/63/548 564/56/551
f 749/56/549 750/64/552 565/64/553 563/56/550
f 750/64/552 749/56/549 564/56/551 566/64/554
f 750/64/552 747/62/543 567/62/546 565/64/553
f 747/62/543 750/64/552 566/64/554 568/62/547
f 751/65/555 752/66/556 673/66/557 667/65/558
f 752/66/556 751/65/555 668/65/559 674/66/560
f 752/66/556 753/67/561 669/67/562 673/66/557
f 753/67/561 752/66/556 674/66/560 670/67/563
f 753/67/561 754/68/564 671/68/565 669/67/562
f 754/68/564 753/67/561 670/67/563 672/68/566
f 754/68/564 751/65/555 667/65/558 671/68/565
f 751/65/555 754/68/564 672/68/566 668/65/559
f 755/65/567 756/68/568 657/68/569 651/65/570
f 756/68/568 755/65/567 652/65/571 658/68/572
f 756/68/568 757/69/573 653/69/574 657/68/569
f 757/69/573 756/68/568 658/68/572 654/69/575
f 757/69/573 758/70/576 655/70/577 653/69/574
f 758/70/576 757/69/573 654/69/575 656/70/578
f 758/70/576 755/65/567 651/65/570 655/70/577
f 755/65/567 758/70/576 656/70/578 652/65/571
f 759/56/579 760/63/580 585/63/581 579/56/522
f 760/63/580 759/56/579 580/56/523 586/63/582
f 760/63/580 761/71/583 583/71/584 585/63/581
f 761/71/583 760/63/580 586/63/582 584/71/585
f 761/71/583 762/57/586 581/57/521 583/71/584
f 762/57/586 761/71/583 584/71/585 582/57/524
f 762/57/586 759/56/579 579/56/522 581/57/521
f 759/56/579 762/57/586 582/57/524 580/56/523
f 763/53/587 764/72/588 595/72/589 589/53/590
f 764/72/588 763/53/587 590/53/591 596/72/592
f 764/72/588 765/73/593 593/73/594 595/72/589
f 765/73/593 764/72/588 596/72/592 594/73/595
f 765/73/593 766/74/596 591/74/597 593/73/594
f 766/74/596 765/73/593 594/73/595 592/74/598
f 766/74/596 763/53/587 589/53/590 591/74/597
f 763/53/587 766/74/596 592/74/598 590/53/591
f 767/53/599 768/55/600 609/55/517 603/53/510
f 768/55/600 767/53/599 604/53/511 610/55/518
f 768/55/600 769/75/601 605/75/602 609/55/517
f 769/75/601 768/55/600 610/55/518 606/75/603
f 769/75/601 770/72/604 607/72/605 605/75/602
f 770/72/604 769/75/601 606/75/603 608/72/606
f 770/72/604 767/53/599 603/53/510 607/72/605
f 767/53/599 770/72/604 608/72/606 604/53/511
f 771/76/607 772/55/608 629/55/609 619/76/610
f 772/55/608 771/76/607 620/76/611 630/55/612
f 772/55/608 773/48/613 621/48/493 629/55/609
f 773/48/613 772/55/608 630/55/612 622/48/494
f 773/48/613 774/47/614 623/47/490 621/48/493
f 774/47/614 773/48/613 622/48/494 624/47/491
f 774/47/614 771/76/607 619/76/610 623/47/490
f 771/76/607 774/47/614 624/47/491 620/76/611
f 775/76/615 776/77/616 633/77/617 619/76/610
f 776/77/616 775/76/615 620/76/611 634/77/618
f 776/77/616 777/75/619 631/75/620 633/77/617
f 777/75/619 776/77/616 634/77/618 632/75/621
f 777/75/619 778/55/622 629/55/609 631/75/620
f 778/55/622 777/75/619 632/75/621 630/55/612
f 778/55/622 775/76/615 619/76/610 629/55/609
f 775/76/615 778/55/622 630/55/612 620/76/611
f 779/71/623 780/38/624 473/38/625 471/71/626
f 780/38/624 779/71/623 472/71/627 474/38/628
f 780/38/624 781/37/629 467/37/630 473/38/625
f 781/37/629 780/38/624 474/38/628 468/37/631
f 781/37/629 782/57/632 469/57/633 467/37/630
f 782/57/632 781/37/629 468/37/631 470/57/634
f 782/57/632 779/71/623 471/71/626 469/57/633
f 779/71/623 782/57/632 470/57/634 472/71/627
f 783/78/635 784/79/636 513/79/637 507/78/638
f 784/79/636 783/78/635 508/78/639 514/79/640
f 784/79/636 785/80/641 509/80/642 513/79/637
f 785/80/641 784/79/636 514/79/640 510/80/643
f 785/80/641 786/81/644 511/81/645 509/80/642
f 786/81/644 785/80/641 510/80/643 512/81/646
f 786/81/644 783/78/635 507/78/638 511/81/645
f 783/78/635 786/81/644 512/81/646 508/78/639
f 787/82/647 788/83/648 693/83/649 683/82/650
f 788/83/648 787/82/647 684/82/651 694/83/652
f 788/83/648 789/84/653 685/84/654 693/83/649
f 789/84/653 788/83/648 694/83/652 686/84/655
f 789/84/653 790/85/656 687/85/657 685/84/654
f 790/85/656 789/84/653 686/84/655 688/85/658
f 790/85/656 787/82/647 683/82/650 687/85/657
f 787/82/647 790/85/656 688/85/658 684/82/651
f 791/44/659 792/43/660 521/43/661 515/44/662
f 792/43/660 791/44/659 516/44/663 522/43/664
f 792/43/660 793/86/665 519/86/666 521/43/661
f 793/86/665 792/43/660 522/43/664 520/86/667
f 793/86/665 794/87/668 517/87/669 519/86/666
f 794/87/668 793/86/665 520/86/667 518/87/670
f 794/87/668 791/44/659 515/44/662 517/87/669
f 791/44/659 794/87/668 518/87/670 516/44/663
f 795/84/671 796/88/672 691/88/673 685/84/654
f 796/88/672 795/84/671 686/84/655 692/88/674
f 796/88/672 797/89/675 689/89/676 691/88/673
f 797/89/675 796/88/672 692/88/674 690/89/677
f 797/89/675 798/85/678 687/85/657 689/89/676
f 798/85/678 797/89/675 690/89/677 688/85/658
f 798/85/678 795/84/671 685/84/654 687/85/657
f 795/84/671 798/85/678 688/85/658 686/84/655
f 799/44/679 800/87/680 517/87/669 515/44/662
f 800/87/680 799/44/679 516/44/663 518/87/670
f 800/87/680 801/79/681 513/79/637 517/87/669
f 801/79/681 800/87/680 518/87/670 514/79/640
f 801/79/681 802/78/682 507/78/638 513/79/637
f 802/78/682 801/79/681 514/79/640 508/78/639
f 802/78/682 799/44/679 515/44/662 507/78/638
f 799/44/679 802/78/682 508/78/639 516/44/663
f 803/86/683 804/50/684 531/50/685 529/86/686
f 804/50/684 803/86/683 530/86/687 532/50/688
f 804/50/684 805/49/689 523/49/690 531/50/685
f 805/49/689 804/50/684 532/50/688 524/49/691
f 805/49/689 806/87/692 527/87/693 523/49/690
f 806/87/692 805/49/689 524/49/691 528/87/694
f 806/87/692 803/86/683 529/86/686 527/87/693
f 803/86/683 806/87/692 528/87/694 530/86/687
f 807/41/695 808/40/696 501/40/481 495/41/697
f 808/40/696 807/41/695 496/41/698 502/40/482
f 808/40/696 809/44/699 491/44/478 501/40/481
f 809/44/699 808/40/696 502/40/482 492/44/479
f 809/44/699 810/78/700 493/78/701 491/44/478
f 810/78/700 809/44/699 492/44/479 494/78/702
f 810/78/700 807/41/695 495/41/697 493/78/701
f 807/41/695 810/78/700 494/78/702 496/41/698
f 811/90/703 812/60/704 489/60/705 487/90/706
f 812/60/704 811/90/703 488/90/707 490/60/708
f 812/60/704 813/42/709 485/42/465 489/60/705
f 813/42/709 812/60/704 490/60/708 486/42/468
f 813/42/709 814/41/710 475/41/466 485/42/465
f 814/41/710 813/42/709 486/42/468 476/41/467
f 814/41/710 811/90/703 487/90/706 475/41/466
f 811/90/703 814/41/710 476/41/467 488/90/707
f 815/91/711 816/92/712 537/92/713 533/91/714
f 816/92/712 815/91/711 534/91/715 538/92/716
f 816/92/712 817/80/717 535/80/718 537/92/713
f 817/80/717 816/92/712 538/92/716 536/80/719
f 817/80/717 818/79/720 525/79/721 535/80/718
f 818/79/720 817/80/717 536/80/719 526/79/722
f 818/79/720 815/91/711 533/91/714 525/79/721
f 815/91/711 818/79/720 526/79/722 534/91/715
f 819/81/723 820/90/724 497/90/725 499/81/726
f 820/90/724 819/81/723 500/81/727 498/90/728
f 820/90/724 821/41/729 495/41/697 497/90/725
f 821/41/729 820/90/724 498/90/728 496/41/698
f 821/41/729 822/78/730 493/78/701 495/41/697
f 822/78/730 821/41/729 496/41/698 494/78/702
f 822/78/730 819/81/723 499/81/726 493/78/701
f 819/81/723 822/78/730 494/78/702 500/81/727
f 823/93/731 824/94/732 601/94/733 599/93/734
f 824/94/732 823/93/731 600/93/735 602/94/736
f 824/94/732 825/54/737 597/54/738 601/94/733
f 825/54/737 824/94/732 602/94/736 598/54/739
f 825/54/737 826/95/740 587/95/741 597/54/738
f 826/95/740 825/54/737 598/54/739 588/95/742
f 826/95/740 823/93/731 599/93/734 587/95/741
f 823/93/731 826/95/740 588/95/742 600/93/735
f 827/96/743 828/92/744 547/92/745 545/96/746
f 828/92/744 827/96/743 546/96/747 548/92/748
f 828/92/744 829/91/749 543/91/750 547/92/745
f 829/91/749 828/92/744 548/92/748 544/91/751
f 829/91/749 830/97/752 541/97/753 543/91/750
f 830/97/752 829/91/749 544/91/751 542/97/754
f 830/97/752 827/96/743 545/96/746 541/97/753
f 827/96/743 830/97/752 542/97/754 546/96/747
f 831/64/755 832/56/756 563/56/550 565/64/553
f 832/56/756 831/64/755 566/64/554 564/56/551
f 832/56/756 833/59/757 557/59/758 563/56/550
f 833/59/757 832/56/756 564/56/551 558/59/759
f 833/59/757 834/98/760 555/98/761 557/59/758
f 834/98/760 833/59/757 558/59/759 556/98/762
f 834/98/760 831/64/755 565/64/553 555/98/761
f 831/64/755 834/98/760 556/98/762 566/64/554
f 835/54/763 836/94/764 617/94/765 613/54/509
f 836/94/764 835/54/763 614/54/512 618/94/766
f 836/94/764 837/45/767 615/45/768 617/94/765
f 837/45/767 836/94/764 618/94/766 616/45/769
f 837/45/767 838/48/770 611/48/514 615/45/768
f 838/48/770 837/45/767 616/45/769 612/48/515
f 838/48/770 835/54/763 613/54/509 611/48/514
f 835/54/763 838/48/770 612/48/515 614/54/512
f 839/99/771 840/70/772 645/70/773 635/99/774
f 840/70/772 839/99/771 636/99/775 646/70/776
f 840/70/772 841/76/777 637/76/778 645/70/773
f 841/76/777 840/70/772 646/70/776 638/76/779
f 841/76/777 842/47/780 639/47/781 637/76/778
f 842/47/780 841/76/777 638/76/779 640/47/782
f 842/47/780 839/99/771 635/99/774 639/47/781
f 839/99/771 842/47/780 640/47/782 636/99/775
f 843/69/783 844/77/784 649/77/785 647/69/786
f 844/77/784 843/69/783 648/69/787 650/77/788
f 844/77/784 845/76/789 637/76/778 649/77/785
f 845/76/789 844/77/784 650/77/788 638/76/779
f 845/76/789 846/70/790 645/70/773 637/76/778
f 846/70/790 845/76/789 638/76/779 646/70/776
f 846/70/790 843/69/783 647/69/786 645/70/773
f 843/69/783 846/70/790 646/70/776 648/69/787
f 847/100/791 848/101/792 665/101/793 663/100/794
f 848/101/792 847/100/791 664/100/795 666/101/796
f 848/101/792 849/102/797 661/102/798 665/101/793
f 849/102/797 848/101/792 666/101/796 662/102/799
f 849/102/797 850/99/800 659/99/801 661/102/798
f 850/99/800 849/102/797 662/102/799 660/99/802
f 850/99/800 847/100/791 663/100/794 659/99/801
f 847/100/791 850/99/800 660/99/802 664/100/795
f 851/47/803 852/46/804 643/46/805 639/47/781
f 852/46/804 851/47/803 640/47/782 644/46/806
f 852/46/804 853/100/807 641/100/808 643/46/805
f 853/100/807 852/46/804 644/46/806 642/100/809
f 853/100/807 854/99/810 635/99/774 641/100/808
f 854/99/810 853/100/807 642/100/809 636/99/775
f 854/99/810 851/47/803 639/47/781 635/99/774
f 851/47/803 854/99/810 636/99/775 640/47/782
f 855/49/811 856/52/812 549/52/505 539/49/498
f 856/52/812 855/49/811 540/49/499 550/52/506
f 856/52/812 857/97/813 541/97/753 549/52/505
f 857/97/813 856/52/812 550/52/506 542/97/754
f 857/97/813 858/91/814 543/91/750 541/97/753
f 858/91/814 857/97/813 542/97/754 544/91/751
f 858/91/814 855/49/811 539/49/498 543/91/750
f 855/49/811 858/91/814 544/91/751 540/49/499
f 859/95/815 860/54/816 597/54/738 587/95/741
f 860/54/816 859/95/815 588/95/742 598/54/739
f 860/54/816 861/53/817 589/53/590 597/54/738
f 861/53/817 860/54/816 598/54/739 590/53/591
f 861/53/817 862/74/818 591/74/597 589/53/590
f 862/74/818 861/53/817 590/53/591 592/74/598
f 862/74/818 859/95/815 587/95/741 591/74/597
f 859/95/815 862/74/818 592/74/598 588/95/742
f 863/59/819 864/103/820 561/103/821 557/59/758
f 864/103/820 863/59/819 558/59/759 562/103/822
f 864/103/820 865/104/823 559/104/824 561/103/821
f 865/104/823 864/103/820 562/103/822 560/104/825
f 865/104/823 866/98/826 555/98/761 559/104/824
f 866/98/826 865/104/823 560/104/825 556/98/762
f 866/98/826 863/59/819 557/59/758 555/98/761
f 863/59/819 866/98/826 556/98/762 558/59/759
f 867/59/827 868/58/828 577/58/526 571/59/529
f 868/58/828 867/59/827 572/59/530 578/58/527
f 868/58/828 869/61/829 573/61/830 577/58/526
f 869/61/829 868/58/828 578/58/527 574/61/831
f 869/61/829 870/103/832 575/103/833 573/61/830
f 870/103/832 869/61/829 574/61/831 576/103/834
f 870/103/832 867/59/827 571/59/529 575/103/833
f 867/59/827 870/103/832 576/103/834 572/59/530
f 871/99/835 872/102/836 661/102/798 659/99/801
f 872/102/836 871/99/835 660/99/802 662/102/799
f 872/102/836 873/65/837 651/65/570 661/102/798
f 873/65/837 872/102/836 662/102/799 652/65/571
f 873/65/837 874/70/838 655/70/577 651/65/570
f 874/70/838 873/65/837 652/65/571 656/70/578
f 874/70/838 871/99/835 659/99/801 655/70/577
f 871/99/835 874/70/838 656/70/578 660/99/802
f 875/105/839 876/106/840 697/106/841 695/105/842
f 876/106/840 875/105/839 696/105/843 698/106/844
f 876/106/840 877/83/845 693/83/649 697/106/841
f 877/83/845 876/106/840 698/106/844 694/83/652
f 877/83/845 878/82/846 683/82/650 693/83/649
f 878/82/846 877/83/845 694/83/652 684/82/651
f 878/82/846 875/105/839 695/105/842 683/82/650
f 875/105/839 878/82/846 684/82/651 696/105/843
f 879/84/847 880/83/848 709/83/849 701/84/850
f 880/83/848 879/84/847 702/84/851 710/83/852
f 880/83/848 881/95/853 703/95/854 709/83/849
f 881/95/853 880/83/848 710/83/852 704/95/855
f 881/95/853 882/74/856 699/74/857 703/95/854
f 882/74/856 881/95/853 704/95/855 700/74/858
f 882/74/856 879/84/847 701/84/850 699/74/857
f 879/84/847 882/74/856 700/74/858 702/84/851
f 883/101/859 884/107/860 679/107/861 681/101/862
f 884/107/860 883/101/859 682/101/863 680/107/864
f 884/107/860 885/108/865 675/108/866 679/107/861
f 885/108/865 884/107/860 680/107/864 676/108/867
f 885/108/865 886/102/868 677/102/869 675/108/866
f 886/102/868 885/108/865 676/108/867 678/102/870
f 886/102/868 883/101/859 681/101/862 677/102/869
f 883/101/859 886/102/868 678/102/870 682/101/863
f 887/106/871 888/93/872 711/93/873 713/106/874
f 888/93/872 887/106/871 714/106/875 712/93/876
f 888/93/872 889/95/877 703/95/854 711/93/873
f 889/95/877 888/93/872 712/93/876 704/95/855
f 889/95/877 890/83/878 709/83/849 703/95/854
f 890/83/878 889/95/877 704/95/855 710/83/852
f 890/83/878 887/106/871 713/106/874 709/83/849
f 887/106/871 890/83/878 710/83/852 714/106/875
f 891/58/879 892/57/880 469/57/633 459/58/538
f 892/57/880 891/58/879 460/58/539 470/57/634
f 892/57/880 893/37/881 467/37/630 469/57/633
f 893/37/881 892/57/880 470/57/634 468/37/631
f 893/37/881 894/42/882 461/42/541 467/37/630
f 894/42/882 893/37/881 468/37/631 462/42/542
f 894/42/882 891/58/879 459/58/538 461/42/541
f 891/58/879 894/42/882 462/42/542 460/58/539
f 895/49/883 896/91/884 533/91/714 523/49/690
f 896/91/884 895/49/883 524/49/691 534/91/715
f 896/91/884 897/79/885 525/79/721 533/91/714
f 897/79/885 896/91/884 534/91/715 526/79/722
f 897/79/885 898/87/886 527/87/693 525/79/721
f 898/87/886 897/79/885 526/79/722 528/87/694
f 898/87/886 895/49/883 523/49/690 527/87/693
f 895/49/883 898/87/886 528/87/694 524/49/691
f 899/73/887 900/88/888 707/88/889 705/73/890
f 900/88/888 899/73/887 706/73/891 708/88/892
f 900/88/888 901/84/893 701/84/850 707/88/889
f 901/84/893 900/88/888 708/88/892 702/84/851
f 901/84/893 902/74/894 699/74/857 701/84/850
f 902/74/894 901/84/893 702/84/851 700/74/858
f 902/74/894 899/73/887 705/73/890 699/74/857
f 899/73/887 902/74/894 700/74/858 706/73/891
f 903/102/895 904/108/896 675/108/866 677/102/869
f 904/108/896 903/102/895 678/102/870 676/108/867
f 904/108/896 905/66/897 673/66/557 675/108/866
f 905/66/897 904/108/896 676/108/867 674/66/560
f 905/66/897 906/65/898 667/65/558 673/66/557
f 906/65/898 905/66/897 674/66/560 668/65/559
f 906/65/898 903/102/895 677/102/869 667/65/558
f 903/102/895 906/65/898 668/65/559 678/102/870
o Sphere_006_Sphere_005_124620000165506
v 0.148702 0.293451 -0.000000
v 0.150696 0.293612 0.000001
v 0.102579 0.338450 0.102579
v 0.103989 0.338611 0.103989
v 0.105148 0.293451 0.105148
v 0.106558 0.293612 0.106558
v 0.145069 0.338450 -0.000000
v 0.147063 0.338611 0.000001
v 0.000000 0.293451 0.148702
v 0.000001 0.293612 0.150695
v 0.000000 0.338450 0.145069
v 0.000001 0.338611 0.147062
v -0.102579 0.338450 0.102579
v -0.103989 0.338611 0.103989
v -0.105148 0.293451 0.105148
v -0.106558 0.293612 0.106558
v -0.148702 0.293451 -0.000000
v -0.150696 0.293612 0.000001
v -0.145069 0.338450 -0.000000
v -0.147063 0.338611 0.000001
v -0.102579 0.338450 -0.102579
v -0.103989 0.338611 -0.103989
v -0.105148 0.293451 -0.105148
v -0.106558 0.293612 -0.106558
v 0.000000 0.293451 -0.148702
v 0.000001 0.293612 -0.150696
v 0.000000 0.338450 -0.145069
v 0.000001 0.338611 -0.147063
v 0.102579 0.338450 -0.102579
v 0.103989 0.338611 -0.103989
v 0.105148 0.293451 -0.105148
v 0.106558 0.293612 -0.106558
v 0.148702 0.293451 -0.000000
v 0.150695 0.293612 0.000001
v 0.145069 0.338450 -0.000000
v 0.147063 0.338611 0.000001
v 0.105787 -0.338450 0.000000
v 0.105788 -0.340450 0.000001
v -0.105787 -0.338450 0.000000
v -0.105786 -0.340450 0.000001
v 0.000000 -0.338450 -0.105787
v 0.000001 -0.340450 -0.105786
v -0.074803 -0.338450 -0.074803
v -0.074802 -0.340450 -0.074802
v 0.074803 -0.338450 -0.074803
v 0.074804 -0.340450 -0.074802
v 0.000000 -0.338450 0.105787
v 0.000001 -0.340450 0.105788
v -0.074803 -0.338450 0.074803
v -0.074802 -0.340450 0.074804
v 0.074803 -0.338450 0.074803
v 0.074804 -0.340450 0.074804
v 0.074803 -0.338450 0.074803
v 0.076160 -0.339014 0.076160
v 0.105787 -0.338450 0.000000
v 0.107706 -0.339014 0.000001
v 0.117541 -0.298450 0.000000
v 0.119460 -0.299014 0.000001
v 0.083114 -0.298450 0.083114
v 0.084471 -0.299014 0.084471
v 0.000000 -0.298450 0.117541
v 0.000001 -0.299014 0.119460
v 0.000000 -0.338450 0.105787
v 0.000001 -0.339014 0.107706
v -0.074803 -0.338450 0.074803
v -0.076160 -0.339014 0.076160
v -0.083114 -0.298450 0.083114
v -0.084471 -0.299014 0.084471
v -0.117541 -0.298450 0.000000
v -0.119460 -0.299014 0.000001
v -0.105787 -0.338450 0.000000
v -0.107706 -0.339014 0.000000
v -0.074803 -0.338450 -0.074803
v -0.076160 -0.339014 -0.076160
v -0.083114 -0.298450 -0.083114
v -0.084471 -0.299014 -0.084471
v 0.000000 -0.298450 -0.117541
v 0.000001 -0.299014 -0.119460
v 0.000000 -0.338450 -0.105787
v 0.000001 -0.339014 -0.107706
v 0.074803 -0.338450 -0.074803
v 0.076160 -0.339014 -0.076160
v 0.083114 -0.298450 -0.083114
v 0.084471 -0.299014 -0.084471
v 0.117541 -0.298450 0.000000
v 0.119460 -0.299014 0.000001
v 0.105787 -0.338450 0.000000
v 0.107706 -0.339014 0.000001
v 0.000000 0.008770 0.337865
v 0.000001 0.008771 0.339865
v -0.230023 -0.020348 0.230023
v -0.231321 -0.021140 0.231322
v 0.000000 -0.020348 0.325302
v 0.000001 -0.021141 0.327138
v -0.238906 0.008770 0.238906
v -0.240320 0.008771 0.240320
v -0.230023 0.037888 0.230023
v -0.231321 0.038680 0.231322
v 0.000000 0.037888 0.325302
v 0.000001 0.038681 0.327138
v 0.230023 0.037888 0.230023
v 0.231321 0.038680 0.231322
v 0.000000 0.037888 0.325302
v 0.000001 0.038681 0.327138
v 0.238906 0.008770 0.238906
v 0.240320 0.008771 0.240320
v 0.230023 -0.020348 0.230023
v 0.231321 -0.021140 0.231322
v 0.000000 -0.020348 0.325302
v 0.000001 -0.021140 0.327138
v 0.230023 0.037888 -0.230023
v 0.231321 0.038680 -0.231322
v 0.000000 0.008770 -0.337865
v 0.000001 0.008771 -0.339865
v 0.000000 0.037888 -0.325302
v 0.000001 0.038680 -0.327138
v 0.238906 0.008770 -0.238906
v 0.240320 0.008771 -0.240320
v 0.230023 -0.020348 -0.230023
v 0.231321 -0.021140 -0.231322
v 0.000000 -0.020348 -0.325302
v 0.000001 -0.021141 -0.327138
v 0.230023 0.037888 -0.230023
v 0.231322 0.038680 -0.231321
v 0.337865 0.008770 -0.000000
v 0.339865 0.008771 0.000001
v 0.325302 0.037888 -0.000000
v 0.327138 0.038681 0.000001
v 0.230023 -0.020348 -0.230023
v 0.231322 -0.021140 -0.231321
v 0.325302 -0.020348 0.000000
v 0.327138 -0.021140 0.000001
v 0.230023 -0.020348 0.230023
v 0.231322 -0.021140 0.231321
v 0.337865 0.008770 -0.000000
v 0.339865 0.008771 0.000001
v 0.325302 -0.020348 0.000000
v 0.327138 -0.021141 0.000001
v 0.230023 0.037888 0.230023
v 0.231322 0.038680 0.231321
v 0.325302 0.037888 -0.000000
v 0.327138 0.038680 0.000001
v -0.230023 0.037888 0.230023
v -0.231322 0.038680 0.231321
v -0.337865 0.008770 -0.000000
v -0.339865 0.008771 0.000001
v -0.325302 0.037888 -0.000000
v -0.327138 0.038681 0.000001
v -0.230023 -0.020348 0.230023
v -0.231322 -0.021140 0.231321
v -0.325302 -0.020348 0.000000
v -0.327138 -0.021140 0.000001
v -0.230023 0.037888 -0.230023
v -0.231322 0.038680 -0.231321
v -0.325302 0.037888 -0.000000
v -0.327138 0.038680 0.000001
v -0.238906 0.008770 -0.238906
v -0.240320 0.008771 -0.240320
v -0.230023 -0.020348 -0.230023
v -0.231322 -0.021140 -0.231321
v -0.325302 -0.020348 0.000000
v -0.327138 -0.021141 0.000001
v -0.230023 0.037888 -0.230023
v -0.231321 0.038680 -0.231322
v 0.000000 0.037888 -0.325302
v 0.000001 0.038681 -0.327138
v -0.230023 -0.020348 -0.230023
v -0.231321 -0.021140 -0.231322
v 0.000000 -0.020348 -0.325302
v 0.000001 -0.021141 -0.327138
v 0.000000 0.037888 0.325302
v 0.000001 0.039888 0.325313
v 0.188201 0.038182 0.188201
v 0.188208 0.040182 0.188208
v 0.000000 0.038182 0.266156
v 0.000001 0.040182 0.266167
v -0.188201 0.038182 0.188201
v -0.188208 0.040182 0.188208
v 0.230023 0.037888 0.230023
v 0.230030 0.039888 0.230030
v 0.325302 0.037888 -0.000000
v 0.325313 0.039888 0.000001
v 0.266156 0.038182 -0.000000
v 0.266167 0.040182 0.000001
v -0.230023 0.037888 0.230023
v -0.230030 0.039888 0.230030
v -0.325302 0.037888 -0.000000
v -0.325313 0.039888 0.000001
v -0.266156 0.038182 -0.000000
v -0.266167 0.040182 0.000001
v -0.188201 0.038182 -0.188201
v -0.188208 0.040182 -0.188208
v -0.230023 0.037888 -0.230023
v -0.230030 0.039888 -0.230030
v 0.000000 0.037888 -0.325302
v 0.000001 0.039888 -0.325313
v 0.000000 0.038182 -0.266156
v 0.000001 0.040182 -0.266167
v 0.188201 0.038182 -0.188201
v 0.188208 0.040182 -0.188208
v 0.230023 0.037888 -0.230023
v 0.230030 0.039888 -0.230030
v 0.325302 0.037888 -0.000000
v 0.325313 0.039888 0.000001
v 0.266156 0.038182 -0.000000
v 0.266167 0.040182 0.000001
v 0.000000 -0.020348 0.325302
v 0.000001 -0.022348 0.325313
v -0.188201 -0.020642 0.188201
v -0.188208 -0.022642 0.188208
v 0.000000 -0.020642 0.266156
v 0.000001 -0.022642 0.266167
v 0.188201 -0.020642 0.188201
v 0.188208 -0.022642 0.188208
v -0.230023 -0.020348 0.230023
v -0.230030 -0.022348 0.230030
v 0.230023 -0.020348 0.230023
v 0.230030 -0.022348 0.230030
v 0.325302 -0.020348 0.000000
v 0.325313 -0.022348 0.000001
v 0.266156 -0.020642 0.000000
v 0.266167 -0.022642 0.000001
v -0.325302 -0.020348 0.000000
v -0.325313 -0.022348 0.000001
v -0.266156 -0.020642 0.000000
v -0.266167 -0.022642 0.000001
v -0.188201 -0.020642 -0.188201
v -0.188208 -0.022642 -0.188208
v -0.230023 -0.020348 -0.230023
v -0.230030 -0.022348 -0.230030
v 0.000000 -0.020348 -0.325302
v 0.000001 -0.022348 -0.325313
v 0.000000 -0.020642 -0.266156
v 0.000001 -0.022642 -0.266167
v 0.188201 -0.020642 -0.188201
v 0.188208 -0.022642 -0.188208
v 0.230023 -0.020348 -0.230023
v 0.230030 -0.022348 -0.230030
v 0.325302 -0.020348 0.000000
v 0.325313 -0.022348 0.000001
v 0.266156 -0.020642 0.000000
v 0.266167 -0.022642 0.000001
v 0.000930 -0.299697 0.117832
v 0.000930 -0.337767 0.106645
v 0.074753 -0.337767 0.076067
v 0.082663 -0.299697 0.083977
v 0.229261 0.038888 -0.229261
v 0.000000 0.038888 -0.324225
v -0.229261 0.038888 -0.229261
v -0.324225 0.038888 0.000000
v -0.229261 0.038888 0.229261
v 0.000000 0.038888 0.324225
v 0.229261 0.038888 0.229261
v 0.323811 0.038893 0.001000
v 0.266830 0.039177 0.001000
v 0.188970 0.039182 0.188970
v 0.000001 0.039182 0.267244
v -0.188970 0.039182 0.188970
v -0.267244 0.039182 0.000001
v -0.188970 0.039182 -0.188970
v 0.000001 0.039182 -0.267244
v 0.188970 0.039182 -0.188970
v 0.266830 0.039177 -0.001000
v 0.323811 0.038893 -0.001000
v 0.338077 0.009699 0.000935
v 0.326234 0.037355 0.000935
v 0.231343 0.037355 0.230021
v 0.239717 0.009699 0.238395
v 0.000000 -0.339450 0.104705
v -0.074037 -0.339450 0.074038
v -0.104704 -0.339450 0.000001
v -0.074037 -0.339450 -0.074037
v 0.000000 -0.339450 -0.104704
v 0.074038 -0.339450 -0.074037
v 0.104705 -0.339450 0.000001
v 0.074038 -0.339450 0.074038
v 0.231343 0.037355 -0.230021
v 0.326234 0.037355 -0.000934
v 0.338077 0.009699 -0.000934
v 0.239717 0.009699 -0.238395
v -0.117832 -0.299697 -0.000929
v -0.083977 -0.299697 -0.082663
v -0.076067 -0.337767 -0.074753
v -0.106645 -0.337767 -0.000929
v 0.102416 0.337533 0.103724
v 0.000925 0.337533 0.145763
v 0.000925 0.294529 0.149235
v 0.104872 0.294529 0.106179
v 0.000935 -0.019815 0.326234
v 0.230021 -0.019815 0.231343
v 0.238395 0.007842 0.239717
v 0.000935 0.007842 0.338077
v -0.103724 0.337533 -0.102416
v -0.106179 0.294529 -0.104872
v -0.149235 0.294529 -0.000924
v -0.145763 0.337533 -0.000924
v 0.149235 0.294529 0.000925
v 0.145763 0.337533 0.000925
v 0.103724 0.337533 0.102416
v 0.106179 0.294529 0.104872
v -0.000934 0.007842 0.338077
v -0.238395 0.007842 0.239717
v -0.230021 -0.019815 0.231343
v -0.000934 -0.019815 0.326234
v -0.102416 0.337533 0.103724
v -0.104872 0.294529 0.106179
v -0.000924 0.294529 0.149235
v -0.000924 0.337533 0.145763
v -0.000934 0.007842 -0.338077
v -0.000934 -0.019815 -0.326234
v -0.230021 -0.019815 -0.231343
v -0.238395 0.007842 -0.239717
v -0.000929 -0.299697 -0.117832
v -0.000929 -0.337767 -0.106645
v -0.074753 -0.337767 -0.076067
v -0.082663 -0.299697 -0.083977
v -0.000934 0.037355 0.326234
v -0.230021 0.037355 0.231343
v -0.238395 0.009699 0.239717
v -0.000934 0.009699 0.338077
v 0.230021 -0.019815 -0.231343
v 0.000935 -0.019815 -0.326234
v 0.000935 0.007842 -0.338077
v 0.238395 0.007842 -0.239717
v 0.102416 0.337533 -0.103724
v 0.104872 0.294529 -0.106179
v 0.000925 0.294529 -0.149235
v 0.000925 0.337533 -0.145763
v 0.338077 0.007842 -0.000934
v 0.326234 -0.019815 -0.000934
v 0.231343 -0.019815 -0.230021
v 0.239717 0.007842 -0.238395
v 0.117832 -0.299697 0.000930
v 0.083977 -0.299697 0.082663
v 0.076067 -0.337767 0.074753
v 0.106645 -0.337767 0.000930
v -0.326234 -0.019815 0.000935
v -0.231343 -0.019815 0.230021
v -0.239717 0.007842 0.238395
v -0.338077 0.007842 0.000935
v -0.102416 0.337533 -0.103724
v -0.000924 0.337533 -0.145763
v -0.000924 0.294529 -0.149235
v -0.104872 0.294529 -0.106179
v -0.231343 -0.019815 -0.230021
v -0.326234 -0.019815 -0.000934
v -0.338077 0.007842 -0.000934
v -0.239717 0.007842 -0.238395
v 0.103724 0.337533 -0.102416
v 0.145763 0.337533 -0.000924
v 0.149235 0.294529 -0.000924
v 0.106179 0.294529 -0.104872
v 0.231343 -0.019815 0.230021
v 0.326234 -0.019815 0.000935
v 0.338077 0.007842 0.000935
v 0.239717 0.007842 0.238395
v 0.000935 0.009699 0.338077
v 0.238395 0.009699 0.239717
v 0.230021 0.037355 0.231343
v 0.000935 0.037355 0.326234
v 0.000001 -0.021642 -0.267244
v -0.188970 -0.021642 -0.188970
v -0.267244 -0.021642 0.000001
v -0.188970 -0.021642 0.188970
v 0.000001 -0.021642 0.267244
v 0.188970 -0.021642 0.188970
v 0.266830 -0.021637 0.001000
v 0.323811 -0.021353 0.001000
v 0.229261 -0.021348 0.229261
v 0.000000 -0.021348 0.324225
v -0.229261 -0.021348 0.229261
v -0.324225 -0.021348 0.000000
v -0.229261 -0.021348 -0.229261
v 0.000000 -0.021348 -0.324225
v 0.229261 -0.021348 -0.229261
v 0.323811 -0.021353 -0.000999
v 0.266830 -0.021637 -0.000999
v 0.188970 -0.021642 -0.188970
v -0.117832 -0.299697 0.000930
v -0.106645 -0.337767 0.000929
v -0.076067 -0.337767 0.074753
v -0.083977 -0.299697 0.082663
v -0.239717 0.009699 -0.238395
v -0.338077 0.009699 -0.000934
v -0.326234 0.037355 -0.000934
v -0.231343 0.037355 -0.230021
v -0.103724 0.337533 0.102416
v -0.145763 0.337533 0.000925
v -0.149235 0.294529 0.000925
v -0.106179 0.294529 0.104872
v 0.117832 -0.299697 -0.000929
v 0.106645 -0.337767 -0.000929
v 0.076067 -0.337767 -0.074753
v 0.083977 -0.299697 -0.082663
v 0.000930 -0.299697 -0.117832
v 0.082663 -0.299697 -0.083977
v 0.074753 -0.337767 -0.076067
v 0.000930 -0.337767 -0.106645
v -0.231343 0.037355 0.230021
v -0.326234 0.037355 0.000935
v -0.338077 0.009699 0.000935
v -0.239717 0.009699 0.238395
v 0.230021 0.037355 -0.231343
v 0.238395 0.009699 -0.239717
v 0.000935 0.009699 -0.338077
v 0.000935 0.037355 -0.326234
v -0.000929 -0.299697 0.117832
v -0.082663 -0.299697 0.083977
v -0.074753 -0.337767 0.076067
v -0.000929 -0.337767 0.106645
v -0.230021 0.037355 -0.231343
v -0.000934 0.037355 -0.326234
v -0.000934 0.009699 -0.338077
v -0.238395 0.009699 -0.239717
vn 0.6844 -0.6635 -0.3021
vn 0.7565 0.6502 0.0707
vn -0.0003 0.6954 -0.7186
vn -0.0002 -0.1932 -0.9812
vn 0.0004 -0.6687 0.7435
vn 0.0004 0.1585 0.9874
vn -0.4847 0.6501 0.5852
vn -0.5081 0.6955 -0.5081
vn 0.6982 0.1585 0.6982
vn -0.6977 -0.6634 0.2706
vn -0.6938 -0.1932 -0.6938
vn 0.5258 -0.6687 0.5258
vn -0.7111 0.0037 0.7031
vn -0.0000 -0.0031 1.0000
vn -0.0003 -0.7361 0.6769
vn -0.4792 -0.7354 0.4790
vn -0.4758 0.7396 0.4761
vn 0.0003 0.7393 0.6733
vn 0.7071 -0.0028 0.7071
vn 0.4788 -0.7359 0.4788
vn 0.4763 0.7391 0.4763
vn 1.0000 -0.0031 -0.0000
vn 0.6768 -0.7361 -0.0003
vn 0.6733 0.7393 0.0003
vn 0.7071 -0.0027 -0.7071
vn 0.4788 -0.7359 -0.4788
vn 0.4763 0.7391 -0.4763
vn -0.0000 -0.0031 -1.0000
vn -0.0003 -0.7361 -0.6769
vn 0.0003 0.7393 -0.6733
vn -0.7071 -0.0019 -0.7071
vn -0.4793 -0.7354 -0.4790
vn -0.4758 0.7396 -0.4760
vn -0.8315 -0.0032 0.5556
vn -0.4066 -0.8746 0.2642
vn -0.3959 0.8771 0.2720
vn 0.5541 -0.0086 0.8324
vn 0.3501 -0.7694 0.5342
vn 0.3624 0.7652 0.5321
vn 0.7071 0.0041 0.7071
vn 0.4810 -0.7329 0.4812
vn 0.4845 0.7286 0.4842
vn -0.0011 0.0054 1.0000
vn -0.0006 -0.7321 0.6812
vn 0.0006 0.7288 0.6847
vn -0.7071 0.0048 0.7071
vn -0.4815 -0.7324 0.4815
vn -0.4840 0.7291 0.4839
vn -1.0000 0.0054 -0.0011
vn -0.6812 -0.7321 -0.0006
vn -0.6847 0.7288 0.0006
vn -0.7071 0.0049 -0.7071
vn -0.4815 -0.7323 -0.4815
vn -0.4839 0.7291 -0.4839
vn -0.0011 0.0054 -1.0000
vn -0.0006 -0.7321 -0.6812
vn 0.0006 0.7288 -0.6847
vn 0.7071 0.0041 -0.7071
vn 0.4810 -0.7328 -0.4813
vn 0.4844 0.7286 -0.4842
vn 0.5555 -0.0084 -0.8315
vn 0.3496 -0.7697 -0.5341
vn 0.3622 0.7659 -0.5313
vn -0.8315 -0.0027 -0.5556
vn -0.4061 -0.8747 -0.2646
vn -0.3957 0.8774 -0.2712
vn -0.3261 0.8562 0.4007
vn -0.2304 -0.6868 0.6894
vn -0.8248 -0.5573 0.0954
vn -0.9893 -0.0003 -0.1460
vn 0.9220 0.0006 0.3871
vn 0.9083 0.0466 0.4158
vn 0.3243 -0.6866 -0.6507
vn -0.5159 -0.5571 -0.6508
vn 0.9361 0.0468 0.3487
vn 0.0350 0.5771 -0.8159
vn -0.8030 -0.0003 -0.5960
vn 0.9255 0.0006 0.3788
vn -0.0008 -0.0003 -1.0000
vn 0.7071 0.0008 -0.7071
vn 0.4794 0.7345 -0.4802
vn -0.0004 0.7347 -0.6784
vn 0.0004 -0.7350 -0.6781
vn 0.4802 -0.7346 -0.4794
vn 1.0000 0.0007 -0.0007
vn 0.6787 0.7344 -0.0004
vn 0.6790 -0.7341 0.0004
vn 0.7071 -0.0004 0.7071
vn 0.4800 0.7343 0.4800
vn 0.4803 -0.7339 0.4803
vn -0.0007 0.0007 1.0000
vn -0.0004 0.7344 0.6787
vn 0.0004 -0.7341 0.6790
vn -0.7071 0.0008 0.7071
vn -0.4802 0.7345 0.4794
vn -0.4794 -0.7345 0.4802
vn -1.0000 0.0005 -0.0000
vn -0.6784 0.7347 -0.0004
vn -0.6781 -0.7350 0.0004
vn -0.7071 0.0004 -0.7071
vn -0.4797 0.7347 -0.4797
vn -0.4794 -0.7351 -0.4794
vn 0.5769 -0.3795 0.7233
vn -0.2312 -0.6864 -0.6895
vn -0.8252 -0.5568 -0.0952
vn -0.5160 -0.5570 0.6508
vn 0.9361 0.0468 -0.3487
vn 0.9087 0.0471 -0.4148
vn -0.5525 0.5767 -0.6018
vn -0.9892 -0.0003 0.1468
vn 0.9225 0.0006 -0.3860
vn 0.0351 0.5770 0.8160
vn -0.8030 -0.0003 0.5960
vn 0.9255 0.0006 -0.3788
vn 0.3019 -0.6630 -0.6850
vn -0.2706 -0.6633 0.6977
vn 0.6938 -0.1932 0.6938
vn 0.9812 -0.1932 -0.0003
vn -0.7435 -0.6688 0.0005
vn -0.5258 -0.6686 -0.5258
vn -0.5852 0.6501 0.4847
vn 0.5081 0.6955 0.5081
vn -0.6982 0.1585 -0.6982
vn -0.0712 0.6500 -0.7566
vn 0.7185 0.6955 -0.0001
vn -0.9874 0.1585 -0.0000
vn -0.5611 -0.6776 0.4755
vn 0.7329 -0.6776 -0.0612
vn -0.0003 -0.5361 -0.8442
vn -0.5968 -0.5362 -0.5968
vn 0.6601 -0.3584 0.6601
vn 0.0006 -0.3584 0.9336
vn 0.7124 0.6815 -0.1673
vn -0.0004 0.3930 -0.9195
vn 0.0006 0.5041 0.8637
vn -0.6217 0.6815 0.3860
vn -0.6502 0.3930 -0.6502
vn 0.6108 0.5040 0.6107
vn 0.9192 0.3800 -0.1033
vn -0.6506 0.6867 0.3243
vn -0.6507 0.5570 -0.5160
vn 0.0953 0.5572 -0.8249
vn 0.4157 -0.0466 0.9083
vn 0.3488 -0.0468 0.9360
vn -0.8155 -0.5777 0.0350
vn -0.5960 -0.0003 -0.8030
vn 0.3788 0.0006 0.9255
vn 0.6013 -0.5780 -0.5517
vn -0.1460 -0.0003 -0.9893
vn 0.3871 0.0006 0.9220
vn -0.4755 -0.6775 0.5611
vn -0.3861 0.6815 0.6217
vn 0.6502 0.3929 0.6502
vn 0.5969 -0.5362 0.5969
vn -0.6601 -0.3583 -0.6602
vn -0.6108 0.5039 -0.6108
vn 0.1668 0.6812 -0.7128
vn 0.9195 0.3930 -0.0004
vn -0.8637 0.5041 0.0006
vn 0.0608 -0.6774 -0.7331
vn 0.8442 -0.5361 -0.0003
vn -0.9336 -0.3584 0.0006
vn -0.1333 0.9163 0.3777
vn -0.4577 -0.5861 0.6686
vn -0.9667 -0.2503 0.0526
vn -0.9951 0.0894 0.0414
vn 0.8385 0.3913 0.3792
vn 0.8851 -0.2478 0.3940
vn 0.4755 -0.6776 -0.5611
vn 0.3860 0.6815 -0.6217
vn -0.8674 -0.3800 -0.3212
vn 0.8156 -0.5776 0.0351
vn 0.5960 -0.0003 -0.8030
vn 0.1468 -0.0003 -0.9892
vn -0.3860 0.0006 0.9225
vn -0.3788 0.0006 0.9255
vn 0.6507 0.6866 0.3243
vn 0.6507 0.5570 -0.5160
vn -0.3488 -0.0469 0.9360
vn -0.6895 0.6865 -0.2311
vn -0.0951 0.5568 -0.8252
vn -0.4147 -0.0471 0.9087
vn 0.5611 -0.6775 0.4755
vn 0.6217 0.6815 0.3861
vn 0.6502 0.3930 -0.6502
vn 0.5968 -0.5362 -0.5969
vn -0.6601 -0.3584 0.6602
vn -0.6108 0.5039 0.6108
vn -0.7128 0.6812 -0.1668
vn -0.7331 -0.6774 -0.0608
vn -0.4000 -0.8566 0.3258
vn -0.6895 0.6865 0.2312
vn -0.0951 0.5568 0.8252
vn 0.1468 -0.0003 0.9892
vn -0.3860 0.0006 -0.9225
vn -0.4147 -0.0471 -0.9087
vn 0.6507 0.6866 -0.3243
vn 0.6508 0.5570 0.5160
vn -0.3488 -0.0468 -0.9360
vn 0.8156 -0.5776 -0.0351
vn 0.5960 -0.0003 0.8030
vn -0.3788 0.0006 -0.9255
vn -0.6844 -0.6636 0.3019
vn -0.7566 0.6500 -0.0708
vn -0.0004 0.6954 0.7186
vn -0.0004 -0.1932 0.9812
vn 0.0006 -0.6688 -0.7435
vn 0.0008 0.1585 -0.9874
vn 0.4847 0.6500 -0.5853
vn 0.6977 -0.6633 -0.2706
vn -0.9196 -0.3790 -0.1037
vn 0.6507 -0.6866 0.3244
vn 0.6508 -0.5570 -0.5160
vn -0.0952 -0.5568 -0.8252
vn -0.4148 0.0471 0.9087
vn -0.3487 0.0468 0.9361
vn 0.8160 0.5770 0.0351
vn -0.6019 0.5767 -0.5524
vn -0.7233 0.3795 -0.5769
vn 0.6893 0.6869 0.2304
vn 0.0953 0.5573 0.8249
vn -0.6507 0.5570 0.5160
vn 0.3488 -0.0468 -0.9360
vn 0.4157 -0.0467 -0.9083
vn 0.6013 -0.5780 0.5517
vn -0.1460 -0.0003 0.9893
vn 0.3871 0.0006 -0.9220
vn -0.8155 -0.5777 -0.0350
vn -0.5960 -0.0003 0.8030
vn 0.3788 0.0006 -0.9255
vn -0.5611 -0.6776 -0.4755
vn -0.6217 0.6815 -0.3860
vn -0.6502 0.3930 0.6502
vn -0.5969 -0.5362 0.5968
vn 0.6601 -0.3584 -0.6601
vn 0.6108 0.5039 -0.6108
vn 0.7124 0.6815 0.1673
vn -0.0004 0.3930 0.9195
vn 0.0006 0.5041 -0.8637
vn 0.7329 -0.6776 0.0612
vn -0.0003 -0.5361 0.8442
vn 0.0006 -0.3584 -0.9336
vn -0.3259 -0.8566 -0.4000
vn -0.2312 0.6865 -0.6895
vn -0.8252 0.5568 -0.0951
vn 0.9087 -0.0471 -0.4148
vn 0.3243 0.6866 0.6507
vn -0.5160 0.5570 0.6507
vn 0.9360 -0.0468 -0.3488
vn 0.0351 -0.5776 0.8156
vn -0.3699 -0.3227 0.8712
vn 0.2706 -0.6634 -0.6977
vn -0.9930 0.1102 0.0422
vn 0.7436 -0.5629 0.3609
vn 0.5852 0.6501 -0.4847
vn -0.3241 0.6496 0.6877
vn -0.8889 0.4505 0.0829
vn 0.9085 0.0619 0.4134
vn 0.1033 0.3800 0.9192
vn -0.3243 0.6867 -0.6506
vn 0.5160 0.5570 -0.6507
vn 0.8249 0.5573 0.0953
vn -0.9083 -0.0466 0.4157
vn -0.9360 -0.0468 0.3488
vn -0.0350 -0.5776 -0.8155
vn 0.8030 -0.0003 -0.5960
vn -0.9255 0.0006 0.3788
vn 0.5517 -0.5779 0.6013
vn 0.9893 -0.0003 -0.1460
vn -0.9220 0.0006 0.3871
vn 0.5611 -0.6775 -0.4755
vn -0.7331 -0.6774 0.0608
vn -0.7128 0.6812 0.1668
vn 0.6217 0.6815 -0.3861
vn -0.5769 0.3795 0.7233
vn 0.2311 0.6865 -0.6894
vn 0.8252 0.5568 -0.0951
vn 0.5160 0.5570 0.6507
vn -0.9360 -0.0468 -0.3488
vn -0.9087 -0.0471 -0.4147
vn 0.5522 -0.5772 -0.6016
vn 0.9892 -0.0003 0.1468
vn -0.9225 0.0006 -0.3860
vn -0.0351 -0.5776 0.8156
vn 0.8030 -0.0003 0.5960
vn -0.9255 0.0006 -0.3788
vn 0.4755 -0.6775 0.5611
vn -0.4582 -0.5854 -0.6689
vn -0.9669 -0.2497 -0.0524
vn 0.8856 -0.2475 -0.3930
vn -0.5428 0.5255 -0.6552
vn -0.9952 0.0888 -0.0413
vn 0.8390 0.3911 -0.3783
vn 0.3861 0.6815 0.6217
vn 0.5769 0.3795 -0.7233
vn -0.2304 0.6869 0.6893
vn -0.8249 0.5573 0.0953
vn -0.5160 0.5570 -0.6507
vn 0.9360 -0.0468 0.3488
vn 0.9083 -0.0467 0.4158
vn -0.5517 -0.5780 0.6013
vn 0.0350 -0.5776 -0.8155
vn 0.8670 0.3807 -0.3214
vn -0.8159 0.5771 0.0350
vn -0.6507 -0.6866 0.3243
vn -0.6508 -0.5571 -0.5159
vn 0.3487 0.0468 0.9361
vn 0.6894 -0.6868 -0.2304
vn 0.0954 -0.5573 -0.8248
vn 0.4158 0.0467 0.9083
vn 0.0074 0.0009 -1.0000
vn -0.7071 -0.0049 -0.7071
vn -0.4815 0.7323 -0.4815
vn -0.0006 0.7321 -0.6812
vn 0.0006 -0.7288 -0.6847
vn -0.4839 -0.7291 -0.4839
vn -1.0000 -0.0054 -0.0011
vn -0.6812 0.7321 -0.0006
vn -0.6847 -0.7288 0.0006
vn -0.7071 -0.0048 0.7071
vn -0.4815 0.7324 0.4815
vn -0.4840 -0.7291 0.4839
vn -0.0011 -0.0054 1.0000
vn -0.0006 0.7321 0.6812
vn 0.0006 -0.7288 0.6847
vn 0.7071 -0.0041 0.7071
vn 0.4810 0.7329 0.4812
vn 0.4845 -0.7286 0.4842
vn 0.5541 0.0086 0.8324
vn 0.3501 0.7694 0.5342
vn 0.3624 -0.7652 0.5321
vn -0.8315 0.0032 0.5556
vn -0.4066 0.8746 0.2642
vn -0.3959 -0.8771 0.2720
vn -0.7071 0.0019 -0.7071
vn -0.4793 0.7354 -0.4790
vn -0.4758 -0.7396 -0.4760
vn -0.0000 0.0031 -1.0000
vn -0.0003 0.7361 -0.6769
vn 0.0003 -0.7393 -0.6733
vn 0.7071 0.0027 -0.7071
vn 0.4788 0.7359 -0.4788
vn 0.4763 -0.7391 -0.4763
vn 1.0000 0.0031 -0.0000
vn 0.6768 0.7361 -0.0003
vn 0.6733 -0.7393 0.0003
vn 0.7071 0.0028 0.7071
vn 0.4788 0.7359 0.4788
vn 0.4763 -0.7391 0.4763
vn -0.0000 0.0031 1.0000
vn -0.0003 0.7361 0.6769
vn 0.0003 -0.7393 0.6733
vn -0.7071 0.0020 0.7071
vn -0.4792 0.7354 0.4790
vn -0.4758 -0.7396 0.4761
vn -0.8315 0.0027 -0.5556
vn -0.4061 0.8747 -0.2646
vn -0.3957 -0.8774 -0.2712
vn 0.5555 0.0084 -0.8315
vn 0.3496 0.7697 -0.5341
vn 0.3623 -0.7659 -0.5312
vn 0.7071 -0.0041 -0.7071
vn 0.4810 0.7328 -0.4813
vn 0.4844 -0.7286 -0.4842
vn 0.3021 -0.6637 0.6843
vn -0.0710 0.6501 0.7565
vn -0.5852 0.6501 -0.4847
vn 0.5081 0.6955 -0.5081
vn -0.6982 0.1585 0.6982
vn -0.2706 -0.6634 -0.6977
vn 0.6938 -0.1932 -0.6938
vn -0.5258 -0.6687 0.5258
vn -0.3860 0.3803 0.8405
vn 0.5525 0.5767 -0.6019
vn 0.2312 -0.6864 -0.6895
vn 0.8252 -0.5568 -0.0952
vn -0.9087 0.0471 -0.4148
vn -0.3244 -0.6866 0.6507
vn 0.5160 -0.5570 0.6508
vn -0.9361 0.0468 -0.3487
vn -0.4755 -0.6776 -0.5611
vn 0.0612 -0.6776 0.7329
vn 0.1673 0.6815 0.7124
vn -0.3860 0.6815 -0.6217
vn -0.3142 -0.8806 -0.3548
vn -0.3248 0.6491 -0.6879
vn -0.8892 0.4500 -0.0827
vn -0.9929 0.1108 -0.0421
vn 0.7441 -0.5628 -0.3600
vn 0.9089 0.0615 -0.4124
vn 0.5852 0.6500 0.4847
vn -0.5081 0.6955 0.5081
vn 0.6982 0.1585 -0.6982
vn 0.2706 -0.6633 0.6977
vn -0.6938 -0.1932 0.6938
vn 0.5258 -0.6687 -0.5258
vn 0.6849 -0.6630 0.3024
vn -0.6977 -0.6634 -0.2706
vn -0.4847 0.6501 -0.5852
vn 0.7565 0.6502 -0.0703
vn -0.5769 -0.3795 -0.7233
vn 0.2304 -0.6868 0.6893
vn 0.8248 -0.5573 0.0954
vn 0.5159 -0.5571 -0.6508
vn -0.9361 0.0468 0.3487
vn -0.9083 0.0467 0.4158
vn 0.5520 0.5774 0.6016
vn -0.0350 0.5771 -0.8159
vn -0.1293 -0.8385 -0.5293
vn -0.8159 0.5771 -0.0350
vn -0.6508 -0.5570 0.5159
vn 0.3487 0.0468 -0.9361
vn 0.6016 0.5774 0.5520
vn 0.6894 -0.6868 0.2304
vn 0.0954 -0.5573 0.8248
vn 0.4158 0.0466 -0.9083
vn -0.6849 -0.6631 -0.3019
vn 0.6977 -0.6633 0.2706
vn 0.4847 0.6500 0.5852
vn -0.7566 0.6500 0.0709
vn 0.7233 -0.3795 -0.5769
vn -0.6895 -0.6864 0.2311
vn -0.0952 -0.5568 0.8252
vn 0.6508 -0.5570 0.5160
vn -0.3487 0.0469 -0.9361
vn -0.4148 0.0471 -0.9087
vn -0.6019 0.5767 0.5524
vn 0.8160 0.5770 -0.0351
vt 0.750000 0.125000
vt 0.875000 0.125000
vt 0.125000 0.562500
vt 0.250000 0.562500
vt 0.375000 0.562500
vt 0.500000 0.562500
vt 0.625000 0.562500
vt 0.750000 0.562500
vt 0.875000 0.562500
vt 1.000000 0.562500
vt 0.000000 0.562500
vt 1.000000 0.500000
vt 0.875000 0.500000
vt 0.625000 0.125000
vt 0.500000 0.125000
vt 0.375000 0.125000
vt 0.250000 0.125000
vt 0.125000 0.125000
vt 0.000000 0.125000
vt 0.000000 0.500000
vt 0.125000 0.500000
vt 0.875000 0.835911
vt 0.750000 0.835911
vt 0.750000 0.437500
vt 0.875000 0.437500
vt 0.750000 0.500000
vt 0.375000 0.835911
vt 0.500000 0.835911
vt 1.000000 0.835911
vt 0.625000 0.500000
vt 0.625000 0.437500
vt 0.625000 0.835911
vt 0.250000 0.500000
vt 0.250000 0.437500
vt 0.375000 0.437500
vt 0.375000 0.500000
vt 0.125000 0.437500
vt 0.125000 0.835911
vt 0.250000 0.835911
vt 0.000000 0.437500
vt 1.000000 0.125000
vt 0.500000 0.437500
vt 0.500000 0.500000
vt 0.000000 0.835911
vt 1.000000 0.437500
s 1
f 1149/109/899 1150/109/900 969/109/901 967/109/902
f 1150/109/900 1149/109/899 968/109/903 970/109/904
f 1150/109/900 1151/110/905 959/110/906 969/109/901
f 1151/110/905 1150/109/900 970/109/904 960/110/907
f 1151/110/905 1152/110/908 965/110/909 959/110/906
f 1152/110/908 1151/110/905 960/110/907 966/110/910
f 1152/110/908 1149/109/899 967/109/902 965/110/909
f 1149/109/899 1152/110/908 966/110/910 968/109/903
f 1153/111/911 1154/112/912 1101/112/913 1107/111/914
f 1154/112/912 1153/111/911 1108/111/915 1102/112/916
f 1154/112/912 1155/113/917 1099/113/918 1101/112/913
f 1155/113/917 1154/112/912 1102/112/916 1100/113/919
f 1155/113/917 1156/114/920 1093/114/921 1099/113/918
f 1156/114/920 1155/113/917 1100/113/919 1094/114/922
f 1156/114/920 1157/115/923 1091/115/924 1093/114/921
f 1157/115/923 1156/114/920 1094/114/922 1092/115/925
f 1157/115/923 1158/116/926 1077/116/927 1091/115/924
f 1158/116/926 1157/115/923 1092/115/925 1078/116/928
f 1158/116/926 1159/117/929 1085/117/930 1077/116/927
f 1159/117/929 1158/116/926 1078/116/928 1086/117/931
f 1159/117/929 1160/118/932 1087/118/933 1085/117/930
f 1160/118/932 1159/117/929 1086/117/931 1088/118/934
f 1160/118/932 1161/118/935 1089/118/936 1087/118/933
f 1161/118/935 1160/118/932 1088/118/934 1090/118/937
f 1161/118/935 1162/117/938 1079/117/939 1089/118/936
f 1162/117/938 1161/118/935 1090/118/937 1080/117/940
f 1162/117/938 1163/116/941 1081/116/942 1079/117/939
f 1163/116/941 1162/117/938 1080/117/940 1082/116/943
f 1163/116/941 1164/115/944 1083/115/945 1081/116/942
f 1164/115/944 1163/116/941 1082/116/943 1084/115/946
f 1164/115/944 1165/114/947 1095/114/948 1083/115/945
f 1165/114/947 1164/115/944 1084/115/946 1096/114/949
f 1165/114/947 1166/113/950 1097/113/951 1095/114/948
f 1166/113/950 1165/114/947 1096/114/949 1098/113/952
f 1166/113/950 1167/112/953 1103/112/954 1097/113/951
f 1167/112/953 1166/113/950 1098/113/952 1104/112/955
f 1167/112/953 1168/111/956 1105/111/957 1103/112/954
f 1168/111/956 1167/112/953 1104/112/955 1106/111/958
f 1168/111/956 1169/119/959 1111/119/960 1105/111/957
f 1169/119/959 1168/111/956 1106/111/958 1112/119/961
f 1169/119/959 1170/119/962 1109/119/963 1111/119/960
f 1170/119/962 1169/119/959 1112/119/961 1110/119/964
f 1170/119/962 1153/111/911 1107/111/914 1109/119/963
f 1153/111/911 1170/119/962 1110/119/964 1108/111/915
f 1171/120/965 1172/118/966 1047/118/967 1041/120/968
f 1172/118/966 1171/120/965 1042/120/969 1048/118/970
f 1172/118/966 1173/117/971 1045/117/972 1047/118/967
f 1173/117/971 1172/118/966 1048/118/970 1046/117/973
f 1173/117/971 1174/121/974 1011/121/975 1045/117/972
f 1174/121/974 1173/117/971 1046/117/973 1012/121/976
f 1174/121/974 1171/120/965 1041/120/968 1011/121/975
f 1171/120/965 1174/121/974 1012/121/976 1042/120/969
f 1175/109/977 1176/122/978 955/122/979 953/109/980
f 1176/122/978 1175/109/977 954/109/981 956/122/982
f 1176/122/978 1177/123/983 945/123/984 955/122/979
f 1177/123/983 1176/122/978 956/122/982 946/123/985
f 1177/123/983 1178/124/986 949/124/987 945/123/984
f 1178/124/986 1177/123/983 946/123/985 950/124/988
f 1178/124/986 1179/125/989 947/125/990 949/124/987
f 1179/125/989 1178/124/986 950/124/988 948/125/991
f 1179/125/989 1180/126/992 951/126/993 947/125/990
f 1180/126/992 1179/125/989 948/125/991 952/126/994
f 1180/126/992 1181/127/995 943/127/996 951/126/993
f 1181/127/995 1180/126/992 952/126/994 944/127/997
f 1181/127/995 1182/110/998 957/110/999 943/127/996
f 1182/110/998 1181/127/995 944/127/997 958/110/1000
f 1182/110/998 1175/109/977 953/109/980 957/110/999
f 1175/109/977 1182/110/998 958/110/1000 954/109/981
f 1183/111/1001 1184/119/1002 1033/119/1003 1029/111/1004
f 1184/119/1002 1183/111/1001 1030/111/1005 1034/119/1006
f 1184/119/1002 1185/128/1007 1031/128/1008 1033/119/1003
f 1185/128/1007 1184/119/1002 1034/119/1006 1032/128/1009
f 1185/128/1007 1186/129/1010 1023/129/1011 1031/128/1008
f 1186/129/1010 1185/128/1007 1032/128/1009 1024/129/1012
f 1186/129/1010 1183/111/1001 1029/111/1004 1023/129/1011
f 1183/111/1001 1186/129/1010 1024/129/1012 1030/111/1005
f 1187/123/1013 1188/124/1014 981/124/1015 975/123/1016
f 1188/124/1014 1187/123/1013 976/123/1017 982/124/1018
f 1188/124/1014 1189/124/1019 979/124/1020 981/124/1015
f 1189/124/1019 1188/124/1014 982/124/1018 980/124/1021
f 1189/124/1019 1190/123/1022 977/123/1023 979/124/1020
f 1190/123/1022 1189/124/1019 980/124/1021 978/123/1024
f 1190/123/1022 1187/123/1013 975/123/1016 977/123/1023
f 1187/123/1013 1190/123/1022 978/123/1024 976/123/1017
f 1191/130/1025 1192/131/1026 917/131/1027 909/130/1028
f 1192/131/1026 1191/130/1025 910/130/1029 918/131/1030
f 1192/131/1026 1193/131/1031 915/131/1032 917/131/1027
f 1193/131/1031 1192/131/1026 918/131/1030 916/131/1033
f 1193/131/1031 1194/130/1034 911/130/1035 915/131/1032
f 1194/130/1034 1193/131/1031 916/131/1033 912/130/1036
f 1194/130/1034 1191/130/1025 909/130/1028 911/130/1035
f 1191/130/1025 1194/130/1034 912/130/1036 910/130/1029
f 1195/132/1037 1196/133/1038 1013/133/1039 1015/132/1040
f 1196/133/1038 1195/132/1037 1016/132/1041 1014/133/1042
f 1196/133/1038 1197/121/1043 1011/121/1044 1013/133/1039
f 1197/121/1043 1196/133/1038 1014/133/1042 1012/121/1045
f 1197/121/1043 1198/134/1046 995/134/1047 1011/121/1044
f 1198/134/1046 1197/121/1043 1012/121/1045 996/134/1048
f 1198/134/1046 1195/132/1037 1015/132/1040 995/134/1047
f 1195/132/1037 1198/134/1046 996/134/1048 1016/132/1041
f 1199/135/1049 1200/135/1050 929/135/1051 927/135/1052
f 1200/135/1050 1199/135/1049 928/135/1053 930/135/1054
f 1200/135/1050 1201/136/1055 923/136/1056 929/135/1051
f 1201/136/1055 1200/135/1050 930/135/1054 924/136/1057
f 1201/136/1055 1202/136/1058 925/136/1059 923/136/1056
f 1202/136/1058 1201/136/1055 924/136/1057 926/136/1060
f 1202/136/1058 1199/135/1049 927/135/1052 925/136/1059
f 1199/135/1049 1202/136/1058 926/136/1060 928/135/1053
f 1203/137/1061 1204/137/1062 913/137/1063 907/137/1064
f 1204/137/1062 1203/137/1061 908/137/1065 914/137/1066
f 1204/137/1062 1205/130/1067 909/130/1028 913/137/1063
f 1205/130/1067 1204/137/1062 914/137/1066 910/130/1029
f 1205/130/1067 1206/130/1068 911/130/1035 909/130/1028
f 1206/130/1068 1205/130/1067 910/130/1029 912/130/1036
f 1206/130/1068 1203/137/1061 907/137/1064 911/130/1035
f 1203/137/1061 1206/130/1068 912/130/1036 908/137/1065
f 1207/134/1069 1208/138/1070 1001/138/1071 995/134/1072
f 1208/138/1070 1207/134/1069 996/134/1073 1002/138/1074
f 1208/138/1070 1209/139/1075 997/139/1076 1001/138/1071
f 1209/139/1075 1208/138/1070 1002/138/1074 998/139/1077
f 1209/139/1075 1210/132/1078 999/132/1079 997/139/1076
f 1210/132/1078 1209/139/1075 998/139/1077 1000/132/1080
f 1210/132/1078 1207/134/1069 995/134/1072 999/132/1079
f 1207/134/1069 1210/132/1078 1000/132/1080 996/134/1073
f 1211/140/1081 1212/140/1082 921/140/1083 919/140/1084
f 1212/140/1082 1211/140/1081 920/140/1085 922/140/1086
f 1212/140/1082 1213/131/1087 915/131/1032 921/140/1083
f 1213/131/1087 1212/140/1082 922/140/1086 916/131/1033
f 1213/131/1087 1214/131/1088 917/131/1027 915/131/1032
f 1214/131/1088 1213/131/1087 916/131/1033 918/131/1030
f 1214/131/1088 1211/140/1081 919/140/1084 917/131/1027
f 1211/140/1081 1214/131/1088 918/131/1030 920/140/1085
f 1215/141/1089 1216/142/1090 1075/142/1091 1019/141/1092
f 1216/142/1090 1215/141/1089 1020/141/1093 1076/142/1094
f 1216/142/1090 1217/143/1095 1073/143/1096 1075/142/1091
f 1217/143/1095 1216/142/1090 1076/142/1094 1074/143/1097
f 1217/143/1095 1218/144/1098 1063/144/1099 1073/143/1096
f 1218/144/1098 1217/143/1095 1074/143/1097 1064/144/1100
f 1218/144/1098 1215/141/1089 1019/141/1092 1063/144/1099
f 1215/141/1089 1218/144/1098 1064/144/1100 1020/141/1093
f 1219/125/1101 1220/125/1102 985/125/1103 983/125/1104
f 1220/125/1102 1219/125/1101 984/125/1105 986/125/1106
f 1220/125/1102 1221/124/1107 979/124/1020 985/125/1103
f 1221/124/1107 1220/125/1102 986/125/1106 980/124/1021
f 1221/124/1107 1222/124/1108 981/124/1015 979/124/1020
f 1222/124/1108 1221/124/1107 980/124/1021 982/124/1018
f 1222/124/1108 1219/125/1101 983/125/1104 981/124/1015
f 1219/125/1101 1222/124/1108 982/124/1018 984/125/1105
f 1223/116/1109 1224/115/1110 1003/115/1111 1005/116/1112
f 1224/115/1110 1223/116/1109 1006/116/1113 1004/115/1114
f 1224/115/1110 1225/138/1115 1001/138/1071 1003/115/1111
f 1225/138/1115 1224/115/1110 1004/115/1114 1002/138/1074
f 1225/138/1115 1226/134/1116 995/134/1072 1001/138/1071
f 1226/134/1116 1225/138/1115 1002/138/1074 996/134/1073
f 1226/134/1116 1223/116/1109 1005/116/1112 995/134/1072
f 1223/116/1109 1226/134/1116 996/134/1073 1006/116/1113
f 1227/145/1117 1228/142/1118 1027/142/1119 1025/145/1120
f 1228/142/1118 1227/145/1117 1026/145/1121 1028/142/1122
f 1228/142/1118 1229/141/1123 1019/141/1124 1027/142/1119
f 1229/141/1123 1228/142/1118 1028/142/1122 1020/141/1125
f 1229/141/1123 1230/129/1126 1023/129/1127 1019/141/1124
f 1230/129/1126 1229/141/1123 1020/141/1125 1024/129/1128
f 1230/129/1126 1227/145/1117 1025/145/1120 1023/129/1127
f 1227/145/1117 1230/129/1126 1024/129/1128 1026/145/1121
f 1231/146/1129 1232/146/1130 937/146/1131 935/146/1132
f 1232/146/1130 1231/146/1129 936/146/1133 938/146/1134
f 1232/146/1130 1233/147/1135 931/147/1136 937/146/1131
f 1233/147/1135 1232/146/1130 938/146/1134 932/147/1137
f 1233/147/1135 1234/147/1138 933/147/1139 931/147/1136
f 1234/147/1138 1233/147/1135 932/147/1137 934/147/1140
f 1234/147/1138 1231/146/1129 935/146/1132 933/147/1139
f 1231/146/1129 1234/147/1138 934/147/1140 936/146/1133
f 1235/128/1141 1236/148/1142 1037/148/1143 1031/128/1008
f 1236/148/1142 1235/128/1141 1032/128/1009 1038/148/1144
f 1236/148/1142 1237/145/1145 1035/145/1146 1037/148/1143
f 1237/145/1145 1236/148/1142 1038/148/1144 1036/145/1147
f 1237/145/1145 1238/129/1148 1023/129/1011 1035/145/1146
f 1238/129/1148 1237/145/1145 1036/145/1147 1024/129/1012
f 1238/129/1148 1235/128/1141 1031/128/1008 1023/129/1011
f 1235/128/1141 1238/129/1148 1024/129/1012 1032/128/1009
f 1239/149/1149 1240/110/1150 965/110/909 963/149/1151
f 1240/110/1150 1239/149/1149 964/149/1152 966/110/910
f 1240/110/1150 1241/110/1153 959/110/906 965/110/909
f 1241/110/1153 1240/110/1150 966/110/910 960/110/907
f 1241/110/1153 1242/149/1154 961/149/1155 959/110/906
f 1242/149/1154 1241/110/1153 960/110/907 962/149/1156
f 1242/149/1154 1239/149/1149 963/149/1151 961/149/1155
f 1239/149/1149 1242/149/1154 962/149/1156 964/149/1152
f 1243/150/1157 1244/139/1158 1055/139/1159 1057/150/1160
f 1244/139/1158 1243/150/1157 1058/150/1161 1056/139/1162
f 1244/139/1158 1245/138/1163 1001/138/1164 1055/139/1159
f 1245/138/1163 1244/139/1158 1056/139/1162 1002/138/1165
f 1245/138/1163 1246/151/1166 1051/151/1167 1001/138/1164
f 1246/151/1166 1245/138/1163 1002/138/1165 1052/151/1168
f 1246/151/1166 1243/150/1157 1057/150/1160 1051/151/1167
f 1243/150/1157 1246/151/1166 1052/151/1168 1058/150/1161
f 1247/135/1169 1248/147/1170 933/147/1139 927/135/1052
f 1248/147/1170 1247/135/1169 928/135/1053 934/147/1140
f 1248/147/1170 1249/147/1171 931/147/1136 933/147/1139
f 1249/147/1171 1248/147/1170 934/147/1140 932/147/1137
f 1249/147/1171 1250/135/1172 929/135/1051 931/147/1136
f 1250/135/1172 1249/147/1171 932/147/1137 930/135/1054
f 1250/135/1172 1247/135/1169 927/135/1052 929/135/1051
f 1247/135/1169 1250/135/1172 930/135/1054 928/135/1053
f 1251/143/1173 1252/150/1174 1067/150/1175 1065/143/1176
f 1252/150/1174 1251/143/1173 1066/143/1177 1068/150/1178
f 1252/150/1174 1253/151/1179 1051/151/1180 1067/150/1175
f 1253/151/1179 1252/150/1174 1068/150/1178 1052/151/1181
f 1253/151/1179 1254/144/1182 1063/144/1183 1051/151/1180
f 1254/144/1182 1253/151/1179 1052/151/1181 1064/144/1184
f 1254/144/1182 1251/143/1173 1065/143/1176 1063/144/1183
f 1251/143/1173 1254/144/1182 1064/144/1184 1066/143/1177
f 1255/146/1185 1256/152/1186 941/152/1187 935/146/1132
f 1256/152/1186 1255/146/1185 936/146/1133 942/152/1188
f 1256/152/1186 1257/152/1189 939/152/1190 941/152/1187
f 1257/152/1189 1256/152/1186 942/152/1188 940/152/1191
f 1257/152/1189 1258/146/1192 937/146/1131 939/152/1190
f 1258/146/1192 1257/152/1189 940/152/1191 938/146/1134
f 1258/146/1192 1255/146/1185 935/146/1132 937/146/1131
f 1255/146/1185 1258/146/1192 938/146/1134 936/146/1133
f 1259/133/1193 1260/153/1194 1043/153/1195 1039/133/1196
f 1260/153/1194 1259/133/1193 1040/133/1197 1044/153/1198
f 1260/153/1194 1261/120/1199 1041/120/968 1043/153/1195
f 1261/120/1199 1260/153/1194 1044/153/1198 1042/120/969
f 1261/120/1199 1262/121/1200 1011/121/975 1041/120/968
f 1262/121/1200 1261/120/1199 1042/120/969 1012/121/976
f 1262/121/1200 1259/133/1193 1039/133/1196 1011/121/975
f 1259/133/1193 1262/121/1200 1012/121/976 1040/133/1197
f 1263/134/1201 1264/121/1202 1011/121/1044 995/134/1047
f 1264/121/1202 1263/134/1201 996/134/1048 1012/121/1045
f 1264/121/1202 1265/117/1203 1007/117/1204 1011/121/1044
f 1265/117/1203 1264/121/1202 1012/121/1045 1008/117/1205
f 1265/117/1203 1266/116/1206 1009/116/1207 1007/117/1204
f 1266/116/1206 1265/117/1203 1008/117/1205 1010/116/1208
f 1266/116/1206 1263/134/1201 995/134/1047 1009/116/1207
f 1263/134/1201 1266/116/1206 1010/116/1208 996/134/1048
f 1267/142/1209 1268/143/1210 1133/143/1211 1139/142/1212
f 1268/143/1210 1267/142/1209 1140/142/1213 1134/143/1214
f 1268/143/1210 1269/150/1215 1131/150/1216 1133/143/1211
f 1269/150/1215 1268/143/1210 1134/143/1214 1132/150/1217
f 1269/150/1215 1270/139/1218 1115/139/1219 1131/150/1216
f 1270/139/1218 1269/150/1215 1132/150/1217 1116/139/1220
f 1270/139/1218 1271/132/1221 1117/132/1222 1115/139/1219
f 1271/132/1221 1270/139/1218 1116/139/1220 1118/132/1223
f 1271/132/1221 1272/133/1224 1119/133/1225 1117/132/1222
f 1272/133/1224 1271/132/1221 1118/132/1223 1120/133/1226
f 1272/133/1224 1273/153/1227 1127/153/1228 1119/133/1225
f 1273/153/1227 1272/133/1224 1120/133/1226 1128/153/1229
f 1273/153/1227 1274/153/1230 1125/153/1231 1127/153/1228
f 1274/153/1230 1273/153/1227 1128/153/1229 1126/153/1232
f 1274/153/1230 1275/133/1233 1123/133/1234 1125/153/1231
f 1275/133/1233 1274/153/1230 1126/153/1232 1124/133/1235
f 1275/133/1233 1276/132/1236 1113/132/1237 1123/133/1234
f 1276/132/1236 1275/133/1233 1124/133/1235 1114/132/1238
f 1276/132/1236 1277/139/1239 1121/139/1240 1113/132/1237
f 1277/139/1239 1276/132/1236 1114/132/1238 1122/139/1241
f 1277/139/1239 1278/150/1242 1129/150/1243 1121/139/1240
f 1278/150/1242 1277/139/1239 1122/139/1241 1130/150/1244
f 1278/150/1242 1279/143/1245 1135/143/1246 1129/150/1243
f 1279/143/1245 1278/150/1242 1130/150/1244 1136/143/1247
f 1279/143/1245 1280/142/1248 1137/142/1249 1135/143/1246
f 1280/142/1248 1279/143/1245 1136/143/1247 1138/142/1250
f 1280/142/1248 1281/145/1251 1143/145/1252 1137/142/1249
f 1281/145/1251 1280/142/1248 1138/142/1250 1144/145/1253
f 1281/145/1251 1282/148/1254 1145/148/1255 1143/145/1252
f 1282/148/1254 1281/145/1251 1144/145/1253 1146/148/1256
f 1282/148/1254 1283/148/1257 1147/148/1258 1145/148/1255
f 1283/148/1257 1282/148/1254 1146/148/1256 1148/148/1259
f 1283/148/1257 1284/145/1260 1141/145/1261 1147/148/1258
f 1284/145/1260 1283/148/1257 1148/148/1259 1142/145/1262
f 1284/145/1260 1267/142/1209 1139/142/1212 1141/145/1261
f 1267/142/1209 1284/145/1260 1142/145/1262 1140/142/1213
f 1285/123/1263 1286/123/1264 977/123/1023 975/123/1016
f 1286/123/1264 1285/123/1263 976/123/1017 978/123/1024
f 1286/123/1264 1287/122/1265 971/122/1266 977/123/1023
f 1287/122/1265 1286/123/1264 978/123/1024 972/122/1267
f 1287/122/1265 1288/122/1268 973/122/1269 971/122/1266
f 1288/122/1268 1287/122/1265 972/122/1267 974/122/1270
f 1288/122/1268 1285/123/1263 975/123/1016 973/122/1269
f 1285/123/1263 1288/122/1268 974/122/1270 976/123/1017
f 1289/144/1271 1290/151/1272 1051/151/1180 1063/144/1183
f 1290/151/1272 1289/144/1271 1064/144/1184 1052/151/1181
f 1290/151/1272 1291/114/1273 1061/114/1274 1051/151/1180
f 1291/114/1273 1290/151/1272 1052/151/1181 1062/114/1275
f 1291/114/1273 1292/113/1276 1059/113/1277 1061/114/1274
f 1292/113/1276 1291/114/1273 1062/114/1275 1060/113/1278
f 1292/113/1276 1289/144/1271 1063/144/1183 1059/113/1277
f 1289/144/1271 1292/113/1276 1060/113/1278 1064/144/1184
f 1293/140/1279 1294/136/1280 925/136/1059 919/140/1084
f 1294/136/1280 1293/140/1279 920/140/1085 926/136/1060
f 1294/136/1280 1295/136/1281 923/136/1056 925/136/1059
f 1295/136/1281 1294/136/1280 926/136/1060 924/136/1057
f 1295/136/1281 1296/140/1282 921/140/1083 923/136/1056
f 1296/140/1282 1295/136/1281 924/136/1057 922/140/1086
f 1296/140/1282 1293/140/1279 919/140/1084 921/140/1083
f 1293/140/1279 1296/140/1282 922/140/1086 920/140/1085
f 1297/127/1283 1298/127/1284 993/127/1285 991/127/1286
f 1298/127/1284 1297/127/1283 992/127/1287 994/127/1288
f 1298/127/1284 1299/126/1289 987/126/1290 993/127/1285
f 1299/126/1289 1298/127/1284 994/127/1288 988/126/1291
f 1299/126/1289 1300/126/1292 989/126/1293 987/126/1290
f 1300/126/1292 1299/126/1289 988/126/1291 990/126/1294
f 1300/126/1292 1297/127/1283 991/127/1286 989/126/1293
f 1297/127/1283 1300/126/1292 990/126/1294 992/127/1287
f 1301/125/1295 1302/126/1296 989/126/1293 983/125/1104
f 1302/126/1296 1301/125/1295 984/125/1105 990/126/1294
f 1302/126/1296 1303/126/1297 987/126/1290 989/126/1293
f 1303/126/1297 1302/126/1296 990/126/1294 988/126/1291
f 1303/126/1297 1304/125/1298 985/125/1103 987/126/1290
f 1304/125/1298 1303/126/1297 988/126/1291 986/125/1106
f 1304/125/1298 1301/125/1295 983/125/1104 985/125/1103
f 1301/125/1295 1304/125/1298 986/125/1106 984/125/1105
f 1305/115/1299 1306/114/1300 1053/114/1301 1049/115/1302
f 1306/114/1300 1305/115/1299 1050/115/1303 1054/114/1304
f 1306/114/1300 1307/151/1305 1051/151/1167 1053/114/1301
f 1307/151/1305 1306/114/1300 1054/114/1304 1052/151/1168
f 1307/151/1305 1308/138/1306 1001/138/1164 1051/151/1167
f 1308/138/1306 1307/151/1305 1052/151/1168 1002/138/1165
f 1308/138/1306 1305/115/1299 1049/115/1302 1001/138/1164
f 1305/115/1299 1308/138/1306 1002/138/1165 1050/115/1303
f 1309/111/1307 1310/129/1308 1023/129/1127 1017/111/1309
f 1310/129/1308 1309/111/1307 1018/111/1310 1024/129/1128
f 1310/129/1308 1311/141/1311 1019/141/1124 1023/129/1127
f 1311/141/1311 1310/129/1308 1024/129/1128 1020/141/1125
f 1311/141/1311 1312/112/1312 1021/112/1313 1019/141/1124
f 1312/112/1312 1311/141/1311 1020/141/1125 1022/112/1314
f 1312/112/1312 1309/111/1307 1017/111/1309 1021/112/1313
f 1309/111/1307 1312/112/1312 1022/112/1314 1018/111/1310
f 1313/109/1315 1314/122/1316 973/122/1269 967/109/902
f 1314/122/1316 1313/109/1315 968/109/903 974/122/1270
f 1314/122/1316 1315/122/1317 971/122/1266 973/122/1269
f 1315/122/1317 1314/122/1316 974/122/1270 972/122/1267
f 1315/122/1317 1316/109/1318 969/109/901 971/122/1266
f 1316/109/1318 1315/122/1317 972/122/1267 970/109/904
f 1316/109/1318 1313/109/1315 967/109/902 969/109/901
f 1313/109/1315 1316/109/1318 970/109/904 968/109/903
f 1317/113/1319 1318/112/1320 1071/112/1321 1069/113/1322
f 1318/112/1320 1317/113/1319 1070/113/1323 1072/112/1324
f 1318/112/1320 1319/141/1325 1019/141/1092 1071/112/1321
f 1319/141/1325 1318/112/1320 1072/112/1324 1020/141/1093
f 1319/141/1325 1320/144/1326 1063/144/1099 1019/141/1092
f 1320/144/1326 1319/141/1325 1020/141/1093 1064/144/1100
f 1320/144/1326 1317/113/1319 1069/113/1322 1063/144/1099
f 1317/113/1319 1320/144/1326 1064/144/1100 1070/113/1323
