# Blender 4.5.3 LTS
# www.blender.org
mtllib glass-letterdeco.mtl
o RenderMesh_100960281055037
v 0.037668 0.210079 0.215234
v 0.037636 0.209114 0.216985
v 0.023009 0.223967 0.222628
v 0.022977 0.223002 0.224379
v 0.020243 0.213868 0.217001
v 0.020211 0.212902 0.218752
v 0.040434 0.220178 0.220859
v 0.040402 0.219212 0.222610
v 0.014074 0.226548 0.224713
v 0.014182 0.225581 0.226460
v -0.017441 0.209154 0.217029
v -0.017333 0.208187 0.218776
v 0.016568 0.216446 0.218968
v 0.016676 0.215479 0.220715
v -0.019934 0.219256 0.222774
v -0.019826 0.218289 0.224521
v -0.006381 0.224645 -0.224713
v -0.006381 0.223656 -0.226451
v 0.029829 0.224645 -0.224713
v 0.029830 0.223656 -0.226452
v 0.029829 0.214314 -0.218833
v 0.029830 0.213325 -0.220572
v -0.006381 0.214314 -0.218833
v -0.006380 0.213325 -0.220572
v 0.157497 0.221298 0.152955
v 0.158313 0.220318 0.154496
v 0.183051 0.209634 0.132019
v 0.183867 0.208654 0.133560
v 0.164026 0.230875 0.155589
v 0.164842 0.229895 0.157130
v 0.189580 0.219213 0.134651
v 0.190396 0.218233 0.136192
v -0.123910 0.225369 -0.174307
v -0.124681 0.224339 -0.175839
v -0.166670 0.212074 -0.143849
v -0.167441 0.211044 -0.145381
v -0.170148 0.222239 -0.148933
v -0.170919 0.221209 -0.150465
v -0.120432 0.215203 -0.169224
v -0.121203 0.214173 -0.170756
v -0.131729 0.224126 0.173293
v -0.132112 0.223125 0.174981
v -0.143935 0.210842 0.162646
v -0.144318 0.209841 0.164334
v -0.127929 0.214081 0.168199
v -0.128312 0.213080 0.169887
v -0.147736 0.220887 0.167737
v -0.148119 0.219886 0.169426
v -0.188946 0.216765 -0.046148
v -0.190408 0.215741 -0.047050
v -0.218670 0.221785 -0.003638
v -0.220132 0.220761 -0.004539
v -0.194825 0.226903 -0.048132
v -0.196287 0.225879 -0.049033
v -0.212791 0.211648 -0.001653
v -0.214253 0.210624 -0.002554
v 0.218670 0.221873 -0.064076
v 0.220429 0.220959 -0.063810
v 0.212391 0.227104 -0.004671
v 0.214150 0.226190 -0.004405
v 0.213012 0.211765 -0.061406
v 0.214771 0.210851 -0.061140
v 0.218050 0.237209 -0.007341
v 0.219809 0.236295 -0.007075
v 0.158850 0.209776 -0.166136
v 0.159197 0.208780 -0.167836
v 0.147223 0.223673 -0.176649
v 0.147569 0.222677 -0.178349
v 0.163070 0.219716 -0.171100
v 0.163415 0.218720 -0.172800
v 0.143003 0.213731 -0.171685
v 0.143350 0.212735 -0.173385
v 0.194431 0.221272 0.115134
v 0.196032 0.220105 0.115409
v 0.183051 0.209634 0.132019
v 0.184652 0.208467 0.132294
v 0.187902 0.211695 0.112501
v 0.189503 0.210528 0.112776
v 0.189580 0.219213 0.134651
v 0.191181 0.218046 0.134926
v 0.201887 0.235687 0.043499
v 0.203524 0.234644 0.043982
v 0.190697 0.225038 0.058437
v 0.192334 0.223995 0.058920
v 0.196060 0.225551 0.041364
v 0.197697 0.224508 0.041847
v 0.196524 0.235175 0.060571
v 0.198161 0.234132 0.061054
v 0.042160 0.228801 -0.188478
v 0.041986 0.227828 -0.190217
v 0.011464 0.244989 -0.194484
v 0.011291 0.244015 -0.196222
v 0.044062 0.238955 -0.194357
v 0.043888 0.237982 -0.196096
v 0.009562 0.234834 -0.188605
v 0.009389 0.233860 -0.190343
v -0.100581 0.243326 0.158664
v -0.100972 0.242323 0.160350
v -0.112940 0.230045 0.147895
v -0.113331 0.229042 0.149581
v -0.096781 0.233281 0.153572
v -0.097172 0.232278 0.155258
v -0.116741 0.240090 0.152986
v -0.117132 0.239087 0.154672
v -0.129244 0.236376 -0.120853
v -0.131011 0.235550 -0.121295
v -0.139069 0.251978 -0.110721
v -0.140836 0.251152 -0.111163
v -0.132722 0.246542 -0.125935
v -0.134489 0.245716 -0.126377
v -0.135591 0.241811 -0.105637
v -0.137358 0.240985 -0.106079
v 0.201887 0.235687 0.043499
v 0.202487 0.235743 0.041592
v 0.178692 0.236613 0.036240
v 0.179724 0.236377 0.034543
v 0.184520 0.246751 0.038375
v 0.185552 0.246515 0.036678
v 0.196060 0.225551 0.041364
v 0.196659 0.225608 0.039457
v 0.176670 0.238348 0.033522
v 0.178371 0.237501 0.032899
v 0.182498 0.248486 0.035656
v 0.184199 0.247639 0.035032
v 0.183247 0.248879 0.031745
v 0.184626 0.247867 0.032781
v 0.177420 0.238741 0.029611
v 0.178799 0.237729 0.030647
v 0.205797 0.226543 0.010064
v 0.206589 0.225740 0.011715
v 0.211624 0.236681 0.012198
v 0.212416 0.235878 0.013849
v -0.131729 0.224126 0.173293
v -0.132367 0.225816 0.174150
v -0.121215 0.252730 0.124715
v -0.121854 0.254420 0.125572
v -0.147736 0.220887 0.167737
v -0.148375 0.222577 0.168594
v -0.132284 0.262536 0.097110
v -0.132923 0.264226 0.097967
v -0.119333 0.255138 0.121369
v -0.119972 0.256828 0.122226
v -0.114307 0.258007 0.119461
v -0.114946 0.259697 0.120318
v -0.090027 0.271248 0.111460
v -0.090666 0.272938 0.112317
v -0.109401 0.259456 0.120265
v -0.110040 0.261146 0.121122
v -0.100581 0.243326 0.158664
v -0.101220 0.245016 0.159521
v -0.116741 0.240090 0.152986
v -0.117380 0.241780 0.153843
v 0.211624 0.236681 0.012198
v 0.213196 0.235994 0.011169
v 0.199138 0.233489 -0.004744
v 0.200710 0.232802 -0.005773
v 0.204966 0.243627 -0.002609
v 0.206538 0.242940 -0.003638
v 0.205797 0.226543 0.010064
v 0.207369 0.225856 0.009035
v 0.194431 0.221272 0.115134
v 0.195529 0.222884 0.115577
v 0.165090 0.237897 0.127414
v 0.166189 0.239508 0.127857
v 0.166832 0.236299 0.128910
v 0.167931 0.237910 0.129353
v 0.158823 0.247227 0.109024
v 0.159922 0.248838 0.109467
v 0.154696 0.245474 0.125630
v 0.155794 0.247086 0.126072
v 0.189580 0.219213 0.134651
v 0.190679 0.220824 0.135094
v 0.167275 0.235247 0.131639
v 0.168374 0.236858 0.132082
v 0.166208 0.235222 0.134370
v 0.167307 0.236833 0.134813
v 0.164026 0.230875 0.155589
v 0.165124 0.232487 0.156031
v 0.157142 0.239352 0.141824
v 0.158241 0.240963 0.142267
v 0.128626 0.230053 -0.151222
v 0.128980 0.229055 -0.152919
v 0.116847 0.243953 -0.161859
v 0.117201 0.242954 -0.163555
v 0.132847 0.239994 -0.156186
v 0.133201 0.238996 -0.157883
v 0.112627 0.234012 -0.156896
v 0.112980 0.233013 -0.158592
v 0.163070 0.219716 -0.171100
v 0.163780 0.221389 -0.171935
v 0.137759 0.252106 -0.127756
v 0.138469 0.253779 -0.128591
v 0.149148 0.261124 -0.100014
v 0.149858 0.262797 -0.100849
v 0.147223 0.223673 -0.176649
v 0.147933 0.225346 -0.177484
v 0.135968 0.254548 -0.124386
v 0.136678 0.256221 -0.125221
v 0.131059 0.257598 -0.122455
v 0.131769 0.259271 -0.123290
v 0.107318 0.271724 -0.114347
v 0.108028 0.273397 -0.115182
v 0.126218 0.259254 -0.123251
v 0.126928 0.260927 -0.124086
v 0.116847 0.243953 -0.161859
v 0.117557 0.245626 -0.162694
v 0.132847 0.239994 -0.156186
v 0.133557 0.241667 -0.157021
v 0.116798 0.258832 0.126179
v 0.117208 0.260519 0.127171
v 0.125572 0.249334 0.138699
v 0.125982 0.251021 0.139691
v 0.131702 0.260545 0.117103
v 0.132112 0.262232 0.118096
v 0.165468 0.223996 0.165287
v 0.165878 0.225683 0.166279
v 0.125624 0.247833 0.141231
v 0.126034 0.249520 0.142223
v 0.124101 0.247070 0.143156
v 0.124511 0.248757 0.144148
v 0.121714 0.246976 0.144304
v 0.122124 0.248663 0.145296
v 0.107447 0.242604 0.157640
v 0.107857 0.244291 0.158633
v 0.111799 0.250156 0.142998
v 0.112209 0.251843 0.143990
v -0.019934 0.219256 0.222774
v -0.020354 0.220956 0.223740
v -0.004786 0.238609 0.195310
v -0.005206 0.240309 0.196276
v -0.023784 0.253601 0.160689
v -0.024204 0.255301 0.161655
v -0.006802 0.257228 0.161680
v -0.007222 0.258928 0.162646
v -0.002879 0.236253 0.200281
v -0.003299 0.237953 0.201247
v 0.001065 0.234641 0.204830
v 0.000645 0.236341 0.205796
v 0.006035 0.234039 0.208044
v 0.005615 0.235739 0.209010
v 0.014074 0.226548 0.224713
v 0.013654 0.228248 0.225679
v 0.013175 0.234848 0.209722
v 0.012755 0.236548 0.210688
v -0.194825 0.226903 -0.048132
v -0.195814 0.228609 -0.048466
v -0.196659 0.233467 -0.009172
v -0.197648 0.235173 -0.009506
v -0.180301 0.241733 -0.015398
v -0.181290 0.243439 -0.015732
v -0.194825 0.234690 -0.008358
v -0.195815 0.236396 -0.008691
v -0.198606 0.232412 -0.008790
v -0.199595 0.234118 -0.009124
v -0.178953 0.242693 -0.014489
v -0.179942 0.244399 -0.014823
v -0.218670 0.221785 -0.003638
v -0.219659 0.223491 -0.003972
v -0.199953 0.231990 -0.006952
v -0.200943 0.233696 -0.007285
v -0.206017 0.230664 0.004236
v -0.207007 0.232370 0.003903
v -0.180542 0.249460 0.024789
v -0.181531 0.251166 0.024455
v -0.177044 0.243767 -0.014656
v -0.178033 0.245473 -0.014990
v -0.156635 0.254577 -0.019895
v -0.157624 0.256283 -0.020229
v -0.175472 0.244421 -0.015969
v -0.176461 0.246127 -0.016303
v -0.169229 0.245773 -0.027558
v -0.170218 0.247479 -0.027892
v -0.163310 0.231135 -0.135821
v -0.163895 0.232846 -0.136676
v -0.134704 0.233072 -0.151519
v -0.135289 0.234783 -0.152374
v -0.170148 0.222239 -0.148933
v -0.170733 0.223950 -0.149788
v -0.123910 0.225369 -0.174307
v -0.124495 0.227080 -0.175162
v -0.130780 0.233912 -0.152521
v -0.131365 0.235623 -0.153376
v -0.126498 0.235826 -0.151625
v -0.127083 0.237537 -0.152480
v -0.111312 0.236488 -0.160691
v -0.111897 0.238199 -0.161546
v -0.112425 0.247725 -0.137455
v -0.113010 0.249436 -0.138310
v -0.107926 0.238393 -0.159197
v -0.108511 0.240104 -0.160052
v -0.103454 0.239848 -0.159348
v -0.104039 0.241559 -0.160203
v -0.090384 0.249216 -0.149551
v -0.090969 0.250927 -0.150406
v -0.097117 0.240225 -0.162930
v -0.097702 0.241936 -0.163785
v -0.110429 0.265020 -0.104233
v -0.111014 0.266731 -0.105088
v -0.096141 0.257345 -0.129357
v -0.096726 0.259056 -0.130212
v -0.108875 0.254965 -0.125405
v -0.109460 0.256676 -0.126260
v -0.121746 0.251213 -0.124104
v -0.122331 0.252924 -0.124959
v -0.077039 0.267280 -0.122557
v -0.077624 0.268991 -0.123412
v -0.083648 0.258453 -0.135688
v -0.084233 0.260164 -0.136543
v -0.139069 0.251978 -0.110721
v -0.139654 0.253689 -0.111576
v -0.132722 0.246542 -0.125935
v -0.133307 0.248253 -0.126790
v 0.044062 0.238955 -0.194357
v 0.044382 0.240663 -0.195346
v 0.018856 0.253401 -0.177563
v 0.019176 0.255110 -0.178552
v 0.022237 0.254476 -0.174612
v 0.022558 0.256185 -0.175601
v 0.023338 0.256471 -0.170809
v 0.023658 0.258180 -0.171798
v 0.039324 0.260803 -0.158156
v 0.039644 0.262512 -0.159145
v 0.022111 0.262049 -0.161573
v 0.022432 0.263758 -0.162562
v 0.011464 0.244989 -0.194484
v 0.011784 0.246697 -0.195473
v 0.014735 0.253229 -0.179192
v 0.015056 0.254938 -0.180181
v 0.013059 0.253498 -0.179269
v 0.013380 0.255207 -0.180258
v 0.183247 0.248879 0.031745
v 0.184228 0.250585 0.032104
v 0.211624 0.236681 0.012198
v 0.212605 0.238387 0.012557
v 0.204966 0.243627 -0.002609
v 0.205947 0.245333 -0.002250
v 0.138357 0.272195 0.043570
v 0.139338 0.273901 0.043929
v 0.182498 0.248486 0.035656
v 0.183479 0.250192 0.036015
v 0.184520 0.246751 0.038375
v 0.185501 0.248457 0.038734
v 0.196524 0.235175 0.060571
v 0.197505 0.236881 0.060930
v 0.201887 0.235687 0.043499
v 0.202868 0.237393 0.043858
v 0.041471 0.254377 0.158967
v 0.041937 0.256076 0.159914
v 0.004910 0.264536 0.158712
v 0.005376 0.266235 0.159659
v 0.021528 0.251442 0.174043
v 0.021994 0.253141 0.174990
v 0.002639 0.256743 0.173816
v 0.003105 0.258442 0.174763
v 0.023680 0.249949 0.175664
v 0.024146 0.251648 0.176611
v 0.024564 0.248071 0.178601
v 0.025030 0.249770 0.179548
v 0.040434 0.220178 0.220859
v 0.040900 0.221877 0.221806
v 0.023009 0.223967 0.222628
v 0.023475 0.225666 0.223575
v 0.014892 0.234309 -0.207733
v 0.014892 0.236047 -0.208722
v -0.006381 0.224645 -0.224713
v -0.006381 0.226383 -0.225702
v 0.009745 0.236118 -0.204553
v 0.009745 0.237856 -0.205542
v 0.005775 0.238357 -0.200617
v 0.005775 0.240095 -0.201606
v 0.003046 0.241455 -0.195174
v 0.003047 0.243193 -0.196163
v -0.023375 0.257713 -0.166605
v -0.023375 0.259451 -0.167594
v -0.006319 0.259861 -0.162832
v -0.006319 0.261599 -0.163821
v 0.029829 0.224645 -0.224713
v 0.029829 0.226383 -0.225702
v 0.021032 0.233357 -0.209404
v 0.021032 0.235095 -0.210393
v 0.029901 0.233142 -0.209781
v 0.029901 0.234880 -0.210770
v -0.174663 0.239322 0.026773
v -0.176239 0.238603 0.027772
v -0.194825 0.234690 -0.008358
v -0.196067 0.234265 -0.006849
v -0.188946 0.224550 -0.006373
v -0.190188 0.224125 -0.004864
v -0.180542 0.249460 0.024789
v -0.182118 0.248742 0.025788
v -0.196659 0.233467 -0.009172
v -0.196986 0.233661 -0.007209
v -0.190780 0.223327 -0.007187
v -0.191107 0.223521 -0.005224
v -0.192727 0.222273 -0.006806
v -0.191959 0.223046 -0.005129
v -0.198606 0.232412 -0.008790
v -0.197839 0.233186 -0.007113
v -0.199953 0.231990 -0.006952
v -0.198574 0.232994 -0.005908
v -0.194074 0.221853 -0.004968
v -0.192695 0.222857 -0.003924
v -0.206017 0.230664 0.004236
v -0.204561 0.231688 0.005147
v -0.200138 0.220526 0.006220
v -0.198681 0.221549 0.007131
v 0.203290 0.235911 -0.043541
v 0.204242 0.237611 -0.043990
v 0.187405 0.240880 -0.058390
v 0.188357 0.242580 -0.058839
v 0.191623 0.242918 -0.041741
v 0.192575 0.244618 -0.042190
v 0.218670 0.221873 -0.064076
v 0.219622 0.223573 -0.064525
v 0.218050 0.237209 -0.007341
v 0.219002 0.238909 -0.007790
v 0.202240 0.238167 -0.037226
v 0.203192 0.239867 -0.037675
v 0.197114 0.242779 -0.030629
v 0.198066 0.244479 -0.031078
v 0.189068 0.247864 -0.028432
v 0.190020 0.249564 -0.028881
v 0.163085 0.265891 -0.015270
v 0.164037 0.267591 -0.015719
v 0.180136 0.252362 -0.030343
v 0.181088 0.254062 -0.030792
v 0.173712 0.254497 -0.035870
v 0.174664 0.256197 -0.036319
v 0.156035 0.263535 -0.039125
v 0.156987 0.265235 -0.039574
v 0.170013 0.254653 -0.043118
v 0.170965 0.256353 -0.043567
v -0.200138 0.220526 0.006220
v -0.201083 0.220321 0.007971
v -0.218670 0.221785 -0.003638
v -0.219615 0.221580 -0.001887
v -0.212791 0.211648 -0.001653
v -0.213736 0.211443 0.000098
v -0.206017 0.230664 0.004236
v -0.206962 0.230459 0.005987
v 0.165468 0.223996 0.165287
v 0.164957 0.223110 0.167006
v 0.105008 0.232576 0.151742
v 0.104497 0.231690 0.153461
v 0.163030 0.213968 0.159390
v 0.162519 0.213082 0.161109
v 0.107447 0.242604 0.157640
v 0.106936 0.241718 0.159359
v -0.147736 0.220887 0.167737
v -0.149595 0.220505 0.167105
v -0.128484 0.252490 0.092018
v -0.130342 0.252107 0.091386
v -0.143935 0.210842 0.162646
v -0.145793 0.210459 0.162014
v -0.132284 0.262536 0.097110
v -0.134143 0.262154 0.096478
v -0.132722 0.246542 -0.125935
v -0.132131 0.245853 -0.127717
v -0.118268 0.241046 -0.119020
v -0.117933 0.240257 -0.120827
v -0.129244 0.236376 -0.120853
v -0.128653 0.235687 -0.122635
v -0.121746 0.251213 -0.124104
v -0.121411 0.250424 -0.125911
v -0.108875 0.254965 -0.125405
v -0.109014 0.254035 -0.127170
v -0.105398 0.244799 -0.120322
v -0.105537 0.243869 -0.122087
v -0.096141 0.257345 -0.129357
v -0.096670 0.256340 -0.131003
v -0.092664 0.247180 -0.124272
v -0.093193 0.246176 -0.125919
v -0.083648 0.258453 -0.135688
v -0.084352 0.257429 -0.137255
v -0.080171 0.248286 -0.130606
v -0.080875 0.247262 -0.132173
v -0.159832 0.220968 -0.130738
v -0.161572 0.220861 -0.129759
v -0.170148 0.222239 -0.148933
v -0.171888 0.222133 -0.147954
v -0.166670 0.212074 -0.143849
v -0.168411 0.211968 -0.142870
v -0.163310 0.231135 -0.135821
v -0.165051 0.231029 -0.134842
v 0.163070 0.219716 -0.171100
v 0.164909 0.219251 -0.170468
v 0.144927 0.251182 -0.095050
v 0.146766 0.250717 -0.094418
v 0.158850 0.209776 -0.166136
v 0.160689 0.209311 -0.165504
v 0.149148 0.261124 -0.100014
v 0.150988 0.260658 -0.099382
v 0.024564 0.248071 0.178601
v 0.022631 0.248366 0.179021
v 0.020243 0.213868 0.217001
v 0.018299 0.214305 0.217172
v 0.023009 0.223967 0.222628
v 0.021065 0.224404 0.222799
v 0.021798 0.237972 0.172973
v 0.019865 0.238267 0.173394
v 0.020914 0.239850 0.170038
v 0.019234 0.239711 0.171114
v 0.023680 0.249949 0.175664
v 0.022000 0.249809 0.176741
v 0.018762 0.241343 0.168417
v 0.017906 0.240648 0.170086
v 0.021528 0.251442 0.174043
v 0.020671 0.250748 0.175712
v -0.000128 0.246644 0.168189
v -0.000403 0.245738 0.169951
v 0.002639 0.256743 0.173816
v 0.002364 0.255837 0.175578
v -0.006381 0.214314 -0.218833
v -0.008319 0.214070 -0.219261
v -0.023375 0.257713 -0.166605
v -0.025313 0.257469 -0.167033
v -0.006381 0.224645 -0.224713
v -0.008319 0.224401 -0.225141
v -0.023375 0.247384 -0.160726
v -0.025313 0.247140 -0.161154
v -0.097117 0.240225 -0.162930
v -0.097913 0.239194 -0.164447
v -0.099976 0.229681 -0.154264
v -0.100280 0.228715 -0.155989
v -0.103454 0.239848 -0.159348
v -0.103758 0.238882 -0.161072
v -0.093639 0.230058 -0.157846
v -0.094435 0.229027 -0.159363
v -0.104449 0.228226 -0.154114
v -0.103826 0.227551 -0.155890
v -0.107926 0.238393 -0.159197
v -0.107303 0.237718 -0.160974
v -0.111312 0.236488 -0.160691
v -0.110030 0.236175 -0.162194
v -0.107834 0.226321 -0.155607
v -0.106552 0.226008 -0.157110
v -0.123910 0.225369 -0.174307
v -0.122393 0.225239 -0.175604
v -0.120432 0.215203 -0.169224
v -0.118915 0.215073 -0.170521
v 0.165468 0.223996 0.165287
v 0.167165 0.224194 0.164248
v 0.129264 0.250517 0.111206
v 0.130961 0.250715 0.110167
v 0.131702 0.260545 0.117103
v 0.133399 0.260743 0.116064
v 0.163030 0.213968 0.159390
v 0.164727 0.214166 0.158351
v 0.002639 0.256743 0.173816
v 0.000712 0.257279 0.173803
v 0.004910 0.264536 0.158712
v 0.002983 0.265071 0.158699
v -0.000128 0.246644 0.168189
v -0.002055 0.247179 0.168176
v 0.002143 0.254438 0.153085
v 0.000216 0.254974 0.153072
v -0.023784 0.253601 0.160689
v -0.025736 0.253182 0.160578
v -0.017441 0.209154 0.217029
v -0.019393 0.208735 0.216918
v -0.019934 0.219256 0.222774
v -0.021886 0.218837 0.222663
v -0.021290 0.243497 0.154946
v -0.023242 0.243078 0.154835
v 0.029901 0.222811 -0.203902
v 0.031901 0.222807 -0.203909
v 0.029829 0.214314 -0.218833
v 0.031829 0.214310 -0.218840
v 0.029829 0.224645 -0.224713
v 0.031829 0.224641 -0.224720
v 0.029901 0.233142 -0.209781
v 0.031901 0.233138 -0.209788
v 0.013175 0.234848 0.209722
v 0.015128 0.235265 0.209836
v 0.016568 0.216446 0.218968
v 0.018521 0.216863 0.219082
v 0.015669 0.224745 0.203977
v 0.017622 0.225162 0.204092
v 0.014074 0.226548 0.224713
v 0.016027 0.226965 0.224827
v 0.009562 0.234834 -0.188605
v 0.007596 0.235202 -0.188605
v 0.013059 0.253498 -0.179269
v 0.011093 0.253866 -0.179269
v 0.011464 0.244989 -0.194484
v 0.009498 0.245357 -0.194484
v 0.011156 0.243344 -0.173390
v 0.009190 0.243712 -0.173390
v 0.009812 0.212909 0.057757
v 0.009812 0.210972 0.057259
v -0.077238 0.185143 0.086249
v -0.076679 0.183306 0.085690
v -0.031596 0.212909 0.040605
v -0.031244 0.210972 0.040253
v 0.009812 0.185143 0.122306
v 0.009812 0.183306 0.121516
v -0.113295 0.185143 -0.000800
v -0.112505 0.183306 -0.000800
v 0.096862 0.185143 0.086249
v 0.096303 0.183306 0.085691
v -0.048748 0.212909 -0.000803
v -0.048250 0.210972 -0.000803
v 0.051220 0.212909 0.040605
v 0.050868 0.210972 0.040253
v 0.132919 0.185143 -0.000800
v 0.132129 0.183306 -0.000800
v -0.077238 0.185143 -0.087850
v -0.076679 0.183306 -0.087291
v 0.068372 0.212909 -0.000803
v 0.067874 0.210972 -0.000803
v 0.096862 0.185143 -0.087850
v 0.096303 0.183306 -0.087291
v 0.051220 0.212909 -0.042212
v 0.050868 0.210972 -0.041860
v 0.009812 0.185143 -0.123907
v 0.009813 0.183305 -0.123118
v -0.031596 0.212909 -0.042212
v -0.031244 0.210972 -0.041860
v 0.009812 0.212909 -0.059364
v 0.009813 0.210972 -0.058865
v 0.196524 0.235175 0.060571
v 0.195928 0.235115 0.062479
v 0.138357 0.272195 0.043570
v 0.137761 0.272135 0.045478
v 0.132529 0.262056 0.041436
v 0.131933 0.261996 0.043344
v 0.190697 0.225038 0.058437
v 0.190101 0.224978 0.060345
v 0.157426 0.255785 -0.012600
v 0.157416 0.256301 -0.010668
v 0.212391 0.227104 -0.004671
v 0.212381 0.227620 -0.002739
v 0.163085 0.265891 -0.015270
v 0.163075 0.266407 -0.013338
v 0.218050 0.237209 -0.007341
v 0.218040 0.237725 -0.005409
v 0.213012 0.211765 -0.061406
v 0.212520 0.211532 -0.063331
v 0.181746 0.230774 -0.055720
v 0.181254 0.230541 -0.057645
v 0.218670 0.221873 -0.064076
v 0.218178 0.221640 -0.066001
v 0.187405 0.240880 -0.058390
v 0.186913 0.240647 -0.060315
v 0.041471 0.254377 0.158967
v 0.043416 0.253956 0.158767
v 0.040434 0.220178 0.220859
v 0.042379 0.219757 0.220659
v 0.037668 0.210079 0.215234
v 0.039613 0.209659 0.215035
v 0.038704 0.244280 0.153341
v 0.040649 0.243859 0.153141
v 0.150613 0.229775 0.139190
v 0.149137 0.230462 0.140351
v 0.164026 0.230875 0.155589
v 0.162550 0.231562 0.156750
v 0.157142 0.239352 0.141824
v 0.155666 0.240038 0.142985
v 0.157497 0.221298 0.152955
v 0.156021 0.221985 0.154116
v 0.037422 0.250648 -0.152277
v 0.039384 0.250485 -0.151922
v 0.042160 0.228801 -0.188478
v 0.044122 0.228639 -0.188123
v 0.044062 0.238955 -0.194357
v 0.046024 0.238793 -0.194002
v 0.039324 0.260803 -0.158156
v 0.041286 0.260641 -0.157801
v 0.132847 0.239994 -0.156186
v 0.134685 0.239533 -0.155546
v 0.121998 0.249314 -0.118286
v 0.123433 0.248254 -0.119189
v 0.128626 0.230053 -0.151222
v 0.130464 0.229592 -0.150582
v 0.126218 0.259254 -0.123251
v 0.127653 0.258193 -0.124155
v 0.126838 0.247656 -0.117490
v 0.126342 0.246964 -0.119300
v 0.131059 0.257598 -0.122455
v 0.130563 0.256905 -0.124264
v 0.135968 0.254548 -0.124386
v 0.134584 0.254417 -0.125824
v 0.131748 0.244608 -0.119421
v 0.130364 0.244477 -0.120859
v 0.137759 0.252106 -0.127756
v 0.135977 0.252442 -0.128599
v 0.133539 0.242164 -0.122791
v 0.131757 0.242500 -0.123634
v 0.147223 0.223673 -0.176649
v 0.145383 0.224140 -0.177277
v 0.143003 0.213731 -0.171685
v 0.141163 0.214198 -0.172313
v 0.164354 0.244547 -0.040448
v 0.163721 0.244402 -0.042340
v 0.150376 0.253428 -0.036455
v 0.149743 0.253283 -0.038347
v 0.170013 0.254653 -0.043118
v 0.169380 0.254508 -0.045010
v 0.156035 0.263535 -0.039125
v 0.155402 0.263390 -0.041017
v -0.116741 0.240090 0.152986
v -0.118598 0.239712 0.152346
v -0.105601 0.249411 0.115171
v -0.107076 0.248399 0.116065
v -0.112940 0.230045 0.147895
v -0.114797 0.229667 0.147255
v -0.109401 0.259456 0.120265
v -0.110876 0.258444 0.121160
v -0.110506 0.247961 0.114367
v -0.110034 0.247226 0.116166
v -0.114307 0.258007 0.119461
v -0.113836 0.257273 0.121261
v -0.119333 0.255138 0.121369
v -0.117953 0.254934 0.122802
v -0.115532 0.245093 0.116277
v -0.114152 0.244889 0.117710
v -0.121215 0.252730 0.124715
v -0.119419 0.252982 0.125557
v -0.117415 0.242684 0.119622
v -0.115619 0.242936 0.120464
v -0.131729 0.224126 0.173293
v -0.129870 0.224510 0.173922
v -0.127929 0.214081 0.168199
v -0.126070 0.214465 0.168828
v -0.093639 0.230058 -0.157846
v -0.091889 0.230176 -0.158807
v -0.097117 0.240225 -0.162930
v -0.095367 0.240343 -0.163891
v -0.086906 0.239051 -0.144469
v -0.085156 0.239169 -0.145430
v -0.090384 0.249216 -0.149551
v -0.088634 0.249334 -0.150513
v -0.073562 0.257113 -0.117473
v -0.071812 0.257231 -0.118434
v -0.083648 0.258453 -0.135688
v -0.081898 0.258571 -0.136649
v -0.077039 0.267280 -0.122557
v -0.075289 0.267398 -0.123518
v -0.080171 0.248286 -0.130606
v -0.078421 0.248404 -0.131567
v -0.110429 0.265020 -0.104233
v -0.111122 0.265664 -0.102471
v -0.139069 0.251978 -0.110721
v -0.139762 0.252622 -0.108959
v -0.106951 0.254853 -0.099149
v -0.107644 0.255497 -0.097387
v -0.135591 0.241811 -0.105637
v -0.136284 0.242455 -0.103875
v 0.107318 0.271724 -0.114347
v 0.105480 0.272186 -0.114985
v 0.116847 0.243953 -0.161859
v 0.115009 0.244415 -0.162498
v 0.103098 0.261782 -0.109384
v 0.101260 0.262244 -0.110022
v 0.112627 0.234012 -0.156896
v 0.110789 0.234474 -0.157534
v 0.021436 0.246318 -0.164929
v 0.019466 0.246663 -0.164967
v 0.020209 0.251895 -0.155693
v 0.018248 0.252056 -0.156050
v 0.023338 0.256471 -0.170809
v 0.021369 0.256817 -0.170848
v 0.022111 0.262049 -0.161573
v 0.020150 0.262210 -0.161929
v 0.020335 0.244321 -0.168733
v 0.018647 0.245078 -0.167972
v 0.022237 0.254476 -0.174612
v 0.020549 0.255233 -0.173851
v 0.016953 0.243248 -0.171684
v 0.015939 0.244251 -0.170282
v 0.018856 0.253401 -0.177563
v 0.017842 0.254403 -0.176160
v 0.014735 0.253229 -0.179192
v 0.014435 0.254261 -0.177505
v 0.012832 0.243075 -0.173313
v 0.012533 0.244107 -0.171626
v 0.013059 0.253498 -0.179269
v 0.013138 0.254488 -0.177533
v 0.011156 0.243344 -0.173390
v 0.011235 0.244334 -0.171654
v -0.006802 0.257228 0.161680
v -0.004849 0.257645 0.161795
v -0.004786 0.238609 0.195310
v -0.002869 0.239161 0.195172
v -0.002292 0.228505 0.189565
v -0.000375 0.229057 0.189427
v -0.004308 0.247126 0.155936
v -0.002355 0.247543 0.156051
v -0.000385 0.226149 0.194537
v 0.001309 0.226959 0.193849
v -0.002879 0.236253 0.200281
v -0.001185 0.237063 0.199593
v 0.003559 0.224537 0.199087
v 0.004828 0.225526 0.197899
v 0.001065 0.234641 0.204830
v 0.002334 0.235630 0.203642
v 0.006035 0.234039 0.208044
v 0.006697 0.235092 0.206478
v 0.008529 0.223935 0.202302
v 0.009191 0.224988 0.200736
v 0.013175 0.234848 0.209722
v 0.013455 0.235878 0.208031
v 0.015669 0.224745 0.203977
v 0.015949 0.225775 0.202286
v -0.100581 0.243326 0.158664
v -0.098724 0.243705 0.159303
v -0.086226 0.261202 0.106367
v -0.084369 0.261580 0.107005
v -0.090027 0.271248 0.111460
v -0.088170 0.271627 0.112099
v -0.096781 0.233281 0.153572
v -0.094924 0.233660 0.154211
v 0.159679 0.225645 0.131736
v 0.158462 0.226780 0.130627
v 0.157142 0.239352 0.141824
v 0.156324 0.240333 0.140285
v 0.166208 0.235222 0.134370
v 0.164991 0.236357 0.133261
v 0.150613 0.229775 0.139190
v 0.149795 0.230756 0.137651
v 0.167275 0.235247 0.131639
v 0.165619 0.236368 0.131668
v 0.160746 0.225668 0.129006
v 0.159090 0.226789 0.129036
v 0.160303 0.226721 0.126277
v 0.158845 0.227386 0.127474
v 0.166832 0.236299 0.128910
v 0.165374 0.236964 0.130107
v 0.158561 0.228321 0.124781
v 0.157744 0.228376 0.126606
v 0.165090 0.237897 0.127414
v 0.164272 0.237951 0.129238
v 0.148167 0.235896 0.122998
v 0.147687 0.235692 0.124929
v 0.154696 0.245474 0.125630
v 0.154216 0.245270 0.127561
v -0.163350 0.235635 -0.025574
v -0.162418 0.235832 -0.027332
v -0.169229 0.245773 -0.027558
v -0.168297 0.245969 -0.029317
v -0.150756 0.244438 -0.017911
v -0.149824 0.244635 -0.019669
v -0.156635 0.254577 -0.019895
v -0.155703 0.254773 -0.021654
v 0.199138 0.233489 -0.004744
v 0.198341 0.234294 -0.006392
v 0.138357 0.272195 0.043570
v 0.137559 0.273000 0.041922
v 0.204966 0.243627 -0.002609
v 0.204168 0.244432 -0.004257
v 0.132529 0.262056 0.041436
v 0.131731 0.262861 0.039788
v 0.164354 0.244547 -0.040448
v 0.165860 0.243495 -0.041239
v 0.170013 0.254653 -0.043118
v 0.171518 0.253600 -0.043909
v 0.173712 0.254497 -0.035870
v 0.174979 0.253479 -0.037035
v 0.168053 0.244390 -0.033200
v 0.169320 0.243372 -0.034365
v 0.174477 0.242254 -0.027672
v 0.175039 0.241476 -0.029427
v 0.180136 0.252362 -0.030343
v 0.180698 0.251584 -0.032098
v 0.183409 0.237758 -0.025762
v 0.183155 0.237385 -0.027711
v 0.189068 0.247864 -0.028432
v 0.188814 0.247491 -0.030381
v 0.197114 0.242779 -0.030629
v 0.196069 0.242915 -0.032329
v 0.191455 0.232672 -0.027959
v 0.190410 0.232808 -0.029659
v 0.202240 0.238167 -0.037226
v 0.200632 0.238802 -0.038231
v 0.196581 0.228060 -0.034556
v 0.194973 0.228695 -0.035561
v 0.203290 0.235911 -0.043541
v 0.202099 0.236910 -0.042283
v 0.197631 0.225803 -0.040870
v 0.196440 0.226802 -0.039612
v 0.185965 0.232810 -0.039072
v 0.185099 0.233708 -0.037509
v 0.191623 0.242918 -0.041741
v 0.190757 0.243816 -0.040178
v 0.181746 0.230774 -0.055720
v 0.180056 0.231800 -0.055417
v 0.187405 0.240880 -0.058390
v 0.185715 0.241906 -0.058087
v 0.187902 0.211695 0.112501
v 0.188382 0.211899 0.110570
v 0.152294 0.237650 0.106390
v 0.152774 0.237854 0.104459
v 0.194431 0.221272 0.115134
v 0.194911 0.221476 0.113203
v 0.158823 0.247227 0.109024
v 0.159302 0.247431 0.107093
v 0.149148 0.261124 -0.100014
v 0.148815 0.262116 -0.098310
v 0.107318 0.271724 -0.114347
v 0.106985 0.272716 -0.112643
v 0.144927 0.251182 -0.095050
v 0.144594 0.252174 -0.093346
v 0.103098 0.261782 -0.109384
v 0.102765 0.262774 -0.107680
v -0.174422 0.231595 -0.013414
v -0.173098 0.232086 -0.014831
v -0.188946 0.216765 -0.046148
v -0.187378 0.217475 -0.047166
v -0.194825 0.226903 -0.048132
v -0.193257 0.227613 -0.049150
v -0.180301 0.241733 -0.015398
v -0.178977 0.242224 -0.016814
v -0.173074 0.232554 -0.012504
v -0.172539 0.232487 -0.014430
v -0.178953 0.242693 -0.014489
v -0.178418 0.242626 -0.016415
v -0.177044 0.243767 -0.014656
v -0.177518 0.243133 -0.016493
v -0.171165 0.233629 -0.012671
v -0.171639 0.232995 -0.014508
v -0.175472 0.244421 -0.015969
v -0.176699 0.243463 -0.017225
v -0.169593 0.234284 -0.013984
v -0.170821 0.233326 -0.015239
v -0.163350 0.235635 -0.025574
v -0.164810 0.234611 -0.026480
v -0.169229 0.245773 -0.027558
v -0.170689 0.244749 -0.028464
v 0.003046 0.231124 -0.189295
v 0.004939 0.231444 -0.188734
v -0.006319 0.259861 -0.162832
v -0.004380 0.260102 -0.162407
v -0.006319 0.249530 -0.156952
v -0.004379 0.249771 -0.156528
v 0.003046 0.241455 -0.195174
v 0.004939 0.241775 -0.194613
v 0.005775 0.238357 -0.200617
v 0.007464 0.238886 -0.199686
v 0.005775 0.228027 -0.194738
v 0.007464 0.228557 -0.193807
v 0.009745 0.225787 -0.198674
v 0.011085 0.226522 -0.197384
v 0.009745 0.236118 -0.204553
v 0.011085 0.236852 -0.203263
v 0.014892 0.234309 -0.207733
v 0.015781 0.235195 -0.206176
v 0.014892 0.223978 -0.201854
v 0.015781 0.224864 -0.200297
v 0.021032 0.233357 -0.209404
v 0.021383 0.234331 -0.207693
v 0.021032 0.223026 -0.203525
v 0.021383 0.224000 -0.201814
v 0.029901 0.233142 -0.209781
v 0.029999 0.234130 -0.208045
v 0.029901 0.222811 -0.203902
v 0.029999 0.223798 -0.202165
v -0.090027 0.271248 0.111460
v -0.089658 0.272247 0.109767
v -0.128484 0.252490 0.092018
v -0.128115 0.253489 0.090325
v -0.132284 0.262536 0.097110
v -0.131915 0.263535 0.095417
v -0.086226 0.261202 0.106367
v -0.085857 0.262201 0.104674
v 0.150376 0.253428 -0.036455
v 0.148710 0.254464 -0.036065
v 0.163085 0.265891 -0.015270
v 0.161419 0.266927 -0.014880
v 0.156035 0.263535 -0.039125
v 0.154369 0.264571 -0.038735
v 0.157426 0.255785 -0.012600
v 0.155760 0.256821 -0.012210
v -0.077039 0.267280 -0.122557
v -0.076268 0.268310 -0.121025
v -0.106951 0.254853 -0.099149
v -0.106180 0.255883 -0.097617
v -0.073562 0.257113 -0.117473
v -0.072791 0.258143 -0.115941
v -0.110429 0.265020 -0.104233
v -0.109658 0.266050 -0.102701
v 0.111799 0.250156 0.142998
v 0.109909 0.250762 0.142749
v 0.105008 0.232576 0.151742
v 0.103118 0.233182 0.151493
v 0.107447 0.242604 0.157640
v 0.105557 0.243210 0.157390
v 0.109361 0.240128 0.137100
v 0.107471 0.240734 0.136850
v -0.134704 0.233072 -0.151519
v -0.134193 0.234074 -0.149865
v -0.159832 0.220968 -0.130738
v -0.159061 0.221997 -0.129206
v -0.131226 0.222905 -0.146436
v -0.130715 0.223907 -0.144782
v -0.163310 0.231135 -0.135821
v -0.162539 0.232164 -0.134289
v -0.130780 0.233912 -0.152521
v -0.130998 0.234741 -0.150714
v -0.127302 0.223747 -0.147438
v -0.127520 0.224576 -0.145631
v -0.123020 0.225661 -0.146540
v -0.124131 0.226085 -0.144932
v -0.126498 0.235826 -0.151625
v -0.127609 0.236249 -0.150017
v -0.108947 0.237558 -0.132372
v -0.110427 0.237719 -0.131037
v -0.112425 0.247725 -0.137455
v -0.113905 0.247886 -0.136120
v -0.006319 0.249530 -0.156952
v -0.006813 0.250488 -0.155267
v -0.023375 0.257713 -0.166605
v -0.023869 0.258671 -0.164920
v -0.023375 0.247384 -0.160726
v -0.023868 0.248343 -0.159042
v -0.006319 0.259861 -0.162832
v -0.006813 0.260819 -0.161147
v 0.109361 0.240128 0.137100
v 0.109872 0.241014 0.135381
v 0.121714 0.246976 0.144304
v 0.121579 0.248012 0.142598
v 0.119276 0.236948 0.138407
v 0.119141 0.237984 0.136701
v 0.111799 0.250156 0.142998
v 0.112310 0.251042 0.141279
v 0.121663 0.237042 0.137259
v 0.120462 0.238060 0.136026
v 0.124101 0.247070 0.143156
v 0.122900 0.248088 0.141923
v 0.125624 0.247833 0.141231
v 0.123763 0.248485 0.140894
v 0.123185 0.237805 0.135334
v 0.121325 0.238456 0.134996
v 0.123134 0.239307 0.132802
v 0.121247 0.239377 0.133462
v 0.125572 0.249334 0.138699
v 0.123685 0.249405 0.139359
v 0.114360 0.248803 0.120281
v 0.112663 0.248605 0.121320
v 0.116798 0.258832 0.126179
v 0.115101 0.258634 0.127218
v 0.020209 0.251895 -0.155693
v 0.019947 0.252925 -0.153999
v 0.037422 0.250648 -0.152277
v 0.037161 0.251678 -0.150582
v 0.022111 0.262049 -0.161573
v 0.021850 0.263079 -0.159878
v 0.039324 0.260803 -0.158156
v 0.039062 0.261833 -0.156462
v 0.152294 0.237650 0.106390
v 0.150693 0.238817 0.106115
v 0.148167 0.235896 0.122998
v 0.146566 0.237063 0.122723
v 0.158823 0.247227 0.109024
v 0.157222 0.248394 0.108749
v 0.154696 0.245474 0.125630
v 0.153095 0.246641 0.125355
v -0.150756 0.244438 -0.017911
v -0.149293 0.245462 -0.017011
v -0.180542 0.249460 0.024789
v -0.179079 0.250484 0.025689
v -0.174663 0.239322 0.026773
v -0.173200 0.240346 0.027673
v -0.156635 0.254577 -0.019895
v -0.155172 0.255601 -0.018994
v 0.129264 0.250517 0.111206
v 0.128294 0.251573 0.109812
v 0.116798 0.258832 0.126179
v 0.115828 0.259888 0.124785
v 0.131702 0.260545 0.117103
v 0.130731 0.261600 0.115709
v 0.114360 0.248803 0.120281
v 0.113389 0.249858 0.118887
v 0.038704 0.244280 0.153341
v 0.038969 0.245189 0.151579
v 0.002143 0.254438 0.153085
v 0.002408 0.255347 0.151323
v 0.041471 0.254377 0.158967
v 0.041736 0.255286 0.157205
v 0.004910 0.264536 0.158712
v 0.005175 0.265445 0.156950
v -0.023784 0.253601 0.160689
v -0.023888 0.254569 0.158942
v -0.006802 0.257228 0.161680
v -0.006907 0.258195 0.159933
v -0.021290 0.243497 0.154946
v -0.021395 0.244464 0.153199
v -0.004308 0.247126 0.155936
v -0.004413 0.248093 0.154189
v -0.108947 0.237558 -0.132372
v -0.108177 0.238588 -0.130840
v -0.086906 0.239051 -0.144469
v -0.086135 0.240080 -0.142937
v -0.090384 0.249216 -0.149551
v -0.089613 0.250245 -0.148019
v -0.112425 0.247725 -0.137455
v -0.111654 0.248754 -0.135923
v -0.035737 -0.272195 0.044743
v -0.035413 -0.270248 0.044419
v 0.009812 -0.244428 0.134612
v 0.009812 -0.242565 0.133884
v 0.009812 -0.272195 0.063610
v 0.009812 -0.270248 0.063151
v -0.085943 -0.244428 0.094949
v -0.085428 -0.242565 0.094433
v -0.125606 -0.244428 -0.000806
v -0.124878 -0.242565 -0.000806
v -0.054604 -0.272195 -0.000806
v -0.054146 -0.270248 -0.000806
v -0.035737 -0.272195 -0.046355
v -0.035413 -0.270248 -0.046031
v -0.085943 -0.244428 -0.096561
v -0.085428 -0.242565 -0.096046
v 0.009812 -0.244428 -0.136223
v 0.009812 -0.242565 -0.135495
v 0.009812 -0.272195 -0.065223
v 0.009812 -0.270248 -0.064765
v 0.055361 -0.272195 -0.046355
v 0.055037 -0.270248 -0.046031
v 0.105567 -0.244428 -0.096561
v 0.105051 -0.242565 -0.096047
v 0.145230 -0.244428 -0.000806
v 0.144502 -0.242565 -0.000806
v 0.074228 -0.272195 -0.000806
v 0.073770 -0.270248 -0.000806
v 0.055361 -0.272195 0.044743
v 0.055037 -0.270248 0.044419
v 0.105567 -0.244428 0.094949
v 0.105052 -0.242565 0.094434
v -0.138232 0.251851 -0.109210
v -0.135339 0.243394 -0.104982
v -0.108481 0.255624 -0.098898
v -0.111374 0.264081 -0.103126
v -0.103479 0.229053 -0.155462
v -0.106372 0.237509 -0.159690
v -0.104264 0.238200 -0.159750
v -0.101371 0.229744 -0.155522
v 0.198455 0.235077 -0.004851
v 0.133395 0.262979 0.040254
v 0.138243 0.271412 0.042029
v 0.203302 0.243509 -0.003075
v 0.163648 0.226014 0.164623
v 0.131544 0.260763 0.118813
v 0.118341 0.259246 0.126853
v 0.126751 0.250141 0.138854
v 0.126814 0.248333 0.141907
v 0.124928 0.247386 0.144289
v 0.121991 0.247272 0.145703
v 0.112694 0.250253 0.144478
v 0.108852 0.243588 0.157402
v 0.133240 0.239424 -0.154598
v 0.126751 0.257390 -0.124136
v 0.123242 0.249123 -0.120006
v 0.129729 0.231156 -0.150469
v -0.190642 0.217005 -0.045889
v -0.213547 0.212090 -0.003148
v -0.218436 0.220521 -0.004799
v -0.195531 0.225437 -0.047539
v 0.202064 0.235893 -0.041757
v 0.197357 0.227485 -0.039535
v 0.196408 0.228895 -0.036214
v 0.201115 0.237302 -0.038434
v 0.211983 0.228671 -0.004056
v 0.216690 0.237076 -0.006277
v 0.163484 0.264840 -0.013952
v 0.158777 0.256434 -0.011732
v 0.122342 0.246686 0.142522
v 0.122395 0.246700 0.142477
v 0.120367 0.238359 0.137572
v 0.120314 0.238345 0.137617
v 0.145783 0.223566 -0.175693
v 0.142273 0.215297 -0.171564
v 0.133168 0.242672 -0.124483
v 0.136678 0.250942 -0.128612
v 0.020500 0.253767 -0.174377
v 0.018922 0.253281 -0.175727
v 0.017339 0.244836 -0.170838
v 0.018918 0.245321 -0.169487
v 0.110394 0.249172 0.143236
v 0.108366 0.240831 0.138331
v 0.104524 0.234166 0.151254
v 0.106552 0.242506 0.156160
v 0.016291 0.225142 -0.201830
v 0.020253 0.224530 -0.202904
v 0.020253 0.233123 -0.207794
v 0.016291 0.233735 -0.206720
v 0.163468 0.219143 -0.169514
v 0.149880 0.259559 -0.100133
v 0.146369 0.251289 -0.096003
v 0.159958 0.210876 -0.165385
v 0.036912 0.210657 0.216681
v 0.039213 0.219057 0.221360
v 0.023733 0.222423 0.222932
v 0.021432 0.214023 0.218251
v 0.165624 0.223779 0.163576
v 0.163596 0.215439 0.158671
v 0.130805 0.250932 0.111878
v 0.132833 0.259273 0.116783
v 0.068695 0.211518 -0.001790
v 0.052147 0.211518 -0.041743
v 0.096297 0.184646 -0.085890
v 0.131134 0.184646 -0.001787
v 0.028829 0.214689 -0.220197
v -0.005381 0.214689 -0.220197
v -0.005381 0.223281 -0.225088
v 0.028829 0.223282 -0.225088
v 0.072916 -0.271222 -0.000806
v 0.054434 -0.271222 -0.045428
v 0.009812 -0.271222 -0.063911
v -0.034810 -0.271222 -0.045428
v -0.053292 -0.271222 -0.000806
v -0.034810 -0.271222 0.043816
v 0.009812 -0.271222 0.062298
v 0.054434 -0.271222 0.043816
v 0.167395 0.235432 0.135173
v 0.158812 0.239343 0.142230
v 0.164913 0.231831 0.154429
v 0.189426 0.220643 0.134344
v 0.193940 0.222559 0.116183
v 0.159933 0.247347 0.110348
v 0.156286 0.245798 0.125023
v 0.166057 0.238674 0.126701
v 0.168152 0.236753 0.128499
v 0.168696 0.235464 0.131846
v -0.095564 0.239944 -0.162217
v -0.089602 0.247905 -0.150370
v -0.086709 0.239451 -0.146143
v -0.092671 0.231487 -0.157988
v 0.134116 0.254147 -0.124371
v 0.130605 0.245879 -0.120241
v 0.127751 0.247646 -0.119129
v 0.131261 0.255915 -0.123259
v 0.125447 0.260922 -0.122959
v 0.132113 0.241555 -0.156079
v 0.117949 0.245059 -0.161101
v 0.108764 0.271830 -0.115300
v 0.148750 0.261697 -0.101599
v 0.162340 0.221278 -0.170987
v 0.148332 0.224776 -0.175892
v 0.139013 0.252774 -0.127749
v 0.137047 0.255452 -0.124050
v 0.131671 0.258794 -0.121936
v 0.219063 0.220826 -0.062753
v 0.218464 0.235641 -0.007948
v 0.213757 0.227236 -0.005728
v 0.214357 0.212419 -0.060532
v -0.003290 0.237630 0.195612
v -0.002150 0.236212 0.198600
v -0.000075 0.227808 0.193822
v -0.001216 0.229226 0.190833
v -0.201835 0.220764 0.006474
v -0.206724 0.229197 0.004824
v -0.217919 0.221341 -0.002142
v -0.213029 0.212910 -0.000491
v 0.218252 0.223533 -0.063131
v 0.188969 0.241335 -0.057806
v 0.192705 0.243140 -0.043060
v 0.204875 0.235831 -0.044937
v 0.203544 0.238691 -0.036933
v 0.198133 0.243559 -0.029970
v 0.189674 0.248905 -0.027660
v 0.180322 0.253615 -0.029661
v 0.173538 0.255869 -0.035497
v 0.170117 0.256013 -0.042200
v 0.157615 0.263958 -0.038629
v 0.164193 0.266156 -0.016370
v 0.217657 0.238257 -0.008658
v 0.012836 0.227672 0.224267
v 0.012032 0.235093 0.210864
v 0.005488 0.234351 0.209326
v 0.000212 0.234991 0.205915
v -0.003950 0.236691 0.201114
v -0.005965 0.239181 0.195863
v -0.007936 0.257386 0.162980
v -0.022963 0.254176 0.162103
v -0.019222 0.220799 0.222439
v 0.104207 0.262881 -0.108634
v 0.144196 0.252748 -0.094931
v 0.147707 0.261017 -0.099059
v 0.107717 0.271150 -0.112762
v 0.148156 0.237387 0.122117
v 0.153586 0.245354 0.124306
v 0.157233 0.246903 0.109630
v 0.151803 0.238937 0.107440
v 0.019904 0.250515 0.174392
v 0.003231 0.255170 0.174235
v 0.000930 0.246770 0.169555
v 0.017604 0.242115 0.169713
v -0.169462 0.247037 -0.026403
v -0.175338 0.245763 -0.015494
v -0.177291 0.244952 -0.013863
v -0.179727 0.243581 -0.013650
v -0.181480 0.242332 -0.014832
v -0.195432 0.228087 -0.046275
v -0.217965 0.223251 -0.004228
v -0.206767 0.231109 0.002741
v -0.201138 0.232338 -0.007642
v -0.199514 0.232848 -0.009860
v -0.196984 0.234219 -0.010357
v -0.194661 0.235768 -0.009325
v -0.180914 0.249983 0.022577
v -0.158332 0.254817 -0.019631
v -0.150988 0.245703 -0.016751
v -0.155878 0.254135 -0.018401
v -0.178847 0.249220 0.024529
v -0.173957 0.240788 0.026179
v -0.112256 0.237503 -0.160355
v -0.124504 0.226693 -0.173592
v -0.169169 0.223669 -0.149081
v -0.163124 0.231534 -0.137489
v -0.135255 0.233422 -0.152783
v -0.130960 0.234340 -0.153878
v -0.126215 0.236462 -0.152886
v -0.112438 0.248111 -0.139014
v -0.091937 0.249498 -0.150264
v -0.097894 0.241543 -0.162100
v -0.103589 0.241205 -0.158881
v -0.108538 0.239594 -0.158714
v 0.054915 -0.270832 -0.047307
v 0.103616 -0.243886 -0.096009
v 0.010801 -0.243887 -0.134452
v 0.010801 -0.270832 -0.065581
v 0.003472 0.255474 0.152684
v 0.005773 0.263873 0.157364
v 0.040407 0.254250 0.157606
v 0.038106 0.245852 0.152927
v -0.135031 0.232658 -0.149784
v -0.161757 0.230854 -0.135108
v -0.158864 0.222397 -0.130880
v -0.132138 0.224202 -0.145556
v 0.211543 0.235878 0.010666
v 0.206696 0.227446 0.008891
v 0.200791 0.233605 -0.004240
v 0.205639 0.242037 -0.002465
v 0.201916 0.234284 0.044514
v 0.197152 0.233829 0.059679
v 0.192305 0.225398 0.057904
v 0.197069 0.225854 0.042739
v 0.127515 0.257568 -0.123131
v 0.129521 0.256735 -0.123096
v 0.126010 0.248466 -0.118966
v 0.124005 0.249300 -0.119002
v 0.040718 0.255009 0.160315
v 0.005974 0.264663 0.160073
v 0.003967 0.257777 0.173420
v 0.022211 0.252657 0.173639
v 0.024785 0.250871 0.175578
v 0.025773 0.248772 0.178862
v 0.024245 0.225085 0.222126
v 0.039709 0.221723 0.220556
v -0.119582 0.252542 0.123969
v -0.116421 0.244187 0.119734
v -0.115577 0.245304 0.118160
v -0.118738 0.253659 0.122395
v 0.021945 0.255340 -0.171192
v 0.021481 0.254450 -0.172879
v 0.019899 0.246004 -0.167990
v 0.020363 0.246895 -0.166301
v -0.127136 0.215617 0.168095
v -0.117020 0.243157 0.121319
v -0.120181 0.251512 0.125555
v -0.130296 0.223972 0.172332
v 0.019501 0.252316 -0.157216
v 0.021083 0.260762 -0.162107
v 0.022080 0.256304 -0.169483
v 0.020498 0.247858 -0.164592
v 0.008830 0.236359 -0.188230
v 0.010242 0.243896 -0.174754
v 0.011825 0.252342 -0.179644
v 0.010412 0.244805 -0.193120
v -0.001189 0.235549 0.200183
v 0.001276 0.234544 0.203023
v 0.003351 0.226140 0.198246
v 0.000885 0.227145 0.195406
v 0.012557 0.234404 0.208166
v 0.014632 0.226000 0.203388
v 0.009618 0.225422 0.202229
v 0.007543 0.233825 0.207005
v -0.132529 0.222593 0.173387
v -0.146680 0.219729 0.168475
v -0.143519 0.211374 0.164240
v -0.129368 0.214238 0.169150
v 0.165534 0.234993 0.132363
v 0.160103 0.227027 0.130174
v 0.159984 0.227026 0.130472
v 0.165414 0.234992 0.132662
v 0.174605 0.252893 -0.035596
v 0.179206 0.251367 -0.031628
v 0.174499 0.242960 -0.029407
v 0.169898 0.244487 -0.033375
v 0.200423 0.238117 -0.036813
v 0.195716 0.229711 -0.034592
v 0.191946 0.233107 -0.029725
v 0.196653 0.241513 -0.031946
v -0.193172 0.226788 -0.047629
v -0.179519 0.240743 -0.016784
v -0.174630 0.232311 -0.015134
v -0.188282 0.218356 -0.045979
v 0.178198 0.238876 0.032412
v 0.178413 0.238990 0.031286
v 0.183259 0.247422 0.033061
v 0.183045 0.247308 0.034187
v 0.153884 0.237974 0.105784
v 0.159314 0.245940 0.107974
v 0.193321 0.221152 0.113810
v 0.187891 0.213186 0.111620
v -0.176322 0.242785 -0.015819
v -0.171432 0.234353 -0.014168
v -0.171166 0.234469 -0.014367
v -0.176055 0.242901 -0.016018
v -0.178905 0.241298 -0.015766
v -0.174015 0.232866 -0.014116
v -0.173541 0.233201 -0.013807
v -0.178430 0.241634 -0.015458
v -0.130314 0.224465 -0.146279
v -0.128652 0.224813 -0.146720
v -0.131545 0.233268 -0.150948
v -0.133207 0.232921 -0.150507
v -0.109607 0.253366 -0.125763
v -0.106715 0.244911 -0.121536
v -0.117438 0.241785 -0.120448
v -0.120330 0.250242 -0.124676
v -0.077236 0.266880 -0.120883
v -0.108876 0.264739 -0.103520
v -0.105983 0.256282 -0.099291
v -0.074344 0.258424 -0.116655
v 0.205907 0.227328 0.011604
v 0.210754 0.235760 0.013379
v 0.184223 0.247186 0.031549
v 0.179376 0.238754 0.029774
v 0.022206 0.224358 -0.203206
v 0.028951 0.224198 -0.203486
v 0.028951 0.232791 -0.208376
v 0.022206 0.232951 -0.208096
v 0.123896 0.247018 0.141315
v 0.121868 0.238677 0.136410
v 0.121860 0.238692 0.136390
v 0.123888 0.247032 0.141295
v 0.178542 0.238322 0.034104
v 0.183389 0.246754 0.035879
v 0.184015 0.246236 0.036633
v 0.179167 0.237804 0.034857
v 0.124471 0.247825 0.139706
v 0.124441 0.248016 0.139393
v 0.122413 0.239676 0.134488
v 0.122443 0.239484 0.134801
v -0.105243 0.228286 -0.155789
v -0.106672 0.227478 -0.156427
v -0.109565 0.235934 -0.160656
v -0.108136 0.236742 -0.160017
v -0.090581 0.248816 -0.147877
v -0.110872 0.247444 -0.136742
v -0.107979 0.238987 -0.132514
v -0.087688 0.240362 -0.143651
v 0.036473 0.252088 -0.152118
v 0.038055 0.260535 -0.157009
v 0.022799 0.261639 -0.160037
v 0.021217 0.253193 -0.155146
v 0.183279 0.210283 0.133609
v 0.188709 0.218250 0.135798
v 0.164614 0.229247 0.155540
v 0.159184 0.221281 0.153350
v -0.035291 -0.270832 0.045695
v -0.083992 -0.243887 0.094396
v 0.008823 -0.243886 0.132841
v 0.008823 -0.270832 0.063968
v 0.044771 0.238533 -0.192834
v 0.040256 0.259354 -0.158335
v 0.038674 0.250908 -0.153445
v 0.043189 0.230088 -0.187944
v 0.030833 0.224268 -0.223353
v 0.030897 0.231776 -0.210159
v 0.030897 0.223183 -0.205269
v 0.030833 0.215676 -0.218462
v 0.010799 0.211518 0.058080
v 0.050751 0.211518 0.041532
v 0.094902 0.184646 0.085685
v 0.010799 0.184646 0.120521
v 0.008825 0.211518 0.058080
v 0.008825 0.184646 0.120521
v -0.075278 0.184646 0.085684
v -0.031127 0.211518 0.041532
v -0.076673 0.184646 -0.085890
v -0.032523 0.211518 -0.041743
v -0.049072 0.211518 -0.001790
v -0.111510 0.184646 -0.001787
v 0.150301 0.254891 -0.035530
v 0.156787 0.257059 -0.013584
v 0.161494 0.265464 -0.015805
v 0.155008 0.263297 -0.037751
v -0.110745 0.265385 -0.105625
v -0.078592 0.267561 -0.123270
v -0.084445 0.259745 -0.134898
v -0.096168 0.258705 -0.128957
v -0.109098 0.256288 -0.124945
v -0.122208 0.252467 -0.123620
v -0.132469 0.248100 -0.125331
v -0.138104 0.252926 -0.111823
v 0.150816 0.230442 0.140776
v 0.156916 0.222930 0.152974
v 0.162347 0.230895 0.155165
v 0.156246 0.238407 0.142967
v -0.047417 0.211940 -0.000803
v -0.030655 0.211940 -0.041271
v 0.009812 0.211941 -0.058032
v 0.050279 0.211940 -0.041271
v 0.067041 0.211940 -0.000803
v 0.050279 0.211940 0.039664
v 0.009812 0.211940 0.056426
v -0.030655 0.211940 0.039664
v 0.201259 0.237033 0.044391
v 0.184473 0.247727 0.039438
v 0.182050 0.249806 0.036179
v 0.182975 0.250291 0.031351
v 0.210961 0.238261 0.012074
v 0.205058 0.244419 -0.001053
v 0.141020 0.271884 0.043343
v 0.196495 0.236578 0.059558
v 0.038888 0.211202 0.214732
v 0.039895 0.244436 0.154590
v 0.042196 0.252833 0.159269
v 0.041188 0.219602 0.219411
v 0.041250 0.229351 -0.189846
v 0.010619 0.235019 -0.189965
v 0.012201 0.243466 -0.194855
v 0.042832 0.237796 -0.194736
v 0.182821 0.230994 -0.057060
v 0.187527 0.239400 -0.059281
v 0.217104 0.221419 -0.064660
v 0.212398 0.213012 -0.062439
v 0.043105 0.240519 -0.193987
v 0.012698 0.246147 -0.194106
v 0.014116 0.253707 -0.180588
v 0.015048 0.253558 -0.180546
v 0.019533 0.253745 -0.178773
v 0.023278 0.254936 -0.175503
v 0.024500 0.257149 -0.171283
v 0.023363 0.262319 -0.162724
v 0.038617 0.261214 -0.159696
v 0.133540 0.262358 0.042809
v 0.190070 0.226382 0.059331
v 0.194917 0.234814 0.061106
v 0.138388 0.270791 0.044584
v 0.008826 0.184646 -0.122122
v 0.008826 0.211518 -0.059687
v -0.031127 0.211518 -0.043139
v -0.075278 0.184647 -0.087286
v 0.128240 0.230617 -0.152813
v 0.114077 0.234122 -0.157836
v 0.117587 0.242390 -0.161964
v 0.131751 0.238886 -0.156942
v 0.003748 0.232633 -0.188666
v 0.003748 0.241225 -0.193556
v -0.005105 0.258633 -0.162968
v -0.005105 0.250040 -0.158077
v 0.136118 0.251976 -0.127016
v 0.132608 0.243707 -0.122887
v 0.131806 0.244840 -0.121302
v 0.135316 0.253107 -0.125431
v -0.073365 0.257513 -0.119147
v -0.079203 0.249715 -0.130748
v -0.082095 0.258172 -0.134975
v -0.076257 0.265969 -0.123376
v -0.117160 0.239556 0.151393
v -0.110008 0.257605 0.121129
v -0.106848 0.249250 0.116892
v -0.113999 0.231201 0.147158
v 0.050751 0.211518 -0.043139
v 0.010799 0.211518 -0.059687
v 0.010799 0.184646 -0.122122
v 0.094902 0.184647 -0.087286
v 0.111892 0.235576 -0.156782
v 0.102705 0.262352 -0.110971
v 0.106214 0.270621 -0.115099
v 0.115402 0.243845 -0.160910
v 0.028833 0.226009 -0.224338
v -0.005603 0.226009 -0.224338
v -0.022160 0.258225 -0.167728
v -0.007044 0.260128 -0.164384
v 0.002097 0.242164 -0.195950
v 0.004920 0.238957 -0.201583
v 0.009070 0.236618 -0.205697
v 0.014442 0.234730 -0.209016
v 0.020855 0.233735 -0.210761
v 0.028897 0.233540 -0.211103
v -0.130786 0.237132 -0.120625
v -0.136402 0.241940 -0.107162
v -0.139294 0.250397 -0.111391
v -0.133679 0.245587 -0.124852
v -0.117498 0.254662 0.121344
v -0.114337 0.246307 0.117108
v -0.111415 0.247968 0.116009
v -0.114576 0.256324 0.120245
v -0.110766 0.257825 0.120129
v -0.112804 0.257075 0.120088
v -0.109642 0.248719 0.115850
v -0.107606 0.249470 0.115891
v 0.200878 0.235384 0.042124
v 0.196031 0.226954 0.040349
v 0.180517 0.236826 0.035813
v 0.185364 0.245259 0.037588
v 0.013361 0.225005 0.225048
v -0.018694 0.218132 0.223220
v -0.016621 0.209730 0.218442
v 0.015436 0.216603 0.220269
v 0.013925 0.252981 -0.177861
v 0.012342 0.244535 -0.172971
v 0.011856 0.244603 -0.173009
v 0.013439 0.253049 -0.177899
v -0.001595 0.230115 0.189106
v -0.003489 0.247701 0.157350
v -0.005563 0.256103 0.162128
v -0.003670 0.238519 0.193884
v 0.190470 0.242399 -0.041697
v 0.186328 0.240661 -0.057051
v 0.181621 0.232255 -0.054831
v 0.185764 0.233992 -0.039478
v -0.198188 0.231821 -0.007056
v -0.193298 0.223389 -0.005406
v -0.193419 0.223331 -0.005341
v -0.198309 0.231764 -0.006991
v -0.195548 0.233232 -0.007677
v -0.190658 0.224798 -0.006026
v -0.190842 0.224670 -0.006132
v -0.195732 0.233104 -0.007783
v -0.099144 0.243170 0.157710
v -0.095983 0.234815 0.153475
v -0.085806 0.261736 0.107960
v -0.088968 0.270092 0.112196
v -0.204320 0.230427 0.003984
v -0.199430 0.221994 0.005634
v -0.194353 0.223104 -0.003738
v -0.199243 0.231535 -0.005388
v -0.196862 0.232415 -0.007954
v -0.191971 0.223982 -0.006304
v -0.192305 0.223808 -0.006203
v -0.197195 0.232242 -0.007853
v 0.163331 0.237702 0.127967
v 0.154707 0.243983 0.126511
v 0.149277 0.236017 0.124322
v 0.157901 0.229738 0.125778
v 0.005740 0.233817 0.206238
v 0.007815 0.225413 0.201462
v 0.004819 0.225780 0.199516
v 0.002745 0.234184 0.204293
v -0.007621 0.256653 0.160266
v -0.005547 0.248251 0.155489
v -0.020576 0.245039 0.154612
v -0.022650 0.253443 0.159389
v -0.167535 0.245531 -0.027824
v -0.156408 0.253309 -0.021054
v -0.151518 0.244877 -0.019403
v -0.162645 0.237099 -0.026174
v 0.158891 0.227350 0.132002
v 0.151482 0.230739 0.138043
v 0.156913 0.238705 0.140234
v 0.164321 0.235316 0.134193
v 0.004392 0.231700 -0.190306
v 0.006220 0.229614 -0.193970
v 0.006220 0.238206 -0.198860
v 0.004392 0.240292 -0.195196
v 0.023334 0.246889 0.179214
v 0.021033 0.238489 0.174534
v 0.019535 0.215416 0.216683
v 0.021835 0.223816 0.221363
v -0.124878 0.223940 -0.174165
v -0.121985 0.215484 -0.169937
v -0.166473 0.212474 -0.145523
v -0.169366 0.220928 -0.149751
v 0.173415 0.253157 -0.037119
v 0.168708 0.244751 -0.034898
v 0.166037 0.244852 -0.040178
v 0.170744 0.253257 -0.042398
v 0.158460 0.210344 -0.167725
v 0.144450 0.213840 -0.172631
v 0.147959 0.222109 -0.176759
v 0.161969 0.218611 -0.171854
v 0.164931 0.236397 0.128752
v 0.164755 0.236547 0.128639
v 0.159324 0.228583 0.126449
v 0.159501 0.228431 0.126562
v 0.201369 0.236071 -0.042556
v 0.191564 0.242006 -0.040866
v 0.186858 0.233599 -0.038646
v 0.196662 0.227663 -0.040335
v 0.195292 0.242517 -0.031030
v 0.190585 0.234111 -0.028809
v 0.184582 0.237901 -0.027186
v 0.189289 0.246307 -0.029407
v 0.164063 0.223012 0.165526
v 0.107931 0.241014 0.158128
v 0.105903 0.232673 0.153222
v 0.162035 0.214671 0.160621
v 0.165748 0.235357 0.130509
v 0.165704 0.235470 0.130209
v 0.160273 0.227504 0.128019
v 0.160318 0.227390 0.128320
v -0.177656 0.242108 -0.015331
v -0.172766 0.233676 -0.013680
v -0.172432 0.233863 -0.013710
v -0.177322 0.242296 -0.015361
v 0.180818 0.250681 -0.030808
v 0.187588 0.247269 -0.029369
v 0.182881 0.238863 -0.027149
v 0.176111 0.242274 -0.028586
v -0.131225 0.245729 -0.126247
v -0.122195 0.249576 -0.124732
v -0.119303 0.241120 -0.120503
v -0.128332 0.237274 -0.122020
v -0.084596 0.257007 -0.135593
v -0.081704 0.248550 -0.131366
v -0.092332 0.247612 -0.125974
v -0.095224 0.256066 -0.130203
v 0.194442 0.219781 0.116016
v 0.190071 0.217926 0.133602
v 0.184641 0.209958 0.131412
v 0.189012 0.211815 0.113825
v -0.148160 0.220350 0.166146
v -0.133079 0.261001 0.097212
v -0.129918 0.252645 0.092977
v -0.144999 0.211995 0.161912
v 0.015354 0.252929 -0.177487
v 0.013772 0.244484 -0.172597
v 0.015677 0.244565 -0.171845
v 0.017260 0.253009 -0.176734
v -0.175119 0.243191 -0.017306
v -0.169936 0.244306 -0.026968
v -0.165046 0.235874 -0.025318
v -0.170230 0.234760 -0.015654
v -0.090452 0.270711 0.109870
v -0.087290 0.262355 0.105633
v -0.127690 0.254026 0.091915
v -0.130850 0.262382 0.096151
v 0.151356 0.253684 -0.037860
v 0.156063 0.262091 -0.040081
v 0.168400 0.254251 -0.043605
v 0.163693 0.245846 -0.041384
v 0.009756 0.227396 -0.197870
v 0.009756 0.235988 -0.202760
v 0.007279 0.237381 -0.200311
v 0.007279 0.228789 -0.195421
v -0.161391 0.221255 -0.131436
v -0.164284 0.229711 -0.135663
v -0.170329 0.221846 -0.147256
v -0.167437 0.213392 -0.143027
v -0.097053 0.255812 -0.129461
v -0.094161 0.247357 -0.125232
v -0.104820 0.245365 -0.121924
v -0.107712 0.253820 -0.126152
v 0.123936 0.249053 0.137837
v 0.116232 0.257361 0.126898
v 0.114204 0.249020 0.121992
v 0.121908 0.240713 0.132932
v -0.124765 0.226327 -0.146352
v -0.127658 0.234781 -0.150581
v -0.129700 0.233872 -0.151002
v -0.126807 0.225418 -0.146774
v 0.052147 0.211518 0.040136
v 0.068695 0.211518 0.000184
v 0.131134 0.184646 0.000187
v 0.096297 0.184646 0.084289
v -0.110585 0.237982 -0.132742
v -0.113478 0.246438 -0.136969
v -0.126155 0.235694 -0.149783
v -0.123263 0.227240 -0.145554
v -0.101384 0.241794 0.158753
v -0.115690 0.238929 0.153726
v -0.112528 0.230575 0.149492
v -0.098224 0.233439 0.154518
v -0.007597 0.215541 -0.218699
v -0.024098 0.247652 -0.162277
v -0.024098 0.256243 -0.167167
v -0.007597 0.224133 -0.223590
v 0.021909 0.249514 0.175203
v 0.021566 0.249761 0.174930
v 0.019265 0.241360 0.170251
v 0.019608 0.241115 0.170523
v -0.007535 0.250756 -0.156819
v -0.007535 0.259349 -0.161709
v -0.022653 0.257445 -0.165054
v -0.022653 0.248854 -0.160164
v -0.176312 0.239436 0.026256
v -0.181202 0.247869 0.024606
v -0.194585 0.234003 -0.006586
v -0.189695 0.225569 -0.004935
v 0.022853 0.248507 0.176546
v 0.020553 0.240108 0.171866
v 0.020818 0.239492 0.172840
v 0.023119 0.247891 0.177521
v -0.098092 0.238802 -0.162770
v -0.095199 0.230346 -0.158541
v -0.099551 0.230105 -0.156046
v -0.102444 0.238561 -0.160274
v -0.122440 0.253448 0.124719
v -0.120375 0.256090 0.121047
v -0.114871 0.259232 0.118957
v -0.108563 0.261095 0.119991
v -0.115944 0.241621 0.152895
v -0.101639 0.244485 0.157921
v -0.091465 0.271402 0.112418
v -0.131860 0.263074 0.098700
v -0.146943 0.222419 0.167641
v -0.132793 0.225282 0.172552
v -0.036689 -0.270832 0.044297
v -0.054962 -0.270832 0.000183
v -0.123835 -0.243887 0.000183
v -0.085390 -0.243887 0.092998
v 0.110766 0.241112 0.136861
v 0.112794 0.249453 0.141767
v 0.120497 0.246953 0.142831
v 0.118469 0.238613 0.137926
v -0.036689 -0.270832 -0.045909
v -0.085390 -0.243887 -0.094610
v -0.123835 -0.243887 -0.001795
v -0.054962 -0.270832 -0.001795
v 0.128134 0.251791 0.111523
v 0.114930 0.250272 0.119562
v 0.116958 0.258614 0.124468
v 0.130161 0.260131 0.116427
v -0.108068 0.226506 -0.157416
v -0.119384 0.216507 -0.169671
v -0.122277 0.224963 -0.173898
v -0.110961 0.234962 -0.161644
v -0.024496 0.252058 0.161024
v -0.022422 0.243654 0.156248
v -0.018681 0.210278 0.216583
v -0.020755 0.218680 0.221362
v -0.035291 -0.270832 -0.047307
v 0.008823 -0.270832 -0.065581
v 0.008823 -0.243887 -0.134452
v -0.083992 -0.243887 -0.096008
v 0.014414 0.233723 0.210169
v 0.015208 0.226390 0.223413
v 0.017282 0.217988 0.218635
v 0.016488 0.225320 0.205391
v 0.010801 -0.243886 0.132841
v 0.103616 -0.243887 0.094396
v 0.054915 -0.270832 0.045695
v 0.010801 -0.270832 0.063968
v 0.011230 0.226737 -0.199027
v 0.014522 0.225577 -0.201067
v 0.014522 0.234169 -0.205956
v 0.011230 0.235329 -0.203917
v 0.003581 0.263500 0.159113
v 0.001280 0.255101 0.154432
v -0.000726 0.248216 0.167775
v 0.001575 0.256616 0.172455
v -0.111510 0.184646 0.000187
v -0.049071 0.211518 0.000184
v -0.032523 0.211518 0.040136
v -0.076674 0.184646 0.084289
v 0.056313 -0.270832 0.044297
v 0.105014 -0.243887 0.092998
v 0.143459 -0.243887 0.000183
v 0.074586 -0.270832 0.000183
v 0.056313 -0.270832 -0.045909
v 0.074586 -0.270832 -0.001795
v 0.143459 -0.243887 -0.001795
v 0.105014 -0.243886 -0.094610
vn 0.8370 -0.3180 0.4453
vn 0.4234 0.8917 -0.1598
vn 0.5272 0.2517 -0.8116
vn 0.7661 -0.4463 -0.4625
vn 0.2004 0.0794 0.9765
vn -0.0386 0.7777 0.6274
vn -0.8370 0.3176 -0.4456
vn -0.2005 -0.0793 -0.9765
vn -0.7662 0.4463 0.4623
vn -0.4229 -0.8920 0.1597
vn 0.0383 -0.7780 -0.6270
vn -0.5274 -0.2522 0.8113
vn 0.4608 0.8557 -0.2355
vn 0.8692 -0.3375 0.3613
vn -0.1521 -0.0714 0.9858
vn -0.4090 0.6780 0.6108
vn 0.1458 0.0918 -0.9850
vn 0.4130 -0.6902 -0.5941
vn -0.4806 -0.7659 0.4272
vn 0.2653 0.0575 0.9624
vn 0.0006 -0.8252 -0.5648
vn -0.8887 0.4264 -0.1685
vn 0.0072 0.8103 0.5860
vn -0.2708 -0.0305 -0.9621
vn -0.2014 0.8381 0.5069
vn 0.8948 0.3679 -0.2528
vn 0.8419 -0.1164 0.5269
vn 0.2092 0.1552 0.9655
vn -0.4418 0.8126 -0.3801
vn 0.1906 0.5412 -0.8190
vn 0.2016 -0.8383 -0.5065
vn 0.4421 -0.8125 0.3801
vn -0.2095 -0.1553 -0.9654
vn -0.8948 -0.3679 0.2528
vn -0.1914 -0.5412 0.8188
vn -0.8423 0.1160 -0.5264
vn -0.7752 0.4495 -0.4439
vn -0.2564 -0.4429 0.8591
vn -0.3157 -0.9444 0.0917
vn -0.4686 -0.6272 -0.6221
vn -0.0855 0.9486 0.3048
vn 0.0189 0.4324 0.9015
vn 0.9444 -0.3037 0.1257
vn 0.3771 -0.8643 -0.3328
vn 0.7124 0.5139 0.4778
vn 0.9433 -0.0355 -0.3300
vn 0.5089 -0.6307 -0.5858
vn 0.8036 0.5815 0.1267
vn 0.9303 -0.3253 0.1693
vn 0.4898 -0.8368 -0.2446
vn 0.7879 0.3897 0.4769
vn 0.6010 -0.5091 0.6161
vn 0.2702 -0.9602 0.0713
vn 0.5653 0.2528 0.7852
vn 0.0676 -0.5179 0.8528
vn -0.1029 -0.9689 0.2251
vn 0.1957 0.2573 0.9463
vn 0.4875 -0.5276 0.6957
vn 0.1139 -0.9935 -0.0034
vn 0.4490 0.3842 0.8067
vn 0.8486 0.0989 -0.5197
vn 0.3222 -0.6317 -0.7051
vn 0.6574 0.7461 0.1054
vn -0.3607 -0.1844 0.9143
vn -0.4487 -0.7691 -0.4551
vn -0.7925 0.0496 0.6078
vn -0.9709 0.0924 0.2210
vn 0.5760 -0.2865 0.7656
vn 0.3211 -0.9319 -0.1686
vn -0.0143 0.2554 -0.9667
vn -0.4419 0.8757 0.1947
vn 0.7436 0.0632 -0.6656
vn 0.1110 0.9265 0.3596
vn -0.7153 0.6943 -0.0795
vn 0.8279 0.3071 0.4693
vn -0.6821 0.5315 0.5023
vn -0.0174 0.6744 -0.7381
vn 0.5869 0.8076 -0.0582
vn 0.2033 0.7251 0.6580
vn -0.9907 -0.1112 -0.0784
vn -0.6070 -0.0288 -0.7942
vn 0.6821 -0.5318 -0.5020
vn 0.9907 0.1112 0.0782
vn -0.2031 -0.7253 -0.6578
vn 0.0174 -0.6745 0.7381
vn 0.6070 0.0288 0.7942
vn -0.5869 -0.8076 0.0581
vn 0.0188 -0.4489 0.8934
vn 0.5648 0.5262 0.6358
vn 0.7461 -0.0091 -0.6658
vn 0.2729 -0.8542 -0.4425
vn -0.7832 -0.1150 0.6111
vn -0.2045 0.9187 0.3379
vn 0.4801 0.2253 -0.8478
vn 0.9261 0.0510 0.3739
vn -0.5311 0.6173 -0.5805
vn -0.1012 -0.8130 -0.5734
vn 0.5450 -0.6296 0.5536
vn -0.9142 -0.0670 -0.3997
vn -0.2852 0.9257 -0.2485
vn -0.9585 -0.2767 0.0691
vn -0.5495 -0.3704 -0.7489
vn -0.1608 0.3239 -0.9324
vn -0.1685 0.7451 0.6453
vn -0.5573 0.0509 0.8288
vn 0.2852 -0.9257 0.2485
vn 0.1686 -0.7451 -0.6454
vn 0.1607 -0.3239 0.9324
vn 0.9585 0.2767 -0.0691
vn 0.5573 -0.0508 -0.8288
vn 0.5495 0.3704 0.7489
vn 0.5704 -0.6644 -0.4829
vn -0.7772 -0.6292 0.0026
vn 0.4523 -0.8241 0.3410
vn -0.0281 -0.8366 0.5471
vn -0.1654 0.0595 -0.9844
vn -0.6275 0.0754 -0.7749
vn -0.4962 0.5318 0.6863
vn 0.6300 -0.0920 0.7711
vn -0.4430 0.8345 -0.3277
vn 0.8499 0.4891 0.1959
vn 0.1527 -0.0940 0.9838
vn 0.0284 0.8562 -0.5159
vn -0.3676 -0.2398 0.8985
vn 0.1339 0.9417 0.3085
vn 0.8291 0.3519 0.4345
vn 0.5399 -0.3293 0.7746
vn -0.9638 0.0528 0.2615
vn -0.6746 0.7339 -0.0786
vn 0.4183 0.2264 -0.8797
vn 0.9567 0.2167 0.1941
vn -0.6378 0.5280 -0.5608
vn -0.0825 -0.9533 -0.2906
vn 0.6445 -0.5191 0.5615
vn -0.9569 -0.2238 -0.1854
vn -0.5438 -0.8192 -0.1823
vn 0.4642 -0.4682 0.7519
vn 0.3853 -0.8246 -0.4143
vn 0.6877 -0.7152 -0.1243
vn -0.8214 -0.0641 0.5668
vn -0.5218 0.0595 0.8510
vn 0.6874 0.7236 0.0626
vn 0.5253 -0.0760 -0.8475
vn -0.3765 0.8347 0.4019
vn -0.3205 0.3713 -0.8715
vn 0.8284 0.0356 -0.5589
vn -0.6719 0.7331 0.1055
vn -0.3256 -0.9100 0.2567
vn -0.0353 0.2831 0.9584
vn 0.7511 -0.0839 0.6549
vn 0.5834 -0.7727 0.2500
vn -0.9594 -0.2780 0.0465
vn -0.7922 0.4107 0.4514
vn 0.3256 0.9100 -0.2568
vn 0.9595 0.2780 -0.0465
vn -0.5834 0.7728 -0.2500
vn 0.0360 -0.2831 -0.9584
vn 0.7919 -0.4108 -0.4518
vn -0.7508 0.0837 -0.6552
vn 0.6547 0.4749 -0.5881
vn -0.6920 0.6908 -0.2096
vn -0.1570 -0.0523 -0.9862
vn -0.3989 -0.0138 -0.9169
vn 0.3960 0.7901 0.4679
vn 0.1557 0.8280 0.5387
vn -0.6921 -0.5329 0.4868
vn -0.1572 -0.8211 -0.5487
vn 0.1556 0.0402 0.9870
vn 0.6545 -0.7483 0.1080
vn -0.3990 -0.7812 -0.4801
vn 0.3959 -0.0012 0.9183
vn -0.3696 -0.2400 0.8977
vn -0.1330 -0.9423 -0.3071
vn -0.8278 -0.3540 -0.4352
vn -0.9641 0.0510 0.2606
vn 0.5376 -0.3287 0.7765
vn 0.6742 -0.7341 0.0806
vn 0.3687 0.2406 -0.8979
vn -0.5382 0.3288 -0.7761
vn 0.9642 -0.0513 -0.2601
vn 0.1325 0.9425 0.3069
vn -0.6740 0.7343 -0.0807
vn 0.8276 0.3541 0.4354
vn -0.5225 0.7506 0.4044
vn -0.8522 -0.4512 -0.2651
vn -0.4786 0.1339 -0.8678
vn -0.2890 0.8276 -0.4812
vn -0.3151 0.0392 0.9482
vn -0.5052 -0.6549 0.5621
vn 0.5230 -0.7501 -0.4048
vn 0.3149 -0.0385 -0.9483
vn 0.2887 -0.8274 0.4817
vn 0.8522 0.4516 0.2643
vn 0.5055 0.6549 -0.5618
vn 0.4788 -0.1335 0.8677
vn -0.4898 -0.2235 -0.8427
vn -0.1997 0.9697 -0.1411
vn -0.8082 0.4788 0.3427
vn -0.9757 -0.2100 -0.0624
vn 0.4102 -0.0480 -0.9107
vn 0.5777 0.6408 -0.5056
vn 0.4898 0.2235 0.8427
vn -0.4102 0.0480 0.9107
vn 0.9757 0.2100 0.0624
vn 0.1997 -0.9697 0.1411
vn -0.5777 -0.6408 0.5056
vn 0.8082 -0.4788 -0.3427
vn 0.5183 -0.2252 -0.8250
vn 0.9499 -0.2252 0.2169
vn 0.1537 0.9761 -0.1537
vn 0.2174 0.9761 -0.0000
vn -0.3064 -0.9519 -0.0000
vn -0.2167 -0.9519 0.2167
vn -0.1393 0.2901 0.9468
vn -0.0181 0.9997 0.0182
vn -0.5309 -0.6605 0.5309
vn -0.7680 0.2900 -0.5710
vn -0.0256 0.9997 -0.0000
vn -0.7509 -0.6604 -0.0000
vn -0.7075 0.6142 -0.3496
vn 0.7073 0.6143 -0.3499
vn 0.4085 0.7587 0.5074
vn -0.4085 0.7585 0.5078
vn -0.4080 -0.0488 -0.9117
vn 0.4086 -0.0485 -0.9114
vn 0.7071 -0.6144 0.3501
vn 0.4080 0.0490 0.9116
vn 0.4084 -0.7585 -0.5078
vn -0.7071 -0.6144 0.3500
vn -0.4081 0.0493 0.9116
vn -0.4080 -0.7586 -0.5081
vn -0.9913 -0.1318 -0.0000
vn -0.7009 -0.1318 0.7009
vn 0.1394 -0.9804 -0.1393
vn 0.1970 -0.9804 -0.0000
vn -0.2849 0.9586 -0.0000
vn -0.2015 0.9586 0.2014
vn -0.0000 -0.1318 0.9913
vn -0.0000 -0.9804 -0.1970
vn -0.0000 0.9586 0.2849
vn 0.7009 -0.1318 0.7009
vn -0.1393 -0.9804 -0.1393
vn 0.2014 0.9586 0.2014
vn 0.9913 -0.1318 -0.0000
vn -0.1970 -0.9804 -0.0000
vn 0.2849 0.9586 -0.0000
vn 0.7009 -0.1318 -0.7009
vn -0.1393 -0.9804 0.1394
vn 0.2014 0.9586 -0.2015
vn -0.0002 -0.1322 -0.9912
vn -0.0003 -0.9805 0.1967
vn -0.0002 0.9584 -0.2853
vn -0.7009 -0.1318 -0.7009
vn 0.1393 -0.9804 0.1393
vn -0.2014 0.9586 -0.2014
vn 0.6086 -0.5676 0.5544
vn 0.8017 -0.5829 0.1319
vn 0.0198 -0.9944 -0.1035
vn 0.0228 -0.9747 0.2222
vn 0.8175 0.1912 0.5432
vn 0.9133 0.3161 0.2570
vn 0.2363 0.1042 -0.9661
vn -0.3146 -0.6003 -0.7353
vn 0.5853 0.7202 -0.3724
vn -0.6518 0.5790 -0.4898
vn -0.8459 -0.1974 -0.4954
vn -0.0403 0.9845 -0.1705
vn -0.7359 0.3402 0.5855
vn -0.8731 -0.4614 0.1573
vn 0.0238 0.8546 0.5187
vn 0.3964 -0.4845 0.7798
vn -0.2196 -0.9377 0.2694
vn 0.6773 0.3781 0.6311
vn 0.7353 -0.3411 -0.5856
vn -0.0237 -0.8546 -0.5187
vn 0.8732 0.4613 -0.1575
vn 0.4083 -0.0279 -0.9124
vn -0.1078 -0.5961 -0.7956
vn 0.6783 0.5573 -0.4789
vn 0.7292 -0.3325 -0.5980
vn 0.1023 -0.8140 -0.5718
vn 0.9000 0.3569 -0.2502
vn 0.8282 -0.5602 -0.0144
vn 0.1727 -0.9701 -0.1706
vn 0.9685 0.1979 0.1508
vn 0.4797 -0.2403 0.8439
vn -0.0662 -0.9688 -0.2388
vn -0.7522 -0.6079 0.2543
vn -0.4380 -0.1873 0.8793
vn 0.9914 -0.0906 0.0945
vn 0.6764 -0.5109 -0.5305
vn -0.4795 0.2411 -0.8438
vn -0.9913 0.0907 -0.0952
vn 0.4373 0.1874 -0.8796
vn 0.0654 0.9688 0.2392
vn -0.6766 0.5108 0.5304
vn 0.7524 0.6076 -0.2544
vn -0.7547 -0.1964 0.6260
vn -0.2620 0.9640 0.0465
vn 0.7777 0.4257 0.4625
vn 0.4660 -0.3087 0.8292
vn -0.7799 -0.4462 -0.4389
vn -0.4485 0.3345 -0.8289
vn 0.8727 0.2508 -0.4189
vn 0.3762 0.6558 0.6545
vn -0.1200 0.0461 -0.9917
vn 0.3796 -0.9109 0.1617
vn 0.0863 -0.0274 0.9959
vn -0.4112 -0.6398 -0.6493
vn -0.7174 0.5302 0.4519
vn -0.7727 0.5140 0.3725
vn -0.7366 -0.3847 0.5562
vn -0.6848 -0.4205 0.5952
vn -0.0861 0.9902 -0.1096
vn -0.1576 0.9796 -0.1251
vn 0.5265 0.1903 0.8286
vn 0.0130 -0.5741 0.8187
vn 0.5935 0.7933 0.1358
vn 0.7693 -0.5152 -0.3777
vn 0.1533 -0.9804 0.1235
vn 0.7336 0.3864 -0.5590
vn -0.5327 -0.1861 -0.8256
vn -0.5975 -0.7903 -0.1358
vn -0.0177 0.5753 -0.8177
vn -0.7702 0.5149 0.3763
vn -0.7353 -0.3841 0.5584
vn -0.1561 0.9801 -0.1229
vn 0.5306 0.1877 0.8266
vn 0.0151 -0.5759 0.8174
vn 0.5957 0.7919 0.1343
vn 0.8912 -0.1676 0.4215
vn 0.3755 -0.7120 0.5933
vn 0.8795 0.4759 0.0003
vn 0.6917 0.0653 0.7192
vn 0.2210 -0.5597 0.7987
vn 0.7346 0.6500 0.1946
vn 0.2482 0.3467 0.9045
vn -0.0830 -0.3608 0.9289
vn 0.4278 0.8424 0.3277
vn -0.3441 -0.4167 0.8414
vn -0.3291 -0.7857 -0.5237
vn -0.9080 -0.0804 -0.4112
vn -0.9167 0.1326 0.3770
vn 0.5194 -0.6138 0.5945
vn 0.5279 -0.8269 -0.1936
vn 0.3441 0.4167 -0.8414
vn -0.5193 0.6139 -0.5946
vn 0.9166 -0.1327 -0.3770
vn 0.3292 0.7857 0.5237
vn -0.5280 0.8269 0.1936
vn 0.9080 0.0804 0.4111
vn 0.3227 -0.9051 0.2770
vn -0.1565 -0.3376 -0.9282
vn -0.6681 -0.7379 0.0960
vn -0.7675 -0.6229 -0.1516
vn 0.9496 -0.1402 -0.2804
vn 0.8497 -0.0279 -0.5266
vn -0.4513 0.8569 -0.2491
vn -0.8530 0.0112 0.5218
vn 0.6581 0.7480 -0.0855
vn 0.0277 0.2901 0.9566
vn -0.9528 0.1279 0.2752
vn 0.7592 0.6314 0.1583
vn -0.8655 0.2412 -0.4390
vn -0.1660 -0.9650 -0.2029
vn 0.2900 -0.4733 -0.8318
vn -0.1138 0.2231 -0.9681
vn -0.8856 0.0554 0.4612
vn -0.4817 -0.6410 0.5975
vn 0.8655 -0.2412 0.4390
vn 0.8856 -0.0554 -0.4612
vn 0.1138 -0.2231 0.9681
vn 0.1660 0.9650 0.2029
vn 0.4817 0.6410 -0.5975
vn -0.2900 0.4733 0.8318
vn -0.5320 0.4819 0.6963
vn 0.7704 -0.2800 0.5728
vn 0.0566 -0.8557 0.5143
vn -0.6812 -0.4841 0.5492
vn 0.1369 0.9771 0.1632
vn 0.8337 0.5322 0.1476
vn 0.4331 -0.4490 -0.7816
vn -0.1356 -0.9528 -0.2716
vn 0.6390 0.4308 -0.6372
vn 0.5954 -0.4996 -0.6292
vn -0.1376 -0.9854 -0.0998
vn 0.7011 0.5127 -0.4956
vn 0.8041 -0.3174 0.5027
vn 0.2188 -0.8311 0.5113
vn 0.9017 0.3888 0.1891
vn 0.5222 -0.0679 0.8501
vn 0.0189 -0.6599 0.7511
vn 0.7051 0.5658 0.4274
vn 0.1267 0.1863 0.9743
vn -0.2519 -0.4778 0.8416
vn 0.4291 0.7383 0.5204
vn -0.2807 0.3892 0.8774
vn -0.5374 -0.3406 0.7715
vn 0.1470 0.8816 0.4485
vn -0.6336 0.5087 0.5829
vn -0.7831 -0.2535 0.5678
vn -0.1016 0.9639 0.2461
vn -0.2848 0.3907 0.8753
vn -0.5511 -0.4373 0.7107
vn 0.2046 0.9125 0.3541
vn 0.7964 -0.3084 0.5203
vn 0.0799 -0.8700 0.4866
vn 0.8521 0.5090 0.1222
vn 0.5144 -0.4764 -0.7130
vn -0.0444 -0.9601 -0.2760
vn 0.6940 0.3585 -0.6244
vn -0.6164 0.1404 -0.7748
vn -0.7449 -0.6122 -0.2651
vn 0.0316 0.7747 -0.6315
vn -0.7279 0.1942 -0.6576
vn -0.7219 -0.4680 0.5097
vn -0.2756 -0.9587 -0.0704
vn -0.2492 -0.5817 -0.7743
vn -0.5917 0.8060 0.0146
vn -0.6077 0.3860 0.6941
vn -0.3308 -0.5273 0.7827
vn -0.0815 -0.9759 0.2026
vn -0.3816 0.2387 0.8930
vn -0.6349 -0.4940 0.5940
vn -0.2968 -0.9521 0.0734
vn -0.5952 0.2578 0.7611
vn -0.8470 -0.4052 0.3440
vn -0.4443 -0.8899 -0.1028
vn -0.7438 0.3223 0.5855
vn -0.9587 -0.2757 0.0690
vn -0.5253 -0.7981 -0.2949
vn -0.8235 0.4102 0.3921
vn -0.6534 -0.4894 0.5775
vn -0.2060 -0.9766 -0.0611
vn -0.5484 0.4115 0.7279
vn 0.7280 -0.1943 0.6574
vn 0.5912 -0.8064 -0.0154
vn 0.2486 0.5825 0.7739
vn 0.6521 0.4899 -0.5786
vn 0.5478 -0.4111 -0.7286
vn 0.2052 0.9768 0.0604
vn 0.9015 0.4266 -0.0724
vn -0.3994 0.7563 -0.5182
vn -0.0948 0.0316 -0.9950
vn 0.6563 -0.1587 -0.7376
vn 0.3847 0.6513 0.6541
vn -0.3664 0.8417 0.3966
vn -0.9016 -0.4266 0.0724
vn -0.3847 -0.6513 -0.6540
vn -0.6563 0.1588 0.7376
vn 0.3994 -0.7563 0.5182
vn 0.3664 -0.8417 -0.3967
vn 0.0948 -0.0316 0.9950
vn 0.5580 0.6418 -0.5260
vn -0.2188 -0.4977 -0.8393
vn 0.5273 -0.7637 -0.3725
vn 0.9758 -0.1059 -0.1916
vn -0.3315 0.8469 -0.4158
vn -0.7799 0.1890 -0.5967
vn -0.5580 -0.6418 0.5260
vn 0.3314 -0.8469 0.4158
vn -0.9758 0.1058 0.1915
vn 0.2187 0.4977 0.8393
vn 0.7799 -0.1891 0.5967
vn -0.5273 0.7637 0.3725
vn -0.8224 -0.3391 -0.4569
vn 0.5220 -0.7892 -0.3234
vn 0.4111 -0.0804 -0.9081
vn 0.2837 -0.0616 -0.9569
vn -0.4906 -0.7030 0.5150
vn 0.1881 -0.8226 0.5366
vn 0.8488 0.4038 0.3412
vn 0.5984 0.6034 -0.5271
vn 0.3748 -0.1410 0.9163
vn -0.4980 0.8433 0.2018
vn 0.4878 0.6851 -0.5410
vn -0.2723 0.0917 0.9578
vn 0.1858 0.2913 0.9384
vn 0.6139 0.4786 0.6277
vn 0.7827 -0.2754 0.5581
vn 0.5109 -0.5269 0.6793
vn -0.2958 0.8642 0.4070
vn 0.0755 0.9446 0.3193
vn 0.2369 0.3172 0.9183
vn 0.5210 -0.3971 0.7556
vn -0.1935 0.8356 0.5141
vn -0.2678 0.0336 0.9629
vn 0.1722 -0.5930 0.7866
vn -0.5424 0.6392 0.5451
vn -0.6619 -0.2453 0.7083
vn -0.1043 -0.7837 0.6124
vn -0.8158 0.4427 0.3721
vn -0.0545 0.1612 0.9854
vn 0.4209 -0.6963 0.5814
vn -0.4686 0.8374 0.2813
vn 0.8496 0.4341 -0.2997
vn 0.8947 -0.4451 -0.0370
vn 0.0875 0.9469 -0.3094
vn -0.1805 -0.2893 -0.9401
vn 0.2996 -0.8631 -0.4066
vn -0.5084 0.5292 -0.6793
vn -0.6888 -0.5029 -0.5221
vn -0.1358 -0.9585 -0.2507
vn -0.8373 0.2491 -0.4866
vn -0.3838 -0.3868 -0.8385
vn 0.1017 -0.8881 -0.4482
vn -0.6239 0.3617 -0.6928
vn 0.1636 -0.0970 -0.9818
vn 0.4696 -0.6812 -0.5616
vn -0.2425 0.5464 -0.8017
vn 0.6210 0.2120 -0.7546
vn 0.7857 -0.4752 -0.3961
vn 0.0657 0.7666 -0.6388
vn 0.0588 -0.1587 -0.9856
vn 0.4711 -0.8373 -0.2774
vn -0.4201 0.6995 -0.5782
vn -0.8487 -0.4326 0.3041
vn -0.0852 -0.9463 0.3118
vn -0.8935 0.4475 0.0389
vn -0.6816 0.5321 0.5023
vn 0.0174 -0.6740 0.7386
vn -0.5869 -0.8075 0.0592
vn -0.9908 -0.1111 -0.0775
vn 0.2037 0.7254 0.6575
vn 0.6075 0.0285 0.7938
vn 0.6815 -0.5321 -0.5023
vn -0.2038 -0.7254 -0.6575
vn 0.9908 0.1110 0.0774
vn -0.0178 0.6742 -0.7384
vn -0.6076 -0.0290 -0.7937
vn 0.5870 0.8075 -0.0589
vn -0.6414 0.1568 0.7510
vn -0.2371 0.3680 0.8991
vn 0.0832 -0.4443 0.8920
vn -0.2414 -0.5002 0.8316
vn -0.6577 0.7196 0.2225
vn -0.3764 0.9000 0.2199
vn 0.8935 0.4038 0.1965
vn 0.7531 -0.4676 0.4629
vn 0.2743 0.9320 -0.2369
vn 0.3407 -0.3245 -0.8824
vn 0.4359 -0.8851 -0.1632
vn -0.0409 0.5088 -0.8599
vn -0.2556 -0.5006 -0.8271
vn 0.0280 -0.9602 -0.2778
vn -0.3875 0.2558 -0.8857
vn 0.1091 -0.4151 -0.9032
vn 0.2856 -0.9025 -0.3224
vn -0.1338 0.3250 -0.9362
vn 0.5555 -0.2119 -0.8041
vn 0.5964 -0.7626 -0.2506
vn 0.1751 0.4682 -0.8661
vn 0.2228 -0.3738 -0.9003
vn 0.3677 -0.9020 -0.2262
vn -0.0901 0.4364 -0.8952
vn -0.8913 -0.4061 -0.2018
vn -0.2756 -0.9327 0.2325
vn -0.7534 0.4643 -0.4656
vn -0.3398 0.3251 0.8825
vn 0.0443 -0.5133 0.8571
vn -0.4346 0.8868 0.1570
vn 0.1522 0.4832 0.8622
vn 0.3163 -0.2805 0.9062
vn -0.1051 0.9511 0.2905
vn -0.3113 0.3375 0.8884
vn -0.0079 -0.3765 0.9264
vn -0.4269 0.8480 0.3142
vn -0.2135 0.2075 -0.9546
vn -0.9519 -0.2683 0.1477
vn -0.0410 -0.9983 0.0418
vn -0.5146 0.6862 0.5140
vn 0.5687 -0.2676 0.7778
vn -0.0000 -0.9983 0.0588
vn -0.0000 0.6861 0.7275
vn 0.8260 0.2076 -0.5240
vn 0.8459 0.4114 0.3395
vn 0.5167 -0.7900 -0.3300
vn 0.1902 -0.8272 0.5287
vn 0.3802 -0.1336 0.9152
vn 0.5965 0.6087 -0.5232
vn 0.4065 -0.0850 -0.9097
vn -0.8459 -0.4114 -0.3395
vn -0.5965 -0.6086 0.5232
vn -0.3802 0.1336 -0.9152
vn -0.5167 0.7900 0.3300
vn -0.4065 0.0850 0.9097
vn -0.1902 0.8273 -0.5287
vn -0.4362 -0.6767 0.5932
vn 0.8263 -0.5619 -0.0381
vn 0.1612 -0.7446 -0.6478
vn -0.1010 -0.8266 -0.5536
vn 0.3625 0.0601 0.9300
vn 0.7913 0.0968 0.6037
vn 0.4131 0.6459 -0.6419
vn -0.0770 -0.0484 -0.9959
vn 0.5532 0.7928 0.2557
vn -0.8486 0.5289 -0.0096
vn -0.3588 -0.0727 -0.9306
vn 0.0978 0.8339 0.5432
vn -0.6133 -0.3250 -0.7199
vn 0.0800 0.8812 -0.4660
vn -0.5954 0.7891 0.1510
vn -0.9957 0.0927 0.0044
vn 0.2875 -0.4680 -0.8357
vn 0.6878 0.2284 -0.6890
vn 0.6133 0.3249 0.7199
vn -0.2875 0.4680 0.8357
vn 0.9957 -0.0928 -0.0044
vn -0.0801 -0.8812 0.4659
vn -0.6878 -0.2284 0.6890
vn 0.5954 -0.7891 -0.1510
vn -0.5585 -0.6233 0.5473
vn -0.1349 -0.5829 -0.8013
vn -0.7461 0.0891 -0.6598
vn -0.9907 0.0658 0.1189
vn 0.3458 -0.7856 0.5132
vn 0.5904 -0.7622 -0.2655
vn 0.5585 0.6233 -0.5473
vn -0.3459 0.7855 -0.5132
vn 0.9907 -0.0658 -0.1188
vn 0.1348 0.5828 0.8013
vn -0.5904 0.7622 0.2655
vn 0.7461 -0.0892 0.6598
vn 0.4213 -0.5379 0.7301
vn -0.9494 -0.2340 0.2093
vn -0.5093 0.8031 -0.3091
vn 0.8508 0.4750 0.2249
vn -0.7378 -0.1628 0.6551
vn 0.5876 -0.5107 0.6276
vn 0.1492 -0.9885 -0.0241
vn -0.6285 -0.7777 0.0137
vn -0.2559 0.5825 0.7715
vn 0.5293 0.3988 0.7488
vn 0.7765 0.1307 -0.6164
vn 0.2593 -0.6175 -0.7426
vn 0.6390 0.7686 0.0296
vn 0.4280 0.3476 -0.8343
vn 0.1263 -0.3760 -0.9180
vn 0.4637 0.8551 -0.2320
vn 0.8398 0.0697 -0.5384
vn 0.4149 -0.5636 -0.7143
vn 0.7502 0.6604 -0.0325
vn 0.9665 -0.1476 -0.2100
vn 0.5145 -0.7078 -0.4841
vn 0.8452 0.5000 0.1886
vn 0.7042 0.1885 -0.6845
vn 0.2140 -0.5871 -0.7807
vn 0.5950 0.8037 -0.0057
vn -0.6767 0.4911 -0.5486
vn -0.5806 -0.4105 -0.7031
vn -0.2004 0.9772 0.0700
vn 0.4756 -0.2143 -0.8531
vn 0.0288 0.9667 -0.2544
vn -0.9475 0.2579 -0.1891
vn -0.6663 -0.4856 -0.5660
vn 0.9473 -0.2648 0.1802
vn 0.6599 0.4948 0.5654
vn -0.6295 0.2075 0.7488
vn -0.7607 0.4626 -0.4554
vn 0.4636 0.3060 0.8315
vn -0.1835 -0.9713 0.1512
vn -0.4800 -0.2795 -0.8316
vn 0.7620 -0.4828 0.4316
vn -0.2151 -0.9366 -0.2766
vn 0.1866 -0.3115 0.9317
vn 0.8144 -0.5304 0.2353
vn -0.9503 -0.2356 0.2038
vn 0.4096 0.8795 0.2424
vn 0.0088 0.2554 -0.9668
vn 0.9552 0.2193 -0.1989
vn -0.8053 0.5399 -0.2450
vn -0.0960 0.9501 -0.2970
vn -0.4068 0.2328 0.8833
vn -0.8149 0.3907 -0.4281
vn 0.7042 0.7048 0.0855
vn 0.0441 -0.9593 0.2790
vn 0.3556 -0.2438 -0.9023
vn -0.5546 -0.2977 -0.7771
vn 0.9646 0.0166 -0.2634
vn 0.1922 0.2389 -0.9518
vn -0.0328 -0.9666 -0.2542
vn 0.7832 -0.6217 0.0002
vn 0.9130 0.0718 -0.4015
vn -0.6907 0.2019 -0.6944
vn -0.8205 -0.4907 -0.2933
vn -0.1141 -0.2445 0.9629
vn 0.1116 0.9572 0.2669
vn 0.1776 0.9478 0.2649
vn 0.0488 0.2603 -0.9643
vn 0.8307 -0.0001 -0.5567
vn 0.9051 0.3969 0.1529
vn -0.7000 0.6976 0.1529
vn -0.7744 0.3007 -0.5567
vn -0.1776 -0.9478 -0.2649
vn 0.7000 -0.6976 -0.1529
vn -0.9051 -0.3968 -0.1529
vn -0.0488 -0.2603 0.9643
vn 0.7744 -0.3007 0.5567
vn -0.8307 -0.0000 0.5567
vn 0.5367 -0.8159 0.2150
vn -0.3528 -0.4462 -0.8225
vn -0.4773 -0.8178 0.3214
vn 0.6606 0.0555 -0.7486
vn -0.6474 0.7485 -0.1433
vn -0.6619 -0.0697 0.7464
vn 0.4704 0.8261 -0.3103
vn 0.2419 0.3780 0.8936
vn -0.5386 -0.6763 -0.5025
vn -0.8343 0.5216 0.1785
vn -0.5939 -0.1212 0.7954
vn -0.4237 -0.8112 0.4030
vn -0.1977 0.0323 -0.9797
vn -0.3676 0.7199 -0.5888
vn 0.5233 0.6298 0.5740
vn -0.3893 -0.0978 0.9159
vn 0.1972 0.8581 -0.4741
vn 0.8183 -0.5651 -0.1053
vn -0.2044 -0.8477 0.4896
vn 0.3897 0.0778 -0.9176
vn -0.4301 -0.7304 -0.5306
vn 0.8823 -0.4646 -0.0755
vn 0.6657 0.1402 -0.7329
vn -0.0918 -0.0130 -0.9957
vn -0.4048 -0.8303 0.3829
vn 0.3528 -0.6768 0.6461
vn 0.4301 0.7304 0.5306
vn 0.4048 0.8304 -0.3830
vn 0.0918 0.0131 0.9957
vn -0.8822 0.4648 0.0753
vn -0.3529 0.6771 -0.6458
vn -0.6658 -0.1403 0.7328
vn -0.5328 -0.6458 0.5469
vn 0.2275 0.4691 0.8534
vn 0.9846 -0.1537 0.0836
vn 0.5066 -0.8553 -0.1092
vn -0.9877 0.1255 -0.0928
vn -0.4800 0.8700 0.1125
vn 0.7360 0.4860 -0.4713
vn 0.7879 -0.1568 0.5955
vn -0.2822 0.8765 -0.3899
vn -0.0231 -0.6279 -0.7779
vn 0.3064 -0.8633 0.4009
vn -0.7929 0.1274 -0.5958
vn 0.1422 -0.7217 0.6775
vn -0.9060 -0.3682 -0.2086
vn -0.4611 -0.0231 0.8871
vn -0.7787 0.0829 0.6219
vn 0.3453 -0.8427 -0.4131
vn 0.0298 -0.7371 -0.6752
vn -0.2420 0.8178 -0.5221
vn -0.0436 0.7224 0.6901
vn 0.4685 0.0465 -0.8822
vn 0.8070 0.4654 0.3635
vn -0.3603 0.8306 0.4246
vn 0.7824 -0.0623 -0.6196
vn -0.6407 -0.2710 0.7184
vn 0.0227 0.9138 0.4054
vn 0.7955 0.2242 -0.5629
vn 0.6781 0.3116 0.6657
vn -0.2427 0.4534 -0.8576
vn 0.1331 -0.9589 -0.2504
vn 0.2609 -0.4336 0.8625
vn -0.6831 -0.3333 -0.6499
vn 0.6145 -0.3286 0.7172
vn -0.0060 -0.9064 -0.4225
vn -0.3786 -0.5949 0.7090
vn -0.2895 -0.4797 0.8283
vn 0.9947 0.1025 -0.0042
vn 0.8398 -0.1465 -0.5228
vn -0.6981 0.2873 -0.6558
vn -0.8123 0.1535 0.5626
vn 0.3935 0.6274 -0.6720
vn -0.0819 0.8722 0.4822
vn -0.6894 0.2098 0.6933
vn 0.5952 0.7914 -0.1391
vn 0.3014 0.7434 -0.5970
vn 0.0316 0.6056 0.7951
vn -0.4072 0.8282 -0.3850
vn -0.5520 0.7522 0.3599
vn 0.9790 0.0381 -0.2004
vn 0.8411 -0.0383 0.5395
vn -0.6293 -0.5452 0.5538
vn -0.8364 0.0803 -0.5422
vn 0.3731 -0.8518 0.3678
vn -0.3606 -0.4077 -0.8389
vn -0.9790 0.0089 0.2037
vn 0.5115 -0.7747 -0.3718
vn 0.9544 0.1572 0.2537
vn 0.1775 -0.9823 -0.0592
vn -0.0932 -0.6503 0.7539
vn 0.3551 0.0075 0.9348
vn 0.7469 0.1740 -0.6418
vn 0.2983 -0.4840 -0.8227
vn -0.9544 -0.1572 -0.2537
vn -0.7469 -0.1739 0.6418
vn -0.3551 -0.0076 -0.9348
vn -0.1776 0.9823 0.0595
vn -0.2984 0.4839 0.8226
vn 0.0934 0.6503 -0.7539
vn -0.4730 -0.6053 0.6402
vn -0.8582 0.0585 0.5099
vn 0.3360 0.8048 0.4892
vn 0.7695 0.0564 0.6361
vn -0.3346 -0.8172 -0.4693
vn -0.7828 -0.0442 -0.6207
vn 0.5013 0.6472 -0.5743
vn -0.0018 0.6595 0.7517
vn -0.4565 0.1095 -0.8830
vn 0.8973 -0.0358 -0.4399
vn 0.4313 -0.0868 0.8980
vn 0.0047 -0.6864 -0.7272
vn -0.4752 -0.8186 -0.3225
vn -0.8805 -0.1192 -0.4587
vn -0.4582 0.4015 0.7930
vn -0.0261 -0.3433 0.9389
vn 0.5074 -0.4023 -0.7620
vn 0.0478 0.3958 -0.9171
vn 0.4576 0.7857 0.4162
vn 0.8285 0.1451 0.5409
vn 0.4619 0.7155 -0.5241
vn -0.8872 0.4050 -0.2209
vn -0.0308 0.0025 -0.9995
vn -0.2283 0.7623 0.6056
vn -0.4774 -0.7932 0.3782
vn 0.2257 -0.7478 -0.6244
vn 0.0409 -0.0241 0.9989
vn 0.8721 -0.4835 0.0754
vn -0.4719 -0.7792 0.4126
vn -0.8843 0.4264 -0.1902
vn -0.0673 0.7955 0.6022
vn 0.1917 0.0386 0.9807
vn 0.0703 -0.8014 -0.5939
vn -0.1942 -0.0283 -0.9805
vn 0.4675 0.8255 -0.3162
vn -0.2797 0.7322 0.6210
vn 0.0164 0.0374 -0.9992
vn 0.8798 -0.3795 0.2863
vn -0.0208 -0.0247 0.9995
vn 0.2823 -0.7400 -0.6105
vn -0.4119 -0.6466 0.6420
vn 0.8257 -0.5629 -0.0372
vn 0.1620 -0.7453 -0.6467
vn -0.5525 -0.7936 -0.2546
vn 0.0769 0.0470 0.9959
vn 0.7914 0.0953 0.6038
vn 0.4119 0.6467 -0.6420
vn -0.0769 -0.0470 -0.9959
vn 0.5525 0.7937 0.2546
vn -0.8257 0.5629 0.0372
vn -0.7914 -0.0953 -0.6038
vn -0.1620 0.7453 0.6467
vn -0.2140 0.8337 0.5091
vn -0.8980 -0.3561 0.2585
vn -0.8359 0.1280 -0.5338
vn -0.4470 0.8043 -0.3914
vn 0.2023 0.1431 0.9688
vn -0.1853 -0.5310 0.8269
vn 0.1342 -0.7425 -0.6562
vn 0.8057 0.4264 -0.4112
vn 0.7032 0.5689 -0.4266
vn -0.7071 0.6308 -0.3194
vn -0.4470 -0.0399 -0.8936
vn -0.3684 0.7668 0.5256
vn -0.7072 -0.5965 0.3796
vn -0.4474 -0.7478 -0.4906
vn -0.3685 0.0598 0.9277
vn 0.7031 -0.6574 0.2711
vn -0.3709 -0.7545 0.5415
vn -0.1898 -0.0079 0.9818
vn 0.9260 0.0767 0.3698
vn 0.7468 -0.6618 -0.0654
vn -0.9161 -0.1090 -0.3859
vn -0.7224 0.6866 0.0821
vn 0.4967 0.7188 -0.4864
vn 0.3054 -0.0678 -0.9498
vn 0.5688 0.3152 0.7597
vn -0.1018 -0.8514 0.5145
vn -0.7957 -0.2253 -0.5623
vn -0.6774 -0.2651 0.6862
vn 0.2280 -0.4877 -0.8427
vn -0.1257 0.9401 -0.3168
vn -0.2510 0.4768 0.8424
vn 0.6746 0.2891 -0.6793
vn 0.0014 -0.2531 -0.9674
vn -0.0370 -0.9641 0.2629
vn 0.7581 -0.4006 -0.5145
vn -0.9305 -0.3589 0.0735
vn 0.2468 0.2016 0.9479
vn 0.9377 0.3379 -0.0806
vn -0.7430 0.4125 0.5271
vn 0.2862 0.9165 -0.2795
vn -0.8288 0.2985 -0.4732
vn 0.3332 0.9427 0.0189
vn -0.7045 0.5171 0.4862
vn 0.4381 0.2512 -0.8631
vn 0.7432 -0.2558 0.6182
vn -0.4467 -0.2363 0.8629
vn 0.7048 -0.5284 -0.4733
vn -0.4189 -0.8992 0.1261
vn -0.4119 -0.6467 0.6420
vn 0.1620 -0.7453 -0.6468
vn -0.5525 -0.7937 -0.2546
vn 0.0769 0.0469 0.9959
vn 0.4118 0.6465 -0.6422
vn -0.0768 -0.0471 -0.9959
vn 0.5524 0.7937 0.2548
vn -0.1620 0.7453 0.6468
vn -0.5784 0.6544 -0.4870
vn -0.8050 -0.5540 0.2125
vn -0.3579 -0.7403 -0.5691
vn -0.2272 -0.0430 -0.9729
vn -0.4408 0.7981 0.4108
vn -0.5716 0.1006 0.8144
vn 0.5784 -0.6543 0.4871
vn 0.4410 -0.7983 -0.4103
vn 0.2275 0.0426 0.9728
vn 0.8050 0.5539 -0.2124
vn 0.5716 -0.1007 -0.8144
vn 0.3580 0.7403 0.5690
vn -0.1274 0.8052 0.5792
vn -0.9041 -0.3344 0.2660
vn -0.8550 0.2068 -0.4756
vn -0.4065 0.8648 -0.2948
vn 0.2594 0.0650 0.9636
vn -0.1890 -0.5929 0.7827
vn 0.1274 -0.8052 -0.5792
vn -0.2594 -0.0649 -0.9636
vn 0.4065 -0.8648 0.2947
vn 0.9041 0.3344 -0.2659
vn 0.1891 0.5930 -0.7827
vn 0.8550 -0.2069 0.4756
vn 0.2136 0.2077 0.9546
vn 0.9520 -0.2680 -0.1477
vn 0.0419 -0.9983 -0.0415
vn 0.5143 0.6860 -0.5147
vn -0.5687 -0.2677 -0.7778
vn -0.0000 -0.9983 -0.0588
vn -0.0000 0.6860 -0.7276
vn -0.8259 0.2074 0.5242
vn -0.1919 -0.2410 0.9514
vn -0.0344 -0.9671 -0.2519
vn -0.8207 -0.4922 -0.2902
vn -0.9116 -0.0729 0.4045
vn 0.6900 -0.2053 0.6940
vn 0.7810 -0.6246 -0.0007
vn 0.1916 0.2410 -0.9514
vn -0.6902 0.2054 -0.6939
vn 0.9117 0.0728 -0.4043
vn 0.0345 0.9671 0.2519
vn -0.7809 0.6246 0.0007
vn 0.8207 0.4922 0.2902
vn 0.0030 -0.2648 0.9643
vn -0.0030 -0.9643 -0.2648
vn -0.8182 -0.5550 -0.1499
vn -0.8148 -0.1512 0.5597
vn 0.8182 -0.1546 0.5538
vn 0.8148 -0.5584 -0.1559
vn -0.0030 0.2648 -0.9643
vn -0.8182 0.1546 -0.5538
vn 0.8148 0.1512 -0.5597
vn 0.0030 0.9643 0.2648
vn -0.8148 0.5584 0.1559
vn 0.8182 0.5551 0.1499
vn 0.8250 -0.2252 0.5183
vn -0.2169 -0.2251 0.9499
vn 0.1537 0.9761 0.1537
vn -0.0000 0.9761 0.2174
vn -0.0000 -0.9519 -0.3064
vn -0.2167 -0.9519 -0.2166
vn -0.9467 0.2906 -0.1391
vn -0.0177 0.9997 -0.0184
vn -0.5312 -0.6605 -0.5306
vn 0.5710 0.2900 -0.7680
vn -0.0000 0.9997 -0.0257
vn -0.0000 -0.6605 -0.7509
vn -0.8250 -0.2252 0.5183
vn -0.5710 0.2900 -0.7680
vn 0.9468 0.2900 -0.1393
vn 0.0181 0.9997 -0.0181
vn 0.5309 -0.6605 -0.5309
vn 0.2169 -0.2252 0.9499
vn -0.1537 0.9761 0.1537
vn 0.2166 -0.9519 -0.2166
vn 0.1393 0.2901 0.9468
vn -0.9499 -0.2252 0.2169
vn -0.1537 0.9761 -0.1538
vn 0.0181 0.9997 0.0182
vn 0.5309 -0.6605 0.5309
vn 0.2167 -0.9519 0.2167
vn -0.5183 -0.2252 -0.8250
vn -0.2174 0.9761 -0.0000
vn 0.3064 -0.9519 -0.0000
vn 0.7680 0.2901 -0.5710
vn 0.0256 0.9997 -0.0000
vn 0.7509 -0.6604 -0.0000
vn 0.5361 0.6679 0.5162
vn 0.1371 0.5345 -0.8340
vn 0.7592 -0.1142 -0.6407
vn 0.9896 -0.0373 0.1388
vn -0.3706 0.8085 0.4573
vn -0.6009 0.7315 -0.3223
vn -0.5361 -0.6679 -0.5162
vn 0.3705 -0.8085 -0.4573
vn -0.9896 0.0373 -0.1388
vn -0.1371 -0.5345 0.8339
vn 0.6009 -0.7315 0.3223
vn -0.7592 0.1142 0.6407
vn -0.0212 -0.4529 -0.8913
vn -0.8913 -0.4059 -0.2019
vn -0.2757 -0.9327 0.2326
vn 0.2005 -0.9356 -0.2907
vn -0.2293 0.3209 -0.9190
vn -0.7535 0.4640 -0.4658
vn -0.3632 0.3143 0.8771
vn 0.0250 -0.5102 0.8597
vn -0.4497 0.8777 0.1657
vn 0.2643 0.5021 0.8234
vn 0.3938 -0.2520 0.8840
vn -0.0209 0.9604 0.2778
vn 0.0694 0.4650 0.8826
vn 0.2564 -0.2788 0.9255
vn -0.1586 0.9345 0.3188
vn -0.1675 0.3946 0.9035
vn 0.0900 -0.3300 0.9397
vn -0.3257 0.8853 0.3319
vn 0.4006 0.5158 0.7573
vn 0.4729 -0.3841 0.7930
vn 0.0012 0.9946 0.1035
vn 0.8793 0.0649 -0.4719
vn 0.7437 -0.6637 0.0800
vn 0.2641 0.7381 -0.6209
vn 0.6654 0.2285 0.7106
vn 0.1114 0.9109 -0.3973
vn 0.6670 0.2455 -0.7035
vn 0.9868 -0.1485 -0.0639
vn -0.2185 0.4124 0.8844
vn -0.5384 0.8064 0.2447
vn -0.6654 -0.2286 -0.7106
vn 0.2185 -0.4124 -0.8844
vn -0.9869 0.1485 0.0639
vn -0.1112 -0.9108 0.3975
vn 0.5383 -0.8065 -0.2446
vn -0.6669 -0.2458 0.7034
vn 0.9897 0.1433 -0.0000
vn 0.6998 0.1433 0.6998
vn -0.0002 0.1439 0.9896
vn -0.0006 0.9762 -0.2170
vn -0.0002 -0.9517 0.3070
vn -0.6998 0.1433 0.6998
vn -0.9897 0.1433 -0.0000
vn -0.6998 0.1433 -0.6998
vn -0.0000 0.1433 -0.9897
vn 0.6998 0.1433 -0.6998
vn -0.7906 0.3484 0.5036
vn -0.5157 0.1178 0.8486
vn -0.7108 -0.5335 0.4583
vn -0.8568 -0.4952 0.1441
vn -0.0561 0.8975 0.4374
vn -0.0036 0.6967 0.7174
vn -0.8507 0.4234 0.3116
vn -0.9346 -0.3475 0.0762
vn -0.2080 0.9162 0.3424
vn -0.6897 0.5057 -0.5182
vn -0.8263 -0.2934 -0.4808
vn -0.0989 0.9717 -0.2144
vn -0.8257 0.5205 -0.2175
vn -0.8793 -0.3906 -0.2726
vn -0.0818 0.9965 0.0195
vn -0.2776 -0.0425 0.9597
vn -0.5610 -0.7239 0.4016
vn 0.2434 0.6753 0.6963
vn 0.8698 -0.4658 -0.1626
vn -0.1319 -0.9649 -0.2272
vn 0.7784 0.6187 0.1063
vn -0.3678 0.3893 -0.8445
vn -0.6127 -0.4712 -0.6345
vn 0.1877 0.9210 -0.3413
vn 0.1747 0.9425 -0.2848
vn 0.1537 0.2584 0.9537
vn -0.7048 0.3212 0.6325
vn -0.6930 0.7162 -0.0827
vn 0.8949 0.3726 -0.2455
vn 0.8828 -0.0223 0.4691
vn -0.1749 -0.9427 0.2841
vn -0.8950 -0.3723 0.2458
vn 0.6930 -0.7162 0.0823
vn -0.1544 -0.2588 -0.9535
vn -0.8831 0.0225 -0.4686
vn 0.7052 -0.3213 -0.6321
vn -0.5821 0.7326 -0.3527
vn 0.8084 0.4754 -0.3470
vn 0.5376 0.6720 0.5093
vn -0.2655 0.8207 0.5060
vn -0.4070 0.0259 -0.9130
vn 0.3960 -0.1230 -0.9100
vn 0.5821 -0.7328 0.3524
vn 0.4069 -0.0255 0.9131
vn 0.2653 -0.8206 -0.5062
vn -0.8084 -0.4751 0.3475
vn -0.3956 0.1230 0.9101
vn -0.5377 -0.6718 -0.5095
vn 0.9337 0.2382 -0.2674
vn 0.2604 -0.9642 0.0503
vn 0.3511 -0.4615 0.8147
vn 0.7398 0.2327 0.6313
vn 0.3383 0.0424 -0.9401
vn -0.0504 -0.6519 -0.7567
vn -0.9336 -0.2383 0.2674
vn -0.3383 -0.0424 0.9401
vn -0.7398 -0.2328 -0.6313
vn -0.2605 0.9642 -0.0502
vn 0.0504 0.6518 0.7567
vn -0.3511 0.4615 -0.8147
vn -0.7067 0.4490 0.5468
vn 0.7580 0.2146 0.6159
vn 0.3062 -0.5743 0.7592
vn -0.5130 -0.4819 0.7103
vn -0.2425 0.9620 -0.1257
vn 0.5678 0.8217 -0.0490
vn 0.6502 -0.4685 -0.5982
vn 0.2522 -0.9664 0.0489
vn 0.5114 0.4167 -0.7515
vn 0.1494 -0.5165 -0.8432
vn -0.0097 -0.9713 -0.2378
vn 0.2191 0.2483 -0.9436
vn 0.5069 -0.5009 -0.7016
vn 0.2408 -0.9607 -0.1383
vn 0.4691 0.2591 -0.8443
vn 0.8436 -0.3787 -0.3807
vn 0.4681 -0.8787 0.0934
vn 0.6998 0.3552 -0.6198
vn 0.9847 -0.1733 0.0198
vn 0.5760 -0.7307 0.3665
vn 0.8046 0.4877 -0.3388
vn 0.7788 -0.4176 -0.4681
vn 0.3219 -0.9377 0.1304
vn 0.5829 0.4531 -0.6745
vn -0.6071 -0.3099 -0.7317
vn -0.4792 -0.8776 -0.0144
vn -0.2170 0.5221 -0.8248
vn 0.9259 0.2341 0.2964
vn -0.2324 0.9717 -0.0426
vn 0.1091 0.5852 -0.8035
vn 0.7776 0.1597 -0.6082
vn 0.2911 0.1110 0.9502
vn -0.3776 0.5366 0.7547
vn -0.9259 -0.2341 -0.2963
vn -0.2916 -0.1111 -0.9501
vn -0.7779 -0.1598 0.6077
vn 0.2326 -0.9717 0.0419
vn 0.3776 -0.5367 -0.7546
vn -0.1091 -0.5853 0.8034
vn -0.5704 0.2900 0.7685
vn -0.8249 -0.2250 -0.5185
vn -0.0004 0.9997 0.0250
vn 0.0003 -0.6608 0.7505
vn 0.2169 -0.2253 -0.9498
vn 0.9468 0.2900 0.1393
vn -0.3984 0.7518 -0.5255
vn 0.9000 0.4310 -0.0647
vn 0.3744 0.6561 0.6553
vn -0.3742 0.8417 0.3893
vn -0.0852 0.0266 -0.9960
vn 0.6639 -0.1593 -0.7306
vn 0.3978 -0.7516 0.5262
vn 0.0855 -0.0267 0.9960
vn 0.3741 -0.8418 -0.3892
vn -0.9002 -0.4306 0.0649
vn -0.6646 0.1586 0.7302
vn -0.3753 -0.6561 -0.6547
vn -0.2072 0.9485 0.2394
vn -0.2071 -0.2791 0.9376
vn -0.8485 -0.5281 -0.0322
vn -0.8482 0.2428 -0.4708
vn 0.8450 0.5340 0.0270
vn 0.8454 -0.2488 0.4727
vn 0.1721 -0.9537 -0.2468
vn -0.6922 -0.6489 -0.3158
vn 0.8915 -0.4519 0.0310
vn 0.1726 0.2750 -0.9458
vn -0.6925 0.0600 -0.7190
vn 0.8916 0.2572 -0.3726
vn -0.4861 -0.2049 0.8495
vn 0.0100 0.9640 0.2658
vn 0.6394 0.1904 -0.7450
vn 0.1442 -0.9761 -0.1624
vn -0.4799 0.2411 -0.8435
vn 0.0653 0.9687 0.2394
vn -0.6765 0.5108 0.5305
vn -0.9913 0.0908 -0.0953
vn 0.4792 -0.2409 0.8440
vn -0.4379 -0.1873 0.8793
vn 0.9914 -0.0907 0.0946
vn -0.7523 -0.6077 0.2543
vn 0.6764 -0.5110 -0.5304
vn 0.3509 -0.1881 -0.9173
vn 0.4179 -0.7922 0.4448
vn 0.7928 0.0245 -0.6090
vn 0.9734 0.0553 -0.2225
vn -0.5888 -0.2536 -0.7675
vn -0.3584 -0.9200 0.1584
vn 0.0266 0.2432 0.9696
vn 0.4772 0.8589 -0.1857
vn -0.7390 0.0853 0.6682
vn -0.0738 0.9345 -0.3483
vn 0.7432 0.6635 0.0858
vn -0.8157 0.3461 -0.4635
vn -0.2169 -0.2253 -0.9499
vn 0.8252 -0.2246 -0.5183
vn 0.5710 0.2907 0.7677
vn -0.9469 0.2899 0.1393
vn 0.1304 0.9430 0.3062
vn 0.3717 0.2399 -0.8968
vn 0.9651 -0.0499 -0.2572
vn 0.8258 0.3560 0.4375
vn -0.6752 0.7329 -0.0838
vn -0.5358 0.3269 -0.7785
vn -0.1304 -0.9430 -0.3063
vn 0.6752 -0.7328 0.0838
vn -0.8258 -0.3560 -0.4375
vn -0.3717 -0.2398 0.8968
vn 0.5358 -0.3269 0.7785
vn -0.9651 0.0500 0.2571
vn -0.7056 0.3505 0.6158
vn 0.6139 0.3905 0.6861
vn 0.3804 -0.4403 0.8133
vn -0.4080 -0.5065 0.7596
vn -0.4079 0.9118 -0.0475
vn 0.3804 0.9241 0.0369
vn 0.8596 -0.2527 -0.4441
vn 0.4964 -0.8555 0.1474
vn 0.4963 0.5637 -0.6603
vn -0.5120 -0.4248 -0.7466
vn -0.2954 -0.9550 -0.0267
vn -0.2953 0.4649 -0.8347
vn -0.9465 -0.1600 -0.2804
vn -0.6679 -0.7284 0.1525
vn -0.6678 0.5032 -0.5485
vn -0.8444 -0.2651 -0.4655
vn -0.5934 -0.8045 0.0246
vn -0.5936 0.4320 -0.6790
vn -0.6702 -0.3670 -0.6451
vn -0.4722 -0.8754 -0.1038
vn -0.4724 0.3581 -0.8054
vn -0.4446 -0.4428 -0.7786
vn -0.3125 -0.9296 -0.1953
vn -0.3123 0.3072 -0.8989
vn -0.1753 -0.4870 -0.8556
vn -0.1235 -0.9600 -0.2514
vn -0.1234 0.2741 -0.9537
vn -0.7256 -0.3404 -0.5980
vn -0.4250 -0.9038 0.0506
vn -0.4250 0.5050 -0.7512
vn -0.4655 0.8262 0.3175
vn 0.0516 0.3834 -0.9222
vn 0.7513 0.5584 -0.3519
vn 0.4527 0.8141 0.3638
vn -0.9902 0.1399 0.0028
vn -0.6916 -0.1158 -0.7129
vn 0.4654 -0.8262 -0.3174
vn 0.9902 -0.1400 -0.0027
vn -0.4527 -0.8141 -0.3638
vn -0.0516 -0.3834 0.9221
vn 0.6916 0.1157 0.7129
vn -0.7512 -0.5584 0.3519
vn 0.7446 -0.2196 -0.6303
vn 0.3012 0.9529 -0.0358
vn -0.8610 0.2815 0.4236
vn -0.3506 0.6777 -0.6463
vn 0.1244 0.0288 0.9918
vn -0.4168 -0.8927 -0.1713
vn -0.0894 -0.0120 -0.9959
vn 0.3861 -0.6637 0.6406
vn -0.4443 -0.5115 -0.7355
vn 0.9387 -0.2698 -0.2144
vn 0.5420 0.7784 0.3168
vn -0.8313 0.5117 -0.2170
vn -0.9264 -0.2293 -0.2985
vn -0.2371 0.9704 -0.0460
vn -0.3810 0.5330 0.7555
vn -0.7766 -0.1550 0.6106
vn -0.2867 -0.1068 -0.9520
vn 0.1078 0.5801 -0.8074
vn 0.8827 0.2243 0.4129
vn 0.1979 -0.9667 0.1620
vn -0.5420 -0.7490 -0.3812
vn 0.8387 -0.4530 -0.3024
vn 0.4402 0.1333 -0.8879
vn -0.3569 -0.0376 -0.9334
vn -0.2689 -0.8273 0.4933
vn 0.5282 -0.6564 0.5387
vn 0.5420 0.7490 0.3811
vn 0.2689 0.8272 -0.4933
vn 0.3569 0.0376 0.9334
vn -0.8387 0.4530 0.3024
vn -0.5282 0.6563 -0.5387
vn -0.4402 -0.1333 0.8879
vn 0.8436 -0.4770 0.2466
vn 0.9701 0.1963 -0.1431
vn 0.4298 -0.1224 -0.8946
vn 0.2995 -0.8172 -0.4923
vn 0.3969 -0.0060 0.9178
vn 0.5240 0.6695 0.5265
vn -0.8391 0.4677 -0.2778
vn 0.2017 -0.0872 -0.9756
vn -0.0438 0.8495 0.5257
vn -0.9679 -0.2201 0.1210
vn 0.0608 -0.8400 -0.5391
vn -0.1907 0.0650 0.9795
vn -0.2454 0.9280 -0.2803
vn -0.1117 0.2577 0.9597
vn -0.8619 -0.0217 0.5067
vn 0.7336 0.3186 0.6002
vn 0.1848 -0.9428 0.2774
vn -0.6910 -0.7139 0.1130
vn 0.9044 -0.3731 0.2069
vn 0.0504 -0.2701 -0.9615
vn -0.7533 -0.4571 -0.4728
vn -0.1445 -0.4857 0.8621
vn 0.6276 -0.6992 0.3424
vn 0.1161 -0.8029 -0.5847
vn -0.5773 0.0333 0.8159
vn -0.7757 0.1628 0.6098
vn 0.4985 0.6629 0.5587
vn 0.9824 -0.0656 0.1750
vn -0.4255 0.7882 0.4445
vn -0.1430 0.6331 -0.7608
vn 0.5885 0.0408 -0.8075
vn -0.1682 0.7640 0.6229
vn 0.7995 -0.1052 -0.5913
vn 0.4167 0.5543 -0.7205
vn -0.8400 -0.0780 -0.5369
vn -0.4061 -0.8262 -0.3905
vn 0.8546 0.0857 0.5122
vn 0.4242 0.8279 0.3668
vn -0.8480 0.0882 0.5225
vn -0.5640 0.0289 -0.8253
vn 0.0892 0.7536 0.6512
vn -0.4451 -0.6073 0.6580
vn -0.1273 -0.7236 -0.6783
vn 0.5738 -0.0816 0.8149
vn 0.9170 0.1498 0.3697
vn 0.5336 0.8109 0.2403
vn -0.0644 0.2816 -0.9574
vn 0.3629 -0.4551 -0.8131
vn 0.0488 -0.3012 0.9523
vn -0.3869 0.4491 0.8054
vn -0.8789 -0.1325 -0.4583
vn 0.3380 0.5647 -0.7529
vn -0.7693 0.2261 0.5975
vn -0.4850 -0.8118 -0.3254
vn 0.7735 -0.1862 -0.6059
vn -0.3008 -0.5817 0.7558
vn 0.3597 -0.2441 -0.9006
vn -0.0924 0.9511 -0.2947
vn -0.8115 0.3946 -0.4310
vn -0.5504 -0.2955 -0.7809
vn 0.9658 0.0136 -0.2590
vn 0.7048 0.7036 0.0907
vn -0.3601 0.2440 0.9004
vn -0.9659 -0.0138 0.2586
vn 0.5510 0.2954 0.7805
vn 0.0926 -0.9511 0.2947
vn -0.7047 -0.7037 -0.0907
vn 0.8115 -0.3946 0.4310
vn 0.6850 -0.5297 -0.5001
vn -0.0142 0.6763 -0.7365
vn -0.6033 -0.0276 -0.7971
vn -0.2001 -0.7234 -0.6608
vn 0.9901 0.1127 0.0833
vn 0.5868 0.8080 -0.0531
vn -0.7089 0.5121 0.4850
vn -0.0100 -0.6930 0.7209
vn 0.9825 0.0606 -0.1763
vn 0.5828 0.7506 -0.3115
vn -0.9897 -0.1185 0.0805
vn -0.6189 -0.7580 0.2057
vn -0.9277 -0.1448 -0.3442
vn 0.1809 -0.9818 -0.0582
vn 0.2998 -0.4810 -0.8239
vn 0.1249 -0.3773 -0.9176
vn -0.6047 -0.3488 0.7160
vn -0.0907 -0.6481 0.7561
vn 0.9549 0.1536 0.2541
vn 0.7451 0.1723 -0.6443
vn 0.3538 0.0038 0.9353
vn -0.1568 0.9871 -0.0331
vn 0.6065 0.3289 -0.7239
vn -0.1061 0.3833 0.9175
vn -0.4880 -0.5700 -0.6610
vn -0.7823 0.6227 0.0170
vn 0.4100 0.4892 0.7698
vn 0.7041 -0.7042 0.0913
vn -0.5420 -0.7485 -0.3820
vn -0.8387 0.4535 0.3014
vn -0.4415 -0.1332 0.8873
vn -0.2702 -0.8272 0.4928
vn -0.3557 -0.0372 -0.9338
vn -0.5270 0.6568 -0.5393
vn 0.5420 0.7485 0.3820
vn 0.3557 0.0372 0.9339
vn 0.2702 0.8271 -0.4928
vn 0.8387 -0.4538 -0.3011
vn 0.5269 -0.6570 0.5392
vn 0.4416 0.1332 -0.8873
vn 0.8685 -0.2402 0.4336
vn -0.1692 -0.9657 -0.1970
vn -0.4780 -0.6380 0.6038
vn 0.1206 -0.2190 0.9682
vn 0.8819 -0.0587 -0.4677
vn 0.2828 -0.4774 -0.8319
vn -0.8684 0.2406 -0.4335
vn -0.8820 0.0587 0.4676
vn -0.1207 0.2192 -0.9682
vn 0.1689 0.9656 0.1975
vn -0.2831 0.4773 0.8319
vn 0.4782 0.6378 -0.6038
vn -0.0768 0.7308 0.6782
vn 0.9040 0.3298 -0.2719
vn 0.8531 -0.2127 0.4765
vn 0.1845 0.5883 -0.7873
vn 0.1329 -0.8017 -0.5828
vn 0.4104 -0.8618 0.2980
vn -0.2557 -0.0576 -0.9650
vn -0.8424 -0.3923 0.3693
vn 0.2504 0.2850 -0.9252
vn -0.3436 0.9194 0.1914
vn -0.7576 0.1463 -0.6362
vn 0.7518 0.6317 0.1891
vn -0.3439 -0.3047 0.8882
vn -0.7576 -0.6217 -0.1987
vn 0.7520 -0.1602 0.6394
vn 0.2506 -0.9409 -0.2278
vn -0.1257 -0.9515 0.2807
vn 0.2027 0.2461 0.9478
vn 0.9703 0.2411 0.0202
vn 0.7655 -0.5070 -0.3961
vn -0.9681 -0.2489 -0.0300
vn -0.7581 0.5172 0.3973
vn 0.1862 0.9398 -0.2865
vn 0.9017 0.3630 -0.2348
vn -0.6870 0.7204 -0.0955
vn -0.1424 -0.2600 -0.9550
vn 0.7123 -0.3286 -0.6202
vn -0.8764 0.0289 -0.4808
vn -0.7914 -0.0954 -0.6038
vn 0.4119 0.6466 -0.6420
vn 0.7914 0.0954 0.6038
vn -0.7283 -0.5319 -0.4321
vn -0.0596 0.6615 -0.7476
vn 0.6587 0.5845 0.4738
vn -0.2381 0.7674 0.5954
vn 0.9943 -0.0947 -0.0484
vn -0.0118 -0.6124 0.7905
vn -0.6238 0.0780 0.7776
vn 0.6095 -0.7815 0.1333
vn -0.3986 0.7536 -0.5227
vn 0.9006 0.4293 -0.0679
vn 0.3785 0.6543 0.6546
vn -0.3715 0.8416 0.3920
vn -0.0887 0.0286 -0.9956
vn 0.6614 -0.1587 -0.7330
vn 0.3984 -0.7533 0.5233
vn 0.0889 -0.0283 0.9956
vn 0.3713 -0.8417 -0.3920
vn -0.9005 -0.4296 0.0677
vn -0.6617 0.1585 0.7329
vn -0.3791 -0.6544 -0.6543
vn -0.7225 -0.1864 -0.6657
vn 0.1070 -0.9783 0.1776
vn 0.4151 -0.6504 -0.6361
vn -0.8972 -0.0891 0.4326
vn 0.8655 0.1346 0.4825
vn 0.0399 0.9326 -0.3588
vn 0.8954 0.0543 -0.4420
vn -0.3818 0.6667 0.6402
vn -0.9622 -0.1386 -0.2343
vn 0.4642 -0.7965 0.3874
vn 0.9814 0.1275 0.1433
vn -0.4640 0.7513 -0.4694
vn -0.8770 -0.2145 0.4299
vn -0.2139 0.9698 0.1170
vn 0.9456 0.2309 -0.2293
vn 0.3221 0.5392 0.7782
vn 0.1038 0.2206 -0.9698
vn 0.2809 -0.9560 0.0843
vn -0.0940 -0.2038 0.9745
vn -0.3292 -0.5528 -0.7655
vn -0.8131 -0.3823 -0.4389
vn 0.5230 -0.8108 -0.2628
vn 0.5105 -0.1062 -0.8533
vn -0.2610 0.1411 -0.9550
vn -0.6780 -0.5826 0.4482
vn 0.0934 -0.8300 0.5499
vn 0.8132 0.3823 0.4389
vn 0.6780 0.5826 -0.4482
vn 0.2609 -0.1412 0.9550
vn -0.5230 0.8108 0.2628
vn -0.0934 0.8300 -0.5499
vn -0.5105 0.1062 0.8533
vn -0.3756 -0.3658 -0.8516
vn -0.1517 -0.8782 0.4536
vn 0.6065 0.2347 0.7596
vn 0.3821 0.7453 -0.5463
vn -0.6030 -0.7767 0.1821
vn -0.9933 -0.1040 0.0509
vn 0.6020 0.7934 -0.0900
vn 0.9917 0.1218 0.0414
vn 0.2821 -0.8740 0.3958
vn -0.9606 -0.2543 0.1118
vn -0.2954 0.9338 -0.2021
vn 0.9464 0.3124 0.0823
vn 0.8507 -0.3299 0.4092
vn -0.4539 -0.8560 0.2473
vn 0.2488 0.0912 0.9642
vn 0.7321 -0.4711 -0.4920
vn -0.8665 0.3501 -0.3558
vn 0.4375 0.8779 -0.1947
vn 0.0106 0.7876 0.6161
vn 0.4941 0.2247 -0.8399
vn -0.4224 -0.6602 0.6211
vn -0.8359 0.5486 0.0166
vn -0.1948 0.7349 0.6496
vn 0.0437 0.0375 0.9983
vn -0.5313 -0.7990 -0.2816
vn -0.7698 -0.1019 -0.6301
vn 0.4366 0.6809 -0.5880
vn 0.1072 0.8294 0.5483
vn -0.3681 -0.0617 -0.9277
vn 0.8501 -0.5265 0.0159
vn 0.3671 0.0707 0.9275
vn -0.1040 -0.8346 -0.5409
vn -0.5584 -0.6415 0.5261
vn -0.2188 -0.4978 -0.8393
vn -0.7799 0.1889 -0.5967
vn -0.9758 0.1056 0.1915
vn 0.3311 -0.8469 0.4161
vn 0.5273 -0.7637 -0.3724
vn -0.3315 0.8469 -0.4159
vn 0.9758 -0.1058 -0.1915
vn 0.2186 0.4977 0.8393
vn -0.5273 0.7637 0.3724
vn 0.7798 -0.1890 0.5968
vn 0.3568 -0.2442 -0.9017
vn 0.0953 -0.9505 0.2957
vn 0.8138 -0.3925 0.4286
vn 0.9649 0.0148 -0.2621
vn -0.5529 -0.2972 -0.7784
vn -0.7040 -0.7048 -0.0874
vn -0.3571 0.2446 0.9015
vn 0.5526 0.2975 0.7786
vn -0.9649 -0.0149 0.2624
vn -0.0951 0.9505 -0.2957
vn 0.7038 0.7050 0.0874
vn -0.8136 0.3925 -0.4288
vn 0.5739 -0.6144 0.5413
vn 0.7978 0.5834 -0.1525
vn -0.5181 0.5279 -0.6729
vn -0.7419 -0.6702 0.0203
vn 0.7478 -0.4792 -0.4596
vn 0.0135 -0.6738 0.7388
vn 0.6056 0.0313 0.7952
vn -0.5898 -0.8057 0.0557
vn -0.6837 0.5283 0.5035
vn 0.2044 0.7232 0.6597
vn -0.9902 -0.1152 -0.0794
vn 0.0530 0.7181 -0.6939
vn -0.4305 -0.7332 -0.5264
vn -0.8834 0.4617 0.0804
vn -0.6609 -0.1409 0.7371
vn -0.3994 -0.8307 0.3878
vn -0.0980 -0.0152 -0.9951
vn -0.3592 0.6746 -0.6449
vn 0.4314 0.7326 0.5264
vn 0.0984 0.0159 0.9950
vn 0.3996 0.8309 -0.3871
vn 0.8832 -0.4622 -0.0796
vn 0.3590 -0.6744 0.6452
vn 0.6607 0.1409 -0.7373
vn 0.9168 0.2326 -0.3246
vn 0.2436 -0.9699 -0.0069
vn 0.3989 -0.5006 0.7683
vn 0.7877 0.1937 0.5849
vn 0.2710 0.0749 -0.9597
vn -0.1177 -0.6193 -0.7763
vn -0.9168 -0.2325 0.3246
vn -0.2710 -0.0749 0.9597
vn -0.7877 -0.1936 -0.5849
vn -0.2436 0.9699 0.0069
vn 0.1177 0.6193 0.7763
vn -0.3990 0.5006 -0.7683
vn -0.5047 0.8590 0.0862
vn -0.5043 -0.3651 0.7825
vn -0.6012 -0.7132 -0.3603
vn -0.6012 0.0551 -0.7972
vn 0.5979 0.7202 0.3519
vn 0.5981 -0.0648 0.7988
vn 0.4155 -0.8968 -0.1522
vn 0.4158 0.3271 -0.8486
vn -0.4871 0.2408 -0.8395
vn -0.0732 -0.9693 -0.2349
vn 0.6683 -0.5164 -0.5355
vn 0.4295 0.1822 -0.8845
vn -0.9918 0.0953 -0.0848
vn -0.7529 -0.6028 0.2642
vn 0.4874 -0.2402 0.8395
vn 0.9918 -0.0954 0.0850
vn -0.4293 -0.1821 0.8846
vn 0.0732 0.9693 0.2349
vn 0.7528 0.6028 -0.2642
vn -0.6683 0.5164 0.5355
vn -0.4514 -0.7077 0.5435
vn -0.8644 0.4993 -0.0597
vn 0.4670 0.7508 -0.4672
vn 0.8797 -0.4557 0.1362
vn -0.3954 -0.2075 -0.8948
vn 0.2014 -0.9687 0.1451
vn 0.8105 -0.4750 -0.3427
vn -0.5778 -0.6376 0.5095
vn 0.4905 0.2190 0.8434
vn 0.9765 0.2074 0.0589
vn -0.4121 0.0437 0.9101
vn -0.1078 0.9738 -0.2002
vn -0.8004 0.2741 -0.5331
vn -0.3931 -0.9173 0.0633
vn 0.6273 -0.5672 -0.5336
vn 0.3701 0.1855 -0.9103
vn -0.6275 0.5842 0.5148
vn -0.3561 -0.2083 0.9109
vn 0.8746 -0.3457 0.3398
vn 0.4668 0.8464 -0.2563
vn 0.9498 -0.2253 -0.2169
vn 0.5183 -0.2252 0.8250
vn -0.7680 0.2901 0.5710
vn -0.1392 0.2904 -0.9467
vn -0.6363 0.2382 -0.7337
vn -0.2246 -0.9655 -0.1320
vn 0.4779 -0.6200 -0.6223
vn 0.2414 0.0711 -0.9678
vn -0.9715 0.2016 0.1247
vn -0.7354 -0.4884 0.4697
vn 0.7162 -0.2459 0.6531
vn 0.3073 0.9500 0.0546
vn -0.4295 -0.7289 -0.5332
vn 0.8816 -0.4663 -0.0726
vn 0.6688 0.1401 -0.7301
vn -0.0881 -0.0115 -0.9960
vn -0.4078 -0.8301 0.3803
vn 0.3492 -0.6785 0.6463
vn 0.4294 0.7289 0.5332
vn 0.4078 0.8301 -0.3803
vn 0.0881 0.0116 0.9960
vn -0.8816 0.4664 0.0726
vn -0.3492 0.6785 -0.6463
vn -0.6688 -0.1400 0.7301
vn -0.1742 0.9535 0.2458
vn 0.1742 0.2756 -0.9454
vn 0.8919 0.2586 -0.3710
vn 0.6908 0.6500 0.3167
vn -0.8919 0.4510 -0.0329
vn -0.6908 0.0596 -0.7206
vn 0.1742 -0.9535 -0.2459
vn 0.8919 -0.4510 0.0329
vn -0.6907 -0.6500 -0.3168
vn -0.1742 -0.2756 0.9454
vn 0.6908 -0.0596 0.7206
vn -0.8919 -0.2586 0.3710
vn -0.5825 -0.2192 -0.7827
vn 0.4280 -0.9020 -0.0569
vn 0.6540 -0.3097 -0.6902
vn -0.8567 -0.4494 0.2530
vn 0.7507 0.2762 0.6001
vn -0.2597 0.9573 -0.1273
vn 0.8579 0.4337 -0.2755
vn -0.6420 0.3347 0.6898
vn -0.6849 0.5287 -0.5014
vn -0.6853 -0.7009 0.1977
vn -0.1944 -0.7960 -0.5733
vn -0.1939 -0.0864 -0.9772
vn -0.5971 0.6962 0.3985
vn -0.5971 -0.0136 0.8021
vn 0.6854 -0.5285 0.5008
vn 0.5973 -0.6962 -0.3982
vn 0.1942 0.0860 0.9772
vn 0.6853 0.7008 -0.1981
vn 0.5971 0.0133 -0.8021
vn 0.1942 0.7960 0.5733
vn -0.6084 0.3288 -0.7223
vn 0.0857 -0.8684 -0.4884
vn 0.6962 -0.2017 -0.6890
vn 0.2992 0.4832 -0.8228
vn -0.9941 -0.1080 -0.0043
vn -0.5979 -0.7910 0.1295
vn 0.7170 -0.2723 0.6416
vn 0.0305 0.9116 0.4099
vn 0.1261 -0.9709 0.2034
vn 0.4519 0.2172 0.8652
vn 0.0411 0.9619 -0.2702
vn -0.2846 -0.2256 -0.9317
vn -0.4138 -0.6386 0.6488
vn -0.8249 0.5632 0.0479
vn -0.1454 0.7470 0.6487
vn 0.0910 0.0559 0.9943
vn -0.5667 -0.7863 -0.2462
vn -0.8016 -0.0997 -0.5895
vn 0.4548 0.6959 -0.5559
vn 0.8644 -0.5011 0.0421
vn -0.8981 -0.1259 -0.4214
vn -0.6901 0.1021 -0.7165
vn -0.2454 -0.5407 -0.8047
vn -0.4053 -0.6891 -0.6007
vn -0.8592 0.5116 0.0079
vn -0.7078 0.6817 -0.1850
vn -0.2356 0.3670 -0.8999
vn 0.0664 -0.3530 -0.9333
vn -0.3937 0.8629 -0.3168
vn 0.7370 0.5063 -0.4478
vn 0.6658 -0.4406 -0.6022
vn 0.1272 0.9844 0.1212
vn 0.7922 0.4864 -0.3684
vn 0.7191 -0.4078 -0.5626
vn 0.1977 0.9708 0.1363
vn -0.5200 0.2215 -0.8249
vn -0.0381 -0.5633 -0.8254
vn -0.5609 0.8184 -0.1249
vn -0.7889 -0.4879 0.3736
vn -0.1935 -0.9718 -0.1347
vn -0.7160 0.4093 0.5654
vn 0.5264 -0.2176 0.8220
vn 0.5650 -0.8156 0.1249
vn 0.0429 0.5643 0.8244
vn 0.7899 0.4875 -0.3721
vn 0.7178 -0.4071 -0.5647
vn 0.1964 0.9713 0.1340
vn -0.5240 0.2186 -0.8232
vn -0.0403 -0.5653 -0.8239
vn -0.5628 0.8174 -0.1231
vn -0.9546 0.2075 -0.2135
vn -0.5240 0.2076 0.8260
vn 0.7778 -0.2677 0.5687
vn 0.0588 -0.9983 -0.0000
vn 0.7275 0.6861 -0.0000
vn 0.1478 -0.2682 -0.9520
vn 0.8182 0.3758 0.4350
vn 0.5307 -0.8066 -0.2604
vn 0.0918 -0.8257 0.5565
vn 0.2567 -0.1480 0.9551
vn 0.6804 0.5748 -0.4546
vn 0.5167 -0.0983 -0.8505
vn -0.8450 -0.4372 -0.3081
vn -0.5598 0.7355 0.3816
vn -0.9546 0.2076 0.2135
vn 0.1479 -0.2677 0.9521
vn 0.0416 -0.9983 0.0416
vn 0.5144 0.6861 0.5145
vn 0.7778 -0.2677 -0.5687
vn -0.5240 0.2076 -0.8260
vn -0.4561 0.5274 0.7168
vn 0.7462 0.6655 -0.0149
vn 0.8268 -0.0470 0.5606
vn 0.1329 -0.1265 0.9830
vn -0.6595 0.7355 -0.1553
vn 0.0342 0.8152 -0.5781
vn 0.4560 -0.5275 -0.7168
vn 0.6595 -0.7355 0.1554
vn -0.1329 0.1265 -0.9830
vn -0.7463 -0.6654 0.0149
vn -0.0350 -0.8154 0.5778
vn -0.8271 0.0461 -0.5601
vn -0.6765 0.2436 -0.6950
vn 0.2066 0.9677 0.1444
vn -0.5014 0.6102 0.6134
vn 0.7391 0.5042 -0.4466
vn 0.6194 -0.2390 0.7478
vn -0.2636 -0.0848 0.9609
vn 0.9767 -0.1902 -0.0993
vn -0.2648 -0.9598 -0.0932
vn 0.1866 -0.9428 0.2762
vn -0.1100 0.2593 0.9595
vn 0.7336 0.3208 0.5992
vn 0.9049 -0.3733 0.2047
vn -0.6893 -0.7154 0.1142
vn -0.8606 -0.0213 0.5088
vn -0.1867 0.9428 -0.2761
vn 0.6893 0.7154 -0.1142
vn -0.9048 0.3734 -0.2046
vn 0.1100 -0.2592 -0.9595
vn 0.8606 0.0214 -0.5088
vn -0.7336 -0.3207 -0.5992
vn 0.2135 0.2076 -0.9546
vn -0.8260 0.2076 -0.5240
vn -0.5687 -0.2677 0.7778
vn 0.9521 -0.2677 0.1479
vn 0.1854 -0.9431 0.2761
vn 0.1113 -0.2589 -0.9595
vn -0.7329 -0.3198 -0.6004
vn -0.6901 -0.7148 0.1128
vn 0.9042 -0.3742 0.2059
vn 0.8615 0.0209 -0.5074
vn -0.1854 0.9431 -0.2760
vn -0.9042 0.3742 -0.2059
vn 0.6901 0.7149 -0.1129
vn -0.1117 0.2590 0.9594
vn -0.8614 -0.0207 0.5075
vn 0.7328 0.3197 0.6006
vn 0.5687 -0.2677 -0.7778
vn -0.9521 -0.2677 -0.1479
vn -0.0416 -0.9983 -0.0416
vn -0.5145 0.6861 -0.5145
vn -0.2135 0.2076 0.9546
vn 0.8261 0.2072 0.5240
vn 0.5479 0.3894 -0.7404
vn -0.6157 0.7869 -0.0403
vn -0.6157 -0.4366 0.6560
vn 0.5483 -0.8351 -0.0436
vn -0.2583 -0.9221 0.2881
vn 0.0709 0.2793 0.9576
vn 0.8276 -0.0573 0.5583
vn 0.6375 -0.7510 0.1718
vn -0.9358 -0.3138 0.1609
vn -0.7457 0.3799 0.5474
vn 0.2583 0.9221 -0.2881
vn 0.9358 0.3138 -0.1609
vn -0.6376 0.7510 -0.1718
vn -0.0710 -0.2794 -0.9576
vn 0.7457 -0.3799 -0.5474
vn -0.8276 0.0573 -0.5583
vn 0.7680 0.2901 0.5710
vn -0.5183 -0.2252 0.8250
vn -0.9499 -0.2252 -0.2169
vn 0.1393 0.2900 -0.9468
vn 0.9546 0.2076 -0.2135
vn -0.1479 -0.2677 -0.9521
vn -0.7778 -0.2677 0.5687
vn -0.0588 -0.9983 -0.0000
vn -0.7275 0.6861 -0.0000
vn 0.5240 0.2076 0.8260
vn 0.9546 0.2077 0.2136
vn 0.5240 0.2076 -0.8260
vn -0.7778 -0.2677 -0.5686
vn -0.1478 -0.2681 0.9520
vt 0.000000 0.000000
s 1
f 1129/1/1 1130/1/2 747/1/3 743/1/4
f 1130/1/2 1129/1/1 744/1/5 748/1/6
f 1130/1/2 1131/1/7 745/1/8 747/1/3
f 1131/1/7 1130/1/2 748/1/6 746/1/9
f 1131/1/7 1132/1/10 741/1/11 745/1/8
f 1132/1/10 1131/1/7 746/1/9 742/1/12
f 1132/1/10 1129/1/1 743/1/4 741/1/11
f 1129/1/1 1132/1/10 742/1/12 744/1/5
f 1133/1/13 1134/1/14 531/1/15 529/1/16
f 1134/1/14 1133/1/13 530/1/17 532/1/18
f 1134/1/14 1135/1/19 525/1/20 531/1/15
f 1135/1/19 1134/1/14 532/1/18 526/1/21
f 1135/1/19 1136/1/22 523/1/23 525/1/20
f 1136/1/22 1135/1/19 526/1/21 524/1/24
f 1136/1/22 1133/1/13 529/1/16 523/1/23
f 1133/1/13 1136/1/22 524/1/24 530/1/17
f 1137/1/25 1138/1/26 851/1/27 845/1/28
f 1138/1/26 1137/1/25 846/1/29 852/1/30
f 1138/1/26 1139/1/31 847/1/32 851/1/27
f 1139/1/31 1138/1/26 852/1/30 848/1/33
f 1139/1/31 1140/1/34 849/1/35 847/1/32
f 1140/1/34 1139/1/31 848/1/33 850/1/36
f 1140/1/34 1137/1/25 845/1/28 849/1/35
f 1137/1/25 1140/1/34 850/1/36 846/1/29
f 1141/1/37 1142/1/38 213/1/39 215/1/40
f 1142/1/38 1141/1/37 216/1/41 214/1/42
f 1142/1/38 1143/1/43 209/1/44 213/1/39
f 1143/1/43 1142/1/38 214/1/42 210/1/45
f 1143/1/43 1144/1/46 211/1/47 209/1/44
f 1144/1/46 1143/1/43 210/1/45 212/1/48
f 1144/1/46 1145/1/49 217/1/50 211/1/47
f 1145/1/49 1144/1/46 212/1/48 218/1/51
f 1145/1/49 1146/1/52 219/1/53 217/1/50
f 1146/1/52 1145/1/49 218/1/51 220/1/54
f 1146/1/52 1147/1/55 221/1/56 219/1/53
f 1147/1/55 1146/1/52 220/1/54 222/1/57
f 1147/1/55 1148/1/58 225/1/59 221/1/56
f 1148/1/58 1147/1/55 222/1/57 226/1/60
f 1148/1/58 1149/1/61 223/1/62 225/1/59
f 1149/1/61 1148/1/58 226/1/60 224/1/63
f 1149/1/61 1141/1/37 215/1/40 223/1/62
f 1141/1/37 1149/1/61 224/1/63 216/1/41
f 1150/1/64 1151/1/65 675/1/66 669/1/67
f 1151/1/65 1150/1/64 670/1/68 676/1/69
f 1151/1/65 1152/1/70 671/1/71 675/1/66
f 1152/1/70 1151/1/65 676/1/69 672/1/72
f 1152/1/70 1153/1/73 673/1/74 671/1/71
f 1153/1/73 1152/1/70 672/1/72 674/1/75
f 1153/1/73 1150/1/64 669/1/67 673/1/74
f 1150/1/64 1153/1/73 674/1/75 670/1/68
f 1154/1/76 1155/1/77 55/1/78 49/1/79
f 1155/1/77 1154/1/76 50/1/80 56/1/81
f 1155/1/77 1156/1/82 51/1/83 55/1/78
f 1156/1/82 1155/1/77 56/1/81 52/1/84
f 1156/1/82 1157/1/85 53/1/86 51/1/83
f 1157/1/85 1156/1/82 52/1/84 54/1/87
f 1157/1/85 1154/1/76 49/1/79 53/1/86
f 1154/1/76 1157/1/85 54/1/87 50/1/80
f 1158/1/88 1159/1/89 879/1/90 877/1/91
f 1159/1/89 1158/1/88 878/1/92 880/1/93
f 1159/1/89 1160/1/94 875/1/95 879/1/90
f 1160/1/94 1159/1/89 880/1/93 876/1/96
f 1160/1/94 1161/1/97 873/1/98 875/1/95
f 1161/1/97 1160/1/94 876/1/96 874/1/99
f 1161/1/97 1158/1/88 877/1/91 873/1/98
f 1158/1/88 1161/1/97 874/1/99 878/1/92
f 1162/1/100 1163/1/101 635/1/102 631/1/103
f 1163/1/101 1162/1/100 632/1/104 636/1/105
f 1163/1/101 1164/1/106 633/1/107 635/1/102
f 1164/1/106 1163/1/101 636/1/105 634/1/108
f 1164/1/106 1165/1/109 629/1/110 633/1/107
f 1165/1/109 1164/1/106 634/1/108 630/1/111
f 1165/1/109 1162/1/100 631/1/103 629/1/110
f 1162/1/100 1165/1/109 630/1/111 632/1/104
f 1166/1/112 1167/1/113 1027/1/114 1019/1/115
f 1167/1/113 1166/1/112 1020/1/116 1028/1/117
f 1167/1/113 1168/1/118 1025/1/119 1027/1/114
f 1168/1/118 1167/1/113 1028/1/117 1026/1/120
f 1168/1/118 1169/1/121 1021/1/122 1025/1/119
f 1169/1/121 1168/1/118 1026/1/120 1022/1/123
f 1169/1/121 1166/1/112 1019/1/115 1021/1/122
f 1166/1/112 1169/1/121 1022/1/123 1020/1/116
f 1170/1/124 1171/1/125 691/1/126 689/1/127
f 1171/1/125 1170/1/124 690/1/128 692/1/129
f 1171/1/125 1172/1/130 687/1/131 691/1/126
f 1172/1/130 1171/1/125 692/1/129 688/1/132
f 1172/1/130 1173/1/133 685/1/134 687/1/131
f 1173/1/133 1172/1/130 688/1/132 686/1/135
f 1173/1/133 1170/1/124 689/1/127 685/1/134
f 1170/1/124 1173/1/133 686/1/135 690/1/128
f 1174/1/136 1175/1/137 771/1/138 767/1/139
f 1175/1/137 1174/1/136 768/1/140 772/1/141
f 1175/1/137 1176/1/142 769/1/143 771/1/138
f 1176/1/142 1175/1/137 772/1/141 770/1/144
f 1176/1/142 1177/1/145 765/1/146 769/1/143
f 1177/1/145 1176/1/142 770/1/144 766/1/147
f 1177/1/145 1174/1/136 767/1/139 765/1/146
f 1174/1/136 1177/1/145 766/1/147 768/1/140
f 1178/1/148 1179/1/149 987/1/150 981/1/151
f 1179/1/149 1178/1/148 982/1/152 988/1/153
f 1179/1/149 1180/1/154 983/1/155 987/1/150
f 1180/1/154 1179/1/149 988/1/153 984/1/156
f 1180/1/154 1181/1/157 985/1/158 983/1/155
f 1181/1/157 1180/1/154 984/1/156 986/1/159
f 1181/1/157 1178/1/148 981/1/151 985/1/158
f 1178/1/148 1181/1/157 986/1/159 982/1/152
f 1182/1/160 1183/1/161 951/1/162 947/1/163
f 1183/1/161 1182/1/160 948/1/164 952/1/165
f 1183/1/161 1184/1/166 949/1/167 951/1/162
f 1184/1/166 1183/1/161 952/1/165 950/1/168
f 1184/1/166 1185/1/169 945/1/170 949/1/167
f 1185/1/169 1184/1/166 950/1/168 946/1/171
f 1185/1/169 1182/1/160 947/1/163 945/1/170
f 1182/1/160 1185/1/169 946/1/171 948/1/164
f 1186/1/172 1187/1/173 491/1/174 485/1/175
f 1187/1/173 1186/1/172 486/1/176 492/1/177
f 1187/1/173 1188/1/178 487/1/179 491/1/174
f 1188/1/178 1187/1/173 492/1/177 488/1/180
f 1188/1/178 1189/1/181 489/1/182 487/1/179
f 1189/1/181 1188/1/178 488/1/180 490/1/183
f 1189/1/181 1186/1/172 485/1/175 489/1/182
f 1186/1/172 1189/1/181 490/1/183 486/1/176
f 1190/1/184 1191/1/185 7/1/186 1/1/187
f 1191/1/185 1190/1/184 2/1/188 8/1/189
f 1191/1/185 1192/1/190 3/1/191 7/1/186
f 1192/1/190 1191/1/185 8/1/189 4/1/192
f 1192/1/190 1193/1/193 5/1/194 3/1/191
f 1193/1/193 1192/1/190 4/1/192 6/1/195
f 1193/1/193 1190/1/184 1/1/187 5/1/194
f 1190/1/184 1193/1/193 6/1/195 2/1/188
f 1194/1/196 1195/1/197 547/1/198 541/1/199
f 1195/1/197 1194/1/196 542/1/200 548/1/201
f 1195/1/197 1196/1/202 543/1/203 547/1/198
f 1196/1/202 1195/1/197 548/1/201 544/1/204
f 1196/1/202 1197/1/205 545/1/206 543/1/203
f 1197/1/205 1196/1/202 544/1/204 546/1/207
f 1197/1/205 1194/1/196 541/1/199 545/1/206
f 1194/1/196 1197/1/205 546/1/207 542/1/200
f 1198/1/208 1199/1/209 613/1/210 609/1/211
f 1199/1/209 1198/1/208 610/1/212 614/1/213
f 1199/1/209 1200/1/214 611/1/215 613/1/210
f 1200/1/214 1199/1/209 614/1/213 612/1/216
f 1200/1/214 1201/1/217 605/1/218 611/1/215
f 1201/1/217 1200/1/214 612/1/216 606/1/219
f 1201/1/217 1198/1/208 609/1/211 605/1/218
f 1198/1/208 1201/1/217 606/1/219 610/1/212
f 1202/1/220 1203/1/221 23/1/222 21/1/223
f 1203/1/221 1202/1/220 22/1/224 24/1/225
f 1203/1/221 1204/1/226 17/1/227 23/1/222
f 1204/1/226 1203/1/221 24/1/225 18/1/228
f 1204/1/226 1205/1/229 19/1/230 17/1/227
f 1205/1/229 1204/1/226 18/1/228 20/1/231
f 1205/1/229 1202/1/220 21/1/223 19/1/230
f 1202/1/220 1205/1/229 20/1/231 22/1/224
f 1206/1/232 1207/1/233 1117/1/234 1123/1/235
f 1207/1/233 1206/1/232 1124/1/236 1118/1/237
f 1207/1/233 1208/1/238 1115/1/239 1117/1/234
f 1208/1/238 1207/1/233 1118/1/237 1116/1/240
f 1208/1/238 1209/1/241 1109/1/242 1115/1/239
f 1209/1/241 1208/1/238 1116/1/240 1110/1/243
f 1209/1/241 1210/1/244 1107/1/245 1109/1/242
f 1210/1/244 1209/1/241 1110/1/243 1108/1/246
f 1210/1/244 1211/1/247 1097/1/248 1107/1/245
f 1211/1/247 1210/1/244 1108/1/246 1098/1/249
f 1211/1/247 1212/1/250 1101/1/251 1097/1/248
f 1212/1/250 1211/1/247 1098/1/249 1102/1/252
f 1212/1/250 1213/1/253 1125/1/254 1101/1/251
f 1213/1/253 1212/1/250 1102/1/252 1126/1/255
f 1213/1/253 1206/1/232 1123/1/235 1125/1/254
f 1206/1/232 1213/1/253 1126/1/255 1124/1/236
f 1214/1/256 1215/1/257 179/1/258 175/1/259
f 1215/1/257 1214/1/256 176/1/260 180/1/261
f 1215/1/257 1216/1/262 177/1/263 179/1/258
f 1216/1/262 1215/1/257 180/1/261 178/1/264
f 1216/1/262 1217/1/265 171/1/266 177/1/263
f 1217/1/265 1216/1/262 178/1/264 172/1/267
f 1217/1/265 1218/1/268 161/1/269 171/1/266
f 1218/1/268 1217/1/265 172/1/267 162/1/270
f 1218/1/268 1219/1/271 167/1/272 161/1/269
f 1219/1/271 1218/1/268 162/1/270 168/1/273
f 1219/1/271 1220/1/274 169/1/275 167/1/272
f 1220/1/274 1219/1/271 168/1/273 170/1/276
f 1220/1/274 1221/1/277 163/1/278 169/1/275
f 1221/1/277 1220/1/274 170/1/276 164/1/279
f 1221/1/277 1222/1/280 165/1/281 163/1/278
f 1222/1/280 1221/1/277 164/1/279 166/1/282
f 1222/1/280 1223/1/283 173/1/284 165/1/281
f 1223/1/283 1222/1/280 166/1/282 174/1/285
f 1223/1/283 1214/1/256 175/1/259 173/1/284
f 1214/1/256 1223/1/283 174/1/285 176/1/260
f 1224/1/286 1225/1/287 731/1/288 727/1/289
f 1225/1/287 1224/1/286 728/1/290 732/1/291
f 1225/1/287 1226/1/292 729/1/293 731/1/288
f 1226/1/292 1225/1/287 732/1/291 730/1/294
f 1226/1/292 1227/1/295 725/1/296 729/1/293
f 1227/1/295 1226/1/292 730/1/294 726/1/297
f 1227/1/295 1224/1/286 727/1/289 725/1/296
f 1224/1/286 1227/1/295 726/1/297 728/1/290
f 1228/1/298 1229/1/299 683/1/300 681/1/301
f 1229/1/299 1228/1/298 682/1/302 684/1/303
f 1229/1/299 1230/1/304 677/1/305 683/1/300
f 1230/1/304 1229/1/299 684/1/303 678/1/306
f 1230/1/304 1231/1/307 679/1/308 677/1/305
f 1231/1/307 1230/1/304 678/1/306 680/1/309
f 1231/1/307 1228/1/298 681/1/301 679/1/308
f 1228/1/298 1231/1/307 680/1/309 682/1/302
f 1232/1/310 1233/1/311 207/1/312 203/1/313
f 1233/1/311 1232/1/310 204/1/314 208/1/315
f 1233/1/311 1234/1/316 205/1/317 207/1/312
f 1234/1/316 1233/1/311 208/1/315 206/1/318
f 1234/1/316 1235/1/319 201/1/320 205/1/317
f 1235/1/319 1234/1/316 206/1/318 202/1/321
f 1235/1/319 1236/1/322 193/1/323 201/1/320
f 1236/1/322 1235/1/319 202/1/321 194/1/324
f 1236/1/322 1237/1/325 189/1/326 193/1/323
f 1237/1/325 1236/1/322 194/1/324 190/1/327
f 1237/1/325 1238/1/328 195/1/329 189/1/326
f 1238/1/328 1237/1/325 190/1/327 196/1/330
f 1238/1/328 1239/1/331 191/1/332 195/1/329
f 1239/1/331 1238/1/328 196/1/330 192/1/333
f 1239/1/331 1240/1/334 197/1/335 191/1/332
f 1240/1/334 1239/1/331 192/1/333 198/1/336
f 1240/1/334 1241/1/337 199/1/338 197/1/335
f 1241/1/337 1240/1/334 198/1/336 200/1/339
f 1241/1/337 1232/1/310 203/1/313 199/1/338
f 1232/1/310 1241/1/337 200/1/339 204/1/314
f 1242/1/340 1243/1/341 63/1/342 57/1/343
f 1243/1/341 1242/1/340 58/1/344 64/1/345
f 1243/1/341 1244/1/346 59/1/347 63/1/342
f 1244/1/346 1243/1/341 64/1/345 60/1/348
f 1244/1/346 1245/1/349 61/1/350 59/1/347
f 1245/1/349 1244/1/346 60/1/348 62/1/351
f 1245/1/349 1242/1/340 57/1/343 61/1/350
f 1242/1/340 1245/1/349 62/1/351 58/1/344
f 1246/1/352 1247/1/353 791/1/354 783/1/355
f 1247/1/353 1246/1/352 784/1/356 792/1/357
f 1247/1/353 1248/1/358 789/1/359 791/1/354
f 1248/1/358 1247/1/353 792/1/357 790/1/360
f 1248/1/358 1249/1/361 785/1/362 789/1/359
f 1249/1/361 1248/1/358 790/1/360 786/1/363
f 1249/1/361 1246/1/352 783/1/355 785/1/362
f 1246/1/352 1249/1/361 786/1/363 784/1/356
f 1250/1/364 1251/1/365 439/1/366 433/1/367
f 1251/1/365 1250/1/364 434/1/368 440/1/369
f 1251/1/365 1252/1/370 435/1/371 439/1/366
f 1252/1/370 1251/1/365 440/1/369 436/1/372
f 1252/1/370 1253/1/373 437/1/374 435/1/371
f 1253/1/373 1252/1/370 436/1/372 438/1/375
f 1253/1/373 1250/1/364 433/1/367 437/1/374
f 1250/1/364 1253/1/373 438/1/375 434/1/368
f 1254/1/376 1255/1/377 409/1/378 413/1/379
f 1255/1/377 1254/1/376 414/1/380 410/1/381
f 1255/1/377 1256/1/382 411/1/383 409/1/378
f 1256/1/382 1255/1/377 410/1/381 412/1/384
f 1256/1/382 1257/1/385 407/1/386 411/1/383
f 1257/1/385 1256/1/382 412/1/384 408/1/387
f 1257/1/385 1258/1/388 417/1/389 407/1/386
f 1258/1/388 1257/1/385 408/1/387 418/1/390
f 1258/1/388 1259/1/391 419/1/392 417/1/389
f 1259/1/391 1258/1/388 418/1/390 420/1/393
f 1259/1/391 1260/1/394 421/1/395 419/1/392
f 1260/1/394 1259/1/391 420/1/393 422/1/396
f 1260/1/394 1261/1/397 425/1/398 421/1/395
f 1261/1/397 1260/1/394 422/1/396 426/1/399
f 1261/1/397 1262/1/400 427/1/401 425/1/398
f 1262/1/400 1261/1/397 426/1/399 428/1/402
f 1262/1/400 1263/1/403 431/1/404 427/1/401
f 1263/1/403 1262/1/400 428/1/402 432/1/405
f 1263/1/403 1264/1/406 429/1/407 431/1/404
f 1264/1/406 1263/1/403 432/1/405 430/1/408
f 1264/1/406 1265/1/409 423/1/410 429/1/407
f 1265/1/409 1264/1/406 430/1/408 424/1/411
f 1265/1/409 1266/1/412 415/1/413 423/1/410
f 1266/1/412 1265/1/409 424/1/411 416/1/414
f 1266/1/412 1254/1/376 413/1/379 415/1/413
f 1254/1/376 1266/1/412 416/1/414 414/1/380
f 1267/1/415 1268/1/416 243/1/417 241/1/418
f 1268/1/416 1267/1/415 242/1/419 244/1/420
f 1268/1/416 1269/1/421 239/1/422 243/1/417
f 1269/1/421 1268/1/416 244/1/420 240/1/423
f 1269/1/421 1270/1/424 237/1/425 239/1/422
f 1270/1/424 1269/1/421 240/1/423 238/1/426
f 1270/1/424 1271/1/427 235/1/428 237/1/425
f 1271/1/427 1270/1/424 238/1/426 236/1/429
f 1271/1/427 1272/1/430 229/1/431 235/1/428
f 1272/1/430 1271/1/427 236/1/429 230/1/432
f 1272/1/430 1273/1/433 233/1/434 229/1/431
f 1273/1/433 1272/1/430 230/1/432 234/1/435
f 1273/1/433 1274/1/436 231/1/437 233/1/434
f 1274/1/436 1273/1/433 234/1/435 232/1/438
f 1274/1/436 1275/1/439 227/1/440 231/1/437
f 1275/1/439 1274/1/436 232/1/438 228/1/441
f 1275/1/439 1267/1/415 241/1/418 227/1/440
f 1267/1/415 1275/1/439 228/1/441 242/1/419
f 1276/1/442 1277/1/443 901/1/444 903/1/445
f 1277/1/443 1276/1/442 904/1/446 902/1/447
f 1277/1/443 1278/1/448 897/1/449 901/1/444
f 1278/1/448 1277/1/443 902/1/447 898/1/450
f 1278/1/448 1279/1/451 899/1/452 897/1/449
f 1279/1/451 1278/1/448 898/1/450 900/1/453
f 1279/1/451 1276/1/442 903/1/445 899/1/452
f 1276/1/442 1279/1/451 900/1/453 904/1/446
f 1280/1/454 1281/1/455 1055/1/456 1051/1/457
f 1281/1/455 1280/1/454 1052/1/458 1056/1/459
f 1281/1/455 1282/1/460 1053/1/461 1055/1/456
f 1282/1/460 1281/1/455 1056/1/459 1054/1/462
f 1282/1/460 1283/1/463 1049/1/464 1053/1/461
f 1283/1/463 1282/1/460 1054/1/462 1050/1/465
f 1283/1/463 1280/1/454 1051/1/457 1049/1/464
f 1280/1/454 1283/1/463 1050/1/465 1052/1/458
f 1284/1/466 1285/1/467 511/1/468 507/1/469
f 1285/1/467 1284/1/466 508/1/470 512/1/471
f 1285/1/467 1286/1/472 509/1/473 511/1/468
f 1286/1/472 1285/1/467 512/1/471 510/1/474
f 1286/1/472 1287/1/475 505/1/476 509/1/473
f 1287/1/475 1286/1/472 510/1/474 506/1/477
f 1287/1/475 1284/1/466 507/1/469 505/1/476
f 1284/1/466 1287/1/475 506/1/477 508/1/470
f 1288/1/478 1289/1/479 269/1/480 271/1/481
f 1289/1/479 1288/1/478 272/1/482 270/1/483
f 1289/1/479 1290/1/484 265/1/485 269/1/480
f 1290/1/484 1289/1/479 270/1/483 266/1/486
f 1290/1/484 1291/1/487 255/1/488 265/1/485
f 1291/1/487 1290/1/484 266/1/486 256/1/489
f 1291/1/487 1292/1/490 249/1/491 255/1/488
f 1292/1/490 1291/1/487 256/1/489 250/1/492
f 1292/1/490 1293/1/493 245/1/494 249/1/491
f 1293/1/493 1292/1/490 250/1/492 246/1/495
f 1293/1/493 1294/1/496 257/1/497 245/1/494
f 1294/1/496 1293/1/493 246/1/495 258/1/498
f 1294/1/496 1295/1/499 261/1/500 257/1/497
f 1295/1/499 1294/1/496 258/1/498 262/1/501
f 1295/1/499 1296/1/502 259/1/503 261/1/500
f 1296/1/502 1295/1/499 262/1/501 260/1/504
f 1296/1/502 1297/1/505 253/1/506 259/1/503
f 1297/1/505 1296/1/502 260/1/504 254/1/507
f 1297/1/505 1298/1/508 247/1/509 253/1/506
f 1298/1/508 1297/1/505 254/1/507 248/1/510
f 1298/1/508 1299/1/511 251/1/512 247/1/509
f 1299/1/511 1298/1/508 248/1/510 252/1/513
f 1299/1/511 1300/1/514 263/1/515 251/1/512
f 1300/1/514 1299/1/511 252/1/513 264/1/516
f 1300/1/514 1301/1/517 267/1/518 263/1/515
f 1301/1/517 1300/1/514 264/1/516 268/1/519
f 1301/1/517 1288/1/478 271/1/481 267/1/518
f 1288/1/478 1301/1/517 268/1/519 272/1/482
f 1302/1/520 1303/1/521 1063/1/522 1057/1/523
f 1303/1/521 1302/1/520 1058/1/524 1064/1/525
f 1303/1/521 1304/1/526 1059/1/527 1063/1/522
f 1304/1/526 1303/1/521 1064/1/525 1060/1/528
f 1304/1/526 1305/1/529 1061/1/530 1059/1/527
f 1305/1/529 1304/1/526 1060/1/528 1062/1/531
f 1305/1/529 1302/1/520 1057/1/523 1061/1/530
f 1302/1/520 1305/1/529 1062/1/531 1058/1/524
f 1306/1/532 1307/1/533 279/1/534 285/1/535
f 1307/1/533 1306/1/532 286/1/536 280/1/537
f 1307/1/533 1308/1/538 277/1/539 279/1/534
f 1308/1/538 1307/1/533 280/1/537 278/1/540
f 1308/1/538 1309/1/541 273/1/542 277/1/539
f 1309/1/541 1308/1/538 278/1/540 274/1/543
f 1309/1/541 1310/1/544 275/1/545 273/1/542
f 1310/1/544 1309/1/541 274/1/543 276/1/546
f 1310/1/544 1311/1/547 281/1/548 275/1/545
f 1311/1/547 1310/1/544 276/1/546 282/1/549
f 1311/1/547 1312/1/550 283/1/551 281/1/548
f 1312/1/550 1311/1/547 282/1/549 284/1/552
f 1312/1/550 1313/1/553 287/1/554 283/1/551
f 1313/1/553 1312/1/550 284/1/552 288/1/555
f 1313/1/553 1314/1/556 293/1/557 287/1/554
f 1314/1/556 1313/1/553 288/1/555 294/1/558
f 1314/1/556 1315/1/559 295/1/560 293/1/557
f 1315/1/559 1314/1/556 294/1/558 296/1/561
f 1315/1/559 1316/1/562 291/1/563 295/1/560
f 1316/1/562 1315/1/559 296/1/561 292/1/564
f 1316/1/562 1317/1/565 289/1/566 291/1/563
f 1317/1/565 1316/1/562 292/1/564 290/1/567
f 1317/1/565 1306/1/532 285/1/535 289/1/566
f 1306/1/532 1317/1/565 290/1/567 286/1/536
f 1318/1/568 1319/1/569 1119/1/570 1117/1/234
f 1319/1/569 1318/1/568 1118/1/237 1120/1/571
f 1319/1/569 1320/1/572 1113/1/573 1119/1/570
f 1320/1/572 1319/1/569 1120/1/571 1114/1/574
f 1320/1/572 1321/1/575 1115/1/239 1113/1/573
f 1321/1/575 1320/1/572 1114/1/574 1116/1/240
f 1321/1/575 1318/1/568 1117/1/234 1115/1/239
f 1318/1/568 1321/1/575 1116/1/240 1118/1/237
f 1322/1/576 1323/1/577 1079/1/578 1075/1/579
f 1323/1/577 1322/1/576 1076/1/580 1080/1/581
f 1323/1/577 1324/1/582 1077/1/583 1079/1/578
f 1324/1/582 1323/1/577 1080/1/581 1078/1/584
f 1324/1/582 1325/1/585 1073/1/586 1077/1/583
f 1325/1/585 1324/1/582 1078/1/584 1074/1/587
f 1325/1/585 1322/1/576 1075/1/579 1073/1/586
f 1322/1/576 1325/1/585 1074/1/587 1076/1/580
f 1326/1/588 1327/1/589 995/1/590 989/1/591
f 1327/1/589 1326/1/588 990/1/592 996/1/593
f 1327/1/589 1328/1/594 991/1/595 995/1/590
f 1328/1/594 1327/1/589 996/1/593 992/1/596
f 1328/1/594 1329/1/597 993/1/598 991/1/595
f 1329/1/597 1328/1/594 992/1/596 994/1/599
f 1329/1/597 1326/1/588 989/1/591 993/1/598
f 1326/1/588 1329/1/597 994/1/599 990/1/592
f 1330/1/600 1331/1/601 159/1/602 153/1/603
f 1331/1/601 1330/1/600 154/1/604 160/1/605
f 1331/1/601 1332/1/606 155/1/607 159/1/602
f 1332/1/606 1331/1/601 160/1/605 156/1/608
f 1332/1/606 1333/1/609 157/1/610 155/1/607
f 1333/1/609 1332/1/606 156/1/608 158/1/611
f 1333/1/609 1330/1/600 153/1/603 157/1/610
f 1330/1/600 1333/1/609 158/1/611 154/1/604
f 1334/1/612 1335/1/613 87/1/614 81/1/615
f 1335/1/613 1334/1/612 82/1/616 88/1/617
f 1335/1/613 1336/1/618 83/1/619 87/1/614
f 1336/1/618 1335/1/613 88/1/617 84/1/620
f 1336/1/618 1337/1/621 85/1/622 83/1/619
f 1337/1/621 1336/1/618 84/1/620 86/1/623
f 1337/1/621 1334/1/612 81/1/615 85/1/622
f 1334/1/612 1337/1/621 86/1/623 82/1/616
f 1338/1/624 1339/1/625 679/1/308 675/1/66
f 1339/1/625 1338/1/624 676/1/69 680/1/309
f 1339/1/625 1340/1/626 677/1/305 679/1/308
f 1340/1/626 1339/1/625 680/1/309 678/1/306
f 1340/1/626 1341/1/627 671/1/71 677/1/305
f 1341/1/627 1340/1/626 678/1/306 672/1/72
f 1341/1/627 1338/1/624 675/1/66 671/1/71
f 1338/1/624 1341/1/627 672/1/72 676/1/69
f 1342/1/628 1343/1/629 349/1/630 347/1/631
f 1343/1/629 1342/1/628 348/1/632 350/1/633
f 1343/1/629 1344/1/634 353/1/635 349/1/630
f 1344/1/634 1343/1/629 350/1/633 354/1/636
f 1344/1/634 1345/1/637 351/1/638 353/1/635
f 1345/1/637 1344/1/634 354/1/636 352/1/639
f 1345/1/637 1346/1/640 355/1/641 351/1/638
f 1346/1/640 1345/1/637 352/1/639 356/1/642
f 1346/1/640 1347/1/643 357/1/644 355/1/641
f 1347/1/643 1346/1/640 356/1/642 358/1/645
f 1347/1/643 1348/1/646 361/1/647 357/1/644
f 1348/1/646 1347/1/643 358/1/645 362/1/648
f 1348/1/646 1349/1/649 359/1/650 361/1/647
f 1349/1/649 1348/1/646 362/1/648 360/1/651
f 1349/1/649 1342/1/628 347/1/631 359/1/650
f 1342/1/628 1349/1/649 360/1/651 348/1/632
f 1350/1/652 1351/1/653 719/1/654 717/1/655
f 1351/1/653 1350/1/652 718/1/656 720/1/657
f 1351/1/653 1352/1/658 715/1/659 719/1/654
f 1352/1/658 1351/1/653 720/1/657 716/1/660
f 1352/1/658 1353/1/661 713/1/662 715/1/659
f 1353/1/661 1352/1/658 716/1/660 714/1/663
f 1353/1/661 1350/1/652 717/1/655 713/1/662
f 1350/1/652 1353/1/661 714/1/663 718/1/656
f 1354/1/664 1355/1/665 767/1/139 761/1/666
f 1355/1/665 1354/1/664 762/1/667 768/1/140
f 1355/1/665 1356/1/668 765/1/146 767/1/139
f 1356/1/668 1355/1/665 768/1/140 766/1/147
f 1356/1/668 1357/1/669 757/1/670 765/1/146
f 1357/1/669 1356/1/668 766/1/147 758/1/671
f 1357/1/669 1354/1/664 761/1/666 757/1/670
f 1354/1/664 1357/1/669 758/1/671 762/1/667
f 1358/1/672 1359/1/673 719/1/654 723/1/674
f 1359/1/673 1358/1/672 724/1/675 720/1/657
f 1359/1/673 1360/1/676 717/1/655 719/1/654
f 1360/1/676 1359/1/673 720/1/657 718/1/656
f 1360/1/676 1361/1/677 721/1/678 717/1/655
f 1361/1/677 1360/1/676 718/1/656 722/1/679
f 1361/1/677 1358/1/672 723/1/674 721/1/678
f 1358/1/672 1361/1/677 722/1/679 724/1/675
f 1362/1/680 1363/1/681 763/1/682 759/1/683
f 1363/1/681 1362/1/680 760/1/684 764/1/685
f 1363/1/681 1364/1/686 761/1/666 763/1/682
f 1364/1/686 1363/1/681 764/1/685 762/1/667
f 1364/1/686 1365/1/687 757/1/670 761/1/666
f 1365/1/687 1364/1/686 762/1/667 758/1/671
f 1365/1/687 1362/1/680 759/1/683 757/1/670
f 1362/1/680 1365/1/687 758/1/671 760/1/684
f 1366/1/688 1367/1/689 587/1/690 581/1/691
f 1367/1/689 1366/1/688 582/1/692 588/1/693
f 1367/1/689 1368/1/694 583/1/695 587/1/690
f 1368/1/694 1367/1/689 588/1/693 584/1/696
f 1368/1/694 1369/1/697 585/1/698 583/1/695
f 1369/1/697 1368/1/694 584/1/696 586/1/699
f 1369/1/697 1366/1/688 581/1/691 585/1/698
f 1366/1/688 1369/1/697 586/1/699 582/1/692
f 1370/1/700 1371/1/701 795/1/702 791/1/354
f 1371/1/701 1370/1/700 792/1/357 796/1/703
f 1371/1/701 1372/1/704 793/1/705 795/1/702
f 1372/1/704 1371/1/701 796/1/703 794/1/706
f 1372/1/704 1373/1/707 789/1/359 793/1/705
f 1373/1/707 1372/1/704 794/1/706 790/1/360
f 1373/1/707 1370/1/700 791/1/354 789/1/359
f 1370/1/700 1373/1/707 790/1/360 792/1/357
f 1374/1/708 1375/1/709 803/1/710 801/1/711
f 1375/1/709 1374/1/708 802/1/712 804/1/713
f 1375/1/709 1376/1/714 799/1/715 803/1/710
f 1376/1/714 1375/1/709 804/1/713 800/1/716
f 1376/1/714 1377/1/717 797/1/718 799/1/715
f 1377/1/717 1376/1/714 800/1/716 798/1/719
f 1377/1/717 1374/1/708 801/1/711 797/1/718
f 1374/1/708 1377/1/717 798/1/719 802/1/712
f 1378/1/720 1379/1/721 47/1/722 41/1/723
f 1379/1/721 1378/1/720 42/1/724 48/1/725
f 1379/1/721 1380/1/726 43/1/727 47/1/722
f 1380/1/726 1379/1/721 48/1/725 44/1/728
f 1380/1/726 1381/1/729 45/1/730 43/1/727
f 1381/1/729 1380/1/726 44/1/728 46/1/731
f 1381/1/729 1378/1/720 41/1/723 45/1/730
f 1378/1/720 1381/1/729 46/1/731 42/1/724
f 1382/1/732 1383/1/733 823/1/734 821/1/735
f 1383/1/733 1382/1/732 822/1/736 824/1/737
f 1383/1/733 1384/1/738 813/1/739 823/1/734
f 1384/1/738 1383/1/733 824/1/737 814/1/740
f 1384/1/738 1385/1/741 817/1/742 813/1/739
f 1385/1/741 1384/1/738 814/1/740 818/1/743
f 1385/1/741 1382/1/732 821/1/735 817/1/742
f 1382/1/732 1385/1/741 818/1/743 822/1/736
f 1386/1/744 1387/1/745 863/1/746 857/1/747
f 1387/1/745 1386/1/744 858/1/748 864/1/749
f 1387/1/745 1388/1/750 861/1/751 863/1/746
f 1388/1/750 1387/1/745 864/1/749 862/1/752
f 1388/1/750 1389/1/753 859/1/754 861/1/751
f 1389/1/753 1388/1/750 862/1/752 860/1/755
f 1389/1/753 1386/1/744 857/1/747 859/1/754
f 1386/1/744 1389/1/753 860/1/755 858/1/748
f 1390/1/756 1391/1/757 875/1/95 873/1/98
f 1391/1/757 1390/1/756 874/1/99 876/1/96
f 1391/1/757 1392/1/758 871/1/759 875/1/95
f 1392/1/758 1391/1/757 876/1/96 872/1/760
f 1392/1/758 1393/1/761 869/1/762 871/1/759
f 1393/1/761 1392/1/758 872/1/760 870/1/763
f 1393/1/761 1390/1/756 873/1/98 869/1/762
f 1390/1/756 1393/1/761 870/1/763 874/1/99
f 1394/1/764 1395/1/765 911/1/766 909/1/767
f 1395/1/765 1394/1/764 910/1/768 912/1/769
f 1395/1/765 1396/1/770 905/1/771 911/1/766
f 1396/1/770 1395/1/765 912/1/769 906/1/772
f 1396/1/770 1397/1/773 907/1/774 905/1/771
f 1397/1/773 1396/1/770 906/1/772 908/1/775
f 1397/1/773 1394/1/764 909/1/767 907/1/774
f 1394/1/764 1397/1/773 908/1/775 910/1/768
f 1398/1/776 1399/1/777 127/1/778 121/1/779
f 1399/1/777 1398/1/776 122/1/780 128/1/781
f 1399/1/777 1400/1/782 125/1/783 127/1/778
f 1400/1/782 1399/1/777 128/1/781 126/1/784
f 1400/1/782 1401/1/785 123/1/786 125/1/783
f 1401/1/785 1400/1/782 126/1/784 124/1/787
f 1401/1/785 1398/1/776 121/1/779 123/1/786
f 1398/1/776 1401/1/785 124/1/787 122/1/780
f 1402/1/788 1403/1/789 895/1/790 891/1/791
f 1403/1/789 1402/1/788 892/1/792 896/1/793
f 1403/1/789 1404/1/794 893/1/795 895/1/790
f 1404/1/794 1403/1/789 896/1/793 894/1/796
f 1404/1/794 1405/1/797 889/1/798 893/1/795
f 1405/1/797 1404/1/794 894/1/796 890/1/799
f 1405/1/797 1402/1/788 891/1/791 889/1/798
f 1402/1/788 1405/1/797 890/1/799 892/1/792
f 1406/1/800 1407/1/801 923/1/802 921/1/803
f 1407/1/801 1406/1/800 922/1/804 924/1/805
f 1407/1/801 1408/1/806 919/1/807 923/1/802
f 1408/1/806 1407/1/801 924/1/805 920/1/808
f 1408/1/806 1409/1/809 917/1/810 919/1/807
f 1409/1/809 1408/1/806 920/1/808 918/1/811
f 1409/1/809 1406/1/800 921/1/803 917/1/810
f 1406/1/800 1409/1/809 918/1/811 922/1/804
f 1410/1/812 1411/1/813 913/1/814 915/1/815
f 1411/1/813 1410/1/812 916/1/816 914/1/817
f 1411/1/813 1412/1/818 905/1/771 913/1/814
f 1412/1/818 1411/1/813 914/1/817 906/1/772
f 1412/1/818 1413/1/819 911/1/766 905/1/771
f 1413/1/819 1412/1/818 906/1/772 912/1/769
f 1413/1/819 1410/1/812 915/1/815 911/1/766
f 1410/1/812 1413/1/819 912/1/769 916/1/816
f 1414/1/820 1415/1/821 999/1/822 993/1/598
f 1415/1/821 1414/1/820 994/1/599 1000/1/823
f 1415/1/821 1416/1/824 997/1/825 999/1/822
f 1416/1/824 1415/1/821 1000/1/823 998/1/826
f 1416/1/824 1417/1/827 989/1/591 997/1/825
f 1417/1/827 1416/1/824 998/1/826 990/1/592
f 1417/1/827 1414/1/820 993/1/598 989/1/591
f 1414/1/820 1417/1/827 990/1/592 994/1/599
f 1418/1/828 1419/1/829 467/1/830 465/1/831
f 1419/1/829 1418/1/828 466/1/832 468/1/833
f 1419/1/829 1420/1/834 459/1/835 467/1/830
f 1420/1/834 1419/1/829 468/1/833 460/1/836
f 1420/1/834 1421/1/837 463/1/838 459/1/835
f 1421/1/837 1420/1/834 460/1/836 464/1/839
f 1421/1/837 1418/1/828 465/1/831 463/1/838
f 1418/1/828 1421/1/837 464/1/839 466/1/832
f 1422/1/840 1423/1/841 979/1/842 973/1/843
f 1423/1/841 1422/1/840 974/1/844 980/1/845
f 1423/1/841 1424/1/846 975/1/847 979/1/842
f 1424/1/846 1423/1/841 980/1/845 976/1/848
f 1424/1/846 1425/1/849 977/1/850 975/1/847
f 1425/1/849 1424/1/846 976/1/848 978/1/851
f 1425/1/849 1422/1/840 973/1/843 977/1/850
f 1422/1/840 1425/1/849 978/1/851 974/1/844
f 1426/1/852 1427/1/853 131/1/854 129/1/855
f 1427/1/853 1426/1/852 130/1/856 132/1/857
f 1427/1/853 1428/1/858 125/1/783 131/1/854
f 1428/1/858 1427/1/853 132/1/857 126/1/784
f 1428/1/858 1429/1/859 127/1/778 125/1/783
f 1429/1/859 1428/1/858 126/1/784 128/1/781
f 1429/1/859 1426/1/852 129/1/855 127/1/778
f 1426/1/852 1429/1/859 128/1/781 130/1/856
f 1430/1/860 1431/1/861 955/1/862 951/1/162
f 1431/1/861 1430/1/860 952/1/165 956/1/863
f 1431/1/861 1432/1/864 953/1/865 955/1/862
f 1432/1/864 1431/1/861 956/1/863 954/1/866
f 1432/1/864 1433/1/867 949/1/167 953/1/865
f 1433/1/867 1432/1/864 954/1/866 950/1/168
f 1433/1/867 1430/1/860 951/1/162 949/1/167
f 1430/1/860 1433/1/867 950/1/168 952/1/165
f 1434/1/868 1435/1/869 1031/1/870 1029/1/871
f 1435/1/869 1434/1/868 1030/1/872 1032/1/873
f 1435/1/869 1436/1/874 1025/1/119 1031/1/870
f 1436/1/874 1435/1/869 1032/1/873 1026/1/120
f 1436/1/874 1437/1/875 1027/1/114 1025/1/119
f 1437/1/875 1436/1/874 1026/1/120 1028/1/117
f 1437/1/875 1434/1/868 1029/1/871 1027/1/114
f 1434/1/868 1437/1/875 1028/1/117 1030/1/872
f 1438/1/876 1439/1/877 123/1/786 121/1/779
f 1439/1/877 1438/1/876 122/1/780 124/1/787
f 1439/1/877 1440/1/878 117/1/879 123/1/786
f 1440/1/878 1439/1/877 124/1/787 118/1/880
f 1440/1/878 1441/1/881 115/1/882 117/1/879
f 1441/1/881 1440/1/878 118/1/880 116/1/883
f 1441/1/881 1438/1/876 121/1/779 115/1/882
f 1438/1/876 1441/1/881 116/1/883 122/1/780
f 1442/1/884 1443/1/885 1035/1/886 1029/1/871
f 1443/1/885 1442/1/884 1030/1/872 1036/1/887
f 1443/1/885 1444/1/888 1033/1/889 1035/1/886
f 1444/1/888 1443/1/885 1036/1/887 1034/1/890
f 1444/1/888 1445/1/891 1031/1/870 1033/1/889
f 1445/1/891 1444/1/888 1034/1/890 1032/1/873
f 1445/1/891 1442/1/884 1029/1/871 1031/1/870
f 1442/1/884 1445/1/891 1032/1/873 1030/1/872
f 1446/1/892 1447/1/893 535/1/894 529/1/16
f 1447/1/893 1446/1/892 530/1/17 536/1/895
f 1447/1/893 1448/1/896 533/1/897 535/1/894
f 1448/1/896 1447/1/893 536/1/895 534/1/898
f 1448/1/896 1449/1/899 531/1/15 533/1/897
f 1449/1/899 1448/1/896 534/1/898 532/1/18
f 1449/1/899 1446/1/892 529/1/16 531/1/15
f 1446/1/892 1449/1/899 532/1/18 530/1/17
f 1450/1/900 1451/1/841 1095/1/901 1093/1/902
f 1451/1/841 1450/1/900 1094/1/903 1096/1/845
f 1451/1/841 1452/1/904 1089/1/905 1095/1/901
f 1452/1/904 1451/1/841 1096/1/845 1090/1/906
f 1452/1/904 1453/1/849 1091/1/850 1089/1/905
f 1453/1/849 1452/1/904 1090/1/906 1092/1/907
f 1453/1/849 1450/1/900 1093/1/902 1091/1/850
f 1450/1/900 1453/1/849 1092/1/907 1094/1/903
f 1454/1/908 1455/1/909 1047/1/910 1043/1/911
f 1455/1/909 1454/1/908 1044/1/912 1048/1/913
f 1455/1/909 1456/1/914 1045/1/915 1047/1/910
f 1456/1/914 1455/1/909 1048/1/913 1046/1/916
f 1456/1/914 1457/1/917 1041/1/918 1045/1/915
f 1457/1/917 1456/1/914 1046/1/916 1042/1/919
f 1457/1/917 1454/1/908 1043/1/911 1041/1/918
f 1454/1/908 1457/1/917 1042/1/919 1044/1/912
f 1458/1/920 1459/1/921 31/1/922 27/1/923
f 1459/1/921 1458/1/920 28/1/924 32/1/925
f 1459/1/921 1460/1/926 29/1/927 31/1/922
f 1460/1/926 1459/1/921 32/1/925 30/1/928
f 1460/1/926 1461/1/929 25/1/930 29/1/927
f 1461/1/929 1460/1/926 30/1/928 26/1/931
f 1461/1/929 1458/1/920 27/1/923 25/1/930
f 1458/1/920 1461/1/929 26/1/931 28/1/924
f 1462/1/932 1463/1/933 1103/1/934 1097/1/248
f 1463/1/933 1462/1/932 1098/1/249 1104/1/935
f 1463/1/933 1464/1/936 1099/1/937 1103/1/934
f 1464/1/936 1463/1/933 1104/1/935 1100/1/938
f 1464/1/936 1465/1/939 1101/1/251 1099/1/937
f 1465/1/939 1464/1/936 1100/1/938 1102/1/252
f 1465/1/939 1462/1/932 1097/1/248 1101/1/251
f 1462/1/932 1465/1/939 1102/1/252 1098/1/249
f 1466/1/940 1467/1/941 667/1/942 665/1/943
f 1467/1/941 1466/1/940 666/1/944 668/1/945
f 1467/1/941 1468/1/946 661/1/947 667/1/942
f 1468/1/946 1467/1/941 668/1/945 662/1/948
f 1468/1/946 1469/1/949 663/1/950 661/1/947
f 1469/1/949 1468/1/946 662/1/948 664/1/951
f 1469/1/949 1466/1/940 665/1/943 663/1/950
f 1466/1/940 1469/1/949 664/1/951 666/1/944
f 1470/1/952 1471/1/953 571/1/954 569/1/955
f 1471/1/953 1470/1/952 570/1/956 572/1/957
f 1471/1/953 1472/1/958 565/1/959 571/1/954
f 1472/1/958 1471/1/953 572/1/957 566/1/960
f 1472/1/958 1473/1/961 567/1/962 565/1/959
f 1473/1/961 1472/1/958 566/1/960 568/1/963
f 1473/1/961 1470/1/952 569/1/955 567/1/962
f 1470/1/952 1473/1/961 568/1/963 570/1/956
f 1474/1/964 1475/1/965 603/1/966 589/1/967
f 1475/1/965 1474/1/964 590/1/968 604/1/969
f 1475/1/965 1476/1/970 599/1/971 603/1/966
f 1476/1/970 1475/1/965 604/1/969 600/1/972
f 1476/1/970 1477/1/973 595/1/974 599/1/971
f 1477/1/973 1476/1/970 600/1/972 596/1/975
f 1477/1/973 1474/1/964 589/1/967 595/1/974
f 1474/1/964 1477/1/973 596/1/975 590/1/968
f 1478/1/976 1479/1/977 595/1/974 589/1/967
f 1479/1/977 1478/1/976 590/1/968 596/1/975
f 1479/1/977 1480/1/978 591/1/979 595/1/974
f 1480/1/978 1479/1/977 596/1/975 592/1/980
f 1480/1/978 1481/1/981 593/1/982 591/1/979
f 1481/1/981 1480/1/978 592/1/980 594/1/983
f 1481/1/981 1478/1/976 589/1/967 593/1/982
f 1478/1/976 1481/1/981 594/1/983 590/1/968
f 1482/1/984 1483/1/985 617/1/986 607/1/987
f 1483/1/985 1482/1/984 608/1/988 618/1/989
f 1483/1/985 1484/1/990 601/1/991 617/1/986
f 1484/1/990 1483/1/985 618/1/989 602/1/992
f 1484/1/990 1485/1/993 597/1/994 601/1/991
f 1485/1/993 1484/1/990 602/1/992 598/1/995
f 1485/1/993 1482/1/984 607/1/987 597/1/994
f 1482/1/984 1485/1/993 598/1/995 608/1/988
f 1486/1/996 1487/1/997 971/1/998 965/1/999
f 1487/1/997 1486/1/996 966/1/1000 972/1/1001
f 1487/1/997 1488/1/1002 967/1/1003 971/1/998
f 1488/1/1002 1487/1/997 972/1/1001 968/1/1004
f 1488/1/1002 1489/1/1005 969/1/1006 967/1/1003
f 1489/1/1005 1488/1/1002 968/1/1004 970/1/1007
f 1489/1/1005 1486/1/996 965/1/999 969/1/1006
f 1486/1/996 1489/1/1005 970/1/1007 966/1/1000
f 1490/1/1008 1491/1/1009 305/1/1010 297/1/1011
f 1491/1/1009 1490/1/1008 298/1/1012 306/1/1013
f 1491/1/1009 1492/1/1014 307/1/1015 305/1/1010
f 1492/1/1014 1491/1/1009 306/1/1013 308/1/1016
f 1492/1/1014 1493/1/1017 299/1/1018 307/1/1015
f 1493/1/1017 1492/1/1014 308/1/1016 300/1/1019
f 1493/1/1017 1494/1/1020 301/1/1021 299/1/1018
f 1494/1/1020 1493/1/1017 300/1/1019 302/1/1022
f 1494/1/1020 1495/1/1023 303/1/1024 301/1/1021
f 1495/1/1023 1494/1/1020 302/1/1022 304/1/1025
f 1495/1/1023 1496/1/1026 311/1/1027 303/1/1024
f 1496/1/1026 1495/1/1023 304/1/1025 312/1/1028
f 1496/1/1026 1497/1/1029 309/1/1030 311/1/1027
f 1497/1/1029 1496/1/1026 312/1/1028 310/1/1031
f 1497/1/1029 1490/1/1008 297/1/1011 309/1/1030
f 1490/1/1008 1497/1/1029 310/1/1031 298/1/1012
f 1498/1/1032 1499/1/1033 659/1/1034 653/1/1035
f 1499/1/1033 1498/1/1032 654/1/1036 660/1/1037
f 1499/1/1033 1500/1/1038 655/1/1039 659/1/1034
f 1500/1/1038 1499/1/1033 660/1/1037 656/1/1040
f 1500/1/1038 1501/1/1041 657/1/1042 655/1/1039
f 1501/1/1041 1500/1/1038 656/1/1040 658/1/1043
f 1501/1/1041 1498/1/1032 653/1/1035 657/1/1042
f 1498/1/1032 1501/1/1041 658/1/1043 654/1/1036
f 1502/1/1044 1503/1/1045 617/1/986 601/1/991
f 1503/1/1045 1502/1/1044 602/1/992 618/1/989
f 1503/1/1045 1504/1/1046 619/1/1047 617/1/986
f 1504/1/1046 1503/1/1045 618/1/989 620/1/1048
f 1504/1/1046 1505/1/1049 613/1/210 619/1/1047
f 1505/1/1049 1504/1/1046 620/1/1048 614/1/213
f 1505/1/1049 1506/1/1050 609/1/211 613/1/210
f 1506/1/1050 1505/1/1049 614/1/213 610/1/212
f 1506/1/1050 1507/1/1051 603/1/966 609/1/211
f 1507/1/1051 1506/1/1050 610/1/212 604/1/969
f 1507/1/1051 1508/1/1052 589/1/967 603/1/966
f 1508/1/1052 1507/1/1051 604/1/969 590/1/968
f 1508/1/1052 1509/1/1053 593/1/982 589/1/967
f 1509/1/1053 1508/1/1052 590/1/968 594/1/983
f 1509/1/1053 1502/1/1044 601/1/991 593/1/982
f 1502/1/1044 1509/1/1053 594/1/983 602/1/992
f 1510/1/1054 1511/1/1055 341/1/1056 345/1/1057
f 1511/1/1055 1510/1/1054 346/1/1058 342/1/1059
f 1511/1/1055 1512/1/1060 339/1/1061 341/1/1056
f 1512/1/1060 1511/1/1055 342/1/1059 340/1/1062
f 1512/1/1060 1513/1/1063 331/1/1064 339/1/1061
f 1513/1/1063 1512/1/1060 340/1/1062 332/1/1065
f 1513/1/1063 1514/1/1066 333/1/1067 331/1/1064
f 1514/1/1066 1513/1/1063 332/1/1065 334/1/1068
f 1514/1/1066 1515/1/1069 335/1/1070 333/1/1067
f 1515/1/1069 1514/1/1066 334/1/1068 336/1/1071
f 1515/1/1069 1516/1/1072 337/1/1073 335/1/1070
f 1516/1/1072 1515/1/1069 336/1/1071 338/1/1074
f 1516/1/1072 1517/1/1075 343/1/1076 337/1/1073
f 1517/1/1075 1516/1/1072 338/1/1074 344/1/1077
f 1517/1/1075 1510/1/1054 345/1/1057 343/1/1076
f 1510/1/1054 1517/1/1075 344/1/1077 346/1/1058
f 1518/1/1078 1519/1/1079 651/1/1080 649/1/1081
f 1519/1/1079 1518/1/1078 650/1/1082 652/1/1083
f 1519/1/1079 1520/1/1084 645/1/1085 651/1/1080
f 1520/1/1084 1519/1/1079 652/1/1083 646/1/1086
f 1520/1/1084 1521/1/1087 647/1/1088 645/1/1085
f 1521/1/1087 1520/1/1084 646/1/1086 648/1/1089
f 1521/1/1087 1518/1/1078 649/1/1081 647/1/1088
f 1518/1/1078 1521/1/1087 648/1/1089 650/1/1082
f 1522/1/1090 1523/1/1091 95/1/1092 89/1/1093
f 1523/1/1091 1522/1/1090 90/1/1094 96/1/1095
f 1523/1/1091 1524/1/1096 91/1/1097 95/1/1092
f 1524/1/1096 1523/1/1091 96/1/1095 92/1/1098
f 1524/1/1096 1525/1/1099 93/1/1100 91/1/1097
f 1525/1/1099 1524/1/1096 92/1/1098 94/1/1101
f 1525/1/1099 1522/1/1090 89/1/1093 93/1/1100
f 1522/1/1090 1525/1/1099 94/1/1101 90/1/1094
f 1526/1/1102 1527/1/1103 643/1/1104 639/1/1105
f 1527/1/1103 1526/1/1102 640/1/1106 644/1/1107
f 1527/1/1103 1528/1/1108 641/1/1109 643/1/1104
f 1528/1/1108 1527/1/1103 644/1/1107 642/1/1110
f 1528/1/1108 1529/1/1111 637/1/1112 641/1/1109
f 1529/1/1111 1528/1/1108 642/1/1110 638/1/1113
f 1529/1/1111 1526/1/1102 639/1/1105 637/1/1112
f 1526/1/1102 1529/1/1111 638/1/1113 640/1/1106
f 1530/1/1114 1531/1/1115 325/1/1116 313/1/1117
f 1531/1/1115 1530/1/1114 314/1/1118 326/1/1119
f 1531/1/1115 1532/1/1120 329/1/1121 325/1/1116
f 1532/1/1120 1531/1/1115 326/1/1119 330/1/1122
f 1532/1/1120 1533/1/1123 327/1/1124 329/1/1121
f 1533/1/1123 1532/1/1120 330/1/1122 328/1/1125
f 1533/1/1123 1534/1/1126 315/1/1127 327/1/1124
f 1534/1/1126 1533/1/1123 328/1/1125 316/1/1128
f 1534/1/1126 1535/1/1129 317/1/1130 315/1/1127
f 1535/1/1129 1534/1/1126 316/1/1128 318/1/1131
f 1535/1/1129 1536/1/1132 319/1/1133 317/1/1130
f 1536/1/1132 1535/1/1129 318/1/1131 320/1/1134
f 1536/1/1132 1537/1/1135 323/1/1136 319/1/1133
f 1537/1/1135 1536/1/1132 320/1/1134 324/1/1137
f 1537/1/1135 1538/1/1138 321/1/1139 323/1/1136
f 1538/1/1138 1537/1/1135 324/1/1137 322/1/1140
f 1538/1/1138 1530/1/1114 313/1/1117 321/1/1139
f 1530/1/1114 1538/1/1138 322/1/1140 314/1/1118
f 1539/1/1141 1540/1/1142 627/1/1143 625/1/1144
f 1540/1/1142 1539/1/1141 626/1/1145 628/1/1146
f 1540/1/1142 1541/1/1147 621/1/1148 627/1/1143
f 1541/1/1147 1540/1/1142 628/1/1146 622/1/1149
f 1541/1/1147 1542/1/1150 623/1/1151 621/1/1148
f 1542/1/1150 1541/1/1147 622/1/1149 624/1/1152
f 1542/1/1150 1539/1/1141 625/1/1144 623/1/1151
f 1539/1/1141 1542/1/1150 624/1/1152 626/1/1145
f 1543/1/1153 1544/1/1154 619/1/1047 615/1/1155
f 1544/1/1154 1543/1/1153 616/1/1156 620/1/1048
f 1544/1/1154 1545/1/1157 617/1/986 619/1/1047
f 1545/1/1157 1544/1/1154 620/1/1048 618/1/989
f 1545/1/1157 1546/1/1158 607/1/987 617/1/986
f 1546/1/1158 1545/1/1157 618/1/989 608/1/988
f 1546/1/1158 1543/1/1153 615/1/1155 607/1/987
f 1543/1/1153 1546/1/1158 608/1/988 616/1/1156
f 1547/1/1159 1548/1/1160 187/1/1161 181/1/1162
f 1548/1/1160 1547/1/1159 182/1/1163 188/1/1164
f 1548/1/1160 1549/1/1165 183/1/1166 187/1/1161
f 1549/1/1165 1548/1/1160 188/1/1164 184/1/1167
f 1549/1/1165 1550/1/1168 185/1/1169 183/1/1166
f 1550/1/1168 1549/1/1165 184/1/1167 186/1/1170
f 1550/1/1168 1547/1/1159 181/1/1162 185/1/1169
f 1547/1/1159 1550/1/1168 186/1/1170 182/1/1163
f 1551/1/1171 1552/1/1172 935/1/1173 929/1/1174
f 1552/1/1172 1551/1/1171 930/1/1175 936/1/1176
f 1552/1/1172 1553/1/1177 931/1/1178 935/1/1173
f 1553/1/1177 1552/1/1172 936/1/1176 932/1/1179
f 1553/1/1177 1554/1/1180 933/1/1181 931/1/1178
f 1554/1/1180 1553/1/1177 932/1/1179 934/1/1182
f 1554/1/1180 1551/1/1171 929/1/1174 933/1/1181
f 1551/1/1171 1554/1/1180 934/1/1182 930/1/1175
f 1555/1/1183 1556/1/1184 687/1/131 685/1/134
f 1556/1/1184 1555/1/1183 686/1/135 688/1/132
f 1556/1/1184 1557/1/1185 683/1/300 687/1/131
f 1557/1/1185 1556/1/1184 688/1/132 684/1/303
f 1557/1/1185 1558/1/1186 681/1/301 683/1/300
f 1558/1/1186 1557/1/1185 684/1/303 682/1/302
f 1558/1/1186 1555/1/1183 685/1/134 681/1/301
f 1555/1/1183 1558/1/1186 682/1/302 686/1/135
f 1559/1/1187 1560/1/1188 739/1/1189 733/1/1190
f 1560/1/1188 1559/1/1187 734/1/294 740/1/297
f 1560/1/1188 1561/1/1191 735/1/1192 739/1/1189
f 1561/1/1191 1560/1/1188 740/1/297 736/1/1193
f 1561/1/1191 1562/1/287 737/1/1194 735/1/1192
f 1562/1/287 1561/1/1191 736/1/1193 738/1/1195
f 1562/1/287 1559/1/1187 733/1/1190 737/1/1194
f 1559/1/1187 1562/1/287 738/1/1195 734/1/294
f 1563/1/1196 1564/1/1197 707/1/1198 701/1/1199
f 1564/1/1197 1563/1/1196 702/1/1200 708/1/1201
f 1564/1/1197 1565/1/1202 703/1/1203 707/1/1198
f 1565/1/1202 1564/1/1197 708/1/1201 704/1/1204
f 1565/1/1202 1566/1/1205 705/1/1206 703/1/1203
f 1566/1/1205 1565/1/1202 704/1/1204 706/1/1207
f 1566/1/1205 1563/1/1196 701/1/1199 705/1/1206
f 1563/1/1196 1566/1/1205 706/1/1207 702/1/1200
f 1567/1/1208 1568/1/1209 619/1/1047 613/1/210
f 1568/1/1209 1567/1/1208 614/1/213 620/1/1048
f 1568/1/1209 1569/1/1210 615/1/1155 619/1/1047
f 1569/1/1210 1568/1/1209 620/1/1048 616/1/1156
f 1569/1/1210 1570/1/1211 611/1/215 615/1/1155
f 1570/1/1211 1569/1/1210 616/1/1156 612/1/216
f 1570/1/1211 1567/1/1208 613/1/210 611/1/215
f 1567/1/1208 1570/1/1211 612/1/216 614/1/213
f 1571/1/1212 1572/1/1213 753/1/1214 755/1/1215
f 1572/1/1213 1571/1/1212 756/1/1216 754/1/1217
f 1572/1/1213 1573/1/1218 749/1/1219 753/1/1214
f 1573/1/1218 1572/1/1213 754/1/1217 750/1/1220
f 1573/1/1218 1574/1/1221 751/1/1222 749/1/1219
f 1574/1/1221 1573/1/1218 750/1/1220 752/1/1223
f 1574/1/1221 1571/1/1212 755/1/1215 751/1/1222
f 1571/1/1212 1574/1/1221 752/1/1223 756/1/1216
f 1575/1/1224 1576/1/1225 365/1/1226 377/1/1227
f 1576/1/1225 1575/1/1224 378/1/1228 366/1/1229
f 1576/1/1225 1577/1/1230 373/1/1231 365/1/1226
f 1577/1/1230 1576/1/1225 366/1/1229 374/1/1232
f 1577/1/1230 1578/1/1233 375/1/1234 373/1/1231
f 1578/1/1233 1577/1/1230 374/1/1232 376/1/1235
f 1578/1/1233 1579/1/1236 371/1/1237 375/1/1234
f 1579/1/1236 1578/1/1233 376/1/1235 372/1/1238
f 1579/1/1236 1580/1/1239 369/1/1240 371/1/1237
f 1580/1/1239 1579/1/1236 372/1/1238 370/1/1241
f 1580/1/1239 1581/1/1242 367/1/1243 369/1/1240
f 1581/1/1242 1580/1/1239 370/1/1241 368/1/1244
f 1581/1/1242 1582/1/1245 363/1/1246 367/1/1243
f 1582/1/1245 1581/1/1242 368/1/1244 364/1/1247
f 1582/1/1245 1583/1/1248 379/1/1249 363/1/1246
f 1583/1/1248 1582/1/1245 364/1/1247 380/1/1250
f 1583/1/1248 1584/1/1251 381/1/1252 379/1/1249
f 1584/1/1251 1583/1/1248 380/1/1250 382/1/1253
f 1584/1/1251 1575/1/1224 377/1/1227 381/1/1252
f 1575/1/1224 1584/1/1251 382/1/1253 378/1/1228
f 1585/1/1254 1586/1/1255 111/1/1256 105/1/1257
f 1586/1/1255 1585/1/1254 106/1/1258 112/1/1259
f 1586/1/1255 1587/1/1260 107/1/1261 111/1/1256
f 1587/1/1260 1586/1/1255 112/1/1259 108/1/1262
f 1587/1/1260 1588/1/1263 109/1/1264 107/1/1261
f 1588/1/1263 1587/1/1260 108/1/1262 110/1/1265
f 1588/1/1263 1585/1/1254 105/1/1257 109/1/1264
f 1585/1/1254 1588/1/1263 110/1/1265 106/1/1258
f 1589/1/1266 1590/1/1267 715/1/659 713/1/662
f 1590/1/1267 1589/1/1266 714/1/663 716/1/660
f 1590/1/1267 1591/1/1268 709/1/1269 715/1/659
f 1591/1/1268 1590/1/1267 716/1/660 710/1/1270
f 1591/1/1268 1592/1/1271 711/1/1272 709/1/1269
f 1592/1/1271 1591/1/1268 710/1/1270 712/1/1273
f 1592/1/1271 1589/1/1266 713/1/662 711/1/1272
f 1589/1/1266 1592/1/1271 712/1/1273 714/1/663
f 1593/1/1274 1594/1/1275 711/1/1272 707/1/1198
f 1594/1/1275 1593/1/1274 708/1/1201 712/1/1273
f 1594/1/1275 1595/1/1276 709/1/1269 711/1/1272
f 1595/1/1276 1594/1/1275 712/1/1273 710/1/1270
f 1595/1/1276 1596/1/1277 703/1/1203 709/1/1269
f 1596/1/1277 1595/1/1276 710/1/1270 704/1/1204
f 1596/1/1277 1593/1/1274 707/1/1198 703/1/1203
f 1593/1/1274 1596/1/1277 704/1/1204 708/1/1201
f 1597/1/1278 1598/1/1279 119/1/1280 113/1/1281
f 1598/1/1279 1597/1/1278 114/1/1282 120/1/1283
f 1598/1/1279 1599/1/1284 115/1/882 119/1/1280
f 1599/1/1284 1598/1/1279 120/1/1283 116/1/883
f 1599/1/1284 1600/1/1285 117/1/879 115/1/882
f 1600/1/1285 1599/1/1284 116/1/883 118/1/880
f 1600/1/1285 1597/1/1278 113/1/1281 117/1/879
f 1597/1/1278 1600/1/1285 118/1/880 114/1/1282
f 1601/1/1286 1602/1/1287 15/1/1288 9/1/1289
f 1602/1/1287 1601/1/1286 10/1/1290 16/1/1291
f 1602/1/1287 1603/1/1292 11/1/1293 15/1/1288
f 1603/1/1292 1602/1/1287 16/1/1291 12/1/1294
f 1603/1/1292 1604/1/1295 13/1/1296 11/1/1293
f 1604/1/1295 1603/1/1292 12/1/1294 14/1/1297
f 1604/1/1295 1601/1/1286 9/1/1289 13/1/1296
f 1601/1/1286 1604/1/1295 14/1/1297 10/1/1290
f 1605/1/1298 1606/1/1299 779/1/1300 777/1/1301
f 1606/1/1299 1605/1/1298 778/1/1302 780/1/1303
f 1606/1/1299 1607/1/1304 775/1/1305 779/1/1300
f 1607/1/1304 1606/1/1299 780/1/1303 776/1/1306
f 1607/1/1304 1608/1/1307 773/1/1308 775/1/1305
f 1608/1/1307 1607/1/1304 776/1/1306 774/1/1309
f 1608/1/1307 1605/1/1298 777/1/1301 773/1/1308
f 1605/1/1298 1608/1/1307 774/1/1309 778/1/1302
f 1609/1/1310 1610/1/1311 787/1/1312 785/1/362
f 1610/1/1311 1609/1/1310 786/1/363 788/1/1313
f 1610/1/1311 1611/1/1314 781/1/1315 787/1/1312
f 1611/1/1314 1610/1/1311 788/1/1313 782/1/1316
f 1611/1/1314 1612/1/1317 783/1/355 781/1/1315
f 1612/1/1317 1611/1/1314 782/1/1316 784/1/356
f 1612/1/1317 1609/1/1310 785/1/362 783/1/355
f 1609/1/1310 1612/1/1317 784/1/356 786/1/363
f 1613/1/1318 1614/1/1319 887/1/1320 883/1/1321
f 1614/1/1319 1613/1/1318 884/1/1322 888/1/1323
f 1614/1/1319 1615/1/1324 885/1/1325 887/1/1320
f 1615/1/1324 1614/1/1319 888/1/1323 886/1/1326
f 1615/1/1324 1616/1/1327 881/1/1328 885/1/1325
f 1616/1/1327 1615/1/1324 886/1/1326 882/1/1329
f 1616/1/1327 1613/1/1318 883/1/1321 881/1/1328
f 1613/1/1318 1616/1/1327 882/1/1329 884/1/1322
f 1617/1/1330 1618/1/1331 401/1/1332 399/1/1333
f 1618/1/1331 1617/1/1330 400/1/1334 402/1/1335
f 1618/1/1331 1619/1/1336 395/1/1337 401/1/1332
f 1619/1/1336 1618/1/1331 402/1/1335 396/1/1338
f 1619/1/1336 1620/1/1339 397/1/1340 395/1/1337
f 1620/1/1339 1619/1/1336 396/1/1338 398/1/1341
f 1620/1/1339 1617/1/1330 399/1/1333 397/1/1340
f 1617/1/1330 1620/1/1339 398/1/1341 400/1/1334
f 1621/1/1342 1622/1/1343 393/1/1344 391/1/1345
f 1622/1/1343 1621/1/1342 392/1/1346 394/1/1347
f 1622/1/1343 1623/1/1348 387/1/1349 393/1/1344
f 1623/1/1348 1622/1/1343 394/1/1347 388/1/1350
f 1623/1/1348 1624/1/1351 385/1/1352 387/1/1349
f 1624/1/1351 1623/1/1348 388/1/1350 386/1/1353
f 1624/1/1351 1621/1/1342 391/1/1345 385/1/1352
f 1621/1/1342 1624/1/1351 386/1/1353 392/1/1346
f 1625/1/1354 1626/1/1355 811/1/1356 805/1/1357
f 1626/1/1355 1625/1/1354 806/1/1358 812/1/1359
f 1626/1/1355 1627/1/1360 807/1/1361 811/1/1356
f 1627/1/1360 1626/1/1355 812/1/1359 808/1/1362
f 1627/1/1360 1628/1/1363 809/1/1364 807/1/1361
f 1628/1/1363 1627/1/1360 808/1/1362 810/1/1365
f 1628/1/1363 1625/1/1354 805/1/1357 809/1/1364
f 1625/1/1354 1628/1/1363 810/1/1365 806/1/1358
f 1629/1/1366 1630/1/1367 405/1/1368 403/1/1369
f 1630/1/1367 1629/1/1366 404/1/1370 406/1/1371
f 1630/1/1367 1631/1/1372 401/1/1332 405/1/1368
f 1631/1/1372 1630/1/1367 406/1/1371 402/1/1335
f 1631/1/1372 1632/1/1373 399/1/1333 401/1/1332
f 1632/1/1373 1631/1/1372 402/1/1335 400/1/1334
f 1632/1/1373 1629/1/1366 403/1/1369 399/1/1333
f 1629/1/1366 1632/1/1373 400/1/1334 404/1/1370
f 1633/1/1374 1634/1/1375 395/1/1337 397/1/1340
f 1634/1/1375 1633/1/1374 398/1/1341 396/1/1338
f 1634/1/1375 1635/1/1376 393/1/1344 395/1/1337
f 1635/1/1376 1634/1/1375 396/1/1338 394/1/1347
f 1635/1/1376 1636/1/1377 391/1/1345 393/1/1344
f 1636/1/1377 1635/1/1376 394/1/1347 392/1/1346
f 1636/1/1377 1633/1/1374 397/1/1340 391/1/1345
f 1633/1/1374 1636/1/1377 392/1/1346 398/1/1341
f 1637/1/1378 1638/1/1379 835/1/1380 831/1/1381
f 1638/1/1379 1637/1/1378 832/1/1382 836/1/1383
f 1638/1/1379 1639/1/1384 833/1/1385 835/1/1380
f 1639/1/1384 1638/1/1379 836/1/1383 834/1/1386
f 1639/1/1384 1640/1/1387 829/1/1388 833/1/1385
f 1640/1/1387 1639/1/1384 834/1/1386 830/1/1389
f 1640/1/1387 1637/1/1378 831/1/1381 829/1/1388
f 1637/1/1378 1640/1/1387 830/1/1389 832/1/1382
f 1641/1/1390 1642/1/1391 799/1/715 797/1/718
f 1642/1/1391 1641/1/1390 798/1/719 800/1/716
f 1642/1/1391 1643/1/1392 793/1/705 799/1/715
f 1643/1/1392 1642/1/1391 800/1/716 794/1/706
f 1643/1/1392 1644/1/1393 795/1/702 793/1/705
f 1644/1/1393 1643/1/1392 794/1/706 796/1/703
f 1644/1/1393 1641/1/1390 797/1/718 795/1/702
f 1641/1/1390 1644/1/1393 796/1/703 798/1/719
f 1645/1/1394 1646/1/1395 1087/1/1396 1083/1/1397
f 1646/1/1395 1645/1/1394 1084/1/1398 1088/1/1399
f 1646/1/1395 1647/1/1400 1085/1/1401 1087/1/1396
f 1647/1/1400 1646/1/1395 1088/1/1399 1086/1/1402
f 1647/1/1400 1648/1/1403 1081/1/1404 1085/1/1401
f 1648/1/1403 1647/1/1400 1086/1/1402 1082/1/1405
f 1648/1/1403 1645/1/1394 1083/1/1397 1081/1/1404
f 1645/1/1394 1648/1/1403 1082/1/1405 1084/1/1398
f 1649/1/1406 1650/1/1407 843/1/1408 839/1/1409
f 1650/1/1407 1649/1/1406 840/1/1410 844/1/1411
f 1650/1/1407 1651/1/1412 841/1/1413 843/1/1408
f 1651/1/1412 1650/1/1407 844/1/1411 842/1/1414
f 1651/1/1412 1652/1/1415 837/1/1416 841/1/1413
f 1652/1/1415 1651/1/1412 842/1/1414 838/1/1417
f 1652/1/1415 1649/1/1406 839/1/1409 837/1/1416
f 1649/1/1406 1652/1/1415 838/1/1417 840/1/1410
f 1653/1/1418 1654/1/1419 819/1/1420 813/1/739
f 1654/1/1419 1653/1/1418 814/1/740 820/1/1421
f 1654/1/1419 1655/1/1422 815/1/1423 819/1/1420
f 1655/1/1422 1654/1/1419 820/1/1421 816/1/1424
f 1655/1/1422 1656/1/1425 817/1/742 815/1/1423
f 1656/1/1425 1655/1/1422 816/1/1424 818/1/743
f 1656/1/1425 1653/1/1418 813/1/739 817/1/742
f 1653/1/1418 1656/1/1425 818/1/743 814/1/740
f 1657/1/1426 1658/1/1427 939/1/1428 929/1/1174
f 1658/1/1427 1657/1/1426 930/1/1175 940/1/1429
f 1658/1/1427 1659/1/1430 937/1/1431 939/1/1428
f 1659/1/1430 1658/1/1427 940/1/1429 938/1/1432
f 1659/1/1430 1660/1/1433 935/1/1173 937/1/1431
f 1660/1/1433 1659/1/1430 938/1/1432 936/1/1176
f 1660/1/1433 1657/1/1426 929/1/1174 935/1/1173
f 1657/1/1426 1660/1/1433 936/1/1176 930/1/1175
f 1661/1/1434 1662/1/1435 499/1/1436 493/1/1437
f 1662/1/1435 1661/1/1434 494/1/1438 500/1/1439
f 1662/1/1435 1663/1/1440 495/1/1441 499/1/1436
f 1663/1/1440 1662/1/1435 500/1/1439 496/1/1442
f 1663/1/1440 1664/1/1443 497/1/1444 495/1/1441
f 1664/1/1443 1663/1/1440 496/1/1442 498/1/1445
f 1664/1/1443 1661/1/1434 493/1/1437 497/1/1444
f 1661/1/1434 1664/1/1443 498/1/1445 494/1/1438
f 1665/1/900 1666/1/849 39/1/851 33/1/844
f 1666/1/849 1665/1/900 34/1/902 40/1/1446
f 1666/1/849 1667/1/1447 35/1/848 39/1/851
f 1667/1/1447 1666/1/849 40/1/1446 36/1/847
f 1667/1/1447 1668/1/841 37/1/1448 35/1/848
f 1668/1/841 1667/1/1447 36/1/847 38/1/842
f 1668/1/841 1665/1/900 33/1/844 37/1/1448
f 1665/1/900 1668/1/841 38/1/842 34/1/902
f 1669/1/1449 1670/1/1450 859/1/754 857/1/747
f 1670/1/1450 1669/1/1449 858/1/748 860/1/755
f 1670/1/1450 1671/1/1451 853/1/1452 859/1/754
f 1671/1/1451 1670/1/1450 860/1/755 854/1/1453
f 1671/1/1451 1672/1/1454 855/1/1455 853/1/1452
f 1672/1/1454 1671/1/1451 854/1/1453 856/1/1456
f 1672/1/1454 1669/1/1449 857/1/747 855/1/1455
f 1669/1/1449 1672/1/1454 856/1/1456 858/1/748
f 1673/1/1457 1674/1/1458 71/1/1459 65/1/1460
f 1674/1/1458 1673/1/1457 66/1/1461 72/1/1462
f 1674/1/1458 1675/1/1463 67/1/1464 71/1/1459
f 1675/1/1463 1674/1/1458 72/1/1462 68/1/1465
f 1675/1/1463 1676/1/1466 69/1/1467 67/1/1464
f 1676/1/1466 1675/1/1463 68/1/1465 70/1/1468
f 1676/1/1466 1673/1/1457 65/1/1460 69/1/1467
f 1673/1/1457 1676/1/1466 70/1/1468 66/1/1461
f 1677/1/1469 1678/1/1470 831/1/1381 827/1/1471
f 1678/1/1470 1677/1/1469 828/1/1472 832/1/1382
f 1678/1/1470 1679/1/1473 829/1/1388 831/1/1381
f 1679/1/1473 1678/1/1470 832/1/1382 830/1/1389
f 1679/1/1473 1680/1/1474 825/1/1475 829/1/1388
f 1680/1/1474 1679/1/1473 830/1/1389 826/1/1476
f 1680/1/1474 1677/1/1469 827/1/1471 825/1/1475
f 1677/1/1469 1680/1/1474 826/1/1476 828/1/1472
f 1681/1/1477 1682/1/1478 883/1/1321 877/1/91
f 1682/1/1478 1681/1/1477 878/1/92 884/1/1322
f 1682/1/1478 1683/1/1479 881/1/1328 883/1/1321
f 1683/1/1479 1682/1/1478 884/1/1322 882/1/1329
f 1683/1/1479 1684/1/1480 879/1/90 881/1/1328
f 1684/1/1480 1683/1/1479 882/1/1329 880/1/93
f 1684/1/1480 1681/1/1477 877/1/91 879/1/90
f 1681/1/1477 1684/1/1480 880/1/93 878/1/92
f 1685/1/1481 1686/1/1482 871/1/759 869/1/762
f 1686/1/1482 1685/1/1481 870/1/763 872/1/760
f 1686/1/1482 1687/1/1483 865/1/1484 871/1/759
f 1687/1/1483 1686/1/1482 872/1/760 866/1/1485
f 1687/1/1483 1688/1/1486 867/1/1487 865/1/1484
f 1688/1/1486 1687/1/1483 866/1/1485 868/1/1488
f 1688/1/1486 1685/1/1481 869/1/762 867/1/1487
f 1685/1/1481 1688/1/1486 868/1/1488 870/1/763
f 1689/1/1489 1690/1/1490 447/1/1491 441/1/1492
f 1690/1/1490 1689/1/1489 442/1/1493 448/1/1494
f 1690/1/1490 1691/1/1495 443/1/1496 447/1/1491
f 1691/1/1495 1690/1/1490 448/1/1494 444/1/1497
f 1691/1/1495 1692/1/1498 445/1/1499 443/1/1496
f 1692/1/1498 1691/1/1495 444/1/1497 446/1/1500
f 1692/1/1498 1689/1/1489 441/1/1492 445/1/1499
f 1689/1/1489 1692/1/1498 446/1/1500 442/1/1493
f 1693/1/1501 1694/1/1502 827/1/1471 821/1/735
f 1694/1/1502 1693/1/1501 822/1/736 828/1/1472
f 1694/1/1502 1695/1/1503 825/1/1475 827/1/1471
f 1695/1/1503 1694/1/1502 828/1/1472 826/1/1476
f 1695/1/1503 1696/1/1504 823/1/734 825/1/1475
f 1696/1/1504 1695/1/1503 826/1/1476 824/1/737
f 1696/1/1504 1693/1/1501 821/1/735 823/1/734
f 1693/1/1501 1696/1/1504 824/1/737 822/1/736
f 1697/1/1505 1698/1/1506 919/1/807 917/1/810
f 1698/1/1506 1697/1/1505 918/1/811 920/1/808
f 1698/1/1506 1699/1/1507 913/1/814 919/1/807
f 1699/1/1507 1698/1/1506 920/1/808 914/1/817
f 1699/1/1507 1700/1/1508 915/1/815 913/1/814
f 1700/1/1508 1699/1/1507 914/1/817 916/1/816
f 1700/1/1508 1697/1/1505 917/1/810 915/1/815
f 1697/1/1505 1700/1/1508 916/1/816 918/1/811
f 1701/1/1509 1702/1/1510 867/1/1487 863/1/746
f 1702/1/1510 1701/1/1509 864/1/749 868/1/1488
f 1702/1/1510 1703/1/1511 865/1/1484 867/1/1487
f 1703/1/1511 1702/1/1510 868/1/1488 866/1/1485
f 1703/1/1511 1704/1/1512 861/1/751 865/1/1484
f 1704/1/1512 1703/1/1511 866/1/1485 862/1/752
f 1704/1/1512 1701/1/1509 863/1/746 861/1/751
f 1701/1/1509 1704/1/1512 862/1/752 864/1/749
f 1705/1/1513 1706/1/1514 463/1/838 457/1/1515
f 1706/1/1514 1705/1/1513 458/1/1516 464/1/839
f 1706/1/1514 1707/1/1517 459/1/835 463/1/838
f 1707/1/1517 1706/1/1514 464/1/839 460/1/836
f 1707/1/1517 1708/1/1518 461/1/1519 459/1/835
f 1708/1/1518 1707/1/1517 460/1/836 462/1/1520
f 1708/1/1518 1705/1/1513 457/1/1515 461/1/1519
f 1705/1/1513 1708/1/1518 462/1/1520 458/1/1516
f 1709/1/1521 1710/1/1522 475/1/1523 473/1/1524
f 1710/1/1522 1709/1/1521 474/1/1525 476/1/1526
f 1710/1/1522 1711/1/1527 471/1/1528 475/1/1523
f 1711/1/1527 1710/1/1522 476/1/1526 472/1/1529
f 1711/1/1527 1712/1/1530 469/1/1531 471/1/1528
f 1712/1/1530 1711/1/1527 472/1/1529 470/1/1532
f 1712/1/1530 1709/1/1521 473/1/1524 469/1/1531
f 1709/1/1521 1712/1/1530 470/1/1532 474/1/1525
f 1713/1/1533 1714/1/1534 79/1/1535 73/1/1536
f 1714/1/1534 1713/1/1533 74/1/1537 80/1/1538
f 1714/1/1534 1715/1/454 75/1/1539 79/1/1535
f 1715/1/454 1714/1/1534 80/1/1538 76/1/1540
f 1715/1/454 1716/1/1541 77/1/1542 75/1/1539
f 1716/1/1541 1715/1/454 76/1/1540 78/1/1543
f 1716/1/1541 1713/1/1533 73/1/1536 77/1/1542
f 1713/1/1533 1716/1/1541 78/1/1543 74/1/1537
f 1717/1/1544 1718/1/1545 455/1/1546 449/1/1547
f 1718/1/1545 1717/1/1544 450/1/1548 456/1/1549
f 1718/1/1545 1719/1/1550 451/1/1551 455/1/1546
f 1719/1/1550 1718/1/1545 456/1/1549 452/1/1552
f 1719/1/1550 1720/1/1553 453/1/1554 451/1/1551
f 1720/1/1553 1719/1/1550 452/1/1552 454/1/1555
f 1720/1/1553 1717/1/1544 449/1/1547 453/1/1554
f 1717/1/1544 1720/1/1553 454/1/1555 450/1/1548
f 1721/1/1556 1722/1/1557 775/1/1305 773/1/1308
f 1722/1/1557 1721/1/1556 774/1/1309 776/1/1306
f 1722/1/1557 1723/1/1558 769/1/143 775/1/1305
f 1723/1/1558 1722/1/1557 776/1/1306 770/1/144
f 1723/1/1558 1724/1/1559 771/1/138 769/1/143
f 1724/1/1559 1723/1/1558 770/1/144 772/1/141
f 1724/1/1559 1721/1/1556 773/1/1308 771/1/138
f 1721/1/1556 1724/1/1559 772/1/141 774/1/1309
f 1725/1/1560 1726/1/1561 927/1/1562 921/1/803
f 1726/1/1561 1725/1/1560 922/1/804 928/1/1563
f 1726/1/1561 1727/1/1564 925/1/1565 927/1/1562
f 1727/1/1564 1726/1/1561 928/1/1563 926/1/1566
f 1727/1/1564 1728/1/1567 923/1/802 925/1/1565
f 1728/1/1567 1727/1/1564 926/1/1566 924/1/805
f 1728/1/1567 1725/1/1560 921/1/803 923/1/802
f 1725/1/1560 1728/1/1567 924/1/805 922/1/804
f 1729/1/1568 1730/1/1569 963/1/1570 957/1/1571
f 1730/1/1569 1729/1/1568 958/1/1572 964/1/1573
f 1730/1/1569 1731/1/1574 959/1/1575 963/1/1570
f 1731/1/1574 1730/1/1569 964/1/1573 960/1/1576
f 1731/1/1574 1732/1/1577 961/1/1578 959/1/1575
f 1732/1/1577 1731/1/1574 960/1/1576 962/1/1579
f 1732/1/1577 1729/1/1568 957/1/1571 961/1/1578
f 1729/1/1568 1732/1/1577 962/1/1579 958/1/1572
f 1733/1/1580 1734/1/1581 699/1/1582 695/1/1583
f 1734/1/1581 1733/1/1580 696/1/1584 700/1/1585
f 1734/1/1581 1735/1/1586 697/1/1587 699/1/1582
f 1735/1/1586 1734/1/1581 700/1/1585 698/1/1588
f 1735/1/1586 1736/1/1589 693/1/1590 697/1/1587
f 1736/1/1589 1735/1/1586 698/1/1588 694/1/1591
f 1736/1/1589 1733/1/1580 695/1/1583 693/1/1590
f 1733/1/1580 1736/1/1589 694/1/1591 696/1/1584
f 1737/1/1592 1738/1/1593 943/1/1594 941/1/1595
f 1738/1/1593 1737/1/1592 942/1/1596 944/1/1597
f 1738/1/1593 1739/1/1598 937/1/1431 943/1/1594
f 1739/1/1598 1738/1/1593 944/1/1597 938/1/1432
f 1739/1/1598 1740/1/1599 939/1/1428 937/1/1431
f 1740/1/1599 1739/1/1598 938/1/1432 940/1/1429
f 1740/1/1599 1737/1/1592 941/1/1595 939/1/1428
f 1737/1/1592 1740/1/1599 940/1/1429 942/1/1596
f 1741/1/1600 1742/1/1601 483/1/1602 477/1/1603
f 1742/1/1601 1741/1/1600 478/1/1604 484/1/1605
f 1742/1/1601 1743/1/1606 479/1/1607 483/1/1602
f 1743/1/1606 1742/1/1601 484/1/1605 480/1/1608
f 1743/1/1606 1744/1/1609 481/1/1610 479/1/1607
f 1744/1/1609 1743/1/1606 480/1/1608 482/1/1611
f 1744/1/1609 1741/1/1600 477/1/1603 481/1/1610
f 1741/1/1600 1744/1/1609 482/1/1611 478/1/1604
f 1745/1/1612 1746/1/1613 471/1/1528 469/1/1531
f 1746/1/1613 1745/1/1612 470/1/1532 472/1/1529
f 1746/1/1613 1747/1/1614 467/1/830 471/1/1528
f 1747/1/1614 1746/1/1613 472/1/1529 468/1/833
f 1747/1/1614 1748/1/1615 465/1/831 467/1/830
f 1748/1/1615 1747/1/1614 468/1/833 466/1/832
f 1748/1/1615 1745/1/1612 469/1/1531 465/1/831
f 1745/1/1612 1748/1/1615 466/1/832 470/1/1532
f 1749/1/1616 1750/1/1617 1039/1/1618 1035/1/886
f 1750/1/1617 1749/1/1616 1036/1/887 1040/1/1619
f 1750/1/1617 1751/1/1620 1037/1/1621 1039/1/1618
f 1751/1/1620 1750/1/1617 1040/1/1619 1038/1/1622
f 1751/1/1620 1752/1/1623 1033/1/889 1037/1/1621
f 1752/1/1623 1751/1/1620 1038/1/1622 1034/1/890
f 1752/1/1623 1749/1/1616 1035/1/886 1033/1/889
f 1749/1/1616 1752/1/1623 1034/1/890 1036/1/887
f 1753/1/1624 1754/1/1625 1003/1/1626 1001/1/1627
f 1754/1/1625 1753/1/1624 1002/1/1628 1004/1/1629
f 1754/1/1625 1755/1/1630 997/1/825 1003/1/1626
f 1755/1/1630 1754/1/1625 1004/1/1629 998/1/826
f 1755/1/1630 1756/1/1631 999/1/822 997/1/825
f 1756/1/1631 1755/1/1630 998/1/826 1000/1/823
f 1756/1/1631 1753/1/1624 1001/1/1627 999/1/822
f 1753/1/1624 1756/1/1631 1000/1/823 1002/1/1628
f 1757/1/1632 1758/1/1633 609/1/211 603/1/966
f 1758/1/1633 1757/1/1632 604/1/969 610/1/212
f 1758/1/1633 1759/1/1634 605/1/218 609/1/211
f 1759/1/1634 1758/1/1633 610/1/212 606/1/219
f 1759/1/1634 1760/1/1635 599/1/971 605/1/218
f 1760/1/1635 1759/1/1634 606/1/219 600/1/972
f 1760/1/1635 1757/1/1632 603/1/966 599/1/971
f 1757/1/1632 1760/1/1635 600/1/972 604/1/969
f 1761/1/1636 1762/1/1637 1007/1/1638 1005/1/1639
f 1762/1/1637 1761/1/1636 1006/1/1640 1008/1/1641
f 1762/1/1637 1763/1/1642 1003/1/1626 1007/1/1638
f 1763/1/1642 1762/1/1637 1008/1/1641 1004/1/1629
f 1763/1/1642 1764/1/1643 1001/1/1627 1003/1/1626
f 1764/1/1643 1763/1/1642 1004/1/1629 1002/1/1628
f 1764/1/1643 1761/1/1636 1005/1/1639 1001/1/1627
f 1761/1/1636 1764/1/1643 1002/1/1628 1006/1/1640
f 1765/1/1644 1766/1/1645 103/1/1646 97/1/1647
f 1766/1/1645 1765/1/1644 98/1/1648 104/1/1649
f 1766/1/1645 1767/1/1650 99/1/1651 103/1/1646
f 1767/1/1650 1766/1/1645 104/1/1649 100/1/1652
f 1767/1/1650 1768/1/1653 101/1/1654 99/1/1651
f 1768/1/1653 1767/1/1650 100/1/1652 102/1/1655
f 1768/1/1653 1765/1/1644 97/1/1647 101/1/1654
f 1765/1/1644 1768/1/1653 102/1/1655 98/1/1648
f 1769/1/1656 1770/1/1657 519/1/1658 513/1/1659
f 1770/1/1657 1769/1/1656 514/1/1660 520/1/1661
f 1770/1/1657 1771/1/1662 515/1/1663 519/1/1658
f 1771/1/1662 1770/1/1657 520/1/1661 516/1/1664
f 1771/1/1662 1772/1/1665 517/1/1666 515/1/1663
f 1772/1/1665 1771/1/1662 516/1/1664 518/1/1667
f 1772/1/1665 1769/1/1656 513/1/1659 517/1/1666
f 1769/1/1656 1772/1/1665 518/1/1667 514/1/1660
f 1773/1/1668 1774/1/1669 507/1/469 503/1/1670
f 1774/1/1669 1773/1/1668 504/1/1671 508/1/470
f 1774/1/1669 1775/1/1672 505/1/476 507/1/469
f 1775/1/1672 1774/1/1669 508/1/470 506/1/477
f 1775/1/1672 1776/1/1673 501/1/1674 505/1/476
f 1776/1/1673 1775/1/1672 506/1/477 502/1/1675
f 1776/1/1673 1773/1/1668 503/1/1670 501/1/1674
f 1773/1/1668 1776/1/1673 502/1/1675 504/1/1671
f 1777/1/1676 1778/1/1677 1015/1/1678 1009/1/1679
f 1778/1/1677 1777/1/1676 1010/1/1680 1016/1/1681
f 1778/1/1677 1779/1/1682 1011/1/1683 1015/1/1678
f 1779/1/1682 1778/1/1677 1016/1/1681 1012/1/1684
f 1779/1/1682 1780/1/1685 1013/1/1686 1011/1/1683
f 1780/1/1685 1779/1/1682 1012/1/1684 1014/1/1687
f 1780/1/1685 1777/1/1676 1009/1/1679 1013/1/1686
f 1777/1/1676 1780/1/1685 1014/1/1687 1010/1/1680
f 1781/1/1688 1782/1/1689 389/1/1690 383/1/1691
f 1782/1/1689 1781/1/1688 384/1/1692 390/1/1693
f 1782/1/1689 1783/1/1694 385/1/1352 389/1/1690
f 1783/1/1694 1782/1/1689 390/1/1693 386/1/1353
f 1783/1/1694 1784/1/1695 387/1/1349 385/1/1352
f 1784/1/1695 1783/1/1694 386/1/1353 388/1/1350
f 1784/1/1695 1781/1/1688 383/1/1691 387/1/1349
f 1781/1/1688 1784/1/1695 388/1/1350 384/1/1692
f 1785/1/1696 1786/1/1697 501/1/1674 503/1/1670
f 1786/1/1697 1785/1/1696 504/1/1671 502/1/1675
f 1786/1/1697 1787/1/1698 499/1/1436 501/1/1674
f 1787/1/1698 1786/1/1697 502/1/1675 500/1/1439
f 1787/1/1698 1788/1/1699 493/1/1437 499/1/1436
f 1788/1/1699 1787/1/1698 500/1/1439 494/1/1438
f 1788/1/1699 1785/1/1696 503/1/1670 493/1/1437
f 1785/1/1696 1788/1/1699 494/1/1438 504/1/1671
f 1789/1/1700 1790/1/1701 527/1/1702 521/1/1703
f 1790/1/1701 1789/1/1700 522/1/1704 528/1/1705
f 1790/1/1701 1791/1/1706 523/1/23 527/1/1702
f 1791/1/1706 1790/1/1701 528/1/1705 524/1/24
f 1791/1/1706 1792/1/1707 525/1/20 523/1/23
f 1792/1/1707 1791/1/1706 524/1/24 526/1/21
f 1792/1/1707 1789/1/1700 521/1/1703 525/1/20
f 1789/1/1700 1792/1/1707 526/1/21 522/1/1704
f 1793/1/1708 1794/1/1709 141/1/1710 135/1/1711
f 1794/1/1709 1793/1/1708 136/1/1712 142/1/1713
f 1794/1/1709 1795/1/1714 143/1/1715 141/1/1710
f 1795/1/1714 1794/1/1709 142/1/1713 144/1/1716
f 1795/1/1714 1796/1/1717 147/1/1718 143/1/1715
f 1796/1/1717 1795/1/1714 144/1/1716 148/1/1719
f 1796/1/1717 1797/1/1720 151/1/1721 147/1/1718
f 1797/1/1720 1796/1/1717 148/1/1719 152/1/1722
f 1797/1/1720 1798/1/1723 149/1/1724 151/1/1721
f 1798/1/1723 1797/1/1720 152/1/1722 150/1/1725
f 1798/1/1723 1799/1/1726 145/1/1727 149/1/1724
f 1799/1/1726 1798/1/1723 150/1/1725 146/1/1728
f 1799/1/1726 1800/1/1729 139/1/1730 145/1/1727
f 1800/1/1729 1799/1/1726 146/1/1728 140/1/1731
f 1800/1/1729 1801/1/1732 137/1/1733 139/1/1730
f 1801/1/1732 1800/1/1729 140/1/1731 138/1/1734
f 1801/1/1732 1802/1/1735 133/1/1736 137/1/1733
f 1802/1/1735 1801/1/1732 138/1/1734 134/1/1737
f 1802/1/1735 1793/1/1708 135/1/1711 133/1/1736
f 1793/1/1708 1802/1/1735 134/1/1737 136/1/1712
f 1803/1/1738 1804/1/1739 1107/1/245 1097/1/248
f 1804/1/1739 1803/1/1738 1098/1/249 1108/1/246
f 1804/1/1739 1805/1/1740 1105/1/1741 1107/1/245
f 1805/1/1740 1804/1/1739 1108/1/246 1106/1/1742
f 1805/1/1740 1806/1/1743 1103/1/934 1105/1/1741
f 1806/1/1743 1805/1/1740 1106/1/1742 1104/1/935
f 1806/1/1743 1803/1/1738 1097/1/248 1103/1/934
f 1803/1/1738 1806/1/1743 1104/1/935 1098/1/249
f 1807/1/1744 1808/1/1745 1023/1/1746 1017/1/1747
f 1808/1/1745 1807/1/1744 1018/1/1748 1024/1/1749
f 1808/1/1745 1809/1/1750 1019/1/115 1023/1/1746
f 1809/1/1750 1808/1/1745 1024/1/1749 1020/1/116
f 1809/1/1750 1810/1/1751 1021/1/122 1019/1/115
f 1810/1/1751 1809/1/1750 1020/1/116 1022/1/123
f 1810/1/1751 1807/1/1744 1017/1/1747 1021/1/122
f 1807/1/1744 1810/1/1751 1022/1/123 1018/1/1748
f 1811/1/1752 1812/1/1753 1111/1/1754 1109/1/242
f 1812/1/1753 1811/1/1752 1110/1/243 1112/1/1755
f 1812/1/1753 1813/1/1756 1105/1/1741 1111/1/1754
f 1813/1/1756 1812/1/1753 1112/1/1755 1106/1/1742
f 1813/1/1756 1814/1/1757 1107/1/245 1105/1/1741
f 1814/1/1757 1813/1/1756 1106/1/1742 1108/1/246
f 1814/1/1757 1811/1/1752 1109/1/242 1107/1/245
f 1811/1/1752 1814/1/1757 1108/1/246 1110/1/243
f 1815/1/1758 1816/1/1759 1071/1/1760 1065/1/1761
f 1816/1/1759 1815/1/1758 1066/1/1762 1072/1/1763
f 1816/1/1759 1817/1/1764 1067/1/1765 1071/1/1760
f 1817/1/1764 1816/1/1759 1072/1/1763 1068/1/1766
f 1817/1/1764 1818/1/1767 1069/1/1768 1067/1/1765
f 1818/1/1767 1817/1/1764 1068/1/1766 1070/1/1769
f 1818/1/1767 1815/1/1758 1065/1/1761 1069/1/1768
f 1815/1/1758 1818/1/1767 1070/1/1769 1066/1/1762
f 1819/1/1770 1820/1/1771 539/1/1772 535/1/894
f 1820/1/1771 1819/1/1770 536/1/895 540/1/1773
f 1820/1/1771 1821/1/1774 537/1/1775 539/1/1772
f 1821/1/1774 1820/1/1771 540/1/1773 538/1/1776
f 1821/1/1774 1822/1/1777 533/1/897 537/1/1775
f 1822/1/1777 1821/1/1774 538/1/1776 534/1/898
f 1822/1/1777 1819/1/1770 535/1/894 533/1/897
f 1819/1/1770 1822/1/1777 534/1/898 536/1/895
f 1823/1/1778 1824/1/1779 563/1/1780 557/1/1781
f 1824/1/1779 1823/1/1778 558/1/1782 564/1/1783
f 1824/1/1779 1825/1/1784 559/1/1785 563/1/1780
f 1825/1/1784 1824/1/1779 564/1/1783 560/1/1786
f 1825/1/1784 1826/1/1787 561/1/1788 559/1/1785
f 1826/1/1787 1825/1/1784 560/1/1786 562/1/1789
f 1826/1/1787 1823/1/1778 557/1/1781 561/1/1788
f 1823/1/1778 1826/1/1787 562/1/1789 558/1/1782
f 1827/1/1790 1828/1/1791 1115/1/239 1109/1/242
f 1828/1/1791 1827/1/1790 1110/1/243 1116/1/240
f 1828/1/1791 1829/1/1792 1113/1/573 1115/1/239
f 1829/1/1792 1828/1/1791 1116/1/240 1114/1/574
f 1829/1/1792 1830/1/1793 1111/1/1754 1113/1/573
f 1830/1/1793 1829/1/1792 1114/1/574 1112/1/1755
f 1830/1/1793 1827/1/1790 1109/1/242 1111/1/1754
f 1827/1/1790 1830/1/1793 1112/1/1755 1110/1/243
f 1831/1/1794 1832/1/1795 579/1/1796 573/1/1797
f 1832/1/1795 1831/1/1794 574/1/1798 580/1/1799
f 1832/1/1795 1833/1/1800 575/1/1801 579/1/1796
f 1833/1/1800 1832/1/1795 580/1/1799 576/1/1802
f 1833/1/1800 1834/1/1803 577/1/1804 575/1/1801
f 1834/1/1803 1833/1/1800 576/1/1802 578/1/1805
f 1834/1/1803 1831/1/1794 573/1/1797 577/1/1804
f 1831/1/1794 1834/1/1803 578/1/1805 574/1/1798
f 1835/1/1806 1836/1/1807 1127/1/1808 1099/1/937
f 1836/1/1807 1835/1/1806 1100/1/938 1128/1/1809
f 1836/1/1807 1837/1/1810 1125/1/254 1127/1/1808
f 1837/1/1810 1836/1/1807 1128/1/1809 1126/1/255
f 1837/1/1810 1838/1/1811 1101/1/251 1125/1/254
f 1838/1/1811 1837/1/1810 1126/1/255 1102/1/252
f 1838/1/1811 1835/1/1806 1099/1/937 1101/1/251
f 1835/1/1806 1838/1/1811 1102/1/252 1100/1/938
f 1839/1/1812 1840/1/1813 947/1/163 941/1/1595
f 1840/1/1813 1839/1/1812 942/1/1596 948/1/164
f 1840/1/1813 1841/1/1814 945/1/170 947/1/163
f 1841/1/1814 1840/1/1813 948/1/164 946/1/171
f 1841/1/1814 1842/1/1815 943/1/1594 945/1/170
f 1842/1/1815 1841/1/1814 946/1/171 944/1/1597
f 1842/1/1815 1839/1/1812 941/1/1595 943/1/1594
f 1839/1/1812 1842/1/1815 944/1/1597 942/1/1596
f 1843/1/1816 1844/1/1817 555/1/1818 551/1/1819
f 1844/1/1817 1843/1/1816 552/1/1820 556/1/1821
f 1844/1/1817 1845/1/1822 553/1/1823 555/1/1818
f 1845/1/1822 1844/1/1817 556/1/1821 554/1/1824
f 1845/1/1822 1846/1/1825 549/1/1826 553/1/1823
f 1846/1/1825 1845/1/1822 554/1/1824 550/1/1827
f 1846/1/1825 1843/1/1816 551/1/1819 549/1/1826
f 1843/1/1816 1846/1/1825 550/1/1827 552/1/1820
f 1847/1/1828 1848/1/1829 601/1/991 597/1/994
f 1848/1/1829 1847/1/1828 598/1/995 602/1/992
f 1848/1/1829 1849/1/1830 593/1/982 601/1/991
f 1849/1/1830 1848/1/1829 602/1/992 594/1/983
f 1849/1/1830 1850/1/1831 591/1/979 593/1/982
f 1850/1/1831 1849/1/1830 594/1/983 592/1/980
f 1850/1/1831 1847/1/1828 597/1/994 591/1/979
f 1847/1/1828 1850/1/1831 592/1/980 598/1/995
f 1851/1/1832 1852/1/1833 1127/1/1808 1125/1/254
f 1852/1/1833 1851/1/1832 1126/1/255 1128/1/1809
f 1852/1/1833 1853/1/1834 1121/1/1835 1127/1/1808
f 1853/1/1834 1852/1/1833 1128/1/1809 1122/1/1836
f 1853/1/1834 1854/1/1837 1123/1/235 1121/1/1835
f 1854/1/1837 1853/1/1834 1122/1/1836 1124/1/236
f 1854/1/1837 1851/1/1832 1125/1/254 1123/1/235
f 1851/1/1832 1854/1/1837 1124/1/236 1126/1/255
f 1855/1/1838 1856/1/1839 1123/1/235 1117/1/234
f 1856/1/1839 1855/1/1838 1118/1/237 1124/1/236
f 1856/1/1839 1857/1/1840 1121/1/1835 1123/1/235
f 1857/1/1840 1856/1/1839 1124/1/236 1122/1/1836
f 1857/1/1840 1858/1/1841 1119/1/570 1121/1/1835
f 1858/1/1841 1857/1/1840 1122/1/1836 1120/1/571
f 1858/1/1841 1855/1/1838 1117/1/234 1119/1/570
f 1855/1/1838 1858/1/1841 1120/1/571 1118/1/237
o RenderMesh_82110501175909
v 0.170440 0.013333 0.055043
v 0.172440 0.013334 0.055044
v 0.170440 0.148519 0.055043
v 0.172440 0.148520 0.055044
v 0.170440 0.148519 0.131693
v 0.172440 0.148520 0.131694
v 0.170440 0.013333 0.131693
v 0.172440 0.013334 0.131694
v -0.041936 0.061328 0.147584
v -0.041935 0.061329 0.149584
v -0.036405 0.070909 0.147584
v -0.036404 0.070910 0.149584
v -0.041936 0.070909 0.147584
v -0.041935 0.070910 0.149584
v -0.044702 0.066118 0.147584
v -0.044701 0.066119 0.149584
v -0.036405 0.061328 0.147584
v -0.036404 0.061329 0.149584
v -0.033639 0.066118 0.147584
v -0.033638 0.066119 0.149584
v -0.052566 0.013333 0.131693
v -0.052565 0.013334 0.133693
v 0.170440 0.013333 0.131693
v 0.170441 0.013334 0.133693
v 0.027434 0.148519 0.131693
v 0.027435 0.148520 0.133693
v 0.170440 0.148519 0.131693
v 0.170441 0.148520 0.133693
v 0.170440 0.148519 0.055043
v 0.170441 0.150519 0.055044
v 0.027434 0.148519 0.055043
v 0.027435 0.150519 0.055044
v 0.027434 0.148519 0.131693
v 0.027435 0.150519 0.131694
v 0.170440 0.148519 0.131693
v 0.170441 0.150519 0.131694
v -0.043558 0.066115 0.040491
v -0.044483 0.066115 0.042264
v -0.043558 0.085089 0.032632
v -0.044483 0.086343 0.033886
v -0.046866 0.082853 0.030396
v -0.048515 0.083654 0.031197
v -0.039152 0.066115 0.041634
v -0.039151 0.066116 0.043634
v -0.039152 0.085897 0.033440
v -0.039151 0.087311 0.034854
v -0.043558 0.092948 0.013658
v -0.044483 0.094721 0.013659
v -0.039152 0.094091 0.013658
v -0.039151 0.096091 0.013659
v -0.034746 0.085089 0.032632
v -0.033821 0.086343 0.033886
v -0.034746 0.066115 0.040491
v -0.033821 0.066115 0.042264
v -0.034746 0.047142 0.032632
v -0.033821 0.045888 0.033886
v -0.031438 0.049378 0.030396
v -0.029790 0.048577 0.031197
v -0.046866 0.089785 0.013658
v -0.048514 0.090918 0.013658
v -0.048211 0.079718 0.027261
v -0.050201 0.079856 0.027399
v -0.046866 0.082853 -0.003079
v -0.048514 0.083654 -0.003880
v -0.048211 0.085352 0.013658
v -0.050201 0.085549 0.013659
v -0.048211 0.079718 0.000056
v -0.050201 0.079856 -0.000082
v -0.047151 0.076466 0.024009
v -0.048968 0.075875 0.023418
v -0.047151 0.066115 0.028297
v -0.048967 0.066115 0.027460
v -0.043558 0.085089 -0.005315
v -0.044483 0.086343 -0.006569
v -0.043558 0.066115 -0.013174
v -0.044483 0.066115 -0.014947
v -0.039152 0.085897 -0.006124
v -0.039152 0.087311 -0.007538
v -0.046866 0.066115 -0.010012
v -0.048514 0.066115 -0.011145
v -0.046866 0.049378 -0.003079
v -0.048515 0.048577 -0.003880
v -0.039152 0.066115 -0.014318
v -0.039151 0.066116 -0.016318
v -0.048211 0.066115 -0.005578
v -0.050201 0.066116 -0.005774
v -0.048211 0.052513 0.000056
v -0.050201 0.052375 -0.000082
v -0.048211 0.046879 0.013658
v -0.050201 0.046683 0.013659
v -0.047151 0.066115 -0.000980
v -0.048967 0.066115 -0.000143
v -0.047151 0.076466 0.003308
v -0.048968 0.075874 0.003900
v -0.047151 0.051477 0.013658
v -0.048967 0.052314 0.013658
v -0.048211 0.052513 0.027261
v -0.050201 0.052375 0.027399
v -0.047151 0.055765 0.003308
v -0.048968 0.056356 0.003899
v -0.043844 0.066115 0.002515
v -0.044939 0.066116 0.004188
v -0.047151 0.080753 0.013658
v -0.048967 0.079916 0.013658
v -0.043844 0.073995 0.005779
v -0.044939 0.072812 0.006962
v -0.043844 0.073995 0.021538
v -0.044939 0.072812 0.020355
v -0.043844 0.077258 0.013658
v -0.044939 0.075585 0.013658
v -0.039152 0.073068 0.006706
v -0.039151 0.071654 0.008120
v -0.039152 0.073068 0.020611
v -0.039151 0.071654 0.019197
v -0.043844 0.066115 0.024801
v -0.044939 0.066115 0.023128
v -0.039152 0.075948 0.013658
v -0.039151 0.073948 0.013659
v -0.043844 0.058236 0.005779
v -0.044939 0.059419 0.006962
v -0.043844 0.054972 0.013658
v -0.044939 0.056646 0.013659
v -0.039152 0.059163 0.006706
v -0.039151 0.060577 0.008120
v -0.039152 0.066115 0.003826
v -0.039151 0.066116 0.005826
v -0.034460 0.077258 0.013658
v -0.033365 0.075585 0.013658
v -0.034460 0.066115 0.002515
v -0.033365 0.066116 0.004189
v -0.034460 0.073995 0.005779
v -0.033365 0.072812 0.006962
v 0.027434 0.148519 0.055043
v 0.025713 0.149538 0.055044
v -0.052566 0.013333 0.055043
v -0.054287 0.014352 0.055043
v -0.052566 0.013333 0.131693
v -0.054287 0.014352 0.131694
v 0.027434 0.148519 0.131693
v 0.025713 0.149538 0.131693
v -0.052566 0.013333 0.055043
v -0.052565 0.011333 0.055044
v 0.170440 0.013333 0.055043
v 0.170441 0.011333 0.055044
v 0.170440 0.013333 0.131693
v 0.170441 0.011333 0.131694
v -0.052566 0.013333 0.131693
v -0.052565 0.011333 0.131694
v 0.085455 -0.037497 -0.074789
v 0.083630 -0.038047 -0.074184
v 0.048269 -0.098636 -0.137421
v 0.046855 -0.097589 -0.136470
v 0.048973 -0.102681 -0.134016
v 0.047682 -0.102276 -0.132543
v -0.039100 -0.125421 -0.161758
v -0.039099 -0.123941 -0.160413
v 0.048973 0.027688 -0.015561
v 0.047682 0.026183 -0.015824
v 0.048269 0.030691 -0.019914
v 0.046855 0.029644 -0.020865
v -0.039100 0.057476 0.004423
v -0.039099 0.055996 0.003078
v 0.048973 0.034737 -0.023318
v 0.047682 0.034332 -0.024791
v 0.088973 -0.040872 -0.071074
v 0.087754 -0.041938 -0.069901
v 0.051461 0.026154 -0.010173
v 0.050599 0.024450 -0.009579
v 0.051461 -0.107898 -0.131974
v 0.050599 -0.108326 -0.130221
v -0.039100 -0.129682 -0.158549
v -0.039100 -0.128881 -0.156716
v -0.127174 -0.102682 -0.134016
v -0.125883 -0.102276 -0.132543
v -0.039100 -0.135662 -0.157200
v -0.039099 -0.135825 -0.155207
v -0.129662 -0.107898 -0.131974
v -0.128800 -0.108326 -0.130221
v -0.039100 -0.142387 -0.159174
v -0.039099 -0.143572 -0.157563
v 0.095278 -0.042931 -0.068807
v 0.095072 -0.044269 -0.067335
v 0.055919 -0.113257 -0.132706
v 0.055774 -0.114487 -0.131136
v -0.134120 -0.113257 -0.132706
v -0.133975 -0.114487 -0.131136
v -0.039100 -0.147394 -0.164823
v -0.039099 -0.149257 -0.164095
v 0.061226 -0.116637 -0.136877
v 0.061855 -0.118307 -0.135975
v -0.039100 -0.148519 -0.172541
v -0.039099 -0.150485 -0.172909
v -0.139427 -0.116637 -0.136877
v -0.140057 -0.118307 -0.135975
v -0.173479 -0.042931 -0.068807
v -0.173273 -0.044269 -0.067335
v 0.102783 -0.042384 -0.069410
v 0.103673 -0.043588 -0.068084
v 0.108805 -0.039051 -0.073078
v 0.110508 -0.039757 -0.072301
v 0.061226 0.031870 -0.001942
v 0.061856 0.031132 -0.000193
v 0.065485 0.038355 -0.002747
v 0.066690 0.038540 -0.001161
v -0.039100 0.062627 0.026004
v -0.039099 0.062081 0.027928
v 0.055919 0.027395 -0.004909
v 0.055774 0.025950 -0.003534
v -0.039100 0.056525 0.021559
v -0.039100 0.055035 0.022893
v -0.039100 0.053917 0.015053
v -0.039099 0.051948 0.015406
v -0.129662 0.026154 -0.010173
v -0.128800 0.024450 -0.009579
v -0.134120 0.027395 -0.004909
v -0.133975 0.025950 -0.003534
v -0.039100 0.054689 0.008972
v -0.039100 0.052788 0.008350
v -0.127174 0.027688 -0.015561
v -0.125883 0.026183 -0.015824
v -0.167174 -0.040872 -0.071073
v -0.165955 -0.041938 -0.069900
v -0.034460 0.073995 0.021538
v -0.033365 0.072812 0.020355
v -0.031153 0.080753 0.013658
v -0.029337 0.079916 0.013658
v -0.031153 0.076466 0.003308
v -0.029336 0.075874 0.003900
v -0.031153 0.076466 0.024009
v -0.029336 0.075874 0.023418
v -0.034460 0.058236 0.005779
v -0.033365 0.059419 0.006962
v -0.030093 0.085352 0.013658
v -0.028103 0.085548 0.013659
v -0.031153 0.066115 -0.000980
v -0.029337 0.066115 -0.000143
v -0.030093 0.079718 0.000056
v -0.028103 0.079856 -0.000082
v -0.031153 0.055765 0.003308
v -0.029336 0.056356 0.003899
v -0.034460 0.054972 0.013658
v -0.033365 0.056646 0.013659
v -0.039152 0.056283 0.013658
v -0.039151 0.058283 0.013659
v -0.039152 0.059163 0.020611
v -0.039151 0.060577 0.019197
v -0.043844 0.058236 0.021538
v -0.044939 0.059419 0.020355
v -0.047151 0.055765 0.024009
v -0.048968 0.056357 0.023417
v -0.039152 0.066115 0.023491
v -0.039151 0.066116 0.021491
v -0.034460 0.066115 0.024801
v -0.033365 0.066115 0.023128
v -0.034460 0.058236 0.021538
v -0.033365 0.059419 0.020355
v -0.031153 0.066115 0.028297
v -0.029337 0.066115 0.027460
v -0.031153 0.055765 0.024009
v -0.029336 0.056357 0.023417
v -0.031153 0.051477 0.013658
v -0.029337 0.052314 0.013658
v -0.030093 0.052513 0.027261
v -0.028103 0.052375 0.027399
v -0.030093 0.079718 0.027261
v -0.028103 0.079856 0.027399
v -0.030093 0.066115 0.032895
v -0.028103 0.066116 0.033091
v -0.031438 0.089785 0.013658
v -0.029790 0.090918 0.013658
v -0.030093 0.052513 0.000056
v -0.028103 0.052375 -0.000082
v -0.030093 0.046879 0.013658
v -0.028103 0.046683 0.013659
v -0.030093 0.066115 -0.005578
v -0.028103 0.066116 -0.005774
v -0.031438 0.049378 -0.003079
v -0.029789 0.048578 -0.003879
v -0.031438 0.066115 -0.010012
v -0.029790 0.066115 -0.011145
v -0.031438 0.082853 -0.003079
v -0.029789 0.083653 -0.003879
v -0.034747 0.066115 -0.013174
v -0.033822 0.066116 -0.014947
v -0.031438 0.042445 0.013658
v -0.029790 0.041312 0.013658
v -0.034747 0.047142 -0.005315
v -0.033822 0.045888 -0.006569
v -0.034747 0.039283 0.013658
v -0.033822 0.037510 0.013658
v -0.031438 0.066115 0.037328
v -0.029790 0.066115 0.038461
v -0.031438 0.082853 0.030396
v -0.029790 0.083654 0.031197
v -0.034746 0.092948 0.013658
v -0.033821 0.094721 0.013659
v -0.034747 0.085089 -0.005315
v -0.033822 0.086343 -0.006569
v -0.143686 0.048511 -0.013925
v -0.144890 0.050108 -0.013892
v -0.189298 -0.033972 -0.078667
v -0.191298 -0.033971 -0.078666
v -0.145306 0.044633 -0.007246
v -0.146720 0.045680 -0.006295
v -0.187006 -0.028894 -0.084256
v -0.188709 -0.028189 -0.085032
v -0.039100 0.080574 0.015207
v -0.039100 0.082540 0.015576
v -0.139427 0.048693 -0.020457
v -0.140056 0.050363 -0.021359
v -0.039100 0.077192 0.022337
v -0.039099 0.078672 0.023682
v -0.180984 -0.025561 -0.087925
v -0.181874 -0.024357 -0.089251
v -0.039100 0.070417 0.026385
v -0.039099 0.070971 0.028307
v -0.139427 -0.099815 -0.155392
v -0.140058 -0.099077 -0.157141
v -0.173479 -0.025014 -0.088527
v -0.173273 -0.023676 -0.089999
v -0.143686 -0.106299 -0.154588
v -0.144891 -0.106484 -0.156174
v -0.039100 -0.130572 -0.183338
v -0.039099 -0.130026 -0.185262
v -0.143686 0.038355 -0.002747
v -0.144891 0.038540 -0.001161
v -0.145306 -0.112577 -0.150088
v -0.146720 -0.113624 -0.151039
v 0.067106 0.044633 -0.007246
v 0.068520 0.045680 -0.006295
v -0.187006 -0.039051 -0.073078
v -0.188709 -0.039756 -0.072302
v 0.111098 -0.033972 -0.078667
v 0.113098 -0.033971 -0.078666
v 0.065485 0.048511 -0.013925
v 0.066689 0.050108 -0.013892
v 0.061226 0.048693 -0.020457
v 0.061856 0.050363 -0.021359
v -0.143686 -0.116456 -0.143409
v -0.144890 -0.118053 -0.143442
v -0.139427 0.031870 -0.001942
v -0.140057 0.031132 -0.000193
v -0.180984 -0.042384 -0.069410
v -0.181874 -0.043588 -0.068084
v -0.039100 -0.145137 -0.179672
v -0.039100 -0.146617 -0.181017
v -0.039100 -0.138362 -0.183720
v -0.039099 -0.138916 -0.185642
v 0.067106 -0.112577 -0.150088
v 0.068520 -0.113624 -0.151039
v 0.065485 -0.106299 -0.154588
v 0.066690 -0.106484 -0.156174
v 0.065485 -0.116456 -0.143409
v 0.066689 -0.118053 -0.143441
v 0.108805 -0.028894 -0.084257
v 0.110508 -0.028188 -0.085034
v 0.061226 -0.099815 -0.155392
v 0.061857 -0.099077 -0.157141
v 0.102783 -0.025561 -0.087925
v 0.103673 -0.024357 -0.089251
v 0.095278 -0.025014 -0.088527
v 0.095072 -0.023676 -0.089999
v 0.055919 -0.095339 -0.152426
v 0.055774 -0.093894 -0.153801
v -0.039100 -0.124469 -0.178893
v -0.039099 -0.122979 -0.180227
v 0.051461 -0.094099 -0.147162
v 0.050599 -0.092395 -0.147756
v -0.134120 -0.095340 -0.152426
v -0.133975 -0.093895 -0.153801
v -0.129662 -0.094099 -0.147162
v -0.128799 -0.092395 -0.147755
v -0.039100 -0.121862 -0.172387
v -0.039099 -0.119893 -0.172740
v -0.039100 -0.122634 -0.166306
v -0.039100 -0.120733 -0.165684
v 0.048973 -0.095633 -0.141773
v 0.047682 -0.094128 -0.141510
v -0.167174 -0.027073 -0.086261
v -0.165955 -0.026007 -0.087435
v -0.127174 -0.095633 -0.141773
v -0.125883 -0.094128 -0.141510
v -0.163655 -0.030448 -0.082546
v -0.161830 -0.029898 -0.083151
v 0.088973 -0.027073 -0.086261
v 0.087754 -0.026007 -0.087434
v 0.085455 -0.030448 -0.082546
v 0.083630 -0.029898 -0.083151
v 0.051461 0.039954 -0.025360
v 0.050599 0.040382 -0.027113
v 0.084458 -0.033972 -0.078667
v 0.082458 -0.033971 -0.078666
v -0.163655 -0.037497 -0.074789
v -0.161830 -0.038047 -0.074184
v -0.126470 0.030691 -0.019913
v -0.125056 0.029644 -0.020864
v -0.162659 -0.033972 -0.078667
v -0.160659 -0.033971 -0.078666
v -0.126470 -0.098636 -0.137421
v -0.125056 -0.097589 -0.136470
v -0.127174 0.034737 -0.023318
v -0.125883 0.034331 -0.024791
v -0.039100 0.061737 0.001215
v -0.039100 0.060936 -0.000618
v -0.129662 0.039954 -0.025360
v -0.128800 0.040382 -0.027113
v -0.039100 0.067717 -0.000135
v -0.039099 0.067880 -0.002128
v -0.134120 0.045312 -0.024629
v -0.133975 0.046542 -0.026199
v -0.039100 0.074442 0.001839
v -0.039099 0.075627 0.000228
v -0.039100 0.079449 0.007489
v -0.039099 0.081312 0.006761
v 0.055919 0.045312 -0.024629
v 0.055774 0.046542 -0.026199
v -0.039152 0.038139 0.013658
v -0.039151 0.036139 0.013659
v -0.039152 0.046333 -0.006124
v -0.039151 0.044919 -0.007538
v -0.043558 0.047142 -0.005315
v -0.044483 0.045888 -0.006569
v -0.043558 0.039283 0.013658
v -0.044483 0.037510 0.013659
v -0.043558 0.047142 0.032632
v -0.044483 0.045888 0.033886
v -0.039152 0.046333 0.033440
v -0.039152 0.044919 0.034854
v -0.046866 0.049378 0.030396
v -0.048515 0.048578 0.031196
v -0.046866 0.042445 0.013658
v -0.048514 0.041312 0.013659
v -0.046866 0.066115 0.037328
v -0.048514 0.066115 0.038461
v -0.048211 0.066115 0.032895
v -0.050201 0.066116 0.033091
v -0.036405 0.061328 0.147584
v -0.035405 0.059596 0.147584
v -0.036405 0.061328 0.028490
v -0.035406 0.059596 0.028491
v -0.033639 0.066118 0.028490
v -0.031639 0.066119 0.028491
v -0.041936 0.061328 0.147584
v -0.042936 0.059596 0.147584
v -0.033639 0.066118 0.147584
v -0.031639 0.066119 0.147585
v -0.041936 0.061328 0.028490
v -0.042936 0.059596 0.028491
v -0.036405 0.070909 0.028490
v -0.035405 0.072641 0.028490
v -0.044702 0.066118 0.147584
v -0.046702 0.066119 0.147585
v -0.036405 0.070909 0.147584
v -0.035405 0.072641 0.147584
v -0.044702 0.066118 0.028490
v -0.046702 0.066119 0.028491
v -0.041936 0.070909 0.028490
v -0.042936 0.072641 0.028491
v -0.041936 0.070909 0.147584
v -0.042936 0.072641 0.147584
v 0.098937 -0.065499 0.183720
v 0.098938 -0.065498 0.185720
v 0.162832 -0.065499 0.157254
v 0.164246 -0.065499 0.158668
v 0.162832 -0.037232 0.157254
v 0.164246 -0.037232 0.158668
v 0.189298 -0.037232 0.093359
v 0.191298 -0.037231 0.093360
v 0.098937 -0.037232 0.183720
v 0.098938 -0.037231 0.185720
v 0.189298 -0.065499 0.093359
v 0.191298 -0.065498 0.093360
v 0.035042 -0.065499 0.157254
v 0.033628 -0.065499 0.158668
v 0.162832 -0.037232 0.029464
v 0.164246 -0.037232 0.028050
v 0.035042 -0.037232 0.157254
v 0.033628 -0.037232 0.158668
v 0.162832 -0.065499 0.029464
v 0.164246 -0.065499 0.028050
v 0.008576 -0.065499 0.093359
v 0.006576 -0.065498 0.093360
v 0.098937 -0.037232 0.002998
v 0.098938 -0.037231 0.000998
v 0.008576 -0.037232 0.093359
v 0.006576 -0.037231 0.093360
v 0.098937 -0.065499 0.002998
v 0.098938 -0.065498 0.000998
v 0.035042 -0.065499 0.029464
v 0.033628 -0.065498 0.028050
v 0.035042 -0.037232 0.029464
v 0.033628 -0.037232 0.028050
v 0.170440 0.013333 0.055043
v 0.170441 0.013334 0.053043
v 0.027434 0.148519 0.055043
v 0.027435 0.148520 0.053043
v 0.170440 0.148519 0.055043
v 0.170441 0.148520 0.053043
v -0.052566 0.013333 0.055043
v -0.052565 0.013334 0.053043
v 0.052115 -0.092707 -0.147597
v 0.088914 -0.026955 -0.087854
v 0.093809 -0.025386 -0.089581
v 0.055576 -0.093700 -0.151652
v 0.061145 0.049800 -0.019762
v -0.038132 0.080235 0.007891
v -0.038133 0.081109 0.014086
v 0.064548 0.049630 -0.014516
v -0.035257 0.086279 -0.005192
v -0.038180 0.086810 -0.005724
v -0.038179 0.094454 0.012730
v -0.035256 0.093702 0.012730
v -0.030003 0.051258 0.012662
v -0.029340 0.048243 0.012663
v -0.029340 0.052774 0.001725
v -0.030003 0.054906 0.003857
v -0.044770 0.039510 0.012700
v -0.046941 0.041559 0.012700
v -0.046941 0.048074 -0.003028
v -0.044770 0.046625 -0.004477
v -0.139395 0.048304 -0.022178
v -0.135221 0.045672 -0.025488
v -0.174037 -0.023684 -0.088505
v -0.179940 -0.024141 -0.088002
v 0.061195 -0.098066 -0.155170
v 0.057020 -0.094518 -0.152866
v 0.095836 -0.025163 -0.089849
v 0.101739 -0.025620 -0.089346
v -0.030003 0.067111 -0.001199
v -0.029340 0.067111 -0.004214
v -0.029340 0.078049 0.000317
v -0.030003 0.075917 0.002449
v -0.038183 0.059294 0.019166
v -0.034881 0.058634 0.019826
v -0.034881 0.056464 0.014587
v -0.038183 0.057397 0.014587
v -0.035257 0.047265 -0.006505
v -0.038179 0.046733 -0.007037
v -0.038179 0.065187 -0.014681
v -0.035257 0.065187 -0.013929
v -0.038183 0.060608 0.006837
v -0.034881 0.059948 0.006177
v -0.034881 0.065187 0.004007
v -0.038183 0.065187 0.004940
v -0.029410 0.046164 0.012666
v -0.030302 0.043318 0.012665
v -0.030302 0.049294 -0.001759
v -0.029410 0.051305 0.000253
v -0.038173 -0.123873 -0.161682
v 0.046768 -0.097832 -0.138021
v 0.047269 -0.095729 -0.141082
v -0.038174 -0.121924 -0.164882
v 0.111421 -0.032636 -0.078754
v 0.109564 -0.028501 -0.083307
v 0.066679 0.048127 -0.013682
v 0.067991 0.044963 -0.008247
v 0.066677 0.045936 -0.007363
v 0.065364 0.049100 -0.012798
v -0.038170 0.080841 0.016041
v -0.038170 0.078078 0.021841
v -0.038100 -0.129119 -0.183385
v -0.038101 -0.124292 -0.179918
v 0.055607 -0.095564 -0.153816
v 0.059782 -0.099111 -0.156120
v 0.066679 0.038560 -0.003153
v 0.109564 -0.038068 -0.072777
v 0.111421 -0.033931 -0.077329
v 0.067991 0.043668 -0.006822
v -0.043423 0.075766 0.014587
v -0.040120 0.074834 0.014587
v -0.040120 0.072937 0.019166
v -0.043423 0.073597 0.019826
v 0.049136 -0.093923 -0.141906
v 0.084738 -0.030310 -0.084107
v 0.087383 -0.027805 -0.086863
v 0.051006 -0.092802 -0.145921
v 0.162615 -0.064499 0.028374
v 0.099861 -0.064499 0.002381
v 0.099861 -0.038232 0.002381
v 0.162615 -0.038232 0.028374
v -0.034881 0.065186 0.023309
v -0.034881 0.059948 0.021140
v -0.038183 0.060608 0.020480
v -0.038183 0.065187 0.022377
v -0.038179 0.037776 0.014587
v -0.035257 0.038528 0.014586
v -0.035256 0.045952 0.032509
v -0.038180 0.045420 0.033041
v -0.045107 0.065153 0.024322
v -0.045107 0.059255 0.021879
v -0.047344 0.057557 0.023577
v -0.047344 0.065153 0.026724
v -0.048301 0.051258 0.012662
v -0.048301 0.054906 0.003857
v -0.048964 0.052774 0.001725
v -0.048964 0.048244 0.012663
v -0.033535 0.067073 -0.012947
v -0.033535 0.084251 -0.005832
v -0.031363 0.082802 -0.004383
v -0.031364 0.067073 -0.010898
v -0.038179 0.065187 0.041997
v -0.038180 0.046733 0.034353
v -0.035256 0.047265 0.033822
v -0.035256 0.065187 0.041246
v -0.128924 -0.109228 -0.131483
v -0.132386 -0.113359 -0.132084
v -0.040084 -0.141656 -0.157794
v -0.040084 -0.136464 -0.156229
v -0.029340 0.052774 0.025592
v -0.029340 0.048243 0.014654
v -0.030003 0.051258 0.014654
v -0.030003 0.054906 0.023460
v -0.040124 0.094454 0.012730
v -0.040124 0.086810 -0.005724
v -0.043048 0.086279 -0.005192
v -0.043048 0.093702 0.012730
v -0.040124 0.065187 0.041997
v -0.043048 0.065187 0.041246
v -0.043048 0.047265 0.033822
v -0.040124 0.046733 0.034353
v 0.061194 -0.116249 -0.135157
v 0.101739 -0.043804 -0.069333
v 0.095836 -0.044261 -0.068829
v 0.057020 -0.113617 -0.131847
v -0.144877 0.044641 -0.005938
v -0.143565 0.039533 -0.002269
v -0.040029 0.071273 0.026571
v -0.040029 0.076783 0.023267
v -0.030003 0.077325 0.003857
v -0.029340 0.079457 0.001725
v -0.029340 0.083988 0.012663
v -0.030003 0.080972 0.012662
v 0.061195 0.030121 -0.002164
v 0.057020 0.026574 -0.004469
v 0.095836 -0.042782 -0.067485
v 0.101739 -0.042325 -0.067989
v 0.062513 -0.116732 -0.136652
v 0.065916 -0.116563 -0.141898
v 0.108448 -0.040567 -0.072848
v 0.103636 -0.043255 -0.069890
v 0.108448 -0.027378 -0.084487
v 0.103636 -0.024690 -0.087445
v 0.062513 0.048788 -0.020682
v 0.065916 0.048618 -0.015435
v -0.038132 -0.131048 -0.184082
v 0.061146 -0.100613 -0.156428
v 0.064549 -0.105818 -0.155758
v -0.038133 -0.137297 -0.184360
v -0.031363 0.082802 0.031700
v -0.033534 0.084251 0.033149
v -0.033534 0.067073 0.040264
v -0.031363 0.067073 0.038214
v -0.031363 0.049429 0.031700
v -0.031363 0.065157 0.038214
v -0.033534 0.065157 0.040264
v -0.033534 0.047980 0.033149
v -0.048894 0.080926 0.000253
v -0.048894 0.086067 0.012666
v -0.048002 0.088912 0.012665
v -0.048002 0.082937 -0.001759
v -0.128924 0.041284 -0.025851
v -0.132386 0.045414 -0.025251
v -0.040084 0.073711 0.000459
v -0.040084 0.068519 -0.001106
v -0.043423 0.056464 0.014587
v -0.043423 0.058634 0.019826
v -0.040120 0.059294 0.019166
v -0.040120 0.057397 0.014587
v -0.172010 -0.023930 -0.088257
v -0.133777 0.044385 -0.026187
v -0.130316 0.040254 -0.026787
v -0.167115 -0.025499 -0.086531
v -0.033197 0.055451 0.012697
v -0.030960 0.053050 0.012696
v -0.030960 0.056197 0.005100
v -0.033197 0.057895 0.006798
v -0.040120 0.060608 0.006837
v -0.040120 0.065187 0.004940
v -0.043423 0.065187 0.004007
v -0.043423 0.059948 0.006177
v 0.049136 0.034706 -0.025033
v 0.051006 0.038595 -0.026532
v 0.087383 -0.026403 -0.085590
v 0.084738 -0.028908 -0.082833
v -0.042936 0.070909 0.146584
v -0.042936 0.070909 0.029490
v -0.045202 0.066984 0.029490
v -0.045202 0.066984 0.146584
v 0.028434 0.149519 0.130693
v 0.169440 0.149519 0.130693
v 0.169440 0.149519 0.056043
v 0.028434 0.149519 0.056043
v -0.029340 0.078049 0.027000
v -0.029340 0.067111 0.031531
v -0.030003 0.067111 0.028516
v -0.030003 0.075917 0.024868
v -0.030302 0.088912 0.014651
v -0.030302 0.082937 0.029076
v -0.029410 0.080926 0.027064
v -0.029410 0.086067 0.014651
v -0.162172 -0.030150 -0.081497
v -0.126780 0.033088 -0.024037
v -0.126279 0.030243 -0.021651
v -0.161463 -0.032624 -0.078773
v -0.048301 0.067111 -0.001199
v -0.048301 0.075917 0.002449
v -0.048964 0.078049 0.000317
v -0.048964 0.067111 -0.004213
v -0.048301 0.077325 0.003857
v -0.048301 0.080972 0.012662
v -0.048964 0.083988 0.012663
v -0.048964 0.079457 0.001725
v 0.169440 0.014333 0.054043
v -0.050812 0.014333 0.054043
v 0.028005 0.147519 0.054043
v 0.169440 0.147519 0.054043
v 0.098014 -0.064499 0.002381
v 0.035259 -0.064498 0.028374
v 0.035259 -0.038232 0.028374
v 0.098014 -0.038232 0.002381
v -0.031363 0.084157 0.030345
v -0.031363 0.090671 0.014616
v -0.033534 0.092721 0.014616
v -0.033534 0.085606 0.031794
v -0.031363 0.048074 0.030345
v -0.033534 0.046625 0.031794
v -0.033535 0.039509 0.014616
v -0.031364 0.041559 0.014616
v -0.040124 0.037776 0.012730
v -0.043048 0.038528 0.012730
v -0.043048 0.045952 -0.005192
v -0.040124 0.045420 -0.005724
v -0.046941 0.082802 0.031700
v -0.046941 0.067073 0.038214
v -0.044770 0.067073 0.040264
v -0.044770 0.084251 0.033149
v -0.038116 -0.141656 -0.157794
v 0.054185 -0.113359 -0.132084
v 0.050723 -0.109228 -0.131483
v -0.038116 -0.136464 -0.156229
v -0.040067 0.081109 0.014086
v -0.040066 0.080235 0.007891
v -0.139346 0.049800 -0.019762
v -0.142749 0.049630 -0.014516
v -0.044770 0.092721 0.012700
v -0.044770 0.085606 -0.004477
v -0.046941 0.084157 -0.003028
v -0.046941 0.090671 0.012700
v -0.174037 -0.025163 -0.089849
v -0.135221 -0.094519 -0.152866
v -0.139396 -0.098066 -0.155170
v -0.179940 -0.025620 -0.089346
v -0.144880 -0.106504 -0.154182
v -0.146192 -0.111612 -0.150512
v -0.189621 -0.034012 -0.080005
v -0.187765 -0.029877 -0.084557
v -0.045107 0.074336 0.006798
v -0.045107 0.076779 0.012696
v -0.047344 0.079180 0.012696
v -0.047344 0.076034 0.005100
v -0.045107 0.067077 0.002994
v -0.045107 0.072976 0.005438
v -0.047344 0.074674 0.003740
v -0.047344 0.067077 0.000593
v -0.144877 -0.113880 -0.149971
v -0.040030 -0.146023 -0.179176
v -0.040029 -0.148786 -0.173375
v -0.143565 -0.117045 -0.144536
v -0.048002 0.088912 0.014651
v -0.048894 0.086067 0.014651
v -0.048894 0.080926 0.027064
v -0.048002 0.082937 0.029076
v -0.165584 -0.026403 -0.085590
v -0.129207 0.038595 -0.026532
v -0.127337 0.034706 -0.025033
v -0.162939 -0.028908 -0.082833
v -0.038170 -0.139218 -0.183906
v 0.065364 -0.107477 -0.155066
v 0.066677 -0.112585 -0.151396
v -0.038170 -0.144728 -0.180602
v -0.133808 0.027619 -0.003518
v -0.040099 0.056348 0.022584
v -0.040098 0.061174 0.026051
v -0.137983 0.031166 -0.001214
v -0.189621 -0.035307 -0.078579
v -0.146192 -0.112907 -0.149087
v -0.144880 -0.116072 -0.143652
v -0.187765 -0.039444 -0.074028
v -0.144877 -0.112585 -0.151396
v -0.143565 -0.107477 -0.155066
v -0.040029 -0.139218 -0.183906
v -0.040030 -0.144728 -0.180602
v -0.047344 0.079180 0.014620
v -0.045107 0.076779 0.014620
v -0.045107 0.074336 0.020519
v -0.047344 0.076034 0.022217
v 0.066677 -0.113880 -0.149971
v 0.065364 -0.117045 -0.144536
v -0.038170 -0.148786 -0.173375
v -0.038170 -0.146023 -0.179176
v -0.040124 0.067043 0.041997
v -0.040124 0.085498 0.034353
v -0.043048 0.084966 0.033822
v -0.043048 0.067043 0.041246
v -0.130316 -0.108198 -0.130547
v -0.167115 -0.042446 -0.070804
v -0.172010 -0.044015 -0.069077
v -0.133777 -0.112329 -0.131148
v -0.125470 0.027784 -0.016252
v -0.124969 0.029887 -0.019313
v -0.040026 0.055928 0.004347
v -0.040026 0.053978 0.007548
v -0.043423 0.067044 0.004007
v -0.040120 0.067044 0.004940
v -0.040120 0.071623 0.006837
v -0.043423 0.072283 0.006177
v -0.038116 -0.123026 -0.178297
v -0.038115 -0.120972 -0.173278
v 0.050723 -0.093737 -0.148533
v 0.054185 -0.094730 -0.152587
v -0.040120 0.071623 0.020480
v -0.040120 0.067044 0.022377
v -0.043423 0.067044 0.023309
v -0.043423 0.072283 0.021140
v -0.172010 -0.042559 -0.067753
v -0.167115 -0.040990 -0.069480
v -0.130316 0.024762 -0.009738
v -0.133777 0.025755 -0.005683
v -0.172010 -0.025386 -0.089581
v -0.167115 -0.026955 -0.087854
v -0.130316 -0.092707 -0.147596
v -0.133777 -0.093700 -0.151652
v -0.044770 0.092721 0.014616
v -0.046941 0.090671 0.014616
v -0.046941 0.084157 0.030345
v -0.044770 0.085606 0.031794
v -0.139346 -0.117744 -0.137572
v -0.142749 -0.117575 -0.142818
v -0.040067 -0.149054 -0.171420
v -0.040066 -0.148180 -0.165225
v -0.035256 0.086279 0.032509
v -0.035256 0.093702 0.014587
v -0.038179 0.094454 0.014587
v -0.038179 0.086810 0.033041
v -0.034881 0.075766 0.014587
v -0.034881 0.073597 0.019826
v -0.038183 0.072937 0.019166
v -0.038183 0.074834 0.014587
v -0.034881 0.067045 0.004007
v -0.034881 0.072283 0.006177
v -0.038183 0.071623 0.006837
v -0.038183 0.067044 0.004940
v -0.043423 0.056464 0.012730
v -0.040120 0.057397 0.012730
v -0.040120 0.059294 0.008151
v -0.043423 0.058634 0.007491
v -0.038183 0.072937 0.008151
v -0.034881 0.073597 0.007491
v -0.034881 0.075766 0.012729
v -0.038183 0.074834 0.012730
v -0.040124 0.037776 0.014587
v -0.040124 0.045420 0.033041
v -0.043048 0.045952 0.032509
v -0.043048 0.038528 0.014587
v -0.038183 0.059294 0.008151
v -0.038183 0.057397 0.012730
v -0.034881 0.056464 0.012730
v -0.034881 0.058634 0.007491
v -0.040098 0.079357 0.006037
v -0.040099 0.075446 0.001565
v -0.133808 0.046718 -0.024538
v -0.137983 0.049350 -0.021227
v -0.040124 0.094454 0.014587
v -0.043048 0.093702 0.014587
v -0.043048 0.086279 0.032509
v -0.040124 0.086810 0.033041
v -0.125470 0.034058 -0.023157
v -0.040026 0.060252 0.000644
v -0.040026 0.057253 0.002889
v -0.124969 0.031212 -0.020770
v -0.046941 0.048074 0.030345
v -0.046941 0.041559 0.014616
v -0.044770 0.039510 0.014616
v -0.044770 0.046625 0.031794
v -0.048894 0.051305 0.027064
v -0.048894 0.046164 0.014651
v -0.048002 0.043318 0.014651
v -0.048002 0.049294 0.029076
v 0.169440 0.012333 0.130693
v -0.051566 0.012333 0.130693
v -0.051566 0.012333 0.056043
v 0.169440 0.012333 0.056043
v 0.169440 0.014333 0.132693
v 0.169440 0.147519 0.132693
v 0.028005 0.147519 0.132693
v -0.050812 0.014333 0.132693
v -0.044770 0.067073 -0.012947
v -0.046940 0.067073 -0.010898
v -0.046941 0.082802 -0.004383
v -0.044770 0.084251 -0.005832
v -0.048002 0.065122 0.036455
v -0.048894 0.065123 0.033610
v -0.048894 0.052710 0.028469
v -0.048002 0.050698 0.030480
v -0.041436 0.071775 0.029490
v -0.041436 0.071775 0.146584
v -0.036905 0.071775 0.146584
v -0.036905 0.071775 0.029490
v -0.030302 0.067108 -0.009139
v -0.030302 0.081533 -0.003163
v -0.029410 0.079521 -0.001152
v -0.029410 0.067108 -0.006293
v -0.045202 0.065252 0.146584
v -0.045202 0.065252 0.029490
v -0.042936 0.061328 0.029490
v -0.042936 0.061328 0.146584
v -0.040026 -0.125198 -0.160224
v -0.124969 -0.099157 -0.136564
v -0.125470 -0.102003 -0.134177
v -0.040026 -0.128197 -0.157978
v -0.052917 0.014703 0.130693
v 0.026064 0.148168 0.130693
v 0.026064 0.148168 0.056043
v -0.052917 0.014703 0.056043
v -0.048002 0.067108 -0.009139
v -0.048894 0.067108 -0.006293
v -0.048894 0.079521 -0.001152
v -0.048002 0.081533 -0.003163
v 0.033952 -0.038232 0.157037
v 0.007959 -0.038232 0.094283
v 0.007959 -0.064499 0.094283
v 0.033952 -0.064499 0.157037
v 0.047269 0.027784 -0.016252
v -0.038174 0.053978 0.007548
v -0.038173 0.055928 0.004347
v 0.046768 0.029887 -0.019314
v -0.029410 0.051305 0.027064
v -0.030302 0.049294 0.029076
v -0.030302 0.043318 0.014651
v -0.029410 0.046164 0.014651
v -0.048002 0.050698 -0.003163
v -0.048894 0.052710 -0.001152
v -0.048894 0.065122 -0.006293
v -0.048002 0.065122 -0.009139
v -0.038179 0.067043 0.041997
v -0.035256 0.067043 0.041246
v -0.035256 0.084966 0.033822
v -0.038179 0.085498 0.034353
v -0.048964 0.054182 0.000317
v -0.048301 0.056314 0.002449
v -0.048301 0.065119 -0.001199
v -0.048964 0.065120 -0.004213
v -0.029410 0.052710 0.028469
v -0.029410 0.065123 0.033610
v -0.030302 0.065122 0.036455
v -0.030302 0.050698 0.030480
v -0.030302 0.050698 -0.003163
v -0.030302 0.065122 -0.009139
v -0.029410 0.065123 -0.006293
v -0.029410 0.052710 -0.001152
v -0.031363 0.049429 -0.004383
v -0.033535 0.047980 -0.005832
v -0.033535 0.065157 -0.012947
v -0.031364 0.065157 -0.010898
v -0.038153 -0.129991 -0.157143
v -0.038153 -0.134453 -0.156165
v 0.049667 -0.107530 -0.131703
v 0.047797 -0.103641 -0.133202
v -0.029410 0.079521 0.028469
v -0.030302 0.081533 0.030480
v -0.030302 0.067108 0.036455
v -0.029410 0.067108 0.033610
v -0.031363 0.084157 -0.003028
v -0.033535 0.085606 -0.004477
v -0.033534 0.092721 0.012700
v -0.031363 0.090671 0.012700
v -0.035257 0.084966 -0.006505
v -0.035257 0.067044 -0.013929
v -0.038179 0.067044 -0.014681
v -0.038180 0.085498 -0.007037
v -0.144880 0.048127 -0.013682
v -0.187765 -0.028501 -0.083306
v -0.189621 -0.032636 -0.078754
v -0.146192 0.044963 -0.008247
v 0.052115 -0.108198 -0.130547
v 0.055576 -0.112329 -0.131148
v 0.093809 -0.044015 -0.069077
v 0.088914 -0.042446 -0.070805
v -0.041358 0.069909 0.148584
v -0.043547 0.066119 0.148584
v -0.041358 0.062328 0.148584
v -0.036982 0.062328 0.148584
v -0.034793 0.066119 0.148584
v -0.036982 0.069909 0.148584
v 0.093810 -0.042559 -0.067754
v 0.055576 0.025755 -0.005683
v 0.052115 0.024762 -0.009738
v 0.088914 -0.040990 -0.069481
v -0.140714 -0.099601 -0.155508
v -0.144117 -0.104806 -0.154838
v -0.186649 -0.028810 -0.085787
v -0.181837 -0.026122 -0.088746
v -0.144877 0.045936 -0.007363
v -0.040029 0.078078 0.021841
v -0.040030 0.080841 0.016041
v -0.143565 0.049100 -0.012798
v -0.040047 -0.129991 -0.157143
v -0.125998 -0.103642 -0.133202
v -0.127868 -0.107530 -0.131703
v -0.040047 -0.134453 -0.156165
v -0.189621 -0.033931 -0.077329
v -0.187765 -0.038068 -0.072777
v -0.144880 0.038560 -0.003153
v -0.146192 0.043668 -0.006822
v -0.047344 0.057557 0.003740
v -0.045107 0.059255 0.005438
v -0.045107 0.065154 0.002994
v -0.047344 0.065153 0.000593
v -0.040067 -0.131048 -0.184082
v -0.040067 -0.137297 -0.184360
v -0.142750 -0.105818 -0.155758
v -0.139347 -0.100613 -0.156428
v -0.142750 0.037874 -0.001577
v -0.139346 0.032668 -0.000906
v -0.040066 0.063103 0.026748
v -0.040067 0.069352 0.027025
v -0.038100 -0.147302 -0.163372
v 0.059781 -0.117294 -0.136107
v 0.055607 -0.114663 -0.132797
v -0.038101 -0.143391 -0.158899
v 0.108448 -0.039135 -0.071547
v 0.065916 0.036861 -0.002496
v 0.062513 0.031655 -0.001826
v 0.103636 -0.041823 -0.068589
v -0.133808 -0.114663 -0.132797
v -0.137983 -0.117294 -0.136107
v -0.040098 -0.147302 -0.163372
v -0.040099 -0.143391 -0.158899
v -0.048964 0.083988 0.014654
v -0.048301 0.080972 0.014654
v -0.048301 0.077325 0.023460
v -0.048964 0.079457 0.025592
v -0.174037 -0.044261 -0.068829
v -0.179940 -0.043804 -0.069333
v -0.139396 -0.116249 -0.135157
v -0.135221 -0.113617 -0.131847
v -0.038170 0.071273 0.026571
v 0.065364 0.039533 -0.002269
v 0.066677 0.044641 -0.005938
v -0.038170 0.076783 0.023267
v -0.038100 0.061174 0.026051
v -0.038101 0.056348 0.022584
v 0.055607 0.027619 -0.003518
v 0.059782 0.031166 -0.001214
v -0.186649 -0.039135 -0.071547
v -0.181837 -0.041823 -0.068589
v -0.140714 0.031655 -0.001826
v -0.144117 0.036861 -0.002496
v -0.045107 0.072976 0.021879
v -0.045107 0.067077 0.024322
v -0.047344 0.067077 0.026724
v -0.047344 0.074674 0.023577
v -0.038116 0.055082 0.020963
v -0.038116 0.053027 0.015944
v 0.050723 0.025792 -0.008802
v 0.054185 0.026785 -0.004748
v -0.038133 -0.149054 -0.171420
v 0.064548 -0.117575 -0.142818
v 0.061145 -0.117744 -0.137572
v -0.038132 -0.148180 -0.165225
v -0.033197 0.074336 0.006798
v -0.030960 0.076034 0.005100
v -0.030960 0.079180 0.012696
v -0.033197 0.076779 0.012696
v 0.064549 0.037874 -0.001577
v -0.038133 0.069352 0.027025
v -0.038132 0.063103 0.026748
v 0.061146 0.032668 -0.000906
v 0.066679 -0.106504 -0.154182
v 0.109564 -0.029877 -0.084558
v 0.111421 -0.034012 -0.080004
v 0.067992 -0.111612 -0.150512
v -0.040098 -0.129119 -0.183385
v -0.137983 -0.099111 -0.156120
v -0.133808 -0.095565 -0.153816
v -0.040099 -0.124292 -0.179918
v -0.174037 -0.042782 -0.067485
v -0.135221 0.026574 -0.004469
v -0.139396 0.030120 -0.002164
v -0.179940 -0.042325 -0.067989
v -0.040120 0.072937 0.008151
v -0.040120 0.074834 0.012730
v -0.043423 0.075766 0.012729
v -0.043423 0.073597 0.007491
v 0.171440 0.147519 0.130693
v 0.171440 0.014333 0.130693
v 0.171440 0.014333 0.056043
v 0.171440 0.147520 0.056044
v -0.040084 0.055082 0.020963
v -0.132386 0.026785 -0.004748
v -0.128924 0.025792 -0.008802
v -0.040084 0.053027 0.015944
v -0.127868 0.025849 -0.010513
v -0.125998 0.026969 -0.014528
v -0.040047 0.053319 0.009414
v -0.040047 0.052771 0.013949
v -0.038153 0.053319 0.009414
v 0.047797 0.026969 -0.014528
v 0.049667 0.025849 -0.010513
v -0.038153 0.052771 0.013949
v -0.127868 -0.093794 -0.146821
v -0.125998 -0.094914 -0.142806
v -0.040047 -0.121264 -0.166748
v -0.040046 -0.120716 -0.171283
v 0.095836 -0.023684 -0.088505
v 0.057020 0.045672 -0.025488
v 0.061195 0.048304 -0.022177
v 0.101739 -0.024141 -0.088002
v -0.048301 0.067111 0.028516
v -0.048964 0.067111 0.031531
v -0.048964 0.078049 0.027000
v -0.048301 0.075917 0.024868
v 0.062513 -0.099601 -0.155508
v 0.103636 -0.026122 -0.088746
v 0.108448 -0.028810 -0.085788
v 0.065916 -0.104806 -0.154838
v -0.047344 0.056197 0.005100
v -0.047344 0.053050 0.012696
v -0.045107 0.055451 0.012697
v -0.045107 0.057895 0.006798
v -0.038153 -0.121264 -0.166748
v 0.047797 -0.094914 -0.142806
v 0.049667 -0.093794 -0.146822
v -0.038152 -0.120716 -0.171283
v 0.111421 -0.035307 -0.078579
v 0.109564 -0.039444 -0.074027
v 0.066679 -0.116072 -0.143652
v 0.067992 -0.112907 -0.149087
v -0.030960 0.079180 0.014620
v -0.030960 0.076034 0.022217
v -0.033197 0.074336 0.020519
v -0.033197 0.076779 0.014620
v -0.165584 -0.040140 -0.070471
v -0.162938 -0.037635 -0.073228
v -0.127337 0.025978 -0.015428
v -0.129207 0.024858 -0.011414
v -0.125470 -0.095729 -0.141082
v -0.124969 -0.097832 -0.138021
v -0.040026 -0.123873 -0.161682
v -0.040026 -0.121924 -0.164882
v -0.128924 -0.093737 -0.148532
v -0.040083 -0.120972 -0.173278
v -0.040084 -0.123026 -0.178297
v -0.132386 -0.094730 -0.152587
v 0.052115 0.040254 -0.026787
v 0.055576 0.044385 -0.026187
v 0.093809 -0.023930 -0.088257
v 0.088914 -0.025499 -0.086530
v 0.048078 -0.096863 -0.137141
v 0.083262 -0.033995 -0.080018
v 0.083971 -0.031521 -0.082742
v 0.048579 -0.094759 -0.140201
v -0.165584 -0.027805 -0.086864
v -0.162939 -0.030310 -0.084107
v -0.127337 -0.093923 -0.141906
v -0.129207 -0.092802 -0.145920
v -0.140714 -0.116732 -0.136652
v -0.181837 -0.043255 -0.069890
v -0.186649 -0.040567 -0.072848
v -0.144117 -0.116563 -0.141898
v -0.033197 0.067078 0.002994
v -0.030960 0.067077 0.000593
v -0.030960 0.074674 0.003740
v -0.033197 0.072976 0.005438
v -0.038153 0.062046 -0.000191
v -0.038153 0.066508 -0.001170
v 0.049667 0.039586 -0.025631
v 0.047797 0.035697 -0.024132
v -0.043048 0.084966 -0.006505
v -0.040124 0.085498 -0.007037
v -0.040124 0.067044 -0.014681
v -0.043048 0.067043 -0.013929
v -0.029340 0.083988 0.014654
v -0.029340 0.079457 0.025592
v -0.030003 0.077325 0.023460
v -0.030003 0.080972 0.014654
v 0.048078 0.028918 -0.020194
v 0.083262 -0.033949 -0.077315
v 0.083971 -0.036424 -0.074592
v 0.048579 0.026814 -0.017133
v -0.038116 0.073711 0.000459
v 0.054185 0.045414 -0.025251
v 0.050723 0.041284 -0.025851
v -0.038116 0.068519 -0.001106
v -0.140714 0.048788 -0.020682
v -0.181837 -0.024690 -0.087445
v -0.186649 -0.027378 -0.084486
v -0.144117 0.048618 -0.015435
v -0.162172 -0.036424 -0.074592
v -0.161463 -0.033949 -0.077315
v -0.126279 0.028918 -0.020193
v -0.126780 0.026814 -0.017133
v -0.162172 -0.031521 -0.082742
v -0.161463 -0.033995 -0.080019
v -0.126279 -0.096863 -0.137141
v -0.126780 -0.094759 -0.140201
v -0.127337 -0.102651 -0.132301
v -0.162938 -0.039037 -0.074502
v -0.165584 -0.041542 -0.071745
v -0.129207 -0.106539 -0.130802
v 0.048078 0.030243 -0.021652
v 0.048579 0.033088 -0.024038
v 0.083971 -0.030150 -0.081497
v 0.083262 -0.032624 -0.078773
v -0.126279 -0.098188 -0.135683
v -0.161463 -0.035320 -0.078561
v -0.162172 -0.037795 -0.075838
v -0.126780 -0.101033 -0.133297
v -0.045107 0.055451 0.014620
v -0.047344 0.053050 0.014620
v -0.047344 0.056197 0.022217
v -0.045107 0.057895 0.020519
v -0.038173 -0.125198 -0.160224
v -0.038174 -0.128197 -0.157978
v 0.047269 -0.102002 -0.134177
v 0.046768 -0.099157 -0.136563
v -0.048964 0.054182 0.027000
v -0.048964 0.065120 0.031531
v -0.048301 0.065119 0.028516
v -0.048301 0.056314 0.024868
v -0.033197 0.065154 0.002994
v -0.033197 0.059255 0.005438
v -0.030960 0.057557 0.003740
v -0.030960 0.065153 0.000593
v -0.035257 0.045952 -0.005192
v -0.035257 0.038528 0.012730
v -0.038179 0.037776 0.012730
v -0.038179 0.045420 -0.005724
v -0.031363 0.048074 -0.003028
v -0.031364 0.041559 0.012700
v -0.033535 0.039509 0.012700
v -0.033535 0.046625 -0.004477
v -0.044770 0.065157 -0.012947
v -0.044770 0.047980 -0.005832
v -0.046941 0.049429 -0.004383
v -0.046940 0.065157 -0.010898
v -0.038100 0.079357 0.006037
v 0.059782 0.049350 -0.021227
v 0.055607 0.046718 -0.024538
v -0.038101 0.075446 0.001565
v -0.127868 0.039586 -0.025631
v -0.040047 0.066508 -0.001170
v -0.040047 0.062046 -0.000191
v -0.125998 0.035697 -0.024132
v -0.048002 0.067108 0.036455
v -0.048002 0.081533 0.030480
v -0.048894 0.079521 0.028469
v -0.048894 0.067108 0.033610
v -0.029340 0.054182 0.000317
v -0.029340 0.065120 -0.004213
v -0.030003 0.065119 -0.001199
v -0.030003 0.056314 0.002449
v -0.030960 0.056197 0.022217
v -0.030960 0.053050 0.014620
v -0.033197 0.055451 0.014620
v -0.033197 0.057895 0.020519
v -0.043048 0.047265 -0.006505
v -0.043048 0.065187 -0.013929
v -0.040124 0.065187 -0.014681
v -0.040124 0.046733 -0.007037
v -0.038183 0.071623 0.020480
v -0.034881 0.072283 0.021140
v -0.034881 0.067044 0.023309
v -0.038183 0.067044 0.022377
v -0.043423 0.065186 0.023309
v -0.040120 0.065187 0.022377
v -0.040120 0.060608 0.020480
v -0.043423 0.059948 0.021140
v 0.163922 -0.064499 0.157037
v 0.189915 -0.064499 0.094283
v 0.189915 -0.038232 0.094283
v 0.163922 -0.038232 0.157037
v -0.033139 0.065252 0.029490
v -0.033139 0.065252 0.146584
v -0.035405 0.061328 0.146584
v -0.035405 0.061328 0.029491
v -0.044770 0.065157 0.040264
v -0.046941 0.065157 0.038214
v -0.046941 0.049429 0.031700
v -0.044770 0.047980 0.033149
v 0.083971 -0.037795 -0.075838
v 0.083262 -0.035320 -0.078561
v 0.048078 -0.098187 -0.135683
v 0.048579 -0.101032 -0.133297
v -0.033197 0.072976 0.021879
v -0.030960 0.074674 0.023577
v -0.030960 0.067077 0.026724
v -0.033197 0.067077 0.024322
v -0.030003 0.065119 0.028516
v -0.029340 0.065120 0.031530
v -0.029340 0.054182 0.027000
v -0.030003 0.056314 0.024868
v 0.162615 -0.038232 0.158344
v 0.099861 -0.038232 0.184337
v 0.099861 -0.064499 0.184337
v 0.162615 -0.064499 0.158344
v -0.033197 0.065153 0.024322
v -0.030960 0.065153 0.026724
v -0.030960 0.057557 0.023577
v -0.033197 0.059255 0.021879
v -0.035405 0.070909 0.029490
v -0.035405 0.070909 0.146584
v -0.033139 0.066984 0.146584
v -0.033139 0.066984 0.029490
v -0.038173 0.057253 0.002889
v -0.038174 0.060252 0.000644
v 0.047269 0.034058 -0.023157
v 0.046768 0.031212 -0.020771
v -0.041436 0.060462 0.146584
v -0.041436 0.060462 0.029490
v -0.036905 0.060462 0.029491
v -0.036905 0.060462 0.146584
v -0.029410 0.080926 0.000253
v -0.030302 0.082937 -0.001759
v -0.030302 0.088912 0.012665
v -0.029410 0.086067 0.012666
v 0.049136 -0.102650 -0.132301
v 0.051006 -0.106539 -0.130802
v 0.087383 -0.041542 -0.071745
v 0.084738 -0.039037 -0.074502
v 0.189915 -0.064499 0.092436
v 0.163922 -0.064499 0.029681
v 0.163922 -0.038232 0.029681
v 0.189915 -0.038232 0.092436
v 0.098014 -0.038232 0.184337
v 0.035259 -0.038232 0.158344
v 0.035259 -0.064499 0.158344
v 0.098014 -0.064499 0.184337
v 0.087383 -0.040140 -0.070472
v 0.051006 0.024858 -0.011414
v 0.049136 0.025978 -0.015428
v 0.084738 -0.037635 -0.073228
v 0.007959 -0.038232 0.092436
v 0.033952 -0.038232 0.029681
v 0.033952 -0.064498 0.029681
v 0.007959 -0.064499 0.092436
v -0.048002 0.049294 -0.001759
v -0.048002 0.043318 0.012666
v -0.048894 0.046164 0.012666
v -0.048894 0.051305 0.000253
v -0.048964 0.052774 0.025592
v -0.048301 0.054906 0.023460
v -0.048301 0.051258 0.014654
v -0.048964 0.048243 0.014654
vn 0.8961 0.4303 -0.1087
vn 0.4601 -0.3486 -0.8165
vn 0.6601 -0.5051 0.5559
vn 0.4668 -0.8506 0.2420
vn -0.3847 0.8490 -0.3623
vn -0.5440 0.5643 -0.6210
vn -0.8297 -0.5062 -0.2352
vn 0.1975 -0.6592 0.7255
vn -0.0214 0.6723 -0.7399
vn -0.2100 0.6012 0.7710
vn 0.1396 -0.7626 0.6317
vn -0.0151 0.6835 -0.7298
vn -0.2550 0.4048 0.8781
vn 0.8103 0.0786 0.5808
vn -0.0003 -0.8879 0.4601
vn -0.2464 -0.8128 0.5279
vn 0.3548 0.8442 -0.4019
vn 0.0001 0.9526 -0.3043
vn 0.6233 -0.0274 -0.7815
vn -0.0001 -0.9938 -0.1114
vn -0.0000 0.9758 0.2188
vn -0.8266 0.4173 -0.3776
vn -0.5731 -0.8181 0.0482
vn 0.6147 0.7873 0.0476
vn -0.6313 0.6327 0.4484
vn 0.6814 0.3731 0.6297
vn -0.0001 -0.7071 0.7071
vn -0.5191 -0.6044 0.6044
vn 0.4337 0.6372 -0.6371
vn 0.0001 0.7071 -0.7071
vn 0.6816 -0.1817 -0.7088
vn -0.0004 -1.0000 -0.0003
vn 0.0007 1.0000 0.0001
vn -0.6309 0.1307 -0.7648
vn -0.5188 -0.8549 0.0003
vn 0.4343 0.9008 0.0001
vn 0.2266 -0.5278 -0.8186
vn -0.0090 0.8447 -0.5352
vn -1.0000 -0.0045 0.0002
vn -0.8722 -0.4892 -0.0001
vn 0.9403 0.3405 -0.0000
vn 0.9843 -0.1765 0.0003
vn -0.0097 0.2191 0.9757
vn -1.0000 -0.0027 -0.0027
vn 0.9844 -0.1244 -0.1244
vn 0.2270 -0.9521 0.2050
vn -0.8722 -0.3464 -0.3452
vn 0.9404 0.2410 0.2398
vn -0.5905 0.4923 -0.6394
vn 0.4446 -0.3946 -0.8041
vn 0.8768 0.4809 0.0003
vn 0.5192 0.8546 -0.0004
vn -0.4340 -0.9009 0.0006
vn -0.7893 -0.6140 0.0001
vn 0.4448 -0.8477 0.2892
vn 0.8770 0.3401 0.3395
vn -0.7892 -0.4340 -0.4346
vn -0.5901 -0.1039 0.8006
vn 0.5192 0.6043 0.6043
vn -0.4338 -0.6371 -0.6371
vn 0.1743 -0.5373 -0.8252
vn -0.9830 -0.1390 -0.1201
vn -0.1397 -0.5559 0.8195
vn 0.2463 -0.8126 0.5282
vn -0.3544 0.8442 -0.4020
vn 0.0151 0.6611 -0.7501
vn -0.5652 0.6075 0.5582
vn -0.1975 -0.6592 0.7255
vn 0.0214 0.6723 -0.7400
vn 0.7968 0.5750 0.1855
vn 0.3484 -0.6303 0.6938
vn -0.5013 0.5818 -0.6404
vn -0.1737 0.8728 0.4561
vn 0.9830 0.1328 0.1270
vn -0.2465 -0.4487 0.8590
vn 0.3553 0.3191 -0.8786
vn 0.5652 -0.6137 -0.5513
vn -0.7968 -0.2395 -0.5548
vn -0.3484 -0.6303 0.6938
vn 0.5013 0.5819 -0.6404
vn 0.2265 0.8186 -0.5277
vn -0.0099 0.5352 0.8447
vn -1.0000 -0.0005 -0.0037
vn -0.8722 -0.0001 -0.4892
vn 0.9403 -0.0000 0.3405
vn 0.9844 0.0006 -0.1760
vn -0.0096 -0.9757 0.2191
vn -1.0000 0.0027 -0.0027
vn 0.9844 0.1244 -0.1244
vn 0.2268 -0.2054 -0.9520
vn -0.8722 0.3457 -0.3462
vn 0.9403 -0.2404 0.2409
vn 0.6986 -0.4784 -0.5320
vn -0.6481 -0.1410 -0.7484
vn -0.5110 -0.6078 0.6078
vn 0.0006 -0.7076 0.7066
vn 0.0011 0.7071 -0.7071
vn 0.5978 0.5668 -0.5669
vn -0.6479 0.4290 0.6294
vn -0.5117 -0.8592 -0.0001
vn 0.5980 0.8015 0.0007
vn 0.6984 0.0375 0.7147
vn 0.0005 -1.0000 0.0004
vn 0.0009 1.0000 -0.0001
vn -0.6312 0.4484 -0.6328
vn 0.6817 0.6296 -0.3727
vn -0.0001 0.7074 0.7068
vn -0.5192 0.6043 0.6043
vn 0.4338 -0.6371 -0.6371
vn 0.0005 -0.7074 -0.7068
vn 0.6816 -0.7088 0.1817
vn -0.0003 -0.0002 1.0000
vn 0.0006 0.0001 -1.0000
vn -0.6309 -0.7648 -0.1308
vn -0.5188 0.0003 0.8549
vn 0.4343 0.0001 -0.9008
vn 0.6987 0.5319 -0.4785
vn -0.6481 0.7484 -0.1410
vn -0.5110 -0.6078 -0.6078
vn 0.0007 -0.7067 -0.7075
vn 0.0011 0.7071 0.7071
vn 0.5978 0.5668 0.5669
vn -0.6485 -0.6282 0.4299
vn -0.5103 -0.0006 -0.8600
vn 0.5972 0.0005 0.8021
vn 0.6987 -0.7144 0.0389
vn -0.0006 -0.0008 -1.0000
vn 0.0002 0.0008 1.0000
vn -0.1382 -0.5483 -0.8248
vn 0.3497 0.7426 -0.5712
vn -0.8769 0.4807 -0.0000
vn 0.7889 -0.6145 -0.0000
vn 0.3489 0.1213 0.9293
vn -0.8767 0.3397 0.3405
vn 0.7893 -0.4345 -0.4338
vn -0.1386 -0.9710 0.1949
vn 0.7195 0.5120 -0.4694
vn -0.5532 0.1218 -0.8241
vn 0.7071 -0.5233 -0.4755
vn 0.0002 -0.7398 -0.6728
vn 0.0004 0.7400 0.6726
vn -0.7071 0.5233 0.4755
vn -0.7056 -0.6198 0.3434
vn 0.6539 -0.7398 -0.1582
vn -0.6303 0.7713 0.0883
vn 0.6601 -0.2011 0.7237
vn -0.0001 -0.9403 -0.3404
vn -0.0000 0.9645 0.2640
vn -0.1930 0.9807 -0.0313
vn 0.1650 0.1529 0.9744
vn -0.8104 -0.3940 0.4336
vn -1.0000 -0.0000 -0.0004
vn 1.0000 0.0006 0.0006
vn 0.8693 0.3323 -0.3658
vn 0.6600 -0.7316 0.1708
vn 0.3624 -0.0104 -0.9320
vn -0.7071 -0.5233 -0.4755
vn 0.7071 0.5233 0.4755
vn -0.6344 0.7274 -0.2616
vn -0.4266 0.0727 0.9015
vn 0.7684 -0.2937 0.5686
vn 0.7049 0.3164 -0.6349
vn -0.0001 -0.7399 -0.6727
vn 0.0006 0.7403 0.6723
vn 0.5503 0.7572 0.3519
vn 0.8249 -0.4219 -0.3762
vn -0.0001 -0.8057 0.5924
vn -0.0003 -0.3720 0.9282
vn 0.0007 0.2112 -0.9775
vn 0.0005 0.6879 -0.7258
vn -0.1836 -0.7306 -0.6576
vn -0.9523 0.2973 -0.0680
vn 0.6600 0.0998 -0.7446
vn 0.1650 0.9845 0.0591
vn -0.8104 0.3940 -0.4336
vn -0.5727 -0.0301 -0.8192
vn 0.6151 0.1222 0.7789
vn 0.8693 -0.3324 0.3658
vn -0.1925 0.0619 0.9793
vn 0.3624 -0.9287 0.0786
vn 0.6481 -0.4295 0.6289
vn -0.6978 -0.0379 0.7152
vn -0.0006 1.0000 -0.0007
vn 0.5110 0.8596 -0.0001
vn -0.5977 -0.8017 -0.0000
vn 0.0002 -1.0000 0.0008
vn -0.6983 0.4777 -0.5331
vn -0.0000 0.7066 0.7076
vn 0.0006 -0.7074 -0.7068
vn 0.6481 0.1408 -0.7484
vn 0.5110 0.6078 0.6078
vn -0.5978 -0.5668 -0.5668
vn 0.6905 0.6995 -0.1840
vn 0.2096 -0.1597 -0.9646
vn 0.9248 -0.2559 0.2816
vn -0.8913 0.3049 -0.3356
vn -0.6303 -0.7762 -0.0155
vn -0.0321 0.2927 0.9557
vn -0.5915 0.6815 -0.4309
vn 0.7225 0.6820 0.1138
vn -0.0004 0.4666 0.8845
vn -0.6255 0.4663 0.6255
vn 0.6375 0.4327 -0.6375
vn 0.0005 0.4332 -0.9013
vn 0.7229 -0.6814 0.1141
vn -0.0003 -0.4660 0.8848
vn 0.0006 -0.4323 -0.9017
vn -0.5914 -0.6815 -0.4311
vn -0.6255 -0.4664 0.6255
vn 0.6375 -0.4326 -0.6375
vn -0.6481 -0.6288 -0.4296
vn -0.6481 0.7484 0.1410
vn -0.5111 -0.0001 0.8595
vn 0.5978 -0.0000 -0.8017
vn 0.6981 0.5320 0.4791
vn 0.6986 -0.7145 -0.0377
vn -0.0007 -0.0008 1.0000
vn 0.0011 -0.0000 -1.0000
vn 0.6816 0.1819 0.7087
vn -0.6313 -0.1303 0.7646
vn -0.5191 0.8547 -0.0000
vn 0.0003 1.0000 -0.0000
vn 0.0004 -1.0000 0.0005
vn 0.4337 -0.9010 -0.0000
vn -0.6313 -0.6328 -0.4485
vn -0.5191 0.6044 -0.6044
vn 0.4337 -0.6371 0.6371
vn 0.6815 -0.3729 -0.6296
vn -0.0000 0.7071 -0.7071
vn -0.0000 -0.7071 0.7071
vn -0.5395 -0.7815 0.3135
vn -0.5395 0.3310 0.7742
vn 0.5110 -0.6078 0.6078
vn 0.5110 -0.0001 0.8596
vn -0.5978 -0.0000 -0.8017
vn -0.5978 0.5668 -0.5669
vn 0.3881 0.9129 -0.1264
vn 0.8720 -0.3463 0.3458
vn -0.9404 0.2407 -0.2404
vn 0.3883 -0.5559 -0.7350
vn 0.8722 -0.0001 0.4892
vn -0.9403 -0.0000 -0.3404
vn -0.2266 -0.5278 -0.8186
vn -0.2259 -0.9522 0.2055
vn 0.8722 -0.3463 -0.3454
vn 0.8721 -0.4892 -0.0001
vn -0.9403 0.3405 -0.0000
vn -0.9404 0.2401 0.2409
vn 0.0097 0.2191 0.9757
vn 1.0000 -0.0027 -0.0027
vn -0.9844 -0.1244 -0.1244
vn 0.0092 0.8450 -0.5347
vn 1.0000 -0.0044 0.0001
vn -0.9844 -0.1759 0.0006
vn 0.5904 0.6394 0.4925
vn 0.5902 -0.8006 -0.1039
vn -0.4451 -0.2900 -0.8472
vn -0.8769 -0.3394 0.3403
vn 0.7892 0.4338 -0.4347
vn -0.4450 0.8040 -0.3944
vn -0.8770 -0.0001 0.4804
vn 0.7891 -0.0000 -0.6142
vn 0.6816 -0.7088 -0.1815
vn 0.6814 0.6297 0.3731
vn -0.0004 -0.0000 -1.0000
vn 0.0004 0.0005 1.0000
vn -0.6314 0.4484 0.6327
vn -0.6313 -0.7645 0.1303
vn -0.5191 -0.0000 -0.8547
vn 0.4337 -0.0000 0.9011
vn 0.2454 -0.9120 -0.3288
vn 0.9634 0.2673 0.0181
vn -0.1396 0.5559 -0.8195
vn -0.4668 0.1596 -0.8698
vn 0.3846 -0.2796 0.8797
vn 0.0151 -0.6611 0.7501
vn -0.5325 0.7262 0.4349
vn -0.0004 0.5129 -0.8584
vn 0.0002 -0.6562 0.7546
vn -0.8073 -0.5890 -0.0351
vn 0.0004 0.0169 -0.9999
vn -0.0000 -0.1611 0.9869
vn -0.0096 0.2191 -0.9757
vn -0.0091 0.8450 0.5348
vn -1.0000 -0.0027 0.0027
vn 0.9844 -0.1244 0.1244
vn 0.2265 -0.5277 0.8186
vn 0.2262 -0.9521 -0.2056
vn -0.8722 -0.3462 0.3456
vn 0.9403 0.2404 -0.2408
vn -0.6812 -0.1809 -0.7094
vn -0.6814 0.3732 0.6296
vn 0.6313 0.6327 0.4484
vn 0.5191 -0.6044 0.6044
vn -0.4337 0.6372 -0.6371
vn 0.6314 0.1309 -0.7643
vn 0.5188 -0.8549 0.0003
vn -0.4336 0.9011 0.0007
vn -0.6811 -0.7093 -0.1815
vn 0.6314 -0.7645 0.1303
vn 0.5191 -0.0000 -0.8547
vn -0.4337 -0.0000 0.9011
vn 0.6314 0.4484 0.6327
vn 0.5191 0.6044 -0.6044
vn -0.4337 -0.6371 0.6372
vn -0.6814 0.6296 0.3732
vn -0.1743 0.5373 0.8252
vn -0.7969 -0.5750 -0.1855
vn -0.3484 0.6303 -0.6938
vn -0.2463 0.8126 -0.5282
vn 0.3544 -0.8442 0.4021
vn 0.5013 -0.5819 0.6404
vn 0.5652 -0.6075 -0.5582
vn 0.1975 0.6592 -0.7255
vn -0.0214 -0.6723 0.7400
vn 0.9830 0.1391 0.1201
vn 0.1396 0.5559 -0.8194
vn -0.0151 -0.6611 0.7501
vn 0.6344 -0.1909 0.7491
vn 0.4266 0.9044 -0.0130
vn 0.5730 -0.0307 -0.8190
vn -0.7071 0.5234 0.4755
vn -0.6147 0.1220 0.7793
vn -0.7682 0.5384 -0.3463
vn 0.0003 -0.2061 -0.9785
vn 0.0006 0.3111 0.9504
vn -0.7050 -0.6015 0.3757
vn 0.2262 0.9521 0.2058
vn -0.0096 -0.2191 0.9757
vn -0.0091 -0.8450 -0.5347
vn -1.0000 0.0044 0.0001
vn 0.9844 0.1759 0.0008
vn 0.2266 0.5278 -0.8186
vn -0.8722 0.4892 -0.0001
vn 0.9402 -0.3405 -0.0000
vn -0.1739 -0.8728 -0.4561
vn 0.9830 -0.1328 -0.1269
vn 0.1396 0.7626 -0.6316
vn -0.2464 0.4485 -0.8591
vn 0.3550 -0.3192 0.8787
vn -0.0151 -0.6835 0.7298
vn 0.5652 0.6136 0.5513
vn -0.7968 0.2395 0.5547
vn 0.8901 0.4428 -0.1077
vn 0.0543 0.2353 0.9704
vn -0.5730 0.8182 -0.0478
vn 0.6145 -0.7875 -0.0471
vn -0.5458 -0.8379 -0.0046
vn 0.4489 -0.3456 -0.8240
vn -0.5457 0.8380 0.0046
vn 0.4489 0.3455 0.8241
vn 0.8902 -0.4428 0.1075
vn 0.0548 -0.2352 -0.9704
vn 0.8099 -0.5861 -0.0217
vn -0.2553 -0.9124 -0.3199
vn -0.8264 0.3362 -0.4518
vn -0.5730 0.0298 0.8190
vn 0.6152 -0.1225 -0.7788
vn 0.6235 0.7804 -0.0469
vn 0.0002 0.2062 0.9785
vn 0.0006 -0.3110 -0.9504
vn -0.4450 -0.2897 0.8474
vn 0.5901 -0.8006 0.1039
vn -0.5191 -0.6044 -0.6044
vn -0.8768 -0.3398 -0.3402
vn 0.7892 0.4343 0.4343
vn 0.4337 0.6371 0.6372
vn 0.5901 0.6396 -0.4926
vn -0.4452 0.8038 0.3946
vn -0.8769 -0.0000 -0.4806
vn 0.7889 -0.0000 0.6145
vn -0.4449 0.2894 0.8475
vn -0.4452 -0.8038 0.3946
vn -0.8770 0.3397 -0.3398
vn 0.7892 -0.4343 0.4343
vn 0.5901 -0.6396 -0.4926
vn 0.5901 0.8006 0.1039
vn 0.1386 0.9710 0.1949
vn 0.1390 0.5492 -0.8241
vn 1.0000 0.0030 -0.0003
vn 1.0000 0.0027 -0.0027
vn -0.9844 0.1244 -0.1244
vn -0.9842 0.1769 0.0001
vn -0.3497 -0.7425 -0.5713
vn 0.8769 -0.4806 -0.0001
vn -0.7890 0.6145 -0.0000
vn -0.3493 -0.1211 0.9291
vn 0.8768 -0.3398 0.3402
vn -0.7891 0.4345 -0.4342
vn 0.2454 0.9120 0.3288
vn 0.9635 -0.2673 -0.0180
vn -0.4668 -0.1596 0.8699
vn 0.3846 0.2796 -0.8797
vn -0.5324 -0.7262 -0.4349
vn -0.0005 -0.5129 0.8584
vn 0.0002 0.6561 -0.7547
vn -0.8073 0.5891 0.0351
vn 0.0003 -0.0169 0.9999
vn 0.0001 0.1610 -0.9869
vn 0.6478 0.4294 0.6292
vn 0.6481 -0.1408 -0.7484
vn 0.5114 -0.8593 0.0003
vn -0.5977 0.8017 0.0006
vn -0.6983 -0.4787 -0.5322
vn -0.6978 0.0380 0.7152
vn 0.8297 0.2825 0.4814
vn 0.2100 -0.8249 -0.5248
vn -0.8961 0.0671 -0.4387
vn -0.4605 0.8458 0.2693
vn -0.6599 -0.5049 0.5564
vn 0.5435 0.5647 -0.6210
vn 0.5392 -0.3138 -0.7815
vn -0.3882 0.7351 -0.5558
vn -0.3879 0.1261 0.9131
vn 0.5395 -0.7742 0.3309
vn -0.6978 0.5332 -0.4782
vn -0.6979 -0.7151 0.0393
vn 0.6480 -0.6286 0.4301
vn 0.5107 -0.0003 -0.8597
vn -0.5979 0.0004 0.8016
vn 0.6482 0.7484 -0.1408
vn 0.5110 -0.6078 -0.6078
vn -0.5978 0.5669 0.5669
vn 0.6905 0.1163 -0.7139
vn -0.0321 -0.9793 -0.2000
vn 0.4668 -0.1596 0.8698
vn 0.6539 0.2281 0.7214
vn -0.6303 -0.1616 -0.7594
vn -0.3847 0.2796 -0.8797
vn -0.6303 0.0897 0.7712
vn 0.2097 0.9755 0.0668
vn -0.5587 -0.5029 -0.6595
vn -0.5589 -0.5029 0.6593
vn 0.4402 -0.7627 0.4739
vn 0.4403 -0.7627 -0.4737
vn -0.4517 0.7823 -0.4288
vn -0.4514 0.7823 0.4293
vn 0.1566 0.7349 0.6598
vn 0.8806 -0.0002 0.4738
vn -0.9032 0.0003 0.4292
vn 0.1566 0.7353 -0.6594
vn 0.8808 -0.0001 -0.4735
vn -0.9035 0.0004 -0.4286
vn 0.7076 -0.0000 -0.7066
vn -0.7071 -0.0003 -0.7071
vn -0.4081 -0.8167 -0.4081
vn 0.4079 -0.8165 -0.4086
vn 0.4086 0.8165 -0.4079
vn -0.4078 0.8169 -0.4078
vn -0.7071 -0.0007 0.7071
vn -0.4086 -0.8165 0.4079
vn -0.4079 0.8165 0.4086
vn 0.7071 0.0003 0.7071
vn 0.4084 -0.8163 0.4084
vn 0.4087 0.8160 0.4087
vn -0.0096 -0.9757 -0.2191
vn -0.0094 0.5352 -0.8447
vn -1.0000 -0.0004 0.0036
vn -1.0000 0.0027 0.0027
vn 0.9844 0.1244 0.1244
vn 0.9843 0.0002 0.1764
vn 0.2265 0.8186 0.5278
vn -0.8722 -0.0000 0.4892
vn 0.9403 -0.0000 -0.3404
vn 0.2260 -0.2055 0.9522
vn -0.8722 0.3455 0.3462
vn 0.9404 -0.2408 -0.2401
vn 0.3494 -0.7425 0.5715
vn 0.3498 -0.1209 -0.9290
vn -0.8769 -0.4806 -0.0001
vn 0.7890 0.6145 -0.0000
vn -0.1387 0.9710 -0.1949
vn -0.1385 0.5492 0.8242
vn 0.3378 0.0374 0.9405
vn -0.2278 -0.9735 0.0220
vn -0.6539 0.2282 0.7213
vn -0.9248 -0.2559 0.2816
vn 0.8913 0.3049 -0.3355
vn 0.6303 -0.1616 -0.7594
vn -0.4640 0.0559 -0.8841
vn 0.0630 0.9976 -0.0278
vn -1.0000 0.0004 -0.0005
vn 1.0000 -0.0000 0.0006
vn -0.2265 0.8186 -0.5278
vn -0.2260 -0.2055 -0.9522
vn 0.8722 0.3455 -0.3462
vn 0.8722 -0.0000 -0.4892
vn -0.9403 -0.0000 0.3405
vn -0.9404 -0.2408 0.2402
vn 0.0096 -0.9757 0.2191
vn 0.0095 0.5351 0.8447
vn 1.0000 -0.0003 -0.0037
vn -0.9843 0.0001 -0.1763
vn -0.2264 0.9520 0.2062
vn -0.2266 0.5279 -0.8185
vn 0.8722 0.4892 -0.0001
vn -0.9403 -0.3405 -0.0000
vn 0.0099 -0.8445 -0.5355
vn 0.0096 -0.2191 0.9757
vn -0.7076 0.7066 -0.0000
vn 0.8690 0.4947 0.0004
vn 0.3860 0.2199 0.8959
vn -0.4086 0.4079 0.8165
vn -0.4079 0.4086 -0.8165
vn 0.3860 0.2203 -0.8958
vn 0.4953 -0.8687 0.0006
vn 0.3244 -0.5699 0.7550
vn 0.3252 -0.5693 -0.7551
vn -0.7071 -0.7071 0.0003
vn -0.4081 -0.4081 0.8167
vn -0.4078 -0.4078 -0.8169
vn -0.7232 0.6813 0.1129
vn 0.5912 0.6816 -0.4312
vn 0.6254 0.4666 0.6254
vn -0.6373 0.4332 -0.6373
vn 0.5914 -0.6814 -0.4311
vn 0.6255 -0.4664 0.6255
vn -0.6375 -0.4326 -0.6375
vn -0.7231 -0.6813 0.1137
vn -0.4453 0.8474 -0.2891
vn -0.4452 0.3945 0.8039
vn 0.5901 -0.4924 0.6398
vn 0.5901 0.1038 -0.8006
vn -0.4451 -0.8475 -0.2892
vn 0.5901 -0.1039 -0.8006
vn 0.5902 0.4926 0.6396
vn -0.4452 -0.3945 0.8038
vn -0.6816 0.1815 -0.7089
vn 0.6310 -0.1302 -0.7648
vn 0.6313 -0.6328 0.4484
vn -0.6817 -0.3730 0.6294
vn 0.4447 -0.2894 0.8476
vn 0.4452 0.8038 0.3946
vn 0.8770 -0.0000 -0.4806
vn 0.8771 -0.3395 -0.3397
vn -0.7893 0.4342 0.4342
vn -0.7890 -0.0000 0.6144
vn -0.5901 0.6396 -0.4926
vn -0.5901 -0.8006 0.1039
vn 0.5191 -0.6044 -0.6044
vn -0.4337 0.6372 0.6372
vn 0.5330 0.7258 0.4349
vn -0.9634 0.2673 0.0181
vn -0.2454 -0.9119 -0.3289
vn 0.4668 0.1596 -0.8698
vn -0.3846 -0.2796 0.8797
vn 0.8069 -0.5896 -0.0355
vn -0.6232 -0.0271 -0.7816
vn -0.8097 0.0793 0.5815
vn 0.2552 0.4050 0.8780
vn 0.8266 0.4173 -0.3776
vn 0.5731 -0.8181 0.0482
vn -0.6148 0.7873 0.0476
vn -0.5904 -0.4923 -0.6396
vn -0.5901 0.1038 0.8006
vn 0.4454 0.8472 0.2895
vn 0.4452 0.3946 -0.8038
vn -0.5652 -0.6137 -0.5513
vn -0.9830 0.1328 0.1270
vn -0.1396 -0.7626 0.6316
vn 0.0151 0.6835 -0.7298
vn 0.1738 0.8727 0.4562
vn 0.2467 -0.4485 0.8590
vn -0.3553 0.3195 -0.8785
vn 0.7968 -0.2395 -0.5548
vn -0.6597 -0.0999 0.7449
vn -0.3624 0.9287 -0.0785
vn 0.5732 0.0299 0.8189
vn -0.6151 -0.1222 -0.7790
vn -0.7071 -0.5234 -0.4755
vn 0.1922 -0.0624 -0.9794
vn 1.0000 -0.0002 0.0003
vn -1.0000 0.0005 0.0001
vn -0.1651 -0.9845 -0.0590
vn 0.8105 -0.3940 0.4335
vn -0.8694 0.3323 -0.3657
vn -0.5395 0.7742 0.3310
vn -0.5395 0.3135 -0.7815
vn 0.5110 0.6078 -0.6078
vn -0.5978 -0.5669 0.5668
vn 0.3883 -0.7350 -0.5559
vn 0.3887 -0.1266 0.9126
vn -0.5394 0.7814 -0.3139
vn -0.5395 -0.3309 -0.7742
vn 0.3887 -0.9126 0.1266
vn 0.3883 0.5560 0.7349
vn 0.6344 -0.7274 0.2616
vn -0.7049 -0.3168 0.6346
vn -0.0000 0.7401 0.6725
vn -0.0000 -0.7401 -0.6725
vn -0.7685 0.2933 -0.5687
vn 0.0001 0.9938 0.1116
vn 0.0003 -0.9758 -0.2185
vn 0.4263 -0.0729 -0.9016
vn 0.5729 0.8182 -0.0480
vn -0.6150 -0.7871 -0.0473
vn -0.3493 -0.7425 0.5715
vn 0.1394 0.5481 0.8247
vn 0.1387 0.9710 -0.1949
vn 1.0000 0.0027 0.0027
vn -0.9844 0.1244 0.1244
vn -0.3492 -0.1207 -0.9292
vn 0.6305 0.0902 0.7710
vn 0.0322 -0.9792 -0.2001
vn -0.6905 0.1162 -0.7139
vn -0.2097 0.9755 0.0667
vn 0.7684 -0.5378 0.3470
vn -0.4265 -0.9044 0.0133
vn -0.6344 0.1908 -0.7491
vn 0.7049 0.6015 -0.3759
vn 0.1837 0.7306 0.6576
vn -0.8249 0.4214 0.3768
vn -0.0001 0.8054 -0.5927
vn -0.1396 0.7626 -0.6316
vn 0.0151 -0.6835 0.7298
vn -0.0000 -0.6881 0.7256
vn -0.5501 -0.7579 -0.3508
vn -0.0005 0.3729 -0.9279
vn 0.0009 -0.2108 0.9775
vn 0.9525 -0.2969 0.0675
vn 0.2460 0.4482 -0.8594
vn -0.3548 -0.3196 0.8786
vn 0.1919 -0.9809 0.0310
vn -0.3625 0.0105 0.9319
vn -0.6602 0.7314 -0.1707
vn -0.1651 -0.1528 -0.9744
vn 0.8104 0.3939 -0.4336
vn -0.8694 -0.3323 0.3658
vn 0.6344 0.1909 -0.7491
vn 0.4262 -0.9045 0.0137
vn -0.7686 -0.5377 0.3467
vn -0.7049 0.6014 -0.3760
vn 0.3883 -0.7350 0.5560
vn -0.5395 0.3135 0.7815
vn -0.5395 0.7742 -0.3310
vn 0.3880 -0.1263 -0.9130
vn 0.8720 0.3457 0.3466
vn -0.9405 -0.2400 -0.2406
vn -0.6344 -0.7274 0.2616
vn -0.4265 -0.0723 -0.9016
vn 0.7683 0.2934 -0.5689
vn 0.7049 -0.3167 0.6347
vn -0.6818 0.7087 -0.1814
vn -0.6816 -0.6292 0.3735
vn -0.0000 -0.7068 -0.7074
vn 0.0005 0.7074 0.7068
vn 0.6313 -0.4485 0.6327
vn 0.6313 0.7645 0.1302
vn -0.8961 -0.0671 0.4387
vn -0.4601 -0.8461 -0.2691
vn -0.6601 0.5052 -0.5559
vn 0.5439 -0.5643 0.6211
vn 0.8297 -0.2825 -0.4814
vn -0.1975 0.6592 -0.7255
vn 0.0214 -0.6723 0.7400
vn 0.2100 0.8249 0.5248
vn 0.7057 0.6198 -0.3434
vn 0.5532 -0.1219 0.8241
vn -0.6539 0.7398 0.1582
vn 0.6303 -0.7713 -0.0883
vn -0.7188 -0.5124 0.4698
vn 0.0001 0.7405 0.6720
vn 0.0005 -0.7403 -0.6723
vn -0.6600 0.2011 -0.7239
vn -0.0001 0.9403 0.3404
vn -0.0000 -0.9645 -0.2639
vn 0.6480 0.6292 0.4293
vn -0.6986 0.7144 0.0389
vn -0.6983 -0.5331 -0.4778
vn -0.0000 0.7076 -0.7067
vn 0.0006 -0.7068 0.7074
vn 0.6481 -0.7484 -0.1409
vn 0.5325 0.5020 0.6815
vn 0.8073 -0.0926 -0.5828
vn -0.0003 -0.9938 0.1112
vn 0.0008 0.9668 -0.2554
vn -0.2454 -0.4144 -0.8764
vn -0.9635 0.0436 0.2643
vn -0.6986 -0.5323 0.4781
vn -0.6987 0.7144 -0.0378
vn 0.6481 0.6289 -0.4295
vn 0.6481 -0.7484 0.1408
vn 0.8297 0.5062 0.2352
vn -0.4601 0.3487 0.8165
vn -0.8961 -0.4303 0.1087
vn -0.4668 0.8506 -0.2420
vn 0.3846 -0.8490 0.3624
vn 0.2100 -0.6012 -0.7710
vn 0.8297 -0.5062 -0.2352
vn -0.4604 -0.3491 -0.8162
vn -0.8958 0.4309 -0.1088
vn -0.4665 -0.8509 0.2415
vn 0.3853 0.8488 -0.3621
vn 0.2100 0.6012 0.7710
vn -0.5903 -0.4924 0.6397
vn 0.4452 0.3945 0.8039
vn 0.4455 0.8473 -0.2890
vn -0.5901 0.1038 -0.8006
vn 0.2550 -0.4051 -0.8780
vn 0.8266 -0.4175 0.3775
vn 0.2465 0.8125 -0.5284
vn -0.3548 -0.8441 0.4019
vn -0.6232 0.0268 0.7816
vn -0.8103 -0.0789 -0.5807
vn 0.0005 0.8883 -0.4592
vn -0.0000 -0.9526 0.3042
vn -0.6313 0.6327 -0.4485
vn -0.6315 0.1306 0.7643
vn 0.6811 -0.1820 0.7092
vn 0.6815 0.3733 -0.6294
vn -0.6481 -0.4294 0.6290
vn -0.6481 0.1409 -0.7484
vn -0.5110 0.6078 0.6078
vn -0.5110 0.8596 -0.0001
vn 0.5977 -0.8017 -0.0000
vn 0.5978 -0.5668 -0.5668
vn 0.6981 0.4781 -0.5329
vn 0.6985 -0.0375 0.7146
vn -0.6479 0.6288 0.4300
vn -0.6481 -0.7484 -0.1410
vn -0.5110 0.6078 -0.6078
vn 0.5978 -0.5669 0.5668
vn 0.6981 -0.5329 -0.4781
vn 0.6976 0.7154 0.0385
vn 0.6484 0.4297 -0.6284
vn -0.6987 0.0383 -0.7144
vn -0.6983 -0.4787 0.5321
vn 0.6482 -0.1408 0.7484
vn 0.6978 0.4786 0.5329
vn -0.6481 0.1409 0.7484
vn -0.6481 -0.4296 -0.6288
vn 0.6978 -0.0379 -0.7153
vn -0.6813 0.1819 0.7090
vn -0.6815 -0.3731 -0.6296
vn 0.6312 -0.6328 -0.4485
vn 0.6318 -0.1302 0.7642
vn 0.6976 -0.4786 0.5331
vn 0.6979 0.0379 -0.7152
vn -0.6484 0.4298 -0.6283
vn -0.6481 -0.1409 0.7484
vn -0.5509 -0.4221 -0.7200
vn -0.8251 0.4149 0.3834
vn 0.1837 0.7244 0.6644
vn 0.9526 0.0386 -0.3018
vn -0.6818 -0.1811 0.7088
vn 0.6311 0.1303 0.7647
vn 0.6313 0.6327 -0.4484
vn -0.6816 0.3735 -0.6292
vn 0.7057 -0.2826 0.6497
vn -0.6600 -0.7014 0.2693
vn -0.0001 0.4287 0.9035
vn -0.0000 -0.3549 -0.9349
vn -0.7196 0.4182 -0.5543
vn 0.5532 0.8087 -0.2000
vn 0.4445 -0.8477 -0.2894
vn 0.4452 -0.3949 0.8036
vn 0.8772 0.3397 -0.3394
vn -0.7895 -0.4340 0.4340
vn -0.5897 0.4929 0.6398
vn -0.5902 -0.1038 -0.8006
vn 0.1386 -0.9710 -0.1949
vn 0.1385 -0.5490 0.8242
vn 1.0000 -0.0027 0.0027
vn -0.9844 -0.1244 0.1244
vn -0.3494 0.7424 0.5716
vn -0.3495 0.1217 -0.9290
vn -0.7076 -0.0004 -0.7066
vn 0.7071 0.0007 -0.7071
vn 0.4079 0.8165 -0.4086
vn -0.4081 0.8167 -0.4081
vn -0.4078 -0.8169 -0.4078
vn 0.4086 -0.8165 -0.4079
vn 0.7071 -0.0003 0.7071
vn 0.4084 0.8163 0.4084
vn 0.4087 -0.8160 0.4087
vn -0.7071 0.0007 0.7071
vn -0.4086 0.8165 0.4079
vn -0.4079 -0.8165 0.4086
vn -0.7066 0.7076 -0.0000
vn -0.7071 -0.7071 -0.0003
vn -0.4081 -0.4081 -0.8167
vn -0.4086 0.4079 -0.8165
vn -0.4079 0.4086 0.8165
vn -0.4078 -0.4078 0.8169
vn 0.4953 -0.8687 -0.0006
vn 0.3244 -0.5699 -0.7550
vn 0.3252 -0.5693 0.7551
vn 0.8690 0.4947 -0.0004
vn 0.3860 0.2199 -0.8959
vn 0.3860 0.2203 0.8958
vn -0.5901 0.6396 0.4926
vn 0.4452 0.8038 -0.3945
vn 0.8769 -0.0000 0.4806
vn 0.5191 -0.0000 0.8547
vn -0.4337 -0.0000 -0.9010
vn -0.7889 -0.0000 -0.6145
vn 0.4454 -0.2895 -0.8472
vn -0.5901 -0.8006 -0.1039
vn -0.3496 -0.5713 -0.7426
vn 0.1380 -0.8244 0.5489
vn 1.0000 -0.0002 0.0033
vn -0.9844 0.0007 0.1757
vn 0.1386 0.1949 0.9710
vn -0.3491 0.9293 -0.1206
vn 0.7150 0.2326 0.6593
vn 0.7149 0.2323 -0.6595
vn -0.7149 0.2324 -0.6595
vn -0.4403 -0.7627 -0.4737
vn 0.4517 0.7823 -0.4288
vn -0.7149 0.2323 0.6596
vn -0.4403 -0.7627 0.4737
vn 0.4517 0.7823 0.4289
vn 0.3493 0.5712 0.7428
vn 0.3495 -0.9290 0.1217
vn -0.1386 -0.1949 -0.9710
vn -0.1390 0.8241 -0.5490
vn 0.1560 -0.7351 -0.6598
vn 0.1562 -0.7356 0.6592
vn -0.5589 0.5028 0.6594
vn 0.4402 0.7627 0.4738
vn -0.4515 -0.7823 0.4292
vn -0.5588 0.5029 -0.6594
vn 0.4403 0.7627 -0.4737
vn -0.4517 -0.7824 -0.4288
vn -0.7194 -0.4182 0.5545
vn 0.5532 -0.8087 0.2000
vn 0.7056 0.2826 -0.6498
vn -0.6539 -0.2282 -0.7213
vn 0.6303 0.1616 0.7594
vn -0.6600 0.7013 -0.2693
vn -0.0000 -0.4287 -0.9035
vn -0.0000 0.3549 0.9349
vn 0.3602 0.6088 -0.7069
vn -0.3602 -0.6085 -0.7071
vn 0.4947 -0.7672 -0.4083
vn 0.9105 -0.0647 -0.4084
vn -0.4947 0.7673 -0.4081
vn -0.9106 0.0645 -0.4082
vn -0.3598 -0.6087 0.7071
vn 0.4947 -0.7673 0.4081
vn -0.9105 0.0646 0.4084
vn 0.3602 0.6085 0.7071
vn 0.9106 -0.0645 0.4082
vn -0.4947 0.7672 0.4083
vn -0.3495 0.5714 0.7425
vn 0.1385 0.8242 -0.5490
vn 0.1386 -0.1949 -0.9710
vn -0.3493 -0.9292 0.1211
vn -0.4311 -0.6815 -0.5914
vn 0.1141 -0.6814 0.7229
vn 0.8848 -0.4660 -0.0003
vn 0.6255 -0.4664 -0.6255
vn -0.6375 -0.4326 0.6375
vn -0.9017 -0.4323 0.0006
vn 0.1138 0.6820 0.7225
vn 0.8845 0.4666 -0.0004
vn -0.9013 0.4332 0.0005
vn -0.4309 0.6815 -0.5915
vn 0.6255 0.4663 -0.6255
vn -0.6375 0.4327 0.6375
vn -0.7057 0.6198 -0.3434
vn 0.6601 0.2011 -0.7237
vn 0.6539 0.7398 0.1582
vn -0.6303 -0.7713 -0.0883
vn 0.7196 -0.5117 0.4693
vn -0.5532 -0.1218 0.8241
vn -0.7071 -0.5233 -0.4756
vn -0.1387 -0.9710 -0.1949
vn 0.3494 0.1208 -0.9292
vn 0.3495 0.7425 0.5715
vn -0.1382 -0.5487 0.8245
vn -0.3495 0.9291 0.1206
vn 0.1386 0.1949 -0.9710
vn 0.1383 -0.8246 -0.5485
vn -0.3496 -0.5713 0.7426
vn 0.6812 0.7091 -0.1818
vn -0.6313 0.7645 0.1302
vn -0.6313 -0.4485 0.6327
vn 0.6815 -0.6294 0.3733
vn 0.0097 0.9757 0.2191
vn -0.2259 0.2055 -0.9522
vn -0.2266 -0.8186 -0.5278
vn 0.0093 -0.5348 0.8449
vn -0.1386 0.1949 0.9710
vn -0.1382 -0.8247 0.5485
vn 0.3497 -0.5713 -0.7425
vn 0.3496 0.9290 -0.1213
vn 0.3491 0.9293 0.1205
vn 0.3497 -0.5715 0.7423
vn -0.1387 -0.8246 -0.5484
vn -0.1386 0.1949 -0.9710
vn -0.4456 0.2888 -0.8474
vn 0.5901 0.8006 -0.1039
vn 0.5905 -0.6395 0.4923
vn -0.4450 -0.8037 -0.3949
vn 0.7669 -0.5630 0.3079
vn 0.5853 0.8095 0.0462
vn -0.8593 0.3670 -0.3563
vn -0.3940 -0.9190 -0.0154
vn 0.6539 -0.2282 -0.7213
vn -0.6303 0.1616 0.7594
vn -0.1387 -0.1949 0.9710
vn 0.3498 -0.9290 -0.1209
vn 0.3495 0.5715 -0.7425
vn -0.1385 0.8242 0.5491
vn -0.4448 0.8477 0.2889
vn 0.5901 0.1038 0.8006
vn 0.5904 -0.4924 -0.6395
vn -0.4452 0.3946 -0.8038
vn -0.6312 -0.4485 -0.6328
vn -0.6315 0.7643 -0.1307
vn 0.6812 0.7092 0.1819
vn 0.6815 -0.6296 -0.3729
vn -0.6600 -0.7316 0.1708
vn -0.1650 0.1528 0.9744
vn 0.1924 0.9808 -0.0310
vn -0.3625 -0.0105 -0.9319
vn 0.8961 -0.0672 0.4388
vn -0.2100 0.8249 0.5248
vn -0.8297 -0.2825 -0.4814
vn 0.4601 -0.8461 -0.2690
vn 0.6602 0.5051 -0.5559
vn -0.5440 -0.5643 0.6210
vn 0.4994 -0.8664 0.0001
vn 1.0000 -0.0005 -0.0008
vn 0.6548 -0.0004 -0.7558
vn 0.3269 -0.5671 -0.7560
vn 0.3276 -0.5665 0.7561
vn 0.6551 0.0004 0.7556
vn 0.4995 0.8663 0.0001
vn 0.3273 0.5672 -0.7557
vn 0.3277 0.5674 0.7554
vn -0.5000 0.8660 -0.0008
vn -0.3278 0.5667 -0.7559
vn -0.3269 0.5673 0.7558
vn -1.0000 -0.0000 -0.0005
vn -0.6545 -0.0003 -0.7561
vn -0.6542 0.0004 0.7563
vn -0.5000 -0.8660 -0.0004
vn -0.3273 -0.5667 -0.7561
vn -0.3269 -0.5665 0.7565
vn -0.8298 0.5062 0.2351
vn -0.2099 -0.6012 -0.7710
vn 0.8961 -0.4303 0.1087
vn 0.4668 0.8506 -0.2421
vn -0.3846 -0.8490 0.3624
vn 0.4601 0.3487 0.8165
vn -0.8903 -0.0648 0.4507
vn -0.0545 0.9885 0.1411
vn 0.5457 -0.0846 -0.8337
vn -0.4489 -0.8533 -0.2652
vn 0.6344 0.7274 -0.2616
vn -0.7049 0.3165 -0.6348
vn -0.7683 -0.2936 0.5687
vn 0.4266 0.0727 0.9015
vn -0.7669 -0.5631 0.3080
vn 0.3940 -0.9190 -0.0154
vn 0.8593 0.3670 -0.3563
vn -0.5846 0.8100 0.0464
vn 0.1921 0.0625 0.9794
vn -0.1650 0.9845 0.0591
vn -0.6602 0.1006 -0.7444
vn -0.3624 -0.9287 0.0785
vn 0.3886 0.9126 0.1271
vn -0.5395 0.3309 -0.7742
vn -0.5396 -0.7816 -0.3130
vn 0.3882 -0.5558 0.7351
vn -0.8098 -0.5863 -0.0222
vn -0.6230 0.7808 -0.0474
vn 0.8267 0.3356 -0.4517
vn 0.2559 -0.9124 -0.3194
vn 0.8265 -0.3356 0.4519
vn 0.2553 0.9125 0.3196
vn -0.8103 0.5856 0.0230
vn -0.6235 -0.7803 0.0479
vn 0.5501 0.4219 0.7207
vn -0.9526 -0.0387 0.3018
vn -0.1836 -0.7244 -0.6645
vn 0.8248 -0.4152 -0.3839
vn -0.5457 0.0846 0.8337
vn 0.0544 -0.9884 -0.1417
vn 0.8902 0.0649 -0.4508
vn 0.4489 0.8533 0.2652
vn 0.1836 -0.7245 -0.6644
vn 0.9527 -0.0385 0.3015
vn -0.5500 0.4217 0.7209
vn -0.8251 -0.4150 -0.3834
vn 0.0093 -0.8453 0.5342
vn -0.2264 0.5278 0.8186
vn -0.2269 0.9521 -0.2052
vn 0.0095 -0.2191 -0.9757
vn -0.5652 -0.6075 -0.5582
vn 0.7968 -0.5750 -0.1854
vn 0.3484 0.6303 -0.6938
vn -0.5013 -0.5819 0.6404
vn 0.1746 0.5374 0.8251
vn -0.9830 0.1391 0.1201
vn 0.7683 0.5383 -0.3464
vn -0.4267 0.9043 -0.0140
vn -0.6344 -0.1909 0.7491
vn 0.7047 -0.6019 0.3756
vn 0.5507 -0.7570 -0.3516
vn 0.8250 0.4214 0.3766
vn -0.1836 0.7306 0.6576
vn -0.9524 -0.2971 0.0677
vn 0.5457 0.0846 0.8337
vn -0.4489 0.8533 0.2652
vn -0.8902 0.0649 -0.4510
vn -0.0551 -0.9884 -0.1412
vn -0.5395 -0.3310 0.7742
vn -0.5395 0.7815 0.3135
vn 0.3882 0.5559 -0.7350
vn 0.3882 -0.9128 -0.1273
vn 0.5328 -0.5022 -0.6811
vn 0.8073 0.0924 0.5829
vn -0.0003 0.9938 -0.1115
vn 0.0006 -0.9668 0.2554
vn -0.2454 0.4145 0.8763
vn -0.9635 -0.0436 -0.2643
vn 0.6231 0.0273 0.7817
vn -0.8269 -0.4171 0.3773
vn -0.2552 -0.4050 -0.8780
vn 0.8096 -0.0788 -0.5817
vn 0.5395 0.7742 0.3310
vn -0.3883 -0.1270 0.9128
vn -0.3883 -0.7350 -0.5559
vn 0.5395 0.3135 -0.7815
vn -0.8268 -0.3356 0.4515
vn 0.6231 -0.7807 0.0476
vn 0.8096 0.5865 0.0228
vn -0.2553 0.9125 0.3196
vn 0.6598 -0.1005 0.7447
vn 0.1652 -0.9845 -0.0589
vn -0.1922 -0.0623 -0.9794
vn 0.3624 0.9287 -0.0785
vn -0.5505 0.7573 0.3515
vn 0.9524 0.2974 -0.0672
vn 0.1836 -0.7306 -0.6577
vn -0.8249 -0.4216 -0.3765
vn -0.5652 0.6137 0.5513
vn -0.9830 -0.1328 -0.1269
vn 0.1741 -0.8729 -0.4558
vn 0.7968 0.2396 0.5547
vn -0.6987 0.4781 0.5322
vn -0.6987 -0.0382 -0.7144
vn 0.6482 -0.4296 -0.6287
vn 0.6481 0.1409 0.7484
vn 0.0004 -0.7076 -0.7066
vn -0.0007 0.7071 -0.7071
vn -0.8165 0.4079 -0.4086
vn -0.8167 -0.4081 -0.4081
vn 0.8169 -0.4078 -0.4078
vn 0.8165 0.4086 -0.4079
vn 0.0003 0.7071 0.7071
vn -0.8163 0.4084 0.4084
vn 0.8160 0.4087 0.4087
vn -0.0008 -0.7071 0.7071
vn -0.8165 -0.4086 0.4078
vn 0.8165 -0.4078 0.4086
vn -0.5327 -0.5024 -0.6811
vn 0.9635 -0.0436 -0.2643
vn 0.2454 0.4145 0.8764
vn -0.8070 0.0922 0.5833
vn 0.8593 0.3196 -0.3994
vn 0.3940 0.1032 0.9133
vn -0.7669 -0.2528 0.5899
vn -0.5851 -0.1228 -0.8016
vn 0.7670 -0.2527 0.5899
vn -0.3940 0.1032 0.9133
vn -0.8593 0.3196 -0.3994
vn 0.5848 -0.1226 -0.8019
vn 0.8594 -0.3199 0.3988
vn 0.3941 -0.1032 -0.9133
vn -0.6539 -0.7398 -0.1582
vn 0.6303 0.7713 0.0884
vn -0.7669 0.2528 -0.5899
vn -0.5851 0.1225 0.8016
vn 0.5652 0.6075 0.5582
vn 0.9830 -0.1390 -0.1201
vn 0.1397 -0.5559 0.8194
vn -0.0151 0.6611 -0.7501
vn -0.1744 -0.5370 -0.8253
vn -0.7968 0.5751 0.1854
vn -0.2265 0.8186 0.5278
vn 0.0091 0.5348 -0.8449
vn 0.0096 -0.9757 -0.2191
vn -0.2264 -0.2063 0.9519
vn 0.8900 -0.0657 0.4512
vn 0.4489 -0.8533 -0.2652
vn -0.5458 -0.0846 -0.8337
vn 0.0551 0.9884 0.1413
vn 0.3880 0.1262 0.9130
vn 0.3882 0.7351 -0.5558
vn -0.5393 -0.3138 -0.7815
vn -0.5395 -0.7742 0.3309
vn 0.7670 0.2527 -0.5898
vn -0.3941 -0.1032 -0.9133
vn -0.8593 -0.3196 0.3994
vn 0.5848 0.1224 0.8019
vn -0.1927 -0.9808 0.0310
vn 0.1652 -0.1528 -0.9743
vn 0.6599 0.7318 -0.1705
vn 0.3624 0.0105 0.9320
vn -0.3883 -0.7350 0.5560
vn -0.3887 -0.1266 -0.9126
vn 0.5395 0.7742 -0.3310
vn 0.5395 0.3135 0.7815
vn 0.6303 0.7762 0.0155
vn -0.2096 0.1598 0.9646
vn -0.9248 0.2558 -0.2816
vn 0.8913 -0.3049 0.3355
vn -0.6905 -0.6995 0.1839
vn 0.0321 -0.2927 -0.9557
vn 0.7056 -0.6198 0.3434
vn 0.5532 0.1219 -0.8241
vn -0.7192 0.5118 -0.4699
vn -0.6600 -0.2011 0.7239
vn 0.2448 -0.4144 -0.8766
vn -0.8070 -0.0922 -0.5834
vn -0.5326 0.5021 0.6813
vn 0.9634 0.0436 0.2644
vn 0.8961 0.0671 -0.4388
vn -0.2100 -0.8249 -0.5248
vn -0.8297 0.2825 0.4814
vn 0.4601 0.8461 0.2690
vn 0.4640 0.8747 -0.1401
vn -0.0632 -0.0664 -0.9958
vn 1.0000 -0.0005 0.0006
vn -1.0000 0.0007 -0.0000
vn -0.3380 -0.9397 0.0528
vn 0.2278 0.0711 0.9711
vn 0.6305 -0.7760 -0.0151
vn -0.2097 -0.1597 -0.9646
vn -0.6906 0.6995 -0.1839
vn 0.0324 0.2932 0.9555
vn -0.8901 0.4429 -0.1074
vn -0.4489 -0.3455 -0.8241
vn 0.5458 -0.8379 -0.0046
vn -0.0548 0.2349 0.9705
vn 0.5400 0.7812 -0.3132
vn -0.3883 0.5561 0.7348
vn -0.3881 -0.9129 0.1264
vn 0.5395 -0.3310 -0.7742
vn 0.7670 0.5630 -0.3079
vn 0.5852 -0.8095 -0.0462
vn -0.8593 -0.3670 0.3563
vn -0.3941 0.9190 0.0154
vn 0.6312 -0.4485 -0.6328
vn -0.6815 -0.6296 -0.3731
vn -0.6817 0.7087 0.1817
vn 0.6313 0.7645 -0.1303
vn -0.0092 -0.8451 0.5345
vn -0.0095 -0.2191 -0.9757
vn 0.2260 0.9522 -0.2056
vn 0.2265 0.5278 0.8186
vn 0.4640 -0.8747 0.1401
vn -0.0628 0.0663 0.9958
vn -0.3378 0.9397 -0.0525
vn 0.9248 0.2558 -0.2817
vn -0.8913 -0.3049 0.3355
vn 0.2278 -0.0711 -0.9711
vn 0.5330 -0.7258 -0.4349
vn -0.9635 -0.2672 -0.0181
vn -0.2454 0.9120 0.3288
vn 0.8069 0.5896 0.0355
vn -0.8901 -0.4428 0.1077
vn -0.4489 0.3456 0.8241
vn 0.5457 0.8380 0.0046
vn -0.0548 -0.2351 -0.9704
vn 0.3378 0.9397 -0.0525
vn 0.0629 0.0664 0.9958
vn -0.4640 -0.8747 0.1400
vn -0.2278 -0.0711 -0.9711
vn 0.3380 -0.9397 0.0528
vn 0.0632 -0.0665 -0.9958
vn -0.4640 0.8747 -0.1401
vn -0.2278 0.0711 0.9711
vn -0.6905 -0.1162 0.7139
vn -0.2097 -0.9755 -0.0667
vn 0.6303 -0.0897 -0.7711
vn 0.0321 0.9793 0.2000
vn 0.4640 0.0559 -0.8840
vn 0.2278 -0.9735 0.0219
vn -0.3379 0.0375 0.9404
vn -0.0629 0.9976 -0.0277
vn -0.4640 -0.0559 0.8841
vn 0.0632 -0.9976 0.0278
vn 0.3380 -0.0372 -0.9404
vn -0.2278 0.9735 -0.0220
vn -0.5396 -0.3139 0.7812
vn 0.3883 0.7349 0.5560
vn 0.3883 0.1270 -0.9128
vn -0.5395 -0.7742 -0.3309
vn 0.7190 -0.4189 0.5546
vn 0.6601 0.7012 -0.2694
vn -0.7057 0.2826 -0.6498
vn -0.5532 -0.8087 0.2000
vn 0.0096 0.9757 -0.2191
vn 0.0090 -0.5352 -0.8447
vn -0.2266 -0.8186 0.5278
vn -0.2268 0.2054 0.9521
vn 0.5402 -0.7814 -0.3126
vn 0.5395 0.3309 -0.7742
vn -0.3881 0.9127 0.1275
vn -0.3882 -0.5557 0.7352
vn -0.6313 -0.6328 0.4484
vn -0.6313 -0.1304 -0.7645
vn 0.6815 0.1818 -0.7088
vn 0.6811 -0.3732 0.6299
vn -0.4450 -0.8473 0.2900
vn -0.4452 -0.3945 -0.8038
vn 0.5901 0.4926 -0.6396
vn 0.5902 -0.1039 0.8006
vn -0.5901 -0.6396 0.4926
vn -0.5901 0.8006 -0.1039
vn 0.4448 0.2892 -0.8476
vn 0.4452 -0.8038 -0.3945
vn 0.5498 -0.4229 -0.7203
vn -0.9526 0.0390 -0.3019
vn -0.1837 0.7244 0.6644
vn 0.8247 0.4152 0.3840
vn 0.8593 -0.3670 0.3563
vn -0.5847 -0.8099 -0.0464
vn -0.7669 0.5631 -0.3080
vn 0.3941 0.9190 0.0154
vn -0.3494 0.5715 -0.7425
vn -0.3495 -0.9290 -0.1215
vn 0.1387 -0.1949 0.9710
vn 0.1382 0.8245 0.5487
vn -0.0097 0.9757 0.2191
vn -0.0097 -0.5346 0.8450
vn 0.2266 -0.8186 -0.5278
vn 0.2264 0.2065 -0.9519
vn -0.3881 0.1264 -0.9129
vn -0.3883 0.7349 0.5560
vn 0.5397 -0.3140 0.7811
vn 0.5395 -0.7742 -0.3310
vn 0.6313 0.4484 -0.6328
vn 0.6313 -0.7645 -0.1304
vn -0.6811 -0.7093 0.1815
vn -0.6812 0.6297 -0.3734
vn 0.6978 -0.5330 0.4786
vn -0.6481 -0.7484 0.1409
vn -0.6481 0.6290 -0.4294
vn 0.6977 0.7154 -0.0374
vn 0.6482 -0.6287 -0.4297
vn -0.6979 -0.7152 -0.0382
vn -0.6984 0.5322 0.4786
vn 0.6481 0.7484 0.1408
vn 0.4309 0.6815 -0.5915
vn -0.1138 0.6820 0.7225
vn -0.8844 0.4666 -0.0004
vn -0.6255 0.4663 -0.6255
vn 0.6375 0.4328 0.6375
vn 0.9013 0.4331 0.0005
vn -0.1141 -0.6814 0.7230
vn -0.8848 -0.4660 -0.0003
vn 0.9017 -0.4323 0.0006
vn 0.4311 -0.6815 -0.5914
vn -0.6255 -0.4665 -0.6255
vn 0.6375 -0.4326 0.6375
vn -0.1567 -0.7352 0.6595
vn -0.1564 -0.7354 -0.6594
vn -0.8808 -0.0001 -0.4735
vn -0.8806 -0.0002 0.4738
vn 0.9032 0.0004 0.4292
vn 0.9035 0.0004 -0.4286
vn 0.5588 0.5029 -0.6594
vn -0.4403 0.7627 -0.4737
vn 0.4517 -0.7824 -0.4288
vn 0.5591 0.5028 0.6593
vn -0.4401 0.7627 0.4739
vn 0.4513 -0.7823 0.4294
vn -0.5901 -0.6396 -0.4926
vn 0.4451 -0.8038 0.3946
vn 0.4456 0.2888 0.8474
vn -0.5901 0.8006 0.1039
vn -0.3380 -0.0372 -0.9404
vn -0.0633 -0.9976 0.0277
vn 0.4640 -0.0559 0.8841
vn 0.2277 0.9735 -0.0220
vn 0.5395 -0.3310 0.7742
vn -0.3887 -0.9126 -0.1266
vn -0.3883 0.5559 -0.7350
vn 0.5395 0.7815 0.3135
vn 0.2266 -0.8186 0.5278
vn -0.0092 -0.5347 -0.8450
vn -0.0096 0.9757 -0.2191
vn 0.2262 0.2055 0.9522
vn -0.5914 -0.6815 0.4311
vn 0.7230 -0.6814 -0.1141
vn -0.0003 -0.4660 -0.8848
vn 0.0006 -0.4323 0.9017
vn 0.7225 0.6820 -0.1138
vn -0.0004 0.4666 -0.8844
vn 0.0005 0.4331 0.9013
vn -0.5915 0.6815 0.4309
vn 0.5395 -0.7815 0.3135
vn -0.3883 -0.5559 -0.7350
vn -0.3886 0.9127 -0.1266
vn 0.5395 0.3310 0.7742
vn 0.5586 -0.5029 0.6596
vn 0.5587 -0.5029 -0.6595
vn -0.1566 0.7353 -0.6594
vn -0.1565 0.7350 0.6598
vn 0.7193 0.4183 -0.5547
vn 0.6601 -0.7012 0.2693
vn -0.7057 -0.2827 0.6497
vn -0.5532 0.8087 -0.1999
vn 0.7149 -0.2323 -0.6595
vn 0.7147 -0.2322 0.6598
vn -0.7146 -0.2321 0.6599
vn -0.7149 -0.2323 -0.6595
vn -0.1386 0.9710 0.1949
vn 0.3491 -0.1205 0.9293
vn 0.3496 -0.7426 -0.5713
vn -0.1381 0.5484 -0.8247
vn 0.6905 -0.1163 0.7139
vn -0.0321 0.9793 0.2001
vn -0.6303 -0.0897 -0.7711
vn 0.2096 -0.9755 -0.0668
vn -0.1128 0.6813 -0.7233
vn 0.4310 0.6815 0.5915
vn 0.4311 -0.6814 0.5914
vn -0.1137 -0.6813 -0.7231
vn -0.7235 -0.6810 -0.1134
vn 0.5914 -0.6814 0.4311
vn 0.5915 0.6815 0.4310
vn -0.7235 0.6810 -0.1133
vn -0.6303 0.7762 0.0155
vn -0.0321 -0.2927 -0.9557
vn 0.6905 -0.6995 0.1839
vn 0.2096 0.1597 0.9646
vn 0.1134 -0.6810 -0.7235
vn -0.4311 -0.6814 0.5914
vn -0.4312 0.6815 0.5913
vn 0.1134 0.6810 -0.7234
vn -0.3497 0.1214 0.9290
vn -0.3500 0.7425 -0.5711
vn 0.1382 -0.5485 -0.8246
vn 0.1386 -0.9710 0.1949
vn 0.0096 0.2191 -0.9757
vn -0.2265 -0.9520 -0.2060
vn -0.2265 -0.5277 0.8186
vn 0.0094 0.8447 0.5352
vt 0.000000 0.000000
s 1
f 2359/2/1842 2360/2/1843 2243/2/1844 2225/2/1845
f 2360/2/1843 2359/2/1842 2226/2/1846 2244/2/1847
f 2360/2/1843 2361/2/1848 2219/2/1849 2243/2/1844
f 2361/2/1848 2360/2/1843 2244/2/1847 2220/2/1850
f 2361/2/1848 2362/2/1851 2221/2/1852 2219/2/1849
f 2362/2/1851 2361/2/1848 2220/2/1850 2222/2/1853
f 2362/2/1851 2359/2/1842 2225/2/1845 2221/2/1852
f 2359/2/1842 2362/2/1851 2222/2/1853 2226/2/1846
f 2363/2/1854 2364/2/1855 2271/2/1856 2195/2/1857
f 2364/2/1855 2363/2/1854 2196/2/1858 2272/2/1859
f 2364/2/1855 2365/2/1860 2165/2/1861 2271/2/1856
f 2365/2/1860 2364/2/1855 2272/2/1859 2166/2/1862
f 2365/2/1860 2366/2/1863 2193/2/1864 2165/2/1861
f 2366/2/1863 2365/2/1860 2166/2/1862 2194/2/1865
f 2366/2/1863 2363/2/1854 2195/2/1857 2193/2/1864
f 2363/2/1854 2366/2/1863 2194/2/1865 2196/2/1858
f 2367/2/1866 2368/2/1867 1935/2/1868 2155/2/1869
f 2368/2/1867 2367/2/1866 2156/2/1870 1936/2/1871
f 2368/2/1867 2369/2/1872 1907/2/1873 1935/2/1868
f 2369/2/1872 2368/2/1867 1936/2/1871 1908/2/1874
f 2369/2/1872 2370/2/1875 2153/2/1876 1907/2/1873
f 2370/2/1875 2369/2/1872 1908/2/1874 2154/2/1877
f 2370/2/1875 2367/2/1866 2155/2/1869 2153/2/1876
f 2367/2/1866 2370/2/1875 2154/2/1877 2156/2/1870
f 2371/2/1878 2372/2/1879 2131/2/1880 2119/2/1881
f 2372/2/1879 2371/2/1878 2120/2/1882 2132/2/1883
f 2372/2/1879 2373/2/1884 2129/2/1885 2131/2/1880
f 2373/2/1884 2372/2/1879 2132/2/1883 2130/2/1886
f 2373/2/1884 2374/2/1887 2097/2/1888 2129/2/1885
f 2374/2/1887 2373/2/1884 2130/2/1886 2098/2/1889
f 2374/2/1887 2371/2/1878 2119/2/1881 2097/2/1888
f 2371/2/1878 2374/2/1887 2098/2/1889 2120/2/1882
f 2375/2/1890 2376/2/1891 2289/2/1892 2281/2/1893
f 2376/2/1891 2375/2/1890 2282/2/1894 2290/2/1895
f 2376/2/1891 2377/2/1896 1939/2/1897 2289/2/1892
f 2377/2/1896 2376/2/1891 2290/2/1895 1940/2/1898
f 2377/2/1896 2378/2/1899 2279/2/1900 1939/2/1897
f 2378/2/1899 2377/2/1896 1940/2/1898 2280/2/1901
f 2378/2/1899 2375/2/1890 2281/2/1893 2279/2/1900
f 2375/2/1890 2378/2/1899 2280/2/1901 2282/2/1894
f 2379/2/1902 2380/2/1903 2267/2/1904 2167/2/1905
f 2380/2/1903 2379/2/1902 2168/2/1906 2268/2/1907
f 2380/2/1903 2381/2/1908 2177/2/1909 2267/2/1904
f 2381/2/1908 2380/2/1903 2268/2/1907 2178/2/1910
f 2381/2/1908 2382/2/1911 2171/2/1912 2177/2/1909
f 2382/2/1911 2381/2/1908 2178/2/1910 2172/2/1913
f 2382/2/1911 2379/2/1902 2167/2/1905 2171/2/1912
f 2379/2/1902 2382/2/1911 2172/2/1913 2168/2/1906
f 2383/2/1914 2384/2/1915 2221/2/1852 2215/2/1916
f 2384/2/1915 2383/2/1914 2216/2/1917 2222/2/1853
f 2384/2/1915 2385/2/1918 2219/2/1849 2221/2/1852
f 2385/2/1918 2384/2/1915 2222/2/1853 2220/2/1850
f 2385/2/1918 2386/2/1919 2217/2/1920 2219/2/1849
f 2386/2/1919 2385/2/1918 2220/2/1850 2218/2/1921
f 2386/2/1919 2383/2/1914 2215/2/1916 2217/2/1920
f 2383/2/1914 2386/2/1919 2218/2/1921 2216/2/1917
f 2387/2/1922 2388/2/1923 2133/2/1924 2093/2/1925
f 2388/2/1923 2387/2/1922 2094/2/1926 2134/2/1927
f 2388/2/1923 2389/2/1928 2095/2/1929 2133/2/1924
f 2389/2/1928 2388/2/1923 2134/2/1927 2096/2/1930
f 2389/2/1928 2390/2/1931 2085/2/1932 2095/2/1929
f 2390/2/1931 2389/2/1928 2096/2/1930 2086/2/1933
f 2390/2/1931 2387/2/1922 2093/2/1925 2085/2/1932
f 2387/2/1922 2390/2/1931 2086/2/1933 2094/2/1926
f 2391/2/1934 2392/2/1935 2113/2/1936 2103/2/1937
f 2392/2/1935 2391/2/1934 2104/2/1938 2114/2/1939
f 2392/2/1935 2393/2/1940 2099/2/1941 2113/2/1936
f 2393/2/1940 2392/2/1935 2114/2/1939 2100/2/1942
f 2393/2/1940 2394/2/1943 2101/2/1944 2099/2/1941
f 2394/2/1943 2393/2/1940 2100/2/1942 2102/2/1945
f 2394/2/1943 2391/2/1934 2103/2/1937 2101/2/1944
f 2391/2/1934 2394/2/1943 2102/2/1945 2104/2/1938
f 2395/2/1946 2396/2/1947 2277/2/1948 2145/2/1949
f 2396/2/1947 2395/2/1946 2146/2/1950 2278/2/1951
f 2396/2/1947 2397/2/1952 1941/2/1953 2277/2/1948
f 2397/2/1952 2396/2/1947 2278/2/1951 1942/2/1954
f 2397/2/1952 2398/2/1955 2141/2/1956 1941/2/1953
f 2398/2/1955 2397/2/1952 1942/2/1954 2142/2/1957
f 2398/2/1955 2395/2/1946 2145/2/1949 2141/2/1956
f 2395/2/1946 2398/2/1955 2142/2/1957 2146/2/1950
f 2399/2/1958 2400/2/1959 2089/2/1960 1981/2/1961
f 2400/2/1959 2399/2/1958 1982/2/1962 2090/2/1963
f 2400/2/1959 2401/2/1964 1987/2/1965 2089/2/1960
f 2401/2/1964 2400/2/1959 2090/2/1963 1988/2/1966
f 2401/2/1964 2402/2/1967 1983/2/1968 1987/2/1965
f 2402/2/1967 2401/2/1964 1988/2/1966 1984/2/1969
f 2402/2/1967 2399/2/1958 1981/2/1961 1983/2/1968
f 2399/2/1958 2402/2/1967 1984/2/1969 1982/2/1962
f 2403/2/1970 2404/2/1971 2143/2/1972 2131/2/1880
f 2404/2/1971 2403/2/1970 2132/2/1883 2144/2/1973
f 2404/2/1971 2405/2/1974 2135/2/1975 2143/2/1972
f 2405/2/1974 2404/2/1971 2144/2/1973 2136/2/1976
f 2405/2/1974 2406/2/1977 2129/2/1885 2135/2/1975
f 2406/2/1977 2405/2/1974 2136/2/1976 2130/2/1886
f 2406/2/1977 2403/2/1970 2131/2/1880 2129/2/1885
f 2403/2/1970 2406/2/1977 2130/2/1886 2132/2/1883
f 2407/2/1978 2408/2/1979 2009/2/1980 2013/2/1981
f 2408/2/1979 2407/2/1978 2014/2/1982 2010/2/1983
f 2408/2/1979 2409/2/1984 2235/2/1985 2009/2/1980
f 2409/2/1984 2408/2/1979 2010/2/1983 2236/2/1986
f 2409/2/1984 2410/2/1987 2233/2/1988 2235/2/1985
f 2410/2/1987 2409/2/1984 2236/2/1986 2234/2/1989
f 2410/2/1987 2407/2/1978 2013/2/1981 2233/2/1988
f 2407/2/1978 2410/2/1987 2234/2/1989 2014/2/1982
f 2411/2/1990 2412/2/1991 2213/2/1992 2191/2/1993
f 2412/2/1991 2411/2/1990 2192/2/1994 2214/2/1995
f 2412/2/1991 2413/2/1996 2193/2/1864 2213/2/1992
f 2413/2/1996 2412/2/1991 2214/2/1995 2194/2/1865
f 2413/2/1996 2414/2/1997 2187/2/1998 2193/2/1864
f 2414/2/1997 2413/2/1996 2194/2/1865 2188/2/1999
f 2414/2/1997 2411/2/1990 2191/2/1993 2187/2/1998
f 2411/2/1990 2414/2/1997 2188/2/1999 2192/2/1994
f 2415/2/2000 2416/2/2001 2193/2/1864 2187/2/1998
f 2416/2/2001 2415/2/2000 2188/2/1999 2194/2/1865
f 2416/2/2001 2417/2/2002 2165/2/1861 2193/2/1864
f 2417/2/2002 2416/2/2001 2194/2/1865 2166/2/1862
f 2417/2/2002 2418/2/2003 2169/2/2004 2165/2/1861
f 2418/2/2003 2417/2/2002 2166/2/1862 2170/2/2005
f 2418/2/2003 2415/2/2000 2187/2/1998 2169/2/2004
f 2415/2/2000 2418/2/2003 2170/2/2005 2188/2/1999
f 2419/2/2006 2420/2/2007 2223/2/2008 2181/2/2009
f 2420/2/2007 2419/2/2006 2182/2/2010 2224/2/2011
f 2420/2/2007 2421/2/2012 2221/2/1852 2223/2/2008
f 2421/2/2012 2420/2/2007 2224/2/2011 2222/2/1853
f 2421/2/2012 2422/2/2013 2215/2/1916 2221/2/1852
f 2422/2/2013 2421/2/2012 2222/2/1853 2216/2/1917
f 2422/2/2013 2419/2/2006 2181/2/2009 2215/2/1916
f 2419/2/2006 2422/2/2013 2216/2/1917 2182/2/2010
f 2423/2/2014 2424/2/2015 2057/2/2016 2061/2/2017
f 2424/2/2015 2423/2/2014 2062/2/2018 2058/2/2019
f 2424/2/2015 2425/2/2020 2191/2/1993 2057/2/2016
f 2425/2/2020 2424/2/2015 2058/2/2019 2192/2/1994
f 2425/2/2020 2426/2/2021 2187/2/1998 2191/2/1993
f 2426/2/2021 2425/2/2020 2192/2/1994 2188/2/1999
f 2426/2/2021 2423/2/2014 2061/2/2017 2187/2/1998
f 2423/2/2014 2426/2/2021 2188/2/1999 2062/2/2018
f 2427/2/2022 2428/2/2023 1975/2/2024 1967/2/2025
f 2428/2/2023 2427/2/2022 1968/2/2026 1976/2/2027
f 2428/2/2023 2429/2/2028 1971/2/2029 1975/2/2024
f 2429/2/2028 2428/2/2023 1976/2/2027 1972/2/2030
f 2429/2/2028 2430/2/2031 1965/2/2032 1971/2/2029
f 2430/2/2031 2429/2/2028 1972/2/2030 1966/2/2033
f 2430/2/2031 2427/2/2022 1967/2/2025 1965/2/2032
f 2427/2/2022 2430/2/2031 1966/2/2033 1968/2/2026
f 2431/2/2034 2432/2/2035 2245/2/2036 2235/2/1985
f 2432/2/2035 2431/2/2034 2236/2/1986 2246/2/2037
f 2432/2/2035 2433/2/2038 2243/2/1844 2245/2/2036
f 2433/2/2038 2432/2/2035 2246/2/2037 2244/2/1847
f 2433/2/2038 2434/2/2039 2225/2/1845 2243/2/1844
f 2434/2/2039 2433/2/2038 2244/2/1847 2226/2/1846
f 2434/2/2039 2431/2/2034 2235/2/1985 2225/2/1845
f 2431/2/2034 2434/2/2039 2226/2/1846 2236/2/1986
f 2435/2/2040 2436/2/2041 2345/2/2042 2337/2/2043
f 2436/2/2041 2435/2/2040 2338/2/2044 2346/2/2045
f 2436/2/2041 2437/2/2046 2341/2/2047 2345/2/2042
f 2437/2/2046 2436/2/2041 2346/2/2045 2342/2/2048
f 2437/2/2046 2438/2/2049 2333/2/2050 2341/2/2047
f 2438/2/2049 2437/2/2046 2342/2/2048 2334/2/2051
f 2438/2/2049 2435/2/2040 2337/2/2043 2333/2/2050
f 2435/2/2040 2438/2/2049 2334/2/2051 2338/2/2044
f 2439/2/2052 2440/2/2053 2113/2/1936 2111/2/2054
f 2440/2/2053 2439/2/2052 2112/2/2055 2114/2/1939
f 2440/2/2053 2441/2/2056 2103/2/1937 2113/2/1936
f 2441/2/2056 2440/2/2053 2114/2/1939 2104/2/1938
f 2441/2/2056 2442/2/2057 2109/2/2058 2103/2/1937
f 2442/2/2057 2441/2/2056 2104/2/1938 2110/2/2059
f 2442/2/2057 2439/2/2052 2111/2/2054 2109/2/2058
f 2439/2/2052 2442/2/2057 2110/2/2059 2112/2/2055
f 2443/2/2060 2444/2/2061 2147/2/2062 2275/2/2063
f 2444/2/2061 2443/2/2060 2276/2/2064 2148/2/2065
f 2444/2/2061 2445/2/2066 1913/2/2067 2147/2/2062
f 2445/2/2066 2444/2/2061 2148/2/2065 1914/2/2068
f 2445/2/2066 2446/2/2069 2285/2/2070 1913/2/2067
f 2446/2/2069 2445/2/2066 1914/2/2068 2286/2/2071
f 2446/2/2069 2443/2/2060 2275/2/2063 2285/2/2070
f 2443/2/2060 2446/2/2069 2286/2/2071 2276/2/2064
f 2447/2/2072 2448/2/2073 2105/2/2074 1973/2/2075
f 2448/2/2073 2447/2/2072 1974/2/2076 2106/2/2077
f 2448/2/2073 2449/2/2078 2107/2/2079 2105/2/2074
f 2449/2/2078 2448/2/2073 2106/2/2077 2108/2/2080
f 2449/2/2078 2450/2/2081 1929/2/2082 2107/2/2079
f 2450/2/2081 2449/2/2078 2108/2/2080 1930/2/2083
f 2450/2/2081 2447/2/2072 1973/2/2075 1929/2/2082
f 2447/2/2072 2450/2/2081 1930/2/2083 1974/2/2076
f 2451/2/2084 2452/2/2085 1957/2/2086 1953/2/2087
f 2452/2/2085 2451/2/2084 1954/2/2088 1958/2/2089
f 2452/2/2085 2453/2/2090 1945/2/2091 1957/2/2086
f 2453/2/2090 2452/2/2085 1958/2/2089 1946/2/2092
f 2453/2/2090 2454/2/2093 1947/2/2094 1945/2/2091
f 2454/2/2093 2453/2/2090 1946/2/2092 1948/2/2095
f 2454/2/2093 2451/2/2084 1953/2/2087 1947/2/2094
f 2451/2/2084 2454/2/2093 1948/2/2095 1954/2/2088
f 2455/2/2096 2456/2/2097 2155/2/1869 2141/2/1956
f 2456/2/2097 2455/2/2096 2142/2/1957 2156/2/1870
f 2456/2/2097 2457/2/2098 2139/2/2099 2155/2/1869
f 2457/2/2098 2456/2/2097 2156/2/1870 2140/2/2100
f 2457/2/2098 2458/2/2101 2137/2/2102 2139/2/2099
f 2458/2/2101 2457/2/2098 2140/2/2100 2138/2/2103
f 2458/2/2101 2455/2/2096 2141/2/1956 2137/2/2102
f 2455/2/2096 2458/2/2101 2138/2/2103 2142/2/1957
f 2459/2/2104 2460/2/2105 2285/2/2070 1901/2/2106
f 2460/2/2105 2459/2/2104 1902/2/2107 2286/2/2071
f 2460/2/2105 2461/2/2108 1913/2/2067 2285/2/2070
f 2461/2/2108 2460/2/2105 2286/2/2071 1914/2/2068
f 2461/2/2108 2462/2/2109 1911/2/2110 1913/2/2067
f 2462/2/2109 2461/2/2108 1914/2/2068 1912/2/2111
f 2462/2/2109 2459/2/2104 1901/2/2106 1911/2/2110
f 2459/2/2104 2462/2/2109 1912/2/2111 1902/2/2107
f 2463/2/2112 2464/2/2113 2043/2/2114 2035/2/2115
f 2464/2/2113 2463/2/2112 2036/2/2116 2044/2/2117
f 2464/2/2113 2465/2/2118 2037/2/2119 2043/2/2114
f 2465/2/2118 2464/2/2113 2044/2/2117 2038/2/2120
f 2465/2/2118 2466/2/2121 2033/2/2122 2037/2/2119
f 2466/2/2121 2465/2/2118 2038/2/2120 2034/2/2123
f 2466/2/2121 2463/2/2112 2035/2/2115 2033/2/2122
f 2463/2/2112 2466/2/2121 2034/2/2123 2036/2/2116
f 2467/2/2124 2468/2/2125 2131/2/1880 2121/2/2126
f 2468/2/2125 2467/2/2124 2122/2/2127 2132/2/1883
f 2468/2/2125 2469/2/2128 2119/2/1881 2131/2/1880
f 2469/2/2128 2468/2/2125 2132/2/1883 2120/2/1882
f 2469/2/2128 2470/2/2129 2117/2/2130 2119/2/1881
f 2470/2/2129 2469/2/2128 2120/2/1882 2118/2/2131
f 2470/2/2129 2467/2/2124 2121/2/2126 2117/2/2130
f 2467/2/2124 2470/2/2129 2118/2/2131 2122/2/2127
f 2471/2/2132 2472/2/2133 1935/2/1868 1907/2/1873
f 2472/2/2133 2471/2/2132 1908/2/1874 1936/2/1871
f 2472/2/2133 2473/2/2134 1931/2/2135 1935/2/1868
f 2473/2/2134 2472/2/2133 1936/2/1871 1932/2/2136
f 2473/2/2134 2474/2/2137 1905/2/2138 1931/2/2135
f 2474/2/2137 2473/2/2134 1932/2/2136 1906/2/2139
f 2474/2/2137 2471/2/2132 1907/2/1873 1905/2/2138
f 2471/2/2132 2474/2/2137 1906/2/2139 1908/2/1874
f 2475/2/2140 2476/2/2141 1895/2/2142 1901/2/2106
f 2476/2/2141 2475/2/2140 1902/2/2107 1896/2/2143
f 2476/2/2141 2477/2/2144 2283/2/2145 1895/2/2142
f 2477/2/2144 2476/2/2141 1896/2/2143 2284/2/2146
f 2477/2/2144 2478/2/2147 2285/2/2070 2283/2/2145
f 2478/2/2147 2477/2/2144 2284/2/2146 2286/2/2071
f 2478/2/2147 2475/2/2140 1901/2/2106 2285/2/2070
f 2475/2/2140 2478/2/2147 2286/2/2071 1902/2/2107
f 2479/2/2148 2480/2/2149 2055/2/2150 2047/2/2151
f 2480/2/2149 2479/2/2148 2048/2/2152 2056/2/2153
f 2480/2/2149 2481/2/2154 2039/2/2155 2055/2/2150
f 2481/2/2154 2480/2/2149 2056/2/2153 2040/2/2156
f 2481/2/2154 2482/2/2157 2041/2/2158 2039/2/2155
f 2482/2/2157 2481/2/2154 2040/2/2156 2042/2/2159
f 2482/2/2157 2479/2/2148 2047/2/2151 2041/2/2158
f 2479/2/2148 2482/2/2157 2042/2/2159 2048/2/2152
f 2483/2/2160 2484/2/2161 2183/2/2162 2161/2/1980
f 2484/2/2161 2483/2/2160 2162/2/2163 2184/2/2164
f 2484/2/2161 2485/2/2165 2173/2/2166 2183/2/2162
f 2485/2/2165 2484/2/2161 2184/2/2164 2174/2/2167
f 2485/2/2165 2486/2/2168 2169/2/2004 2173/2/2166
f 2486/2/2168 2485/2/2165 2174/2/2167 2170/2/2005
f 2486/2/2168 2483/2/2160 2161/2/1980 2169/2/2004
f 2483/2/2160 2486/2/2168 2170/2/2005 2162/2/2163
f 2487/2/2169 2488/2/2170 2095/2/1929 2085/2/1932
f 2488/2/2170 2487/2/2169 2086/2/1933 2096/2/1930
f 2488/2/2170 2489/2/2171 2091/2/2172 2095/2/1929
f 2489/2/2171 2488/2/2170 2096/2/1930 2092/2/2173
f 2489/2/2171 2490/2/2174 2083/2/2175 2091/2/2172
f 2490/2/2174 2489/2/2171 2092/2/2173 2084/2/2176
f 2490/2/2174 2487/2/2169 2085/2/1932 2083/2/2175
f 2487/2/2169 2490/2/2174 2084/2/2176 2086/2/1933
f 2491/2/2177 2492/2/2178 2065/2/2179 2059/2/2180
f 2492/2/2178 2491/2/2177 2060/2/2181 2066/2/2182
f 2492/2/2178 2493/2/2183 2039/2/2155 2065/2/2179
f 2493/2/2183 2492/2/2178 2066/2/2182 2040/2/2156
f 2493/2/2183 2494/2/2184 2055/2/2150 2039/2/2155
f 2494/2/2184 2493/2/2183 2040/2/2156 2056/2/2153
f 2494/2/2184 2491/2/2177 2059/2/2180 2055/2/2150
f 2491/2/2177 2494/2/2184 2056/2/2153 2060/2/2181
f 2495/2/2185 2496/2/2186 2211/2/2187 2047/2/2151
f 2496/2/2186 2495/2/2185 2048/2/2152 2212/2/2188
f 2496/2/2186 2497/2/2189 2057/2/2016 2211/2/2187
f 2497/2/2189 2496/2/2186 2212/2/2188 2058/2/2019
f 2497/2/2189 2498/2/2190 2055/2/2150 2057/2/2016
f 2498/2/2190 2497/2/2189 2058/2/2019 2056/2/2153
f 2498/2/2190 2495/2/2185 2047/2/2151 2055/2/2150
f 2495/2/2185 2498/2/2190 2056/2/2153 2048/2/2152
f 2499/2/2191 2500/2/2192 2217/2/1920 2213/2/1992
f 2500/2/2192 2499/2/2191 2214/2/1995 2218/2/1921
f 2500/2/2192 2501/2/2193 2195/2/1857 2217/2/1920
f 2501/2/2193 2500/2/2192 2218/2/1921 2196/2/1858
f 2501/2/2193 2502/2/2194 2193/2/1864 2195/2/1857
f 2502/2/2194 2501/2/2193 2196/2/1858 2194/2/1865
f 2502/2/2194 2499/2/2191 2213/2/1992 2193/2/1864
f 2499/2/2191 2502/2/2194 2194/2/1865 2214/2/1995
f 2503/2/2195 2504/2/2196 2215/2/1916 2181/2/2009
f 2504/2/2196 2503/2/2195 2182/2/2010 2216/2/1917
f 2504/2/2196 2505/2/2197 2209/2/2198 2215/2/1916
f 2505/2/2197 2504/2/2196 2216/2/1917 2210/2/2199
f 2505/2/2197 2506/2/2200 2205/2/2201 2209/2/2198
f 2506/2/2200 2505/2/2197 2210/2/2199 2206/2/2202
f 2506/2/2200 2503/2/2195 2181/2/2009 2205/2/2201
f 2503/2/2195 2506/2/2200 2206/2/2202 2182/2/2010
f 2507/2/2203 2508/2/2204 1909/2/2205 2151/2/2206
f 2508/2/2204 2507/2/2203 2152/2/2207 1910/2/2208
f 2508/2/2204 2509/2/2209 1911/2/2110 1909/2/2205
f 2509/2/2209 2508/2/2204 1910/2/2208 1912/2/2111
f 2509/2/2209 2510/2/2210 2149/2/2211 1911/2/2110
f 2510/2/2210 2509/2/2209 1912/2/2111 2150/2/2212
f 2510/2/2210 2507/2/2203 2151/2/2206 2149/2/2211
f 2507/2/2203 2510/2/2210 2150/2/2212 2152/2/2207
f 2511/2/2213 2512/2/2214 2149/2/2211 1915/2/2215
f 2512/2/2214 2511/2/2213 1916/2/2216 2150/2/2212
f 2512/2/2214 2513/2/2217 1911/2/2110 2149/2/2211
f 2513/2/2217 2512/2/2214 2150/2/2212 1912/2/2111
f 2513/2/2217 2514/2/2218 1913/2/2067 1911/2/2110
f 2514/2/2218 2513/2/2217 1912/2/2111 1914/2/2068
f 2514/2/2218 2511/2/2213 1915/2/2215 1913/2/2067
f 2511/2/2213 2514/2/2218 1914/2/2068 1916/2/2216
f 2515/2/2219 2516/2/2220 1923/2/2221 1925/2/2222
f 2516/2/2220 2515/2/2219 1926/2/2223 1924/2/2224
f 2516/2/2220 2517/2/2225 1917/2/2226 1923/2/2221
f 2517/2/2225 2516/2/2220 1924/2/2224 1918/2/2227
f 2517/2/2225 2518/2/2228 1921/2/2229 1917/2/2226
f 2518/2/2228 2517/2/2225 1918/2/2227 1922/2/2230
f 2518/2/2228 2515/2/2219 1925/2/2222 1921/2/2229
f 2515/2/2219 2518/2/2228 1922/2/2230 1926/2/2223
f 2519/2/2231 2520/2/2232 2267/2/1904 2263/2/2233
f 2520/2/2232 2519/2/2231 2264/2/2234 2268/2/1907
f 2520/2/2232 2521/2/2235 2269/2/2236 2267/2/1904
f 2521/2/2235 2520/2/2232 2268/2/1907 2270/2/2237
f 2521/2/2235 2522/2/2238 2265/2/2239 2269/2/2236
f 2522/2/2238 2521/2/2235 2270/2/2237 2266/2/2240
f 2522/2/2238 2519/2/2231 2263/2/2233 2265/2/2239
f 2519/2/2231 2522/2/2238 2266/2/2240 2264/2/2234
f 2523/2/2241 2524/2/2242 2105/2/2074 1979/2/2243
f 2524/2/2242 2523/2/2241 1980/2/2244 2106/2/2077
f 2524/2/2242 2525/2/2245 2103/2/1937 2105/2/2074
f 2525/2/2245 2524/2/2242 2106/2/2077 2104/2/1938
f 2525/2/2245 2526/2/2246 2101/2/1944 2103/2/1937
f 2526/2/2246 2525/2/2245 2104/2/1938 2102/2/1945
f 2526/2/2246 2523/2/2241 1979/2/2243 2101/2/1944
f 2523/2/2241 2526/2/2246 2102/2/1945 1980/2/2244
f 2527/2/2247 2528/2/2248 2267/2/1904 2177/2/1909
f 2528/2/2248 2527/2/2247 2178/2/1910 2268/2/1907
f 2528/2/2248 2529/2/2249 2263/2/2233 2267/2/1904
f 2529/2/2249 2528/2/2248 2268/2/1907 2264/2/2234
f 2529/2/2249 2530/2/2250 2237/2/2251 2263/2/2233
f 2530/2/2250 2529/2/2249 2264/2/2234 2238/2/2252
f 2530/2/2250 2527/2/2247 2177/2/1909 2237/2/2251
f 2527/2/2247 2530/2/2250 2238/2/2252 2178/2/1910
f 2531/2/2253 2532/2/2254 2119/2/1881 2099/2/1941
f 2532/2/2254 2531/2/2253 2100/2/1942 2120/2/1882
f 2532/2/2254 2533/2/2255 2097/2/1888 2119/2/1881
f 2533/2/2255 2532/2/2254 2120/2/1882 2098/2/1889
f 2533/2/2255 2534/2/2256 2089/2/1960 2097/2/1888
f 2534/2/2256 2533/2/2255 2098/2/1889 2090/2/1963
f 2534/2/2256 2531/2/2253 2099/2/1941 2089/2/1960
f 2531/2/2253 2534/2/2256 2090/2/1963 2100/2/1942
f 2535/2/2257 2536/2/2258 1983/2/1968 1981/2/1961
f 2536/2/2258 2535/2/2257 1982/2/1962 1984/2/1969
f 2536/2/2258 2537/2/2259 1959/2/2260 1983/2/1968
f 2537/2/2259 2536/2/2258 1984/2/1969 1960/2/2261
f 2537/2/2259 2538/2/2262 1977/2/2263 1959/2/2260
f 2538/2/2262 2537/2/2259 1960/2/2261 1978/2/2264
f 2538/2/2262 2535/2/2257 1981/2/1961 1977/2/2263
f 2535/2/2257 2538/2/2262 1978/2/2264 1982/2/1962
f 2539/2/2265 2540/2/2266 2247/2/2267 2021/2/2268
f 2540/2/2266 2539/2/2265 2022/2/2269 2248/2/2270
f 2540/2/2266 2541/2/2271 2243/2/1844 2247/2/2267
f 2541/2/2271 2540/2/2266 2248/2/2270 2244/2/1847
f 2541/2/2271 2542/2/2272 2245/2/2036 2243/2/1844
f 2542/2/2272 2541/2/2271 2244/2/1847 2246/2/2037
f 2542/2/2272 2539/2/2265 2021/2/2268 2245/2/2036
f 2539/2/2265 2542/2/2272 2246/2/2037 2022/2/2269
f 2543/2/2273 2544/2/2274 2315/2/2275 2317/2/2276
f 2544/2/2274 2543/2/2273 2318/2/2277 2316/2/2278
f 2544/2/2274 2545/2/2279 2313/2/2280 2315/2/2275
f 2545/2/2279 2544/2/2274 2316/2/2278 2314/2/2281
f 2545/2/2279 2546/2/2282 2309/2/2283 2313/2/2280
f 2546/2/2282 2545/2/2279 2314/2/2281 2310/2/2284
f 2546/2/2282 2543/2/2273 2317/2/2276 2309/2/2283
f 2543/2/2273 2546/2/2282 2310/2/2284 2318/2/2277
f 2547/2/2285 2548/2/2286 1893/2/2287 1891/2/2288
f 2548/2/2286 2547/2/2285 1892/2/2289 1894/2/2290
f 2548/2/2286 2549/2/2291 1887/2/2292 1893/2/2287
f 2549/2/2291 2548/2/2286 1894/2/2290 1888/2/2293
f 2549/2/2291 2550/2/2294 1889/2/2295 1887/2/2292
f 2550/2/2294 2549/2/2291 1888/2/2293 1890/2/2296
f 2550/2/2294 2547/2/2285 1891/2/2288 1889/2/2295
f 2547/2/2285 2550/2/2294 1890/2/2296 1892/2/2289
f 2551/2/2297 2552/2/2298 2125/2/2299 2123/2/2300
f 2552/2/2298 2551/2/2297 2124/2/2301 2126/2/2302
f 2552/2/2298 2553/2/2303 2115/2/2304 2125/2/2299
f 2553/2/2303 2552/2/2298 2126/2/2302 2116/2/2305
f 2553/2/2303 2554/2/2306 2087/2/2307 2115/2/2304
f 2554/2/2306 2553/2/2303 2116/2/2305 2088/2/2308
f 2554/2/2306 2551/2/2297 2123/2/2300 2087/2/2307
f 2551/2/2297 2554/2/2306 2088/2/2308 2124/2/2301
f 2555/2/2309 2556/2/2310 2151/2/2206 2127/2/2311
f 2556/2/2310 2555/2/2309 2128/2/2312 2152/2/2207
f 2556/2/2310 2557/2/2313 2123/2/2300 2151/2/2206
f 2557/2/2313 2556/2/2310 2152/2/2207 2124/2/2301
f 2557/2/2313 2558/2/2314 2091/2/2172 2123/2/2300
f 2558/2/2314 2557/2/2313 2124/2/2301 2092/2/2173
f 2558/2/2314 2555/2/2309 2127/2/2311 2091/2/2172
f 2555/2/2309 2558/2/2314 2092/2/2173 2128/2/2312
f 2559/2/2315 2560/2/2316 2259/2/2317 2241/2/2318
f 2560/2/2316 2559/2/2315 2242/2/2319 2260/2/2320
f 2560/2/2316 2561/2/2321 2253/2/1983 2259/2/2317
f 2561/2/2321 2560/2/2316 2260/2/2320 2254/2/1980
f 2561/2/2321 2562/2/2322 2255/2/2323 2253/2/1983
f 2562/2/2322 2561/2/2321 2254/2/1980 2256/2/2324
f 2562/2/2322 2559/2/2315 2241/2/2318 2255/2/2323
f 2559/2/2315 2562/2/2322 2256/2/2324 2242/2/2319
f 2563/2/2325 2564/2/2326 1951/2/2327 1949/2/2328
f 2564/2/2326 2563/2/2325 1950/2/2329 1952/2/2330
f 2564/2/2326 2565/2/2331 1925/2/2222 1951/2/2327
f 2565/2/2331 2564/2/2326 1952/2/2330 1926/2/2223
f 2565/2/2331 2566/2/2332 1943/2/2333 1925/2/2222
f 2566/2/2332 2565/2/2331 1926/2/2223 1944/2/2334
f 2566/2/2332 2563/2/2325 1949/2/2328 1943/2/2333
f 2563/2/2325 2566/2/2332 1944/2/2334 1950/2/2329
f 2567/2/2335 2568/2/2336 1961/2/2337 1951/2/2327
f 2568/2/2336 2567/2/2335 1952/2/2330 1962/2/2338
f 2568/2/2336 2569/2/2339 1923/2/2221 1961/2/2337
f 2569/2/2339 2568/2/2336 1962/2/2338 1924/2/2224
f 2569/2/2339 2570/2/2340 1925/2/2222 1923/2/2221
f 2570/2/2340 2569/2/2339 1924/2/2224 1926/2/2223
f 2570/2/2340 2567/2/2335 1951/2/2327 1925/2/2222
f 2567/2/2335 2570/2/2340 1926/2/2223 1952/2/2330
f 2571/2/2341 2572/2/2342 2357/2/2343 2351/2/2344
f 2572/2/2342 2571/2/2341 2352/2/2345 2358/2/2346
f 2572/2/2342 2573/2/2347 2353/2/2348 2357/2/2343
f 2573/2/2347 2572/2/2342 2358/2/2346 2354/2/2349
f 2573/2/2347 2574/2/2350 2355/2/2351 2353/2/2348
f 2574/2/2350 2573/2/2347 2354/2/2349 2356/2/2352
f 2574/2/2350 2571/2/2341 2351/2/2344 2355/2/2351
f 2571/2/2341 2574/2/2350 2356/2/2352 2352/2/2345
f 2575/2/2353 2576/2/2354 2347/2/2355 2345/2/2042
f 2576/2/2354 2575/2/2353 2346/2/2045 2348/2/2356
f 2576/2/2354 2577/2/2357 2349/2/2358 2347/2/2355
f 2577/2/2357 2576/2/2354 2348/2/2356 2350/2/2359
f 2577/2/2357 2578/2/2360 2341/2/2047 2349/2/2358
f 2578/2/2360 2577/2/2357 2350/2/2359 2342/2/2048
f 2578/2/2360 2575/2/2353 2345/2/2042 2341/2/2047
f 2575/2/2353 2578/2/2360 2342/2/2048 2346/2/2045
f 2579/2/2361 2580/2/2362 2127/2/2311 2151/2/2206
f 2580/2/2362 2579/2/2361 2152/2/2207 2128/2/2312
f 2580/2/2362 2581/2/2363 2153/2/1876 2127/2/2311
f 2581/2/2363 2580/2/2362 2128/2/2312 2154/2/1877
f 2581/2/2363 2582/2/2364 1909/2/2205 2153/2/1876
f 2582/2/2364 2581/2/2363 2154/2/1877 1910/2/2208
f 2582/2/2364 2579/2/2361 2151/2/2206 1909/2/2205
f 2579/2/2361 2582/2/2364 1910/2/2208 2152/2/2207
f 2583/2/2365 2584/2/2366 1913/2/2067 1915/2/2215
f 2584/2/2366 2583/2/2365 1916/2/2216 1914/2/2068
f 2584/2/2366 2585/2/2367 2147/2/2062 1913/2/2067
f 2585/2/2367 2584/2/2366 1914/2/2068 2148/2/2065
f 2585/2/2367 2586/2/2368 2143/2/1972 2147/2/2062
f 2586/2/2368 2585/2/2367 2148/2/2065 2144/2/1973
f 2586/2/2368 2583/2/2365 1915/2/2215 2143/2/1972
f 2583/2/2365 2586/2/2368 2144/2/1973 1916/2/2216
f 2587/2/2369 2588/2/2370 2281/2/1893 2275/2/2063
f 2588/2/2370 2587/2/2369 2276/2/2064 2282/2/1894
f 2588/2/2370 2589/2/2371 2279/2/1900 2281/2/1893
f 2589/2/2371 2588/2/2370 2282/2/1894 2280/2/1901
f 2589/2/2371 2590/2/2372 2277/2/1948 2279/2/1900
f 2590/2/2372 2589/2/2371 2280/2/1901 2278/2/1951
f 2590/2/2372 2587/2/2369 2275/2/2063 2277/2/1948
f 2587/2/2369 2590/2/2372 2278/2/1951 2276/2/2064
f 2591/2/2373 2592/2/2374 2291/2/2375 1899/2/2376
f 2592/2/2374 2591/2/2373 1900/2/2377 2292/2/2378
f 2592/2/2374 2593/2/2379 1895/2/2142 2291/2/2375
f 2593/2/2379 2592/2/2374 2292/2/2378 1896/2/2143
f 2593/2/2379 2594/2/2380 1897/2/2381 1895/2/2142
f 2594/2/2380 2593/2/2379 1896/2/2143 1898/2/2382
f 2594/2/2380 2591/2/2373 1899/2/2376 1897/2/2381
f 2591/2/2373 2594/2/2380 1898/2/2382 1900/2/2377
f 2595/2/2383 2596/2/2384 2041/2/2158 2037/2/2119
f 2596/2/2384 2595/2/2383 2038/2/2120 2042/2/2159
f 2596/2/2384 2597/2/2385 2027/2/2386 2041/2/2158
f 2597/2/2385 2596/2/2384 2042/2/2159 2028/2/2387
f 2597/2/2385 2598/2/2388 2033/2/2122 2027/2/2386
f 2598/2/2388 2597/2/2385 2028/2/2387 2034/2/2123
f 2598/2/2388 2595/2/2383 2037/2/2119 2033/2/2122
f 2595/2/2383 2598/2/2388 2034/2/2123 2038/2/2120
f 2599/2/2389 2600/2/2390 2271/2/1856 2165/2/1861
f 2600/2/2390 2599/2/2389 2166/2/1862 2272/2/1859
f 2600/2/2390 2601/2/2391 2167/2/1905 2271/2/1856
f 2601/2/2391 2600/2/2390 2272/2/1859 2168/2/1906
f 2601/2/2391 2602/2/2392 2157/2/2393 2167/2/1905
f 2602/2/2392 2601/2/2391 2168/2/1906 2158/2/2394
f 2602/2/2392 2599/2/2389 2165/2/1861 2157/2/2393
f 2599/2/2389 2602/2/2392 2158/2/2394 2166/2/1862
f 2603/2/2395 2604/2/2396 1931/2/2135 1905/2/2138
f 2604/2/2396 2603/2/2395 1906/2/2139 1932/2/2136
f 2604/2/2396 2605/2/2397 1921/2/2229 1931/2/2135
f 2605/2/2397 2604/2/2396 1932/2/2136 1922/2/2230
f 2605/2/2397 2606/2/2398 1917/2/2226 1921/2/2229
f 2606/2/2398 2605/2/2397 1922/2/2230 1918/2/2227
f 2606/2/2398 2603/2/2395 1905/2/2138 1917/2/2226
f 2603/2/2395 2606/2/2398 1918/2/2227 1906/2/2139
f 2607/2/2399 2608/2/2400 2227/2/2401 2177/2/1909
f 2608/2/2400 2607/2/2399 2178/2/1910 2228/2/2402
f 2608/2/2400 2609/2/2403 2175/2/2404 2227/2/2401
f 2609/2/2403 2608/2/2400 2228/2/2402 2176/2/2405
f 2609/2/2403 2610/2/2406 2171/2/1912 2175/2/2404
f 2610/2/2406 2609/2/2403 2176/2/2405 2172/2/1913
f 2610/2/2406 2607/2/2399 2177/2/1909 2171/2/1912
f 2607/2/2399 2610/2/2406 2172/2/1913 2178/2/1910
f 2611/2/2407 2612/2/2408 2185/2/1999 2179/2/2409
f 2612/2/2408 2611/2/2407 2180/2/2410 2186/2/2411
f 2612/2/2408 2613/2/2412 2159/2/2413 2185/2/1999
f 2613/2/2412 2612/2/2408 2186/2/2411 2160/2/2414
f 2613/2/2412 2614/2/2415 2163/2/2416 2159/2/2413
f 2614/2/2415 2613/2/2412 2160/2/2414 2164/2/2417
f 2614/2/2415 2611/2/2407 2179/2/2409 2163/2/2416
f 2611/2/2407 2614/2/2415 2164/2/2417 2180/2/2410
f 2615/2/2418 2616/2/2419 1967/2/2025 1963/2/2420
f 2616/2/2419 2615/2/2418 1964/2/2421 1968/2/2026
f 2616/2/2419 2617/2/2422 1961/2/2337 1967/2/2025
f 2617/2/2422 2616/2/2419 1968/2/2026 1962/2/2338
f 2617/2/2422 2618/2/2423 1951/2/2327 1961/2/2337
f 2618/2/2423 2617/2/2422 1962/2/2338 1952/2/2330
f 2618/2/2423 2615/2/2418 1963/2/2420 1951/2/2327
f 2615/2/2418 2618/2/2423 1952/2/2330 1964/2/2421
f 2619/2/2424 2620/2/2425 1963/2/2420 1959/2/2260
f 2620/2/2425 2619/2/2424 1960/2/2261 1964/2/2421
f 2620/2/2425 2621/2/2426 1951/2/2327 1963/2/2420
f 2621/2/2426 2620/2/2425 1964/2/2421 1952/2/2330
f 2621/2/2426 2622/2/2427 1949/2/2328 1951/2/2327
f 2622/2/2427 2621/2/2426 1952/2/2330 1950/2/2329
f 2622/2/2427 2619/2/2424 1959/2/2260 1949/2/2328
f 2619/2/2424 2622/2/2427 1950/2/2329 1960/2/2261
f 2623/2/2428 2624/2/2429 2203/2/2430 2185/2/1999
f 2624/2/2429 2623/2/2428 2186/2/2411 2204/2/2431
f 2624/2/2429 2625/2/2432 2049/2/2433 2203/2/2430
f 2625/2/2432 2624/2/2429 2204/2/2431 2050/2/2434
f 2625/2/2432 2626/2/2435 2197/2/2436 2049/2/2433
f 2626/2/2435 2625/2/2432 2050/2/2434 2198/2/2437
f 2626/2/2435 2623/2/2428 2185/2/1999 2197/2/2436
f 2623/2/2428 2626/2/2435 2198/2/2437 2186/2/2411
f 2627/2/2438 2628/2/2439 1923/2/2221 1917/2/2226
f 2628/2/2439 2627/2/2438 1918/2/2227 1924/2/2224
f 2628/2/2439 2629/2/2440 1919/2/2441 1923/2/2221
f 2629/2/2440 2628/2/2439 1924/2/2224 1920/2/2442
f 2629/2/2440 2630/2/2443 1899/2/2376 1919/2/2441
f 2630/2/2443 2629/2/2440 1920/2/2442 1900/2/2377
f 2630/2/2443 2627/2/2438 1917/2/2226 1899/2/2376
f 2627/2/2438 2630/2/2443 1900/2/2377 1918/2/2227
f 2631/2/2444 2632/2/2445 2263/2/2233 2237/2/2251
f 2632/2/2445 2631/2/2444 2238/2/2252 2264/2/2234
f 2632/2/2445 2633/2/2446 2259/2/2317 2263/2/2233
f 2633/2/2446 2632/2/2445 2264/2/2234 2260/2/2320
f 2633/2/2446 2634/2/2447 2241/2/2318 2259/2/2317
f 2634/2/2447 2633/2/2446 2260/2/2320 2242/2/2319
f 2634/2/2447 2631/2/2444 2237/2/2251 2241/2/2318
f 2631/2/2444 2634/2/2447 2242/2/2319 2238/2/2252
f 2635/2/2448 2636/2/2449 2209/2/2198 2205/2/2201
f 2636/2/2449 2635/2/2448 2206/2/2202 2210/2/2199
f 2636/2/2449 2637/2/2450 2207/2/1983 2209/2/2198
f 2637/2/2450 2636/2/2449 2210/2/2199 2208/2/1980
f 2637/2/2450 2638/2/2451 2203/2/2430 2207/2/1983
f 2638/2/2451 2637/2/2450 2208/2/1980 2204/2/2431
f 2638/2/2451 2635/2/2448 2205/2/2201 2203/2/2430
f 2635/2/2448 2638/2/2451 2204/2/2431 2206/2/2202
f 2639/2/2452 2640/2/2453 2067/2/2454 2073/2/2455
f 2640/2/2453 2639/2/2452 2074/2/2456 2068/2/2457
f 2640/2/2453 2641/2/2458 2063/2/2459 2067/2/2454
f 2641/2/2458 2640/2/2453 2068/2/2457 2064/2/2460
f 2641/2/2458 2642/2/2461 2199/2/2462 2063/2/2459
f 2642/2/2461 2641/2/2458 2064/2/2460 2200/2/2463
f 2642/2/2461 2639/2/2452 2073/2/2455 2199/2/2462
f 2639/2/2452 2642/2/2461 2200/2/2463 2074/2/2456
f 2643/2/2464 2644/2/2465 2185/2/1999 2159/2/2413
f 2644/2/2465 2643/2/2464 2160/2/2414 2186/2/2411
f 2644/2/2465 2645/2/2466 2197/2/2436 2185/2/1999
f 2645/2/2466 2644/2/2465 2186/2/2411 2198/2/2437
f 2645/2/2466 2646/2/2467 2189/2/2468 2197/2/2436
f 2646/2/2467 2645/2/2466 2198/2/2437 2190/2/2469
f 2646/2/2467 2643/2/2464 2159/2/2413 2189/2/2468
f 2643/2/2464 2646/2/2467 2190/2/2469 2160/2/2414
f 2647/2/2470 2648/2/2471 2179/2/2409 2185/2/1999
f 2648/2/2471 2647/2/2470 2186/2/2411 2180/2/2410
f 2648/2/2471 2649/2/2472 2205/2/2201 2179/2/2409
f 2649/2/2472 2648/2/2471 2180/2/2410 2206/2/2202
f 2649/2/2472 2650/2/2473 2203/2/2430 2205/2/2201
f 2650/2/2473 2649/2/2472 2206/2/2202 2204/2/2431
f 2650/2/2473 2647/2/2470 2185/2/1999 2203/2/2430
f 2647/2/2470 2650/2/2473 2204/2/2431 2186/2/2411
f 2651/2/2474 2652/2/2475 1967/2/2025 1961/2/2337
f 2652/2/2475 2651/2/2474 1962/2/2338 1968/2/2026
f 2652/2/2475 2653/2/2476 1965/2/2032 1967/2/2025
f 2653/2/2476 2652/2/2475 1968/2/2026 1966/2/2033
f 2653/2/2476 2654/2/2477 1927/2/2478 1965/2/2032
f 2654/2/2477 2653/2/2476 1966/2/2033 1928/2/2479
f 2654/2/2477 2651/2/2474 1961/2/2337 1927/2/2478
f 2651/2/2474 2654/2/2477 1928/2/2479 1962/2/2338
f 2655/2/2480 2656/2/2481 2211/2/2187 2207/2/1983
f 2656/2/2481 2655/2/2480 2208/2/1980 2212/2/2188
f 2656/2/2481 2657/2/2482 2049/2/2433 2211/2/2187
f 2657/2/2482 2656/2/2481 2212/2/2188 2050/2/2434
f 2657/2/2482 2658/2/2483 2203/2/2430 2049/2/2433
f 2658/2/2483 2657/2/2482 2050/2/2434 2204/2/2431
f 2658/2/2483 2655/2/2480 2207/2/1983 2203/2/2430
f 2655/2/2480 2658/2/2483 2204/2/2431 2208/2/1980
f 2659/2/2484 2660/2/2485 1903/2/2486 1901/2/2106
f 2660/2/2485 2659/2/2484 1902/2/2107 1904/2/2487
f 2660/2/2485 2661/2/2488 1897/2/2381 1903/2/2486
f 2661/2/2488 2660/2/2485 1904/2/2487 1898/2/2382
f 2661/2/2488 2662/2/2489 1895/2/2142 1897/2/2381
f 2662/2/2489 2661/2/2488 1898/2/2382 1896/2/2143
f 2662/2/2489 2659/2/2484 1901/2/2106 1895/2/2142
f 2659/2/2484 2662/2/2489 1896/2/2143 1902/2/2107
f 2663/2/2490 2664/2/2491 2079/2/2492 2035/2/2115
f 2664/2/2491 2663/2/2490 2036/2/2116 2080/2/2493
f 2664/2/2491 2665/2/2494 2053/2/2495 2079/2/2492
f 2665/2/2494 2664/2/2491 2080/2/2493 2054/2/2496
f 2665/2/2494 2666/2/2497 2043/2/2114 2053/2/2495
f 2666/2/2497 2665/2/2494 2054/2/2496 2044/2/2117
f 2666/2/2497 2663/2/2490 2035/2/2115 2043/2/2114
f 2663/2/2490 2666/2/2497 2044/2/2117 2036/2/2116
f 2667/2/2498 2668/2/2499 2253/2/1983 2077/2/2500
f 2668/2/2499 2667/2/2498 2078/2/2501 2254/2/1980
f 2668/2/2499 2669/2/2502 2019/2/2503 2253/2/1983
f 2669/2/2502 2668/2/2499 2254/2/1980 2020/2/2504
f 2669/2/2502 2670/2/2505 2075/2/2506 2019/2/2503
f 2670/2/2505 2669/2/2502 2020/2/2504 2076/2/2507
f 2670/2/2505 2667/2/2498 2077/2/2500 2075/2/2506
f 2667/2/2498 2670/2/2505 2076/2/2507 2078/2/2501
f 2671/2/2508 2672/2/2509 1983/2/1968 1959/2/2260
f 2672/2/2509 2671/2/2508 1960/2/2261 1984/2/1969
f 2672/2/2509 2673/2/2510 1969/2/2511 1983/2/1968
f 2673/2/2510 2672/2/2509 1984/2/1969 1970/2/2512
f 2673/2/2510 2674/2/2513 1963/2/2420 1969/2/2511
f 2674/2/2513 2673/2/2510 1970/2/2512 1964/2/2421
f 2674/2/2513 2671/2/2508 1959/2/2260 1963/2/2420
f 2671/2/2508 2674/2/2513 1964/2/2421 1960/2/2261
f 2675/2/2514 2676/2/2515 2231/2/2516 2223/2/2008
f 2676/2/2515 2675/2/2514 2224/2/2011 2232/2/2517
f 2676/2/2515 2677/2/2518 2225/2/1845 2231/2/2516
f 2677/2/2518 2676/2/2515 2232/2/2517 2226/2/1846
f 2677/2/2518 2678/2/2519 2221/2/1852 2225/2/1845
f 2678/2/2519 2677/2/2518 2226/2/1846 2222/2/1853
f 2678/2/2519 2675/2/2514 2223/2/2008 2221/2/1852
f 2675/2/2514 2678/2/2519 2222/2/1853 2224/2/2011
f 2679/2/2520 2680/2/2521 2109/2/2058 1971/2/2029
f 2680/2/2521 2679/2/2520 1972/2/2030 2110/2/2059
f 2680/2/2521 2681/2/2522 1973/2/2075 2109/2/2058
f 2681/2/2522 2680/2/2521 2110/2/2059 1974/2/2076
f 2681/2/2522 2682/2/2523 1965/2/2032 1973/2/2075
f 2682/2/2523 2681/2/2522 1974/2/2076 1966/2/2033
f 2682/2/2523 2679/2/2520 1971/2/2029 1965/2/2032
f 2679/2/2520 2682/2/2523 1966/2/2033 1972/2/2030
f 2683/2/2524 2684/2/2525 2079/2/2492 2053/2/2495
f 2684/2/2525 2683/2/2524 2054/2/2496 2080/2/2493
f 2684/2/2525 2685/2/2526 2071/2/2527 2079/2/2492
f 2685/2/2526 2684/2/2525 2080/2/2493 2072/2/2528
f 2685/2/2526 2686/2/2529 2073/2/2455 2071/2/2527
f 2686/2/2529 2685/2/2526 2072/2/2528 2074/2/2456
f 2686/2/2529 2683/2/2524 2053/2/2495 2073/2/2455
f 2683/2/2524 2686/2/2529 2074/2/2456 2054/2/2496
f 2687/2/2530 2688/2/2531 2237/2/2251 2177/2/1909
f 2688/2/2531 2687/2/2530 2178/2/1910 2238/2/2252
f 2688/2/2531 2689/2/2532 2229/2/2533 2237/2/2251
f 2689/2/2532 2688/2/2531 2238/2/2252 2230/2/2534
f 2689/2/2532 2690/2/2535 2227/2/2401 2229/2/2533
f 2690/2/2535 2689/2/2532 2230/2/2534 2228/2/2402
f 2690/2/2535 2687/2/2530 2177/2/1909 2227/2/2401
f 2687/2/2530 2690/2/2535 2228/2/2402 2178/2/1910
f 2691/2/2536 2692/2/2537 1917/2/2226 1905/2/2138
f 2692/2/2537 2691/2/2536 1906/2/2139 1918/2/2227
f 2692/2/2537 2693/2/2538 1899/2/2376 1917/2/2226
f 2693/2/2538 2692/2/2537 1918/2/2227 1900/2/2377
f 2693/2/2538 2694/2/2539 1897/2/2381 1899/2/2376
f 2694/2/2539 2693/2/2538 1900/2/2377 1898/2/2382
f 2694/2/2539 2691/2/2536 1905/2/2138 1897/2/2381
f 2691/2/2536 2694/2/2539 1898/2/2382 1906/2/2139
f 2695/2/2540 2696/2/2541 2197/2/2436 2051/2/2542
f 2696/2/2541 2695/2/2540 2052/2/2543 2198/2/2437
f 2696/2/2541 2697/2/2544 2049/2/2433 2197/2/2436
f 2697/2/2544 2696/2/2541 2198/2/2437 2050/2/2434
f 2697/2/2544 2698/2/2545 2045/2/2546 2049/2/2433
f 2698/2/2545 2697/2/2544 2050/2/2434 2046/2/2547
f 2698/2/2545 2695/2/2540 2051/2/2542 2045/2/2546
f 2695/2/2540 2698/2/2545 2046/2/2547 2052/2/2543
f 2699/2/2548 2700/2/2549 2153/2/1876 1909/2/2205
f 2700/2/2549 2699/2/2548 1910/2/2208 2154/2/1877
f 2700/2/2549 2701/2/2550 1907/2/1873 2153/2/1876
f 2701/2/2550 2700/2/2549 2154/2/1877 1908/2/1874
f 2701/2/2550 2702/2/2551 1903/2/2486 1907/2/1873
f 2702/2/2551 2701/2/2550 1908/2/1874 1904/2/2487
f 2702/2/2551 2699/2/2548 1909/2/2205 1903/2/2486
f 2699/2/2548 2702/2/2551 1904/2/2487 1910/2/2208
f 2703/2/2552 2704/2/2553 2081/2/2554 1985/2/2555
f 2704/2/2553 2703/2/2552 1986/2/2556 2082/2/2557
f 2704/2/2553 2705/2/2558 1971/2/2029 2081/2/2554
f 2705/2/2558 2704/2/2553 2082/2/2557 1972/2/2030
f 2705/2/2558 2706/2/2559 1975/2/2024 1971/2/2029
f 2706/2/2559 2705/2/2558 1972/2/2030 1976/2/2027
f 2706/2/2559 2703/2/2552 1985/2/2555 1975/2/2024
f 2703/2/2552 2706/2/2559 1976/2/2027 1986/2/2556
f 2707/2/2560 2708/2/2561 1989/2/2562 1987/2/1965
f 2708/2/2561 2707/2/2560 1988/2/1966 1990/2/2563
f 2708/2/2561 2709/2/2564 1969/2/2511 1989/2/2562
f 2709/2/2564 2708/2/2561 1990/2/2563 1970/2/2512
f 2709/2/2564 2710/2/2565 1983/2/1968 1969/2/2511
f 2710/2/2565 2709/2/2564 1970/2/2512 1984/2/1969
f 2710/2/2565 2707/2/2560 1987/2/1965 1983/2/1968
f 2707/2/2560 2710/2/2565 1984/2/1969 1988/2/1966
f 2711/2/2566 2712/2/2567 2101/2/1944 1979/2/2243
f 2712/2/2567 2711/2/2566 1980/2/2244 2102/2/1945
f 2712/2/2567 2713/2/2568 1981/2/1961 2101/2/1944
f 2713/2/2568 2712/2/2567 2102/2/1945 1982/2/1962
f 2713/2/2568 2714/2/2569 1977/2/2263 1981/2/1961
f 2714/2/2569 2713/2/2568 1982/2/1962 1978/2/2264
f 2714/2/2569 2711/2/2566 1979/2/2243 1977/2/2263
f 2711/2/2566 2714/2/2569 1978/2/2264 1980/2/2244
f 2715/2/2570 2716/2/2571 1989/2/2562 1969/2/2511
f 2716/2/2571 2715/2/2570 1970/2/2512 1990/2/2563
f 2716/2/2571 2717/2/2572 1985/2/2555 1989/2/2562
f 2717/2/2572 2716/2/2571 1990/2/2563 1986/2/2556
f 2717/2/2572 2718/2/2573 1975/2/2024 1985/2/2555
f 2718/2/2573 2717/2/2572 1986/2/2556 1976/2/2027
f 2718/2/2573 2715/2/2570 1969/2/2511 1975/2/2024
f 2715/2/2570 2718/2/2573 1976/2/2027 1970/2/2512
f 2719/2/2574 2720/2/2575 2285/2/2070 2275/2/2063
f 2720/2/2575 2719/2/2574 2276/2/2064 2286/2/2071
f 2720/2/2575 2721/2/2576 2283/2/2145 2285/2/2070
f 2721/2/2576 2720/2/2575 2286/2/2071 2284/2/2146
f 2721/2/2576 2722/2/2577 2281/2/1893 2283/2/2145
f 2722/2/2577 2721/2/2576 2284/2/2146 2282/2/1894
f 2722/2/2577 2719/2/2574 2275/2/2063 2281/2/1893
f 2719/2/2574 2722/2/2577 2282/2/1894 2276/2/2064
f 2723/2/2578 2724/2/2579 2101/2/1944 1981/2/1961
f 2724/2/2579 2723/2/2578 1982/2/1962 2102/2/1945
f 2724/2/2579 2725/2/2580 2099/2/1941 2101/2/1944
f 2725/2/2580 2724/2/2579 2102/2/1945 2100/2/1942
f 2725/2/2580 2726/2/2581 2089/2/1960 2099/2/1941
f 2726/2/2581 2725/2/2580 2100/2/1942 2090/2/1963
f 2726/2/2581 2723/2/2578 1981/2/1961 2089/2/1960
f 2723/2/2578 2726/2/2581 2090/2/1963 1982/2/1962
f 2727/2/2582 2728/2/2583 2269/2/2236 2271/2/1856
f 2728/2/2583 2727/2/2582 2272/2/1859 2270/2/2237
f 2728/2/2583 2729/2/2584 2267/2/1904 2269/2/2236
f 2729/2/2584 2728/2/2583 2270/2/2237 2268/2/1907
f 2729/2/2584 2730/2/2585 2167/2/1905 2267/2/1904
f 2730/2/2585 2729/2/2584 2268/2/1907 2168/2/1906
f 2730/2/2585 2727/2/2582 2271/2/1856 2167/2/1905
f 2727/2/2582 2730/2/2585 2168/2/1906 2272/2/1859
f 2731/2/2586 2732/2/2587 1905/2/2138 1907/2/1873
f 2732/2/2587 2731/2/2586 1908/2/1874 1906/2/2139
f 2732/2/2587 2733/2/2588 1897/2/2381 1905/2/2138
f 2733/2/2588 2732/2/2587 1906/2/2139 1898/2/2382
f 2733/2/2588 2734/2/2589 1903/2/2486 1897/2/2381
f 2734/2/2589 2733/2/2588 1898/2/2382 1904/2/2487
f 2734/2/2589 2731/2/2586 1907/2/1873 1903/2/2486
f 2731/2/2586 2734/2/2589 1904/2/2487 1908/2/1874
f 2735/2/2590 2736/2/2591 2261/2/2592 2259/2/2317
f 2736/2/2591 2735/2/2590 2260/2/2320 2262/2/2593
f 2736/2/2591 2737/2/2594 2019/2/2503 2261/2/2592
f 2737/2/2594 2736/2/2591 2262/2/2593 2020/2/2504
f 2737/2/2594 2738/2/2595 2253/2/1983 2019/2/2503
f 2738/2/2595 2737/2/2594 2020/2/2504 2254/2/1980
f 2738/2/2595 2735/2/2590 2259/2/2317 2253/2/1983
f 2735/2/2590 2738/2/2595 2254/2/1980 2260/2/2320
f 2739/2/2596 2740/2/2597 2289/2/1892 2287/2/2598
f 2740/2/2597 2739/2/2596 2288/2/2599 2290/2/1895
f 2740/2/2597 2741/2/2600 2281/2/1893 2289/2/1892
f 2741/2/2600 2740/2/2597 2290/2/1895 2282/2/1894
f 2741/2/2600 2742/2/2601 2283/2/2145 2281/2/1893
f 2742/2/2601 2741/2/2600 2282/2/1894 2284/2/2146
f 2742/2/2601 2739/2/2596 2287/2/2598 2283/2/2145
f 2739/2/2596 2742/2/2601 2284/2/2146 2288/2/2599
f 2743/2/2602 2744/2/2603 1947/2/2094 1955/2/2604
f 2744/2/2603 2743/2/2602 1956/2/2605 1948/2/2095
f 2744/2/2603 2745/2/2606 2289/2/1892 1947/2/2094
f 2745/2/2606 2744/2/2603 1948/2/2095 2290/2/1895
f 2745/2/2606 2746/2/2607 2287/2/2598 2289/2/1892
f 2746/2/2607 2745/2/2606 2290/2/1895 2288/2/2599
f 2746/2/2607 2743/2/2602 1955/2/2604 2287/2/2598
f 2743/2/2602 2746/2/2607 2288/2/2599 1956/2/2605
f 2747/2/2608 2748/2/2609 2005/2/2610 2003/2/2611
f 2748/2/2609 2747/2/2608 2004/2/2612 2006/2/2613
f 2748/2/2609 2749/2/2614 1999/2/2615 2005/2/2610
f 2749/2/2614 2748/2/2609 2006/2/2613 2000/2/2616
f 2749/2/2614 2750/2/2617 2001/2/2618 1999/2/2615
f 2750/2/2617 2749/2/2614 2000/2/2616 2002/2/2619
f 2750/2/2617 2747/2/2608 2003/2/2611 2001/2/2618
f 2747/2/2608 2750/2/2617 2002/2/2619 2004/2/2612
f 2751/2/2620 2752/2/2621 1885/2/2622 1881/2/2623
f 2752/2/2621 2751/2/2620 1882/2/2624 1886/2/2625
f 2752/2/2621 2753/2/2626 1883/2/2627 1885/2/2622
f 2753/2/2626 2752/2/2621 1886/2/2625 1884/2/2628
f 2753/2/2626 2754/2/2629 1879/2/2630 1883/2/2627
f 2754/2/2629 2753/2/2626 1884/2/2628 1880/2/2631
f 2754/2/2629 2751/2/2620 1881/2/2623 1879/2/2630
f 2751/2/2620 2754/2/2629 1880/2/2631 1882/2/2624
f 2755/2/2632 2756/2/2633 1937/2/2634 1933/2/2635
f 2756/2/2633 2755/2/2632 1934/2/2636 1938/2/2637
f 2756/2/2633 2757/2/2638 1921/2/2229 1937/2/2634
f 2757/2/2638 2756/2/2633 1938/2/2637 1922/2/2230
f 2757/2/2638 2758/2/2639 1931/2/2135 1921/2/2229
f 2758/2/2639 2757/2/2638 1922/2/2230 1932/2/2136
f 2758/2/2639 2755/2/2632 1933/2/2635 1931/2/2135
f 2755/2/2632 2758/2/2639 1932/2/2136 1934/2/2636
f 2759/2/2640 2760/2/2641 2293/2/2642 2291/2/2375
f 2760/2/2641 2759/2/2640 2292/2/2378 2294/2/2643
f 2760/2/2641 2761/2/2644 1955/2/2604 2293/2/2642
f 2761/2/2644 2760/2/2641 2294/2/2643 1956/2/2605
f 2761/2/2644 2762/2/2645 2287/2/2598 1955/2/2604
f 2762/2/2645 2761/2/2644 1956/2/2605 2288/2/2599
f 2762/2/2645 2759/2/2640 2291/2/2375 2287/2/2598
f 2759/2/2640 2762/2/2645 2288/2/2599 2292/2/2378
f 2763/2/2646 2764/2/2647 2317/2/2276 2315/2/2275
f 2764/2/2647 2763/2/2646 2316/2/2278 2318/2/2277
f 2764/2/2647 2765/2/2648 2311/2/2649 2317/2/2276
f 2765/2/2648 2764/2/2647 2318/2/2277 2312/2/2650
f 2765/2/2648 2766/2/2651 2307/2/2652 2311/2/2649
f 2766/2/2651 2765/2/2648 2312/2/2650 2308/2/2653
f 2766/2/2651 2763/2/2646 2315/2/2275 2307/2/2652
f 2763/2/2646 2766/2/2651 2308/2/2653 2316/2/2278
f 2767/2/2654 2768/2/2655 2139/2/2099 2137/2/2102
f 2768/2/2655 2767/2/2654 2138/2/2103 2140/2/2100
f 2768/2/2655 2769/2/2656 2095/2/1929 2139/2/2099
f 2769/2/2656 2768/2/2655 2140/2/2100 2096/2/1930
f 2769/2/2656 2770/2/2657 2133/2/1924 2095/2/1929
f 2770/2/2657 2769/2/2656 2096/2/1930 2134/2/1927
f 2770/2/2657 2767/2/2654 2137/2/2102 2133/2/1924
f 2767/2/2654 2770/2/2657 2134/2/1927 2138/2/2103
f 2771/2/2658 2772/2/2659 2313/2/2280 2309/2/2283
f 2772/2/2659 2771/2/2658 2310/2/2284 2314/2/2281
f 2772/2/2659 2773/2/2660 2305/2/2661 2313/2/2280
f 2773/2/2660 2772/2/2659 2314/2/2281 2306/2/2662
f 2773/2/2660 2774/2/2663 2301/2/2664 2305/2/2661
f 2774/2/2663 2773/2/2660 2306/2/2662 2302/2/2665
f 2774/2/2663 2771/2/2658 2309/2/2283 2301/2/2664
f 2771/2/2658 2774/2/2663 2302/2/2665 2310/2/2284
f 2775/2/2666 2776/2/2667 2257/2/1998 2013/2/1981
f 2776/2/2667 2775/2/2666 2014/2/1982 2258/2/1999
f 2776/2/2667 2777/2/2668 2031/2/2669 2257/2/1998
f 2777/2/2668 2776/2/2667 2258/2/1999 2032/2/2670
f 2777/2/2668 2778/2/2671 2029/2/2672 2031/2/2669
f 2778/2/2671 2777/2/2668 2032/2/2670 2030/2/2673
f 2778/2/2671 2775/2/2666 2013/2/1981 2029/2/2672
f 2775/2/2666 2778/2/2671 2030/2/2673 2014/2/1982
f 2779/2/2674 2780/2/2675 1997/2/2676 1995/2/2677
f 2780/2/2675 2779/2/2674 1996/2/2678 1998/2/2679
f 2780/2/2675 2781/2/2680 1991/2/2681 1997/2/2676
f 2781/2/2680 2780/2/2675 1998/2/2679 1992/2/2682
f 2781/2/2680 2782/2/2683 1993/2/2684 1991/2/2681
f 2782/2/2683 2781/2/2680 1992/2/2682 1994/2/2685
f 2782/2/2683 2779/2/2674 1995/2/2677 1993/2/2684
f 2779/2/2674 2782/2/2683 1994/2/2685 1996/2/2678
f 2783/2/2686 2784/2/2687 1943/2/2333 1937/2/2634
f 2784/2/2687 2783/2/2686 1938/2/2637 1944/2/2334
f 2784/2/2687 2785/2/2688 1925/2/2222 1943/2/2333
f 2785/2/2688 2784/2/2687 1944/2/2334 1926/2/2223
f 2785/2/2688 2786/2/2689 1921/2/2229 1925/2/2222
f 2786/2/2689 2785/2/2688 1926/2/2223 1922/2/2230
f 2786/2/2689 2783/2/2686 1937/2/2634 1921/2/2229
f 2783/2/2686 2786/2/2689 1922/2/2230 1938/2/2637
f 2787/2/2690 2788/2/2691 2343/2/2692 2335/2/2693
f 2788/2/2691 2787/2/2690 2336/2/2694 2344/2/2695
f 2788/2/2691 2789/2/2696 2339/2/2697 2343/2/2692
f 2789/2/2696 2788/2/2691 2344/2/2695 2340/2/2698
f 2789/2/2696 2790/2/2699 2331/2/2700 2339/2/2697
f 2790/2/2699 2789/2/2696 2340/2/2698 2332/2/2701
f 2790/2/2699 2787/2/2690 2335/2/2693 2331/2/2700
f 2787/2/2690 2790/2/2699 2332/2/2701 2336/2/2694
f 2791/2/2702 2792/2/2703 2075/2/2506 2015/2/2704
f 2792/2/2703 2791/2/2702 2016/2/2705 2076/2/2507
f 2792/2/2703 2793/2/2706 2019/2/2503 2075/2/2506
f 2793/2/2706 2792/2/2703 2076/2/2507 2020/2/2504
f 2793/2/2706 2794/2/2707 2017/2/1999 2019/2/2503
f 2794/2/2707 2793/2/2706 2020/2/2504 2018/2/2708
f 2794/2/2707 2791/2/2702 2015/2/2704 2017/2/1999
f 2791/2/2702 2794/2/2707 2018/2/2708 2016/2/2705
f 2795/2/2709 2796/2/2710 1915/2/2215 2121/2/2126
f 2796/2/2710 2795/2/2709 2122/2/2127 1916/2/2216
f 2796/2/2710 2797/2/2711 2143/2/1972 1915/2/2215
f 2797/2/2711 2796/2/2710 1916/2/2216 2144/2/1973
f 2797/2/2711 2798/2/2712 2131/2/1880 2143/2/1972
f 2798/2/2712 2797/2/2711 2144/2/1973 2132/2/1883
f 2798/2/2712 2795/2/2709 2121/2/2126 2131/2/1880
f 2795/2/2709 2798/2/2712 2132/2/1883 2122/2/2127
f 2799/2/2713 2800/2/2714 1945/2/2091 1939/2/1897
f 2800/2/2714 2799/2/2713 1940/2/1898 1946/2/2092
f 2800/2/2714 2801/2/2715 1943/2/2333 1945/2/2091
f 2801/2/2715 2800/2/2714 1946/2/2092 1944/2/2334
f 2801/2/2715 2802/2/2716 1937/2/2634 1943/2/2333
f 2802/2/2716 2801/2/2715 1944/2/2334 1938/2/2637
f 2802/2/2716 2799/2/2713 1939/2/1897 1937/2/2634
f 2799/2/2713 2802/2/2716 1938/2/2637 1940/2/1898
f 2803/2/2717 2804/2/2718 1911/2/2110 1901/2/2106
f 2804/2/2718 2803/2/2717 1902/2/2107 1912/2/2111
f 2804/2/2718 2805/2/2719 1909/2/2205 1911/2/2110
f 2805/2/2719 2804/2/2718 1912/2/2111 1910/2/2208
f 2805/2/2719 2806/2/2720 1903/2/2486 1909/2/2205
f 2806/2/2720 2805/2/2719 1910/2/2208 1904/2/2487
f 2806/2/2720 2803/2/2717 1901/2/2106 1903/2/2486
f 2803/2/2717 2806/2/2720 1904/2/2487 1902/2/2107
f 2807/2/2721 2808/2/2722 1957/2/2086 1945/2/2091
f 2808/2/2722 2807/2/2721 1946/2/2092 1958/2/2089
f 2808/2/2722 2809/2/2723 1949/2/2328 1957/2/2086
f 2809/2/2723 2808/2/2722 1958/2/2089 1950/2/2329
f 2809/2/2723 2810/2/2724 1943/2/2333 1949/2/2328
f 2810/2/2724 2809/2/2723 1950/2/2329 1944/2/2334
f 2810/2/2724 2807/2/2721 1945/2/2091 1943/2/2333
f 2807/2/2721 2810/2/2724 1944/2/2334 1946/2/2092
f 2811/2/2725 2812/2/2726 2125/2/2299 2121/2/2126
f 2812/2/2726 2811/2/2725 2122/2/2127 2126/2/2302
f 2812/2/2726 2813/2/2727 2149/2/2211 2125/2/2299
f 2813/2/2727 2812/2/2726 2126/2/2302 2150/2/2212
f 2813/2/2727 2814/2/2728 1915/2/2215 2149/2/2211
f 2814/2/2728 2813/2/2727 2150/2/2212 1916/2/2216
f 2814/2/2728 2811/2/2725 2121/2/2126 1915/2/2215
f 2811/2/2725 2814/2/2728 1916/2/2216 2122/2/2127
f 2815/2/2729 2816/2/2730 2137/2/2102 2135/2/1975
f 2816/2/2730 2815/2/2729 2136/2/1976 2138/2/2103
f 2816/2/2730 2817/2/2731 2133/2/1924 2137/2/2102
f 2817/2/2731 2816/2/2730 2138/2/2103 2134/2/1927
f 2817/2/2731 2818/2/2732 2129/2/1885 2133/2/1924
f 2818/2/2732 2817/2/2731 2134/2/1927 2130/2/1886
f 2818/2/2732 2815/2/2729 2135/2/1975 2129/2/1885
f 2815/2/2729 2818/2/2732 2130/2/1886 2136/2/1976
f 2819/2/2733 2820/2/2734 2145/2/1949 2135/2/1975
f 2820/2/2734 2819/2/2733 2136/2/1976 2146/2/1950
f 2820/2/2734 2821/2/2735 2141/2/1956 2145/2/1949
f 2821/2/2735 2820/2/2734 2146/2/1950 2142/2/1957
f 2821/2/2735 2822/2/2736 2137/2/2102 2141/2/1956
f 2822/2/2736 2821/2/2735 2142/2/1957 2138/2/2103
f 2822/2/2736 2819/2/2733 2135/2/1975 2137/2/2102
f 2819/2/2733 2822/2/2736 2138/2/2103 2136/2/1976
f 2823/2/2737 2824/2/2738 2033/2/2122 2029/2/2672
f 2824/2/2738 2823/2/2737 2030/2/2673 2034/2/2123
f 2824/2/2738 2825/2/2739 2027/2/2386 2033/2/2122
f 2825/2/2739 2824/2/2738 2034/2/2123 2028/2/2387
f 2825/2/2739 2826/2/2740 2011/2/2741 2027/2/2386
f 2826/2/2740 2825/2/2739 2028/2/2387 2012/2/2742
f 2826/2/2740 2823/2/2737 2029/2/2672 2011/2/2741
f 2823/2/2737 2826/2/2740 2012/2/2742 2030/2/2673
f 2827/2/2743 2828/2/2744 2151/2/2206 2123/2/2300
f 2828/2/2744 2827/2/2743 2124/2/2301 2152/2/2207
f 2828/2/2744 2829/2/2745 2149/2/2211 2151/2/2206
f 2829/2/2745 2828/2/2744 2152/2/2207 2150/2/2212
f 2829/2/2745 2830/2/2746 2125/2/2299 2149/2/2211
f 2830/2/2746 2829/2/2745 2150/2/2212 2126/2/2302
f 2830/2/2746 2827/2/2743 2123/2/2300 2125/2/2299
f 2827/2/2743 2830/2/2746 2126/2/2302 2124/2/2301
f 2831/2/2747 2832/2/2748 2155/2/1869 2139/2/2099
f 2832/2/2748 2831/2/2747 2140/2/2100 2156/2/1870
f 2832/2/2748 2833/2/2749 2153/2/1876 2155/2/1869
f 2833/2/2749 2832/2/2748 2156/2/1870 2154/2/1877
f 2833/2/2749 2834/2/2750 2127/2/2311 2153/2/1876
f 2834/2/2750 2833/2/2749 2154/2/1877 2128/2/2312
f 2834/2/2750 2831/2/2747 2139/2/2099 2127/2/2311
f 2831/2/2747 2834/2/2750 2128/2/2312 2140/2/2100
f 2835/2/2751 2836/2/2752 2141/2/1956 2155/2/1869
f 2836/2/2752 2835/2/2751 2156/2/1870 2142/2/1957
f 2836/2/2752 2837/2/2753 1941/2/1953 2141/2/1956
f 2837/2/2753 2836/2/2752 2142/2/1957 1942/2/1954
f 2837/2/2753 2838/2/2754 1935/2/1868 1941/2/1953
f 2838/2/2754 2837/2/2753 1942/2/1954 1936/2/1871
f 2838/2/2754 2835/2/2751 2155/2/1869 1935/2/1868
f 2835/2/2751 2838/2/2754 1936/2/1871 2156/2/1870
f 2839/2/2755 2840/2/2756 2163/2/2416 2157/2/2393
f 2840/2/2756 2839/2/2755 2158/2/2394 2164/2/2417
f 2840/2/2756 2841/2/2757 2159/2/2413 2163/2/2416
f 2841/2/2757 2840/2/2756 2164/2/2417 2160/2/2414
f 2841/2/2757 2842/2/2758 2161/2/1980 2159/2/2413
f 2842/2/2758 2841/2/2757 2160/2/2414 2162/2/2163
f 2842/2/2758 2839/2/2755 2157/2/2393 2161/2/1980
f 2839/2/2755 2842/2/2758 2162/2/2163 2158/2/2394
f 2843/2/2759 2844/2/2760 2041/2/2158 2027/2/2386
f 2844/2/2760 2843/2/2759 2028/2/2387 2042/2/2159
f 2844/2/2760 2845/2/2761 2039/2/2155 2041/2/2158
f 2845/2/2761 2844/2/2760 2042/2/2159 2040/2/2156
f 2845/2/2761 2846/2/2762 2023/2/2763 2039/2/2155
f 2846/2/2762 2845/2/2761 2040/2/2156 2024/2/2764
f 2846/2/2762 2843/2/2759 2027/2/2386 2023/2/2763
f 2843/2/2759 2846/2/2762 2024/2/2764 2028/2/2387
f 2847/2/2765 2848/2/2766 1873/2/2767 1871/2/2768
f 2848/2/2766 2847/2/2765 1872/2/2769 1874/2/2770
f 2848/2/2766 2849/2/2771 1867/2/2772 1873/2/2767
f 2849/2/2771 2848/2/2766 1874/2/2770 1868/2/2773
f 2849/2/2771 2850/2/2774 1875/2/2775 1867/2/2772
f 2850/2/2774 2849/2/2771 1868/2/2773 1876/2/2776
f 2850/2/2774 2851/2/2777 1877/2/2778 1875/2/2775
f 2851/2/2777 2850/2/2774 1876/2/2776 1878/2/2779
f 2851/2/2777 2852/2/2780 1869/2/2781 1877/2/2778
f 2852/2/2780 2851/2/2777 1878/2/2779 1870/2/2782
f 2852/2/2780 2847/2/2765 1871/2/2768 1869/2/2781
f 2847/2/2765 2852/2/2780 1870/2/2782 1872/2/2769
f 2853/2/2783 2854/2/2784 2065/2/2179 2039/2/2155
f 2854/2/2784 2853/2/2783 2040/2/2156 2066/2/2182
f 2854/2/2784 2855/2/2785 2025/2/2786 2065/2/2179
f 2855/2/2785 2854/2/2784 2066/2/2182 2026/2/2787
f 2855/2/2785 2856/2/2788 2023/2/2763 2025/2/2786
f 2856/2/2788 2855/2/2785 2026/2/2787 2024/2/2764
f 2856/2/2788 2853/2/2783 2039/2/2155 2023/2/2763
f 2853/2/2783 2856/2/2788 2024/2/2764 2040/2/2156
f 2857/2/2789 2858/2/2790 2179/2/2409 2175/2/2404
f 2858/2/2790 2857/2/2789 2176/2/2405 2180/2/2410
f 2858/2/2790 2859/2/2791 2163/2/2416 2179/2/2409
f 2859/2/2791 2858/2/2790 2180/2/2410 2164/2/2417
f 2859/2/2791 2860/2/2792 2171/2/1912 2163/2/2416
f 2860/2/2792 2859/2/2791 2164/2/2417 2172/2/1913
f 2860/2/2792 2857/2/2789 2175/2/2404 2171/2/1912
f 2857/2/2789 2860/2/2792 2172/2/1913 2176/2/2405
f 2861/2/2793 2862/2/2794 2169/2/2004 2161/2/1980
f 2862/2/2794 2861/2/2793 2162/2/2163 2170/2/2005
f 2862/2/2794 2863/2/2795 2165/2/1861 2169/2/2004
f 2863/2/2795 2862/2/2794 2170/2/2005 2166/2/1862
f 2863/2/2795 2864/2/2796 2157/2/2393 2165/2/1861
f 2864/2/2796 2863/2/2795 2166/2/1862 2158/2/2394
f 2864/2/2796 2861/2/2793 2161/2/1980 2157/2/2393
f 2861/2/2793 2864/2/2796 2158/2/2394 2162/2/2163
f 2865/2/2797 2866/2/2798 2031/2/2669 2029/2/2672
f 2866/2/2798 2865/2/2797 2030/2/2673 2032/2/2670
f 2866/2/2798 2867/2/2799 2035/2/2115 2031/2/2669
f 2867/2/2799 2866/2/2798 2032/2/2670 2036/2/2116
f 2867/2/2799 2868/2/2800 2033/2/2122 2035/2/2115
f 2868/2/2800 2867/2/2799 2036/2/2116 2034/2/2123
f 2868/2/2800 2865/2/2797 2029/2/2672 2033/2/2122
f 2865/2/2797 2868/2/2800 2034/2/2123 2030/2/2673
f 2869/2/2801 2870/2/2802 2189/2/2468 2159/2/2413
f 2870/2/2802 2869/2/2801 2160/2/2414 2190/2/2469
f 2870/2/2802 2871/2/2803 2183/2/2162 2189/2/2468
f 2871/2/2803 2870/2/2802 2190/2/2469 2184/2/2164
f 2871/2/2803 2872/2/2804 2161/2/1980 2183/2/2162
f 2872/2/2804 2871/2/2803 2184/2/2164 2162/2/2163
f 2872/2/2804 2869/2/2801 2159/2/2413 2161/2/1980
f 2869/2/2801 2872/2/2804 2162/2/2163 2160/2/2414
f 2873/2/2805 2874/2/2806 1977/2/2263 1957/2/2086
f 2874/2/2806 2873/2/2805 1958/2/2089 1978/2/2264
f 2874/2/2806 2875/2/2807 1959/2/2260 1977/2/2263
f 2875/2/2807 2874/2/2806 1978/2/2264 1960/2/2261
f 2875/2/2807 2876/2/2808 1949/2/2328 1959/2/2260
f 2876/2/2808 2875/2/2807 1960/2/2261 1950/2/2329
f 2876/2/2808 2873/2/2805 1957/2/2086 1949/2/2328
f 2873/2/2805 2876/2/2808 1950/2/2329 1958/2/2089
f 2877/2/2809 2878/2/2810 2205/2/2201 2181/2/2009
f 2878/2/2810 2877/2/2809 2182/2/2010 2206/2/2202
f 2878/2/2810 2879/2/2811 2179/2/2409 2205/2/2201
f 2879/2/2811 2878/2/2810 2206/2/2202 2180/2/2410
f 2879/2/2811 2880/2/2812 2175/2/2404 2179/2/2409
f 2880/2/2812 2879/2/2811 2180/2/2410 2176/2/2405
f 2880/2/2812 2877/2/2809 2181/2/2009 2175/2/2404
f 2877/2/2809 2880/2/2812 2176/2/2405 2182/2/2010
f 2881/2/2813 2882/2/2814 2199/2/2462 2183/2/2162
f 2882/2/2814 2881/2/2813 2184/2/2164 2200/2/2463
f 2882/2/2814 2883/2/2815 2063/2/2459 2199/2/2462
f 2883/2/2815 2882/2/2814 2200/2/2463 2064/2/2460
f 2883/2/2815 2884/2/2816 2173/2/2166 2063/2/2459
f 2884/2/2816 2883/2/2815 2064/2/2460 2174/2/2167
f 2884/2/2816 2881/2/2813 2183/2/2162 2173/2/2166
f 2881/2/2813 2884/2/2816 2174/2/2167 2184/2/2164
f 2885/2/2817 2886/2/2818 2047/2/2151 2045/2/2546
f 2886/2/2818 2885/2/2817 2046/2/2547 2048/2/2152
f 2886/2/2818 2887/2/2819 2041/2/2158 2047/2/2151
f 2887/2/2819 2886/2/2818 2048/2/2152 2042/2/2159
f 2887/2/2819 2888/2/2820 2037/2/2119 2041/2/2158
f 2888/2/2820 2887/2/2819 2042/2/2159 2038/2/2120
f 2888/2/2820 2885/2/2817 2045/2/2546 2037/2/2119
f 2885/2/2817 2888/2/2820 2038/2/2120 2046/2/2547
f 2889/2/2821 2890/2/2822 2061/2/2017 2057/2/2016
f 2890/2/2822 2889/2/2821 2058/2/2019 2062/2/2018
f 2890/2/2822 2891/2/2823 2059/2/2180 2061/2/2017
f 2891/2/2823 2890/2/2822 2062/2/2018 2060/2/2181
f 2891/2/2823 2892/2/2824 2055/2/2150 2059/2/2180
f 2892/2/2824 2891/2/2823 2060/2/2181 2056/2/2153
f 2892/2/2824 2889/2/2821 2057/2/2016 2055/2/2150
f 2889/2/2821 2892/2/2824 2056/2/2153 2058/2/2019
f 2893/2/2825 2894/2/2826 2051/2/2542 2043/2/2114
f 2894/2/2826 2893/2/2825 2044/2/2117 2052/2/2543
f 2894/2/2826 2895/2/2827 2045/2/2546 2051/2/2542
f 2895/2/2827 2894/2/2826 2052/2/2543 2046/2/2547
f 2895/2/2827 2896/2/2828 2037/2/2119 2045/2/2546
f 2896/2/2828 2895/2/2827 2046/2/2547 2038/2/2120
f 2896/2/2828 2893/2/2825 2043/2/2114 2037/2/2119
f 2893/2/2825 2896/2/2828 2038/2/2120 2044/2/2117
f 2897/2/2829 2898/2/2830 1961/2/2337 1923/2/2221
f 2898/2/2830 2897/2/2829 1924/2/2224 1962/2/2338
f 2898/2/2830 2899/2/2831 1927/2/2478 1961/2/2337
f 2899/2/2831 2898/2/2830 1962/2/2338 1928/2/2479
f 2899/2/2831 2900/2/2832 1919/2/2441 1927/2/2478
f 2900/2/2832 2899/2/2831 1928/2/2479 1920/2/2442
f 2900/2/2832 2897/2/2829 1923/2/2221 1919/2/2441
f 2897/2/2829 2900/2/2832 1920/2/2442 1924/2/2224
f 2901/2/2833 2902/2/2834 2201/2/2835 2053/2/2495
f 2902/2/2834 2901/2/2833 2054/2/2496 2202/2/2836
f 2902/2/2834 2903/2/2837 2051/2/2542 2201/2/2835
f 2903/2/2837 2902/2/2834 2202/2/2836 2052/2/2543
f 2903/2/2837 2904/2/2838 2043/2/2114 2051/2/2542
f 2904/2/2838 2903/2/2837 2052/2/2543 2044/2/2117
f 2904/2/2838 2901/2/2833 2053/2/2495 2043/2/2114
f 2901/2/2833 2904/2/2838 2044/2/2117 2054/2/2496
f 2905/2/2839 2906/2/2840 2061/2/2017 2173/2/2166
f 2906/2/2840 2905/2/2839 2174/2/2167 2062/2/2018
f 2906/2/2840 2907/2/2841 2187/2/1998 2061/2/2017
f 2907/2/2841 2906/2/2840 2062/2/2018 2188/2/1999
f 2907/2/2841 2908/2/2842 2169/2/2004 2187/2/1998
f 2908/2/2842 2907/2/2841 2188/2/1999 2170/2/2005
f 2908/2/2842 2905/2/2839 2173/2/2166 2169/2/2004
f 2905/2/2839 2908/2/2842 2170/2/2005 2174/2/2167
f 2909/2/2843 2910/2/2844 2067/2/2454 2063/2/2459
f 2910/2/2844 2909/2/2843 2064/2/2460 2068/2/2457
f 2910/2/2844 2911/2/2845 2065/2/2179 2067/2/2454
f 2911/2/2845 2910/2/2844 2068/2/2457 2066/2/2182
f 2911/2/2845 2912/2/2846 2059/2/2180 2065/2/2179
f 2912/2/2846 2911/2/2845 2066/2/2182 2060/2/2181
f 2912/2/2846 2909/2/2843 2063/2/2459 2059/2/2180
f 2909/2/2843 2912/2/2846 2060/2/2181 2064/2/2460
f 2913/2/2847 2914/2/2848 2201/2/2835 2189/2/2468
f 2914/2/2848 2913/2/2847 2190/2/2469 2202/2/2836
f 2914/2/2848 2915/2/2849 2199/2/2462 2201/2/2835
f 2915/2/2849 2914/2/2848 2202/2/2836 2200/2/2463
f 2915/2/2849 2916/2/2850 2183/2/2162 2199/2/2462
f 2916/2/2850 2915/2/2849 2200/2/2463 2184/2/2164
f 2916/2/2850 2913/2/2847 2189/2/2468 2183/2/2162
f 2913/2/2847 2916/2/2850 2184/2/2164 2190/2/2469
f 2917/2/2851 2918/2/2852 1973/2/2075 1965/2/2032
f 2918/2/2852 2917/2/2851 1966/2/2033 1974/2/2076
f 2918/2/2852 2919/2/2853 1929/2/2082 1973/2/2075
f 2919/2/2853 2918/2/2852 1974/2/2076 1930/2/2083
f 2919/2/2853 2920/2/2854 1927/2/2478 1929/2/2082
f 2920/2/2854 2919/2/2853 1930/2/2083 1928/2/2479
f 2920/2/2854 2917/2/2851 1965/2/2032 1927/2/2478
f 2917/2/2851 2920/2/2854 1928/2/2479 1966/2/2033
f 2921/2/2855 2922/2/2856 2069/2/2857 2067/2/2454
f 2922/2/2856 2921/2/2855 2068/2/2457 2070/2/2858
f 2922/2/2856 2923/2/2859 2025/2/2786 2069/2/2857
f 2923/2/2859 2922/2/2856 2070/2/2858 2026/2/2787
f 2923/2/2859 2924/2/2860 2065/2/2179 2025/2/2786
f 2924/2/2860 2923/2/2859 2026/2/2787 2066/2/2182
f 2924/2/2860 2921/2/2855 2067/2/2454 2065/2/2179
f 2921/2/2855 2924/2/2860 2066/2/2182 2068/2/2457
f 2925/2/2861 2926/2/2862 2211/2/2187 2049/2/2433
f 2926/2/2862 2925/2/2861 2050/2/2434 2212/2/2188
f 2926/2/2862 2927/2/2863 2047/2/2151 2211/2/2187
f 2927/2/2863 2926/2/2862 2212/2/2188 2048/2/2152
f 2927/2/2863 2928/2/2864 2045/2/2546 2047/2/2151
f 2928/2/2864 2927/2/2863 2048/2/2152 2046/2/2547
f 2928/2/2864 2925/2/2861 2049/2/2433 2045/2/2546
f 2925/2/2861 2928/2/2864 2046/2/2547 2050/2/2434
f 2929/2/2865 2930/2/2866 2085/2/1932 1989/2/2562
f 2930/2/2866 2929/2/2865 1990/2/2563 2086/2/1933
f 2930/2/2866 2931/2/2867 2083/2/2175 2085/2/1932
f 2931/2/2867 2930/2/2866 2086/2/1933 2084/2/2176
f 2931/2/2867 2932/2/2868 1985/2/2555 2083/2/2175
f 2932/2/2868 2931/2/2867 2084/2/2176 1986/2/2556
f 2932/2/2868 2929/2/2865 1989/2/2562 1985/2/2555
f 2929/2/2865 2932/2/2868 1986/2/2556 1990/2/2563
f 2933/2/2869 2934/2/2870 2173/2/2166 2061/2/2017
f 2934/2/2870 2933/2/2869 2062/2/2018 2174/2/2167
f 2934/2/2870 2935/2/2871 2063/2/2459 2173/2/2166
f 2935/2/2871 2934/2/2870 2174/2/2167 2064/2/2460
f 2935/2/2871 2936/2/2872 2059/2/2180 2063/2/2459
f 2936/2/2872 2935/2/2871 2064/2/2460 2060/2/2181
f 2936/2/2872 2933/2/2869 2061/2/2017 2059/2/2180
f 2933/2/2869 2936/2/2872 2060/2/2181 2062/2/2018
f 2937/2/2873 2938/2/2874 2213/2/1992 2209/2/2198
f 2938/2/2874 2937/2/2873 2210/2/2199 2214/2/1995
f 2938/2/2874 2939/2/2875 2191/2/1993 2213/2/1992
f 2939/2/2875 2938/2/2874 2214/2/1995 2192/2/1994
f 2939/2/2875 2940/2/2876 2207/2/1983 2191/2/1993
f 2940/2/2876 2939/2/2875 2192/2/1994 2208/2/1980
f 2940/2/2876 2937/2/2873 2209/2/2198 2207/2/1983
f 2937/2/2873 2940/2/2876 2208/2/1980 2210/2/2199
f 2941/2/2877 2942/2/2878 2175/2/2404 2181/2/2009
f 2942/2/2878 2941/2/2877 2182/2/2010 2176/2/2405
f 2942/2/2878 2943/2/2879 2227/2/2401 2175/2/2404
f 2943/2/2879 2942/2/2878 2176/2/2405 2228/2/2402
f 2943/2/2879 2944/2/2880 2223/2/2008 2227/2/2401
f 2944/2/2880 2943/2/2879 2228/2/2402 2224/2/2011
f 2944/2/2880 2941/2/2877 2181/2/2009 2223/2/2008
f 2941/2/2877 2944/2/2880 2224/2/2011 2182/2/2010
f 2945/2/2881 2946/2/2882 2073/2/2455 2053/2/2495
f 2946/2/2882 2945/2/2881 2054/2/2496 2074/2/2456
f 2946/2/2882 2947/2/2883 2199/2/2462 2073/2/2455
f 2947/2/2883 2946/2/2882 2074/2/2456 2200/2/2463
f 2947/2/2883 2948/2/2884 2201/2/2835 2199/2/2462
f 2948/2/2884 2947/2/2883 2200/2/2463 2202/2/2836
f 2948/2/2884 2945/2/2881 2053/2/2495 2201/2/2835
f 2945/2/2881 2948/2/2884 2202/2/2836 2054/2/2496
f 2949/2/2885 2950/2/2886 1975/2/2024 1969/2/2511
f 2950/2/2886 2949/2/2885 1970/2/2512 1976/2/2027
f 2950/2/2886 2951/2/2887 1967/2/2025 1975/2/2024
f 2951/2/2887 2950/2/2886 1976/2/2027 1968/2/2026
f 2951/2/2887 2952/2/2888 1963/2/2420 1967/2/2025
f 2952/2/2888 2951/2/2887 1968/2/2026 1964/2/2421
f 2952/2/2888 2949/2/2885 1969/2/2511 1963/2/2420
f 2949/2/2885 2952/2/2888 1964/2/2421 1970/2/2512
f 2953/2/2889 2954/2/2890 1865/2/2891 1863/2/2892
f 2954/2/2890 2953/2/2889 1864/2/2893 1866/2/2894
f 2954/2/2890 2955/2/2895 1859/2/2896 1865/2/2891
f 2955/2/2895 2954/2/2890 1866/2/2894 1860/2/2897
f 2955/2/2895 2956/2/2898 1861/2/2899 1859/2/2896
f 2956/2/2898 2955/2/2895 1860/2/2897 1862/2/2900
f 2956/2/2898 2953/2/2889 1863/2/2892 1861/2/2899
f 2953/2/2889 2956/2/2898 1862/2/2900 1864/2/2893
f 2957/2/2901 2958/2/2902 2073/2/2455 2067/2/2454
f 2958/2/2902 2957/2/2901 2068/2/2457 2074/2/2456
f 2958/2/2902 2959/2/2903 2071/2/2527 2073/2/2455
f 2959/2/2903 2958/2/2902 2074/2/2456 2072/2/2528
f 2959/2/2903 2960/2/2904 2069/2/2857 2071/2/2527
f 2960/2/2904 2959/2/2903 2072/2/2528 2070/2/2858
f 2960/2/2904 2957/2/2901 2067/2/2454 2069/2/2857
f 2957/2/2901 2960/2/2904 2070/2/2858 2068/2/2457
f 2961/2/2905 2962/2/2906 2077/2/2500 2071/2/2527
f 2962/2/2906 2961/2/2905 2072/2/2528 2078/2/2501
f 2962/2/2906 2963/2/2907 2075/2/2506 2077/2/2500
f 2963/2/2907 2962/2/2906 2078/2/2501 2076/2/2507
f 2963/2/2907 2964/2/2908 2069/2/2857 2075/2/2506
f 2964/2/2908 2963/2/2907 2076/2/2507 2070/2/2858
f 2964/2/2908 2961/2/2905 2071/2/2527 2069/2/2857
f 2961/2/2905 2964/2/2908 2070/2/2858 2072/2/2528
f 2965/2/2909 2966/2/2910 2015/2/2704 2075/2/2506
f 2966/2/2910 2965/2/2909 2076/2/2507 2016/2/2705
f 2966/2/2910 2967/2/2911 2025/2/2786 2015/2/2704
f 2967/2/2911 2966/2/2910 2016/2/2705 2026/2/2787
f 2967/2/2911 2968/2/2912 2069/2/2857 2025/2/2786
f 2968/2/2912 2967/2/2911 2026/2/2787 2070/2/2858
f 2968/2/2912 2965/2/2909 2075/2/2506 2069/2/2857
f 2965/2/2909 2968/2/2912 2070/2/2858 2076/2/2507
f 2969/2/2913 2970/2/2914 2239/2/2915 2229/2/2533
f 2970/2/2914 2969/2/2913 2230/2/2534 2240/2/2916
f 2970/2/2914 2971/2/2917 2233/2/1988 2239/2/2915
f 2971/2/2917 2970/2/2914 2240/2/2916 2234/2/1989
f 2971/2/2917 2972/2/2918 2231/2/2516 2233/2/1988
f 2972/2/2918 2971/2/2917 2234/2/1989 2232/2/2517
f 2972/2/2918 2969/2/2913 2229/2/2533 2231/2/2516
f 2969/2/2913 2972/2/2918 2232/2/2517 2230/2/2534
f 2973/2/2919 2974/2/2920 2273/2/2921 2219/2/1849
f 2974/2/2920 2973/2/2919 2220/2/1850 2274/2/2922
f 2974/2/2920 2975/2/2923 2195/2/1857 2273/2/2921
f 2975/2/2923 2974/2/2920 2274/2/2922 2196/2/1858
f 2975/2/2923 2976/2/2924 2217/2/1920 2195/2/1857
f 2976/2/2924 2975/2/2923 2196/2/1858 2218/2/1921
f 2976/2/2924 2973/2/2919 2219/2/1849 2217/2/1920
f 2973/2/2919 2976/2/2924 2218/2/1921 2220/2/1850
f 2977/2/2925 2978/2/2926 2293/2/2642 1929/2/2082
f 2978/2/2926 2977/2/2925 1930/2/2083 2294/2/2643
f 2978/2/2926 2979/2/2927 1919/2/2441 2293/2/2642
f 2979/2/2927 2978/2/2926 2294/2/2643 1920/2/2442
f 2979/2/2927 2980/2/2928 1927/2/2478 1919/2/2441
f 2980/2/2928 2979/2/2927 1920/2/2442 1928/2/2479
f 2980/2/2928 2977/2/2925 1929/2/2082 1927/2/2478
f 2977/2/2925 2980/2/2928 1928/2/2479 1930/2/2083
f 2981/2/2929 2982/2/2930 2217/2/1920 2215/2/1916
f 2982/2/2930 2981/2/2929 2216/2/1917 2218/2/1921
f 2982/2/2930 2983/2/2931 2213/2/1992 2217/2/1920
f 2983/2/2931 2982/2/2930 2218/2/1921 2214/2/1995
f 2983/2/2931 2984/2/2932 2209/2/2198 2213/2/1992
f 2984/2/2932 2983/2/2931 2214/2/1995 2210/2/2199
f 2984/2/2932 2981/2/2929 2215/2/1916 2209/2/2198
f 2981/2/2929 2984/2/2932 2210/2/2199 2216/2/1917
f 2985/2/2933 2986/2/2934 1953/2/2087 1957/2/2086
f 2986/2/2934 2985/2/2933 1958/2/2089 1954/2/2088
f 2986/2/2934 2987/2/2935 1979/2/2243 1953/2/2087
f 2987/2/2935 2986/2/2934 1954/2/2088 1980/2/2244
f 2987/2/2935 2988/2/2936 1977/2/2263 1979/2/2243
f 2988/2/2936 2987/2/2935 1980/2/2244 1978/2/2264
f 2988/2/2936 2985/2/2933 1957/2/2086 1977/2/2263
f 2985/2/2933 2988/2/2936 1978/2/2264 1958/2/2089
f 2989/2/2937 2990/2/2938 2235/2/1985 2233/2/1988
f 2990/2/2938 2989/2/2937 2234/2/1989 2236/2/1986
f 2990/2/2938 2991/2/2939 2225/2/1845 2235/2/1985
f 2991/2/2939 2990/2/2938 2236/2/1986 2226/2/1846
f 2991/2/2939 2992/2/2940 2231/2/2516 2225/2/1845
f 2992/2/2940 2991/2/2939 2226/2/1846 2232/2/2517
f 2992/2/2940 2989/2/2937 2233/2/1988 2231/2/2516
f 2989/2/2937 2992/2/2940 2232/2/2517 2234/2/1989
f 2993/2/2941 2994/2/2942 2057/2/2016 2191/2/1993
f 2994/2/2942 2993/2/2941 2192/2/1994 2058/2/2019
f 2994/2/2942 2995/2/2943 2211/2/2187 2057/2/2016
f 2995/2/2943 2994/2/2942 2058/2/2019 2212/2/2188
f 2995/2/2943 2996/2/2944 2207/2/1983 2211/2/2187
f 2996/2/2944 2995/2/2943 2212/2/2188 2208/2/1980
f 2996/2/2944 2993/2/2941 2191/2/1993 2207/2/1983
f 2993/2/2941 2996/2/2944 2208/2/1980 2192/2/1994
f 2997/2/2945 2998/2/2946 2087/2/2307 2083/2/2175
f 2998/2/2946 2997/2/2945 2084/2/2176 2088/2/2308
f 2998/2/2946 2999/2/2947 2081/2/2554 2087/2/2307
f 2999/2/2947 2998/2/2946 2088/2/2308 2082/2/2557
f 2999/2/2947 3000/2/2948 1985/2/2555 2081/2/2554
f 3000/2/2948 2999/2/2947 2082/2/2557 1986/2/2556
f 3000/2/2948 2997/2/2945 2083/2/2175 1985/2/2555
f 2997/2/2945 3000/2/2948 1986/2/2556 2084/2/2176
f 3001/2/2949 3002/2/2950 2251/2/2951 2079/2/2492
f 3002/2/2950 3001/2/2949 2080/2/2493 2252/2/2952
f 3002/2/2950 3003/2/2953 2077/2/2500 2251/2/2951
f 3003/2/2953 3002/2/2950 2252/2/2952 2078/2/2501
f 3003/2/2953 3004/2/2954 2071/2/2527 2077/2/2500
f 3004/2/2954 3003/2/2953 2078/2/2501 2072/2/2528
f 3004/2/2954 3001/2/2949 2079/2/2492 2071/2/2527
f 3001/2/2949 3004/2/2954 2072/2/2528 2080/2/2493
f 3005/2/2955 3006/2/2956 2257/2/1998 2239/2/2915
f 3006/2/2956 3005/2/2955 2240/2/2916 2258/2/1999
f 3006/2/2956 3007/2/2957 2013/2/1981 2257/2/1998
f 3007/2/2957 3006/2/2956 2258/2/1999 2014/2/1982
f 3007/2/2957 3008/2/2958 2233/2/1988 2013/2/1981
f 3008/2/2958 3007/2/2957 2014/2/1982 2234/2/1989
f 3008/2/2958 3005/2/2955 2239/2/2915 2233/2/1988
f 3005/2/2955 3008/2/2958 2234/2/1989 2240/2/2916
f 3009/2/2959 3010/2/2960 2231/2/2516 2229/2/2533
f 3010/2/2960 3009/2/2959 2230/2/2534 2232/2/2517
f 3010/2/2960 3011/2/2961 2223/2/2008 2231/2/2516
f 3011/2/2961 3010/2/2960 2232/2/2517 2224/2/2011
f 3011/2/2961 3012/2/2962 2227/2/2401 2223/2/2008
f 3012/2/2962 3011/2/2961 2224/2/2011 2228/2/2402
f 3012/2/2962 3009/2/2959 2229/2/2533 2227/2/2401
f 3009/2/2959 3012/2/2962 2228/2/2402 2230/2/2534
f 3013/2/2963 3014/2/2964 2273/2/2921 2247/2/2267
f 3014/2/2964 3013/2/2963 2248/2/2270 2274/2/2922
f 3014/2/2964 3015/2/2965 2219/2/1849 2273/2/2921
f 3015/2/2965 3014/2/2964 2274/2/2922 2220/2/1850
f 3015/2/2965 3016/2/2966 2243/2/1844 2219/2/1849
f 3016/2/2966 3015/2/2965 2220/2/1850 2244/2/1847
f 3016/2/2966 3013/2/2963 2247/2/2267 2243/2/1844
f 3013/2/2963 3016/2/2966 2244/2/1847 2248/2/2270
f 3017/2/2967 3018/2/2968 2249/2/2969 2009/2/1980
f 3018/2/2968 3017/2/2967 2010/2/1983 2250/2/2970
f 3018/2/2968 3019/2/2971 2245/2/2036 2249/2/2969
f 3019/2/2971 3018/2/2968 2250/2/2970 2246/2/2037
f 3019/2/2971 3020/2/2972 2235/2/1985 2245/2/2036
f 3020/2/2972 3019/2/2971 2246/2/2037 2236/2/1986
f 3020/2/2972 3017/2/2967 2009/2/1980 2235/2/1985
f 3017/2/2967 3020/2/2972 2236/2/1986 2010/2/1983
f 3021/2/2973 3022/2/2974 2241/2/2318 2237/2/2251
f 3022/2/2974 3021/2/2973 2238/2/2252 2242/2/2319
f 3022/2/2974 3023/2/2975 2239/2/2915 2241/2/2318
f 3023/2/2975 3022/2/2974 2242/2/2319 2240/2/2916
f 3023/2/2975 3024/2/2976 2229/2/2533 2239/2/2915
f 3024/2/2976 3023/2/2975 2240/2/2916 2230/2/2534
f 3024/2/2976 3021/2/2973 2237/2/2251 2229/2/2533
f 3021/2/2973 3024/2/2976 2230/2/2534 2238/2/2252
f 3025/2/2977 3026/2/2978 2201/2/2835 2051/2/2542
f 3026/2/2978 3025/2/2977 2052/2/2543 2202/2/2836
f 3026/2/2978 3027/2/2979 2189/2/2468 2201/2/2835
f 3027/2/2979 3026/2/2978 2202/2/2836 2190/2/2469
f 3027/2/2979 3028/2/2980 2197/2/2436 2189/2/2468
f 3028/2/2980 3027/2/2979 2190/2/2469 2198/2/2437
f 3028/2/2980 3025/2/2977 2051/2/2542 2197/2/2436
f 3025/2/2977 3028/2/2980 2198/2/2437 2052/2/2543
f 3029/2/2981 3030/2/2982 2093/2/1925 1987/2/1965
f 3030/2/2982 3029/2/2981 1988/2/1966 2094/2/1926
f 3030/2/2982 3031/2/2983 2085/2/1932 2093/2/1925
f 3031/2/2983 3030/2/2982 2094/2/1926 2086/2/1933
f 3031/2/2983 3032/2/2984 1989/2/2562 2085/2/1932
f 3032/2/2984 3031/2/2983 2086/2/1933 1990/2/2563
f 3032/2/2984 3029/2/2981 1987/2/1965 1989/2/2562
f 3029/2/2981 3032/2/2984 1990/2/2563 1988/2/1966
f 3033/2/2985 3034/2/2986 2265/2/2239 2261/2/2592
f 3034/2/2986 3033/2/2985 2262/2/2593 2266/2/2240
f 3034/2/2986 3035/2/2987 2247/2/2267 2265/2/2239
f 3035/2/2987 3034/2/2986 2266/2/2240 2248/2/2270
f 3035/2/2987 3036/2/2988 2021/2/2268 2247/2/2267
f 3036/2/2988 3035/2/2987 2248/2/2270 2022/2/2269
f 3036/2/2988 3033/2/2985 2261/2/2592 2021/2/2268
f 3033/2/2985 3036/2/2988 2022/2/2269 2262/2/2593
f 3037/2/2989 3038/2/2990 1935/2/1868 1931/2/2135
f 3038/2/2990 3037/2/2989 1932/2/2136 1936/2/1871
f 3038/2/2990 3039/2/2991 1941/2/1953 1935/2/1868
f 3039/2/2991 3038/2/2990 1936/2/1871 1942/2/1954
f 3039/2/2991 3040/2/2992 1933/2/2635 1941/2/1953
f 3040/2/2992 3039/2/2991 1942/2/1954 1934/2/2636
f 3040/2/2992 3037/2/2989 1931/2/2135 1933/2/2635
f 3037/2/2989 3040/2/2992 1934/2/2636 1932/2/2136
f 3041/2/2993 3042/2/2994 2123/2/2300 2091/2/2172
f 3042/2/2994 3041/2/2993 2092/2/2173 2124/2/2301
f 3042/2/2994 3043/2/2995 2087/2/2307 2123/2/2300
f 3043/2/2995 3042/2/2994 2124/2/2301 2088/2/2308
f 3043/2/2995 3044/2/2996 2083/2/2175 2087/2/2307
f 3044/2/2996 3043/2/2995 2088/2/2308 2084/2/2176
f 3044/2/2996 3041/2/2993 2091/2/2172 2083/2/2175
f 3041/2/2993 3044/2/2996 2084/2/2176 2092/2/2173
f 3045/2/2997 3046/2/2998 2249/2/2969 2017/2/1999
f 3046/2/2998 3045/2/2997 2018/2/2708 2250/2/2970
f 3046/2/2998 3047/2/2999 2007/2/3000 2249/2/2969
f 3047/2/2999 3046/2/2998 2250/2/2970 2008/2/3001
f 3047/2/2999 3048/2/3002 2015/2/2704 2007/2/3000
f 3048/2/3002 3047/2/2999 2008/2/3001 2016/2/2705
f 3048/2/3002 3045/2/2997 2017/2/1999 2015/2/2704
f 3045/2/2997 3048/2/3002 2016/2/2705 2018/2/2708
f 3049/2/3003 3050/2/3004 2273/2/2921 2269/2/2236
f 3050/2/3004 3049/2/3003 2270/2/2237 2274/2/2922
f 3050/2/3004 3051/2/3005 2247/2/2267 2273/2/2921
f 3051/2/3005 3050/2/3004 2274/2/2922 2248/2/2270
f 3051/2/3005 3052/2/3006 2265/2/2239 2247/2/2267
f 3052/2/3006 3051/2/3005 2248/2/2270 2266/2/2240
f 3052/2/3006 3049/2/3003 2269/2/2236 2265/2/2239
f 3049/2/3003 3052/2/3006 2266/2/2240 2270/2/2237
f 3053/2/3007 3054/2/3008 2171/2/1912 2167/2/1905
f 3054/2/3008 3053/2/3007 2168/2/1906 2172/2/1913
f 3054/2/3008 3055/2/3009 2163/2/2416 2171/2/1912
f 3055/2/3009 3054/2/3008 2172/2/1913 2164/2/2417
f 3055/2/3009 3056/2/3010 2157/2/2393 2163/2/2416
f 3056/2/3010 3055/2/3009 2164/2/2417 2158/2/2394
f 3056/2/3010 3053/2/3007 2167/2/1905 2157/2/2393
f 3053/2/3007 3056/2/3010 2158/2/2394 2168/2/1906
f 3057/2/3011 3058/2/3012 2255/2/2323 2251/2/2951
f 3058/2/3012 3057/2/3011 2252/2/2952 2256/2/2324
f 3058/2/3012 3059/2/3013 2253/2/1983 2255/2/2323
f 3059/2/3013 3058/2/3012 2256/2/2324 2254/2/1980
f 3059/2/3013 3060/2/3014 2077/2/2500 2253/2/1983
f 3060/2/3014 3059/2/3013 2254/2/1980 2078/2/2501
f 3060/2/3014 3057/2/3011 2251/2/2951 2077/2/2500
f 3057/2/3011 3060/2/3014 2078/2/2501 2252/2/2952
f 3061/2/3015 3062/2/3016 2255/2/2323 2241/2/2318
f 3062/2/3016 3061/2/3015 2242/2/2319 2256/2/2324
f 3062/2/3016 3063/2/3017 2257/2/1998 2255/2/2323
f 3063/2/3017 3062/2/3016 2256/2/2324 2258/2/1999
f 3063/2/3017 3064/2/3018 2239/2/2915 2257/2/1998
f 3064/2/3018 3063/2/3017 2258/2/1999 2240/2/2916
f 3064/2/3018 3061/2/3015 2241/2/2318 2239/2/2915
f 3061/2/3015 3064/2/3018 2240/2/2916 2242/2/2319
f 3065/2/3019 3066/2/3020 2251/2/2951 2031/2/2669
f 3066/2/3020 3065/2/3019 2032/2/2670 2252/2/2952
f 3066/2/3020 3067/2/3021 2079/2/2492 2251/2/2951
f 3067/2/3021 3066/2/3020 2252/2/2952 2080/2/2493
f 3067/2/3021 3068/2/3022 2035/2/2115 2079/2/2492
f 3068/2/3022 3067/2/3021 2080/2/2493 2036/2/2116
f 3068/2/3022 3065/2/3019 2031/2/2669 2035/2/2115
f 3065/2/3019 3068/2/3022 2036/2/2116 2032/2/2670
f 3069/2/3023 3070/2/3024 2021/2/2268 2017/2/1999
f 3070/2/3024 3069/2/3023 2018/2/2708 2022/2/2269
f 3070/2/3024 3071/2/3025 2245/2/2036 2021/2/2268
f 3071/2/3025 3070/2/3024 2022/2/2269 2246/2/2037
f 3071/2/3025 3072/2/3026 2249/2/2969 2245/2/2036
f 3072/2/3026 3071/2/3025 2246/2/2037 2250/2/2970
f 3072/2/3026 3069/2/3023 2017/2/1999 2249/2/2969
f 3069/2/3023 3072/2/3026 2250/2/2970 2018/2/2708
f 3073/2/3027 3074/2/3028 2255/2/2323 2257/2/1998
f 3074/2/3028 3073/2/3027 2258/2/1999 2256/2/2324
f 3074/2/3028 3075/2/3029 2251/2/2951 2255/2/2323
f 3075/2/3029 3074/2/3028 2256/2/2324 2252/2/2952
f 3075/2/3029 3076/2/3030 2031/2/2669 2251/2/2951
f 3076/2/3030 3075/2/3029 2252/2/2952 2032/2/2670
f 3076/2/3030 3073/2/3027 2257/2/1998 2031/2/2669
f 3073/2/3027 3076/2/3030 2032/2/2670 2258/2/1999
f 3077/2/3031 3078/2/3032 1953/2/2087 1979/2/2243
f 3078/2/3032 3077/2/3031 1980/2/2244 1954/2/2088
f 3078/2/3032 3079/2/3033 2107/2/2079 1953/2/2087
f 3079/2/3033 3078/2/3032 1954/2/2088 2108/2/2080
f 3079/2/3033 3080/2/3034 2105/2/2074 2107/2/2079
f 3080/2/3034 3079/2/3033 2108/2/2080 2106/2/2077
f 3080/2/3034 3077/2/3031 1979/2/2243 2105/2/2074
f 3077/2/3031 3080/2/3034 2106/2/2077 1980/2/2244
f 3081/2/3035 3082/2/3036 2029/2/2672 2013/2/1981
f 3082/2/3036 3081/2/3035 2014/2/1982 2030/2/2673
f 3082/2/3036 3083/2/3037 2011/2/2741 2029/2/2672
f 3083/2/3037 3082/2/3036 2030/2/2673 2012/2/2742
f 3083/2/3037 3084/2/3038 2009/2/1980 2011/2/2741
f 3084/2/3038 3083/2/3037 2012/2/2742 2010/2/1983
f 3084/2/3038 3081/2/3035 2013/2/1981 2009/2/1980
f 3081/2/3035 3084/2/3038 2010/2/1983 2014/2/1982
f 3085/2/3039 3086/2/3040 2293/2/2642 1955/2/2604
f 3086/2/3040 3085/2/3039 1956/2/2605 2294/2/2643
f 3086/2/3040 3087/2/3041 1929/2/2082 2293/2/2642
f 3087/2/3041 3086/2/3040 2294/2/2643 1930/2/2083
f 3087/2/3041 3088/2/3042 2107/2/2079 1929/2/2082
f 3088/2/3042 3087/2/3041 1930/2/2083 2108/2/2080
f 3088/2/3042 3085/2/3039 1955/2/2604 2107/2/2079
f 3085/2/3039 3088/2/3042 2108/2/2080 1956/2/2605
f 3089/2/3043 3090/2/3044 2089/2/1960 1987/2/1965
f 3090/2/3044 3089/2/3043 1988/2/1966 2090/2/1963
f 3090/2/3044 3091/2/3045 2097/2/1888 2089/2/1960
f 3091/2/3045 3090/2/3044 2090/2/1963 2098/2/1889
f 3091/2/3045 3092/2/3046 2093/2/1925 2097/2/1888
f 3092/2/3046 3091/2/3045 2098/2/1889 2094/2/1926
f 3092/2/3046 3089/2/3043 1987/2/1965 2093/2/1925
f 3089/2/3043 3092/2/3046 2094/2/1926 1988/2/1966
f 3093/2/3047 3094/2/3048 2147/2/2062 2145/2/1949
f 3094/2/3048 3093/2/3047 2146/2/1950 2148/2/2065
f 3094/2/3048 3095/2/3049 2275/2/2063 2147/2/2062
f 3095/2/3049 3094/2/3048 2148/2/2065 2276/2/2064
f 3095/2/3049 3096/2/3050 2277/2/1948 2275/2/2063
f 3096/2/3050 3095/2/3049 2276/2/2064 2278/2/1951
f 3096/2/3050 3093/2/3047 2145/2/1949 2277/2/1948
f 3093/2/3047 3096/2/3050 2278/2/1951 2146/2/1950
f 3097/2/3051 3098/2/3052 2143/2/1972 2135/2/1975
f 3098/2/3052 3097/2/3051 2136/2/1976 2144/2/1973
f 3098/2/3052 3099/2/3053 2147/2/2062 2143/2/1972
f 3099/2/3053 3098/2/3052 2144/2/1973 2148/2/2065
f 3099/2/3053 3100/2/3054 2145/2/1949 2147/2/2062
f 3100/2/3054 3099/2/3053 2148/2/2065 2146/2/1950
f 3100/2/3054 3097/2/3051 2135/2/1975 2145/2/1949
f 3097/2/3051 3100/2/3054 2146/2/1950 2136/2/1976
f 3101/2/3055 3102/2/3056 2279/2/1900 1933/2/2635
f 3102/2/3056 3101/2/3055 1934/2/2636 2280/2/1901
f 3102/2/3056 3103/2/3057 1939/2/1897 2279/2/1900
f 3103/2/3057 3102/2/3056 2280/2/1901 1940/2/1898
f 3103/2/3057 3104/2/3058 1937/2/2634 1939/2/1897
f 3104/2/3058 3103/2/3057 1940/2/1898 1938/2/2637
f 3104/2/3058 3101/2/3055 1933/2/2635 1937/2/2634
f 3101/2/3055 3104/2/3058 1938/2/2637 1934/2/2636
f 3105/2/3059 3106/2/3060 2195/2/1857 2271/2/1856
f 3106/2/3060 3105/2/3059 2272/2/1859 2196/2/1858
f 3106/2/3060 3107/2/3061 2273/2/2921 2195/2/1857
f 3107/2/3061 3106/2/3060 2196/2/1858 2274/2/2922
f 3107/2/3061 3108/2/3062 2269/2/2236 2273/2/2921
f 3108/2/3062 3107/2/3061 2274/2/2922 2270/2/2237
f 3108/2/3062 3105/2/3059 2271/2/1856 2269/2/2236
f 3105/2/3059 3108/2/3062 2270/2/2237 2272/2/1859
f 3109/2/3063 3110/2/3064 2265/2/2239 2263/2/2233
f 3110/2/3064 3109/2/3063 2264/2/2234 2266/2/2240
f 3110/2/3064 3111/2/3065 2261/2/2592 2265/2/2239
f 3111/2/3065 3110/2/3064 2266/2/2240 2262/2/2593
f 3111/2/3065 3112/2/3066 2259/2/2317 2261/2/2592
f 3112/2/3066 3111/2/3065 2262/2/2593 2260/2/2320
f 3112/2/3066 3109/2/3063 2263/2/2233 2259/2/2317
f 3109/2/3063 3112/2/3066 2260/2/2320 2264/2/2234
f 3113/2/3067 3114/2/3068 1899/2/2376 2291/2/2375
f 3114/2/3068 3113/2/3067 2292/2/2378 1900/2/2377
f 3114/2/3068 3115/2/3069 1919/2/2441 1899/2/2376
f 3115/2/3069 3114/2/3068 1900/2/2377 1920/2/2442
f 3115/2/3069 3116/2/3070 2293/2/2642 1919/2/2441
f 3116/2/3070 3115/2/3069 1920/2/2442 2294/2/2643
f 3116/2/3070 3113/2/3067 2291/2/2375 2293/2/2642
f 3113/2/3067 3116/2/3070 2294/2/2643 2292/2/2378
f 3117/2/3071 3118/2/3072 2133/2/1924 2129/2/1885
f 3118/2/3072 3117/2/3071 2130/2/1886 2134/2/1927
f 3118/2/3072 3119/2/3073 2093/2/1925 2133/2/1924
f 3119/2/3073 3118/2/3072 2134/2/1927 2094/2/1926
f 3119/2/3073 3120/2/3074 2097/2/1888 2093/2/1925
f 3120/2/3074 3119/2/3073 2094/2/1926 2098/2/1889
f 3120/2/3074 3117/2/3071 2129/2/1885 2097/2/1888
f 3117/2/3071 3120/2/3074 2098/2/1889 2130/2/1886
f 3121/2/3075 3122/2/3076 2119/2/1881 2117/2/2130
f 3122/2/3076 3121/2/3075 2118/2/2131 2120/2/1882
f 3122/2/3076 3123/2/3077 2099/2/1941 2119/2/1881
f 3123/2/3077 3122/2/3076 2120/2/1882 2100/2/1942
f 3123/2/3077 3124/2/3078 2113/2/1936 2099/2/1941
f 3124/2/3078 3123/2/3077 2100/2/1942 2114/2/1939
f 3124/2/3078 3121/2/3075 2117/2/2130 2113/2/1936
f 3121/2/3075 3124/2/3078 2114/2/1939 2118/2/2131
f 3125/2/3079 3126/2/3080 1933/2/2635 2279/2/1900
f 3126/2/3080 3125/2/3079 2280/2/1901 1934/2/2636
f 3126/2/3080 3127/2/3081 1941/2/1953 1933/2/2635
f 3127/2/3081 3126/2/3080 1934/2/2636 1942/2/1954
f 3127/2/3081 3128/2/3082 2277/2/1948 1941/2/1953
f 3128/2/3082 3127/2/3081 1942/2/1954 2278/2/1951
f 3128/2/3082 3125/2/3079 2279/2/1900 2277/2/1948
f 3125/2/3079 3128/2/3082 2278/2/1951 2280/2/1901
f 3129/2/3083 3130/2/3084 2081/2/2554 1971/2/2029
f 3130/2/3084 3129/2/3083 1972/2/2030 2082/2/2557
f 3130/2/3084 3131/2/3085 2111/2/2054 2081/2/2554
f 3131/2/3085 3130/2/3084 2082/2/2557 2112/2/2055
f 3131/2/3085 3132/2/3086 2109/2/2058 2111/2/2054
f 3132/2/3086 3131/2/3085 2112/2/2055 2110/2/2059
f 3132/2/3086 3129/2/3083 1971/2/2029 2109/2/2058
f 3129/2/3083 3132/2/3086 2110/2/2059 1972/2/2030
f 3133/2/3087 3134/2/3088 2109/2/2058 1973/2/2075
f 3134/2/3088 3133/2/3087 1974/2/2076 2110/2/2059
f 3134/2/3088 3135/2/3089 2103/2/1937 2109/2/2058
f 3135/2/3089 3134/2/3088 2110/2/2059 2104/2/1938
f 3135/2/3089 3136/2/3090 2105/2/2074 2103/2/1937
f 3136/2/3090 3135/2/3089 2104/2/1938 2106/2/2077
f 3136/2/3090 3133/2/3087 1973/2/2075 2105/2/2074
f 3133/2/3087 3136/2/3090 2106/2/2077 1974/2/2076
f 3137/2/3091 3138/2/3092 2329/2/3093 2321/2/3094
f 3138/2/3092 3137/2/3091 2322/2/3095 2330/2/3096
f 3138/2/3092 3139/2/3097 2325/2/3098 2329/2/3093
f 3139/2/3097 3138/2/3092 2330/2/3096 2326/2/3099
f 3139/2/3097 3140/2/3100 2323/2/3101 2325/2/3098
f 3140/2/3100 3139/2/3097 2326/2/3099 2324/2/3102
f 3140/2/3100 3137/2/3091 2321/2/3094 2323/2/3101
f 3137/2/3091 3140/2/3100 2324/2/3102 2322/2/3095
f 3141/2/3103 3142/2/3104 2303/2/3105 2299/2/3106
f 3142/2/3104 3141/2/3103 2300/2/3107 2304/2/3108
f 3142/2/3104 3143/2/3109 2295/2/3110 2303/2/3105
f 3143/2/3109 3142/2/3104 2304/2/3108 2296/2/3111
f 3143/2/3109 3144/2/3112 2297/2/3113 2295/2/3110
f 3144/2/3112 3143/2/3109 2296/2/3111 2298/2/3114
f 3144/2/3112 3141/2/3103 2299/2/3106 2297/2/3113
f 3141/2/3103 3144/2/3112 2298/2/3114 2300/2/3107
f 3145/2/3115 3146/2/3116 2291/2/2375 1895/2/2142
f 3146/2/3116 3145/2/3115 1896/2/2143 2292/2/2378
f 3146/2/3116 3147/2/3117 2287/2/2598 2291/2/2375
f 3147/2/3117 3146/2/3116 2292/2/2378 2288/2/2599
f 3147/2/3117 3148/2/3118 2283/2/2145 2287/2/2598
f 3148/2/3118 3147/2/3117 2288/2/2599 2284/2/2146
f 3148/2/3118 3145/2/3115 1895/2/2142 2283/2/2145
f 3145/2/3115 3148/2/3118 2284/2/2146 1896/2/2143
f 3149/2/3119 3150/2/3120 2249/2/2969 2007/2/3000
f 3150/2/3120 3149/2/3119 2008/2/3001 2250/2/2970
f 3150/2/3120 3151/2/3121 2009/2/1980 2249/2/2969
f 3151/2/3121 3150/2/3120 2250/2/2970 2010/2/1983
f 3151/2/3121 3152/2/3122 2011/2/2741 2009/2/1980
f 3152/2/3122 3151/2/3121 2010/2/1983 2012/2/2742
f 3152/2/3122 3149/2/3119 2007/2/3000 2011/2/2741
f 3149/2/3119 3152/2/3122 2012/2/2742 2008/2/3001
f 3153/2/3123 3154/2/3124 2087/2/2307 2081/2/2554
f 3154/2/3124 3153/2/3123 2082/2/2557 2088/2/2308
f 3154/2/3124 3155/2/3125 2115/2/2304 2087/2/2307
f 3155/2/3125 3154/2/3124 2088/2/2308 2116/2/2305
f 3155/2/3125 3156/2/3126 2111/2/2054 2115/2/2304
f 3156/2/3126 3155/2/3125 2116/2/2305 2112/2/2055
f 3156/2/3126 3153/2/3123 2081/2/2554 2111/2/2054
f 3153/2/3123 3156/2/3126 2112/2/2055 2082/2/2557
f 3157/2/3127 3158/2/3128 2125/2/2299 2115/2/2304
f 3158/2/3128 3157/2/3127 2116/2/2305 2126/2/2302
f 3158/2/3128 3159/2/3129 2121/2/2126 2125/2/2299
f 3159/2/3129 3158/2/3128 2126/2/2302 2122/2/2127
f 3159/2/3129 3160/2/3130 2117/2/2130 2121/2/2126
f 3160/2/3130 3159/2/3129 2122/2/2127 2118/2/2131
f 3160/2/3130 3157/2/3127 2115/2/2304 2117/2/2130
f 3157/2/3127 3160/2/3130 2118/2/2131 2116/2/2305
f 3161/2/3131 3162/2/3132 2327/2/3133 2323/2/3101
f 3162/2/3132 3161/2/3131 2324/2/3102 2328/2/3134
f 3162/2/3132 3163/2/3135 2319/2/3136 2327/2/3133
f 3163/2/3135 3162/2/3132 2328/2/3134 2320/2/3137
f 3163/2/3135 3164/2/3138 2321/2/3094 2319/2/3136
f 3164/2/3138 3163/2/3135 2320/2/3137 2322/2/3095
f 3164/2/3138 3161/2/3131 2323/2/3101 2321/2/3094
f 3161/2/3131 3164/2/3138 2322/2/3095 2324/2/3102
f 3165/2/3139 3166/2/3140 2115/2/2304 2111/2/2054
f 3166/2/3140 3165/2/3139 2112/2/2055 2116/2/2305
f 3166/2/3140 3167/2/3141 2117/2/2130 2115/2/2304
f 3167/2/3141 3166/2/3140 2116/2/2305 2118/2/2131
f 3167/2/3141 3168/2/3142 2113/2/1936 2117/2/2130
f 3168/2/3142 3167/2/3141 2118/2/2131 2114/2/1939
f 3168/2/3142 3165/2/3139 2111/2/2054 2113/2/1936
f 3165/2/3139 3168/2/3142 2114/2/1939 2112/2/2055
f 3169/2/3143 3170/2/3144 2311/2/2649 2307/2/2652
f 3170/2/3144 3169/2/3143 2308/2/2653 2312/2/2650
f 3170/2/3144 3171/2/3145 2303/2/3105 2311/2/2649
f 3171/2/3145 3170/2/3144 2312/2/2650 2304/2/3108
f 3171/2/3145 3172/2/3146 2299/2/3106 2303/2/3105
f 3172/2/3146 3171/2/3145 2304/2/3108 2300/2/3107
f 3172/2/3146 3169/2/3143 2307/2/2652 2299/2/3106
f 3169/2/3143 3172/2/3146 2300/2/3107 2308/2/2653
f 3173/2/3147 3174/2/3148 2261/2/2592 2019/2/2503
f 3174/2/3148 3173/2/3147 2020/2/2504 2262/2/2593
f 3174/2/3148 3175/2/3149 2021/2/2268 2261/2/2592
f 3175/2/3149 3174/2/3148 2262/2/2593 2022/2/2269
f 3175/2/3149 3176/2/3150 2017/2/1999 2021/2/2268
f 3176/2/3150 3175/2/3149 2022/2/2269 2018/2/2708
f 3176/2/3150 3173/2/3147 2019/2/2503 2017/2/1999
f 3173/2/3147 3176/2/3150 2018/2/2708 2020/2/2504
f 3177/2/3151 3178/2/3152 2305/2/2661 2301/2/2664
f 3178/2/3152 3177/2/3151 2302/2/2665 2306/2/2662
f 3178/2/3152 3179/2/3153 2297/2/3113 2305/2/2661
f 3179/2/3153 3178/2/3152 2306/2/2662 2298/2/3114
f 3179/2/3153 3180/2/3154 2295/2/3110 2297/2/3113
f 3180/2/3154 3179/2/3153 2298/2/3114 2296/2/3111
f 3180/2/3154 3177/2/3151 2301/2/2664 2295/2/3110
f 3177/2/3151 3180/2/3154 2296/2/3111 2302/2/2665
f 3181/2/3155 3182/2/3156 2139/2/2099 2095/2/1929
f 3182/2/3156 3181/2/3155 2096/2/1930 2140/2/2100
f 3182/2/3156 3183/2/3157 2127/2/2311 2139/2/2099
f 3183/2/3157 3182/2/3156 2140/2/2100 2128/2/2312
f 3183/2/3157 3184/2/3158 2091/2/2172 2127/2/2311
f 3184/2/3158 3183/2/3157 2128/2/2312 2092/2/2173
f 3184/2/3158 3181/2/3155 2095/2/1929 2091/2/2172
f 3181/2/3155 3184/2/3158 2092/2/2173 2096/2/1930
f 3185/2/3159 3186/2/3160 2027/2/2386 2011/2/2741
f 3186/2/3160 3185/2/3159 2012/2/2742 2028/2/2387
f 3186/2/3160 3187/2/3161 2023/2/2763 2027/2/2386
f 3187/2/3161 3186/2/3160 2028/2/2387 2024/2/2764
f 3187/2/3161 3188/2/3162 2007/2/3000 2023/2/2763
f 3188/2/3162 3187/2/3161 2024/2/2764 2008/2/3001
f 3188/2/3162 3185/2/3159 2011/2/2741 2007/2/3000
f 3185/2/3159 3188/2/3162 2008/2/3001 2012/2/2742
f 3189/2/3163 3190/2/3164 2337/2/2043 2329/2/3093
f 3190/2/3164 3189/2/3163 2330/2/3096 2338/2/2044
f 3190/2/3164 3191/2/3165 2333/2/2050 2337/2/2043
f 3191/2/3165 3190/2/3164 2338/2/2044 2334/2/2051
f 3191/2/3165 3192/2/3166 2325/2/3098 2333/2/2050
f 3192/2/3166 3191/2/3165 2334/2/2051 2326/2/3099
f 3192/2/3166 3189/2/3163 2329/2/3093 2325/2/3098
f 3189/2/3163 3192/2/3166 2326/2/3099 2330/2/3096
f 3193/2/3167 3194/2/3168 2335/2/2693 2327/2/3133
f 3194/2/3168 3193/2/3167 2328/2/3134 2336/2/2694
f 3194/2/3168 3195/2/3169 2331/2/2700 2335/2/2693
f 3195/2/3169 3194/2/3168 2336/2/2694 2332/2/2701
f 3195/2/3169 3196/2/3170 2319/2/3136 2331/2/2700
f 3196/2/3170 3195/2/3169 2332/2/2701 2320/2/3137
f 3196/2/3170 3193/2/3167 2327/2/3133 2319/2/3136
f 3193/2/3167 3196/2/3170 2320/2/3137 2328/2/3134
f 3197/2/3171 3198/2/3172 2025/2/2786 2023/2/2763
f 3198/2/3172 3197/2/3171 2024/2/2764 2026/2/2787
f 3198/2/3172 3199/2/3173 2015/2/2704 2025/2/2786
f 3199/2/3173 3198/2/3172 2026/2/2787 2016/2/2705
f 3199/2/3173 3200/2/3174 2007/2/3000 2015/2/2704
f 3200/2/3174 3199/2/3173 2016/2/2705 2008/2/3001
f 3200/2/3174 3197/2/3171 2023/2/2763 2007/2/3000
f 3197/2/3171 3200/2/3174 2008/2/3001 2024/2/2764
f 3201/2/3175 3202/2/3176 2349/2/2358 2343/2/2692
f 3202/2/3176 3201/2/3175 2344/2/2695 2350/2/2359
f 3202/2/3176 3203/2/3177 2347/2/2355 2349/2/2358
f 3203/2/3177 3202/2/3176 2350/2/2359 2348/2/2356
f 3203/2/3177 3204/2/3178 2339/2/2697 2347/2/2355
f 3204/2/3178 3203/2/3177 2348/2/2356 2340/2/2698
f 3204/2/3178 3201/2/3175 2343/2/2692 2339/2/2697
f 3201/2/3175 3204/2/3178 2340/2/2698 2344/2/2695
f 3205/2/3179 3206/2/3180 2289/2/1892 1939/2/1897
f 3206/2/3180 3205/2/3179 1940/2/1898 2290/2/1895
f 3206/2/3180 3207/2/3181 1947/2/2094 2289/2/1892
f 3207/2/3181 3206/2/3180 2290/2/1895 1948/2/2095
f 3207/2/3181 3208/2/3182 1945/2/2091 1947/2/2094
f 3208/2/3182 3207/2/3181 1948/2/2095 1946/2/2092
f 3208/2/3182 3205/2/3179 1939/2/1897 1945/2/2091
f 3205/2/3179 3208/2/3182 1946/2/2092 1940/2/1898
f 3209/2/3183 3210/2/3184 2107/2/2079 1955/2/2604
f 3210/2/3184 3209/2/3183 1956/2/2605 2108/2/2080
f 3210/2/3184 3211/2/3185 1953/2/2087 2107/2/2079
f 3211/2/3185 3210/2/3184 2108/2/2080 1954/2/2088
f 3211/2/3185 3212/2/3186 1947/2/2094 1953/2/2087
f 3212/2/3186 3211/2/3185 1954/2/2088 1948/2/2095
f 3212/2/3186 3209/2/3183 1955/2/2604 1947/2/2094
f 3209/2/3183 3212/2/3186 1948/2/2095 1956/2/2605
